word|kana|common_flag
Α|アルファ|false
Β|ベータ|false
Γ|ガンマ|false
Δ|デルタ|false
Ω|オメガ|false
α|アルファ|false
β|ベータ|false
γ|ガンマ|false
δ|デルタ|false
ω|オメガ|false
〆|しめ|false
〆切|しめきり|false
〆切り|しめきり|false
〆切る|しめきる|false
〇|れい|true
〇|ゼロ|true
〇点|れいてん|false
〒|ゆうびん|false
あ|あっ|false
あ|われ|false
あ〜|ああ|false
あ〜あ|ああ|false
あ〜っ|ああ|false
あぁ|ああ|false
ああ|ああ|true
ああぁ|ああ|false
ああああ|ああああ|true
ああいう|ああいう|true
ああっ|ああ|false
ああゆう|ああいう|false
ああー|ああ|false
ああ言う|ああいう|true
あい|あい|true
あいかわらず|あいかわらず|true
あいきょう|あいきょう|true
あいぎょう|あいきょう|false
あいけん|あいけん|true
あいこう|あいこう|true
あいこく|あいこく|true
あいことば|あいことば|true
あいご|あいご|true
あいさつ|あいさつ|true
あいしゅう|あいしゅう|true
あいしょう|あいしょう|true
あいじょう|あいじょう|true
あいじん|あいじん|true
あいす|あいす|true
あいする|あいする|true
あいず|あいず|true
あいずち|あいづち|false
あいそ|あいそ|true
あいそう|あいそ|true
あいぞう|あいぞう|true
あいたい|あいたい|true
あいだ|あいだ|true
あいだがら|あいだがら|true
あいだじゅう|あいだじゅう|true
あいちゃく|あいちゃく|true
あいつ|あいつ|true
あいつぐ|あいつぐ|true
あいつら|あいつら|true
あいつ等|あいつら|false
あいづち|あいづち|true
あいて|あいて|true
あいてかた|あいてかた|true
あいてがた|あいてかた|false
あいてどる|あいてどる|true
あいとう|あいとう|true
あいどく|あいどく|true
あいにく|あいにく|true
あいのり|あいのり|true
あいぼう|あいぼう|true
あいま|あいま|true
あいまい|あいまい|true
あいまって|あいまって|true
あいよう|あいよう|true
あい変らず|あいかわらず|false
あい変わらず|あいかわらず|false
あい昧|あいまい|false
あう|あう|true
あえて|あえて|true
あえん|あえん|true
あお|あお|true
あおい|あおい|true
あおいろ|あおいろ|true
あおうめ|あおうめ|true
あおき|あおき|true
あおぐ|あおぐ|true
あおざめる|あおざめる|true
あおじゃしん|あおじゃしん|true
あおじろい|あおじろい|true
あおぞら|あおぞら|true
あおたがい|あおたがい|true
あおば|あおば|true
あおむけ|あおむけ|true
あおやぎ|あおやぎ|true
あおやなぎ|あおやぎ|false
あおやま|せいざん|false
あおる|あおる|true
あお向け|あおむけ|false
あか|あか|true
あか|どう|false
あかい|あかい|true
あかいろ|あかいろ|true
あかがね|どう|false
あかし|あかし|true
あかしんごう|あかしんごう|true
あかじ|あかじ|true
あかす|あかす|true
あかちゃん|あかちゃん|true
あかつき|あかつき|true
あかとき|あかつき|false
あかはた|あかはた|true
あかまつ|あかまつ|true
あかり|あかり|true
あかるい|あかるい|true
あかんぼ|あかんぼう|false
あかんぼう|あかんぼう|true
あがったり|あがったり|true
あがり|あがり|true
あがる|あがる|true
あき|あき|true
あきうど|しょうにん|false
あきかぜ|あきかぜ|true
あきかん|あきかん|true
あきぐち|あきぐち|true
あきす|あきす|true
あきち|あきち|true
あきない|あきない|true
あきばれ|あきばれ|true
あきびと|しょうにん|false
あきや|あきや|true
あきゅうど|しょうにん|false
あきらか|あきらか|true
あきらめる|あきらめる|true
あきる|あきる|true
あきれる|あきれる|true
あきんど|しょうにん|false
あき地|あきち|false
あき家|あきや|false
あき屋|あきや|false
あき缶|あきかん|false
あく|あく|true
あくい|あくい|true
あくえいきょう|あくえいきょう|true
あくしつ|あくしつ|true
あくしゅ|あくしゅ|true
あくしゅう|あくしゅう|true
あくじ|あくじ|true
あくじゅんかん|あくじゅんかん|true
あくじょ|あくじょ|true
あくせい|あくせい|true
あくてんこう|あくてんこう|true
あくと|かかと|false
あくとく|あくとく|true
あくにん|あくにん|true
あくび|あくび|true
あくま|あくま|true
あくまでも|あくまでも|true
あくむ|あくむ|true
あくやく|あくやく|true
あくよう|あくよう|true
あくりょく|あくりょく|true
あくる|あくる|true
あくるひ|あくるひ|true
あくる日|あくるひ|true
あぐら|あぐら|true
あけ|あけ|true
あけがた|あけがた|true
あけくれ|あけくれ|true
あけぼの|あけぼの|true
あけましておめでとうございます|あけましておめでとうございます|true
あける|あける|true
あげ|あげ|true
あげく|あげく|true
あげる|あげる|true
あこ|あそこ|false
あこがれ|あこがれ|true
あこがれのまと|あこがれのまと|true
あこがれる|あこがれる|true
あご|あご|true
あさ|あさ|true
あさい|あさい|true
あさいちばん|あさいちばん|true
あさがお|あさがお|true
あさがた|あさがた|true
あさぎり|あさぎり|true
あさぐろい|あさぐろい|true
あさごはん|あさごはん|true
あさせ|あさせ|true
あさって|あさって|true
あさぬの|あさぬの|true
あさねぼう|あさねぼう|true
あさはか|あさはか|true
あさはん|あさめし|false
あさばん|あさばん|true
あさひ|あさひ|true
あさめし|あさめし|true
あさゆう|あさゆう|true
あさる|あさる|true
あさ飯|あさめし|false
あざ|あざ|true
あざける|あざける|true
あざむく|あざむく|true
あざやか|あざやか|true
あし|あし|true
あしあと|あしあと|true
あしおと|あしおと|true
あしからず|あしからず|true
あしがかり|あしがかり|true
あしくび|あしくび|true
あしこ|あそこ|false
あしこし|あしこし|true
あした|あした|true
あしどめ|あしどめ|true
あしどり|あしどり|true
あしなみ|あしなみ|true
あしば|あしば|true
あしばや|あしばや|true
あしぶみ|あしぶみ|true
あしもと|あしもと|true
あじ|あじ|true
あじきない|あじけない|false
あじけない|あじけない|true
あじさい|あじさい|true
あじつけ|あじつけ|true
あじのもと|あじのもと|true
あじわい|あじわい|true
あじわう|あじわう|true
あす|あした|true
あすこ|あそこ|false
あすぶ|あそぶ|false
あずかり|あずかり|true
あずかりしょ|あずかりじょ|false
あずかりしょう|あずかりしょう|true
あずかりじょ|あずかりじょ|true
あずかる|あずかる|true
あずき|あずき|true
あずけいれる|あずけいれる|true
あずける|あずける|true
あせ|あせ|true
あせり|あせり|true
あせる|あせる|true
あそこ|あそこ|true
あそび|あそび|true
あそびあいて|あそびあいて|true
あそびば|あそびば|true
あそび相手|あそびあいて|false
あそぶ|あそぶ|true
あたい|あたい|true
あたいする|あたいする|true
あたえる|あたえる|true
あたかも|あたかも|true
あたくし|あたし|false
あたし|あたし|true
あたたかい|あたたかい|true
あたたまる|あたたまる|true
あたためる|あたためる|true
あたま|あたま|true
あたまうち|あたまうち|true
あたまきん|あたまきん|true
あたらしい|あたらしい|true
あたり|あたり|true
あたりまえ|あたりまえ|true
あたりめえ|あたりまえ|false
あたりめー|あたりまえ|false
あたりやく|あたりやく|true
あたり前|あたりまえ|false
あたり役|あたりやく|false
あたる|あたる|true
あだかも|あたかも|false
あだな|あだな|true
あだびと|たにん|false
あだ名|あだな|true
あち|あちら|false
あちこち|あちこち|true
あちら|あちら|true
あちらこちら|あちこち|true
あぢぃ|あつい|false
あぢい|あつい|false
あぢー|あつい|false
あっ|あっ|true
あっか|あっか|true
あっかん|あっかん|true
あっけ|あっけ|true
あっこう|あっこう|true
あっさり|あっさり|true
あっしゅく|あっしゅく|true
あっしょう|あっしょう|true
あっせん|あっせん|true
あったかい|あたたかい|false
あったけー|あたたかい|false
あったまる|あたたまる|false
あっためる|あたためる|false
あったりめー|あたりまえ|false
あっち|あちら|true
あっちこっち|あちこち|true
あっつあっつ|あつあつ|false
あっつあつ|あつあつ|false
あっつい|あつい|false
あってない|あってない|true
あっての|あっての|true
あっというま|あっというま|true
あっというまに|あっというまに|true
あっという間|あっというま|true
あっという間に|あっというまに|true
あっとう|あっとう|true
あっとうてき|あっとうてき|true
あっとゆうま|あっというま|false
あっとゆう間|あっというま|false
あっとゆう間に|あっというまに|false
あっとゆーま|あっというま|false
あっとゆー間|あっというま|false
あっと言う間|あっというま|false
あっと言う間に|あっというまに|false
あっぱく|あっぱく|true
あっぶねー|あぶない|false
あっ旋|あっせん|false
あっ気|あっけ|false
あつあつ|あつあつ|true
あつい|あつい|true
あつかい|あつかい|true
あつかう|あつかう|true
あつかましい|あつかましい|true
あつがみ|あつがみ|true
あつぎ|あつぎ|true
あつさ|あつさ|true
あつまり|あつまり|true
あつまる|あつまる|true
あつみ|あつみ|true
あつめる|あつめる|true
あつりょく|あつりょく|true
あづい|あつい|false
あて|あて|true
あて|ちち|false
あてさき|あてさき|true
あてな|あてな|true
あてはまる|あてはまる|true
あてはめる|あてはめる|true
あてる|あてる|true
あて先|あてさき|false
あて名|あてな|false
あと|あと|true
あとおし|あとおし|true
あとかたづけ|あとかたづけ|true
あとから|あとから|true
あとがき|あとがき|true
あとしまつ|あとしまつ|true
あとつぎ|あとつぎ|true
あとのまつり|あとのまつり|true
あとまわし|あとまわし|true
あともどり|あともどり|true
あと押し|あとおし|false
あと片づけ|あとかたづけ|false
あと片付け|あとかたづけ|false
あな|あな|true
あない|あんない|false
あなうめ|あなうめ|true
あながち|あながち|true
あなた|あなた|true
あなた|かなた|false
あなたがた|あなたがた|true
あなた方|あなたがた|true
あなどる|あなどる|true
あに|あに|true
あに|ぎけい|false
あにき|あにき|true
あにさん|にいさん|false
あね|あね|true
あね|ぎし|false
あねさん|ねえさん|false
あねったい|あねったい|true
あの|あの|true
あのう|あの|false
あのかた|あのかた|true
あのさ|あのね|false
あのさあ|あのね|false
あのね|あのね|true
あのねえ|あのね|false
あのひと|あのひと|true
あのよ|あのよ|true
あのー|あの|true
あの世|あのよ|true
あの人|あのひと|true
あの方|あのかた|true
あはれ|あわれ|false
あばれる|あばれる|true
あひる|アヒル|false
あびせる|あびせる|true
あびる|あびる|true
あふれる|あふれる|true
あぶく|あわ|false
あぶない|あぶない|true
あぶねー|あぶない|false
あぶら|あぶら|true
あぶらえ|あぶらえ|true
あぶらみ|あぶらみ|true
あぶら身|あぶらみ|false
あべこべ|あべこべ|true
あほ|アホ|true
あほう|アホ|false
あま|あま|true
あまい|あまい|true
あまえ|あまえ|true
あまえる|あまえる|true
あまくだり|あまくだり|true
あまぐ|あまぐ|true
あまぐも|あまぐも|true
あます|あます|true
あまず|あまず|true
あまだれ|あまだれ|true
あまど|あまど|true
あまのかわ|あまのがわ|false
あまのがわ|あまのがわ|true
あまみ|あまみ|true
あまみず|あまみず|true
あまもり|あまもり|true
あまやかす|あまやかす|true
あまやどり|あまやどり|true
あまり|あまり|true
あまりに|あまりに|true
あまる|あまる|true
あま味|あまみ|false
あみ|あみ|true
あみだ|あみだ|true
あみど|あみど|true
あみもの|あみもの|true
あむ|あむ|true
あめ|あめ|true
あめがふる|あめがふる|true
あめつち|てんち|false
あめふり|あめふり|true
あやうい|あやうい|true
あやうく|あやうく|true
あやしい|あやしい|true
あやしむ|あやしむ|true
あやつる|あやつる|true
あやふや|あやふや|true
あやぶむ|あやぶむ|true
あやまち|あやまち|true
あやまって|あやまって|true
あやまり|あやまり|true
あやまる|あやまる|true
あゆ|あゆ|true
あゆみ|あゆみ|true
あゆみより|あゆみより|true
あゆみよる|あゆみよる|true
あゆむ|あゆむ|true
あら|あら|true
あらあらしい|あらあらしい|true
あらい|あらい|true
あらいあげる|あらいあげる|true
あらいもの|あらいもの|true
あらいもん|あらいもの|false
あらう|あらう|true
あらかじめ|あらかじめ|true
あらき|あらき|true
あらし|あらし|true
あらし|ぼうふう|false
あらし|ぼうふうう|false
あらす|あらす|true
あらすじ|あらすじ|true
あらそい|あらそい|true
あらそう|あらそう|true
あらた|あらた|true
あらた|しんでん|false
あらたまる|あらたまる|true
あらためて|あらためて|true
あらためる|あらためる|true
あらっぽい|あらっぽい|true
あらて|あらて|true
あらなみ|あらなみ|true
あらの|こうや|false
あらゆる|あらゆる|true
あららげる|あららげる|true
あらわす|あらわす|true
あらわれ|あらわれ|true
あらわれる|あらわれる|true
あらー|あら|false
あら筋|あらすじ|false
あり|あり|true
ありあわせ|ありあわせ|true
ありえない|ありえない|true
ありがたい|ありがたい|true
ありがち|ありがち|true
ありがとう|ありがとう|true
ありがとうございました|ありがとうございました|true
ありがとうございます|ありがとうございます|true
ありがとう御座います|ありがとうございます|false
ありさま|ありさま|true
ありしひ|ありしひ|true
ありし日|ありしひ|false
ありそう|ありそう|true
ありとあらゆる|ありとあらゆる|true
ありのまま|ありのまま|true
ありふれた|ありふれた|true
ありよう|ありさま|false
あり合せ|ありあわせ|false
あり合わせ|ありあわせ|true
あり得ない|ありえない|true
あり得無い|ありえない|false
あり様|ありさま|false
あり触れた|ありふれた|false
ある|ある|true
あるいは|あるいは|true
あるいみで|あるいみで|true
あるいみでは|あるいみでは|true
あるきまわる|あるきまわる|true
あるく|あるく|true
あるじ|あるじ|true
ある意味で|あるいみで|true
ある意味では|あるいみでは|true
あれ|あれ|true
あれ|われ|false
あれこれ|あれこれ|true
あれだけ|あれだけ|true
あれの|こうや|true
あれほど|あれほど|true
あれる|あれる|true
あれ程|あれほど|true
あわ|あわ|true
あわい|あいだ|false
あわい|あわい|true
あわす|あわす|true
あわせる|あわせる|true
あわただしい|あわただしい|true
あわてる|あわてる|true
あわれ|あわれ|true
あわれむ|あわれむ|true
あん|あの|false
あん|あん|true
あん|いおり|false
あんい|あんい|true
あんうん|あんうん|true
あんか|あんか|true
あんがい|あんがい|true
あんき|あんき|true
あんぎゃ|あんぎゃ|true
あんけん|あんけん|true
あんこ|あんこ|true
あんこく|あんこく|true
あんごう|あんごう|true
あんさつ|あんさつ|true
あんしょう|あんしょう|true
あんしん|あんしん|true
あんしんかん|あんしんかん|true
あんじ|あんじ|true
あんじゅう|あんじゅう|true
あんず|あんず|true
あんせい|あんせい|true
あんせん|あんぜん|false
あんぜん|あんぜん|true
あんぜんほしょう|あんぜんほしょう|true
あんた|あんた|true
あんたい|あんたい|true
あんだ|あんだ|true
あんちゃん|にいちゃん|false
あんてい|あんてい|true
あんな|あんな|true
あんない|あんない|true
あんに|あんに|true
あんね|あのね|false
あんのじょう|あんのじょう|true
あんばい|あんばい|true
あんび|あんぴ|false
あんぴ|あんぴ|true
あんぶ|あんぴ|false
あんぷ|あんぴ|false
あんぽ|あんぽ|true
あんま|あんま|true
あんまり|あまり|true
あんまりに|あまりに|false
あんみん|あんみん|true
あんもく|あんもく|true
あんらくし|あんらくし|true
あん摩|あんま|true
あー|ああ|true
あーあー|ああああ|false
あーいう|ああいう|false
あーっ|ああ|false
あーゆー|ああいう|false
あーーー|ああああ|false
い|い|true
い|ご|false
い|ごじゅう|false
い|せき|false
い|ね|false
いあわせる|いあわせる|true
いあん|いあん|true
いい|いい|true
いいあらわす|いいあらわす|true
いいえ|いいえ|true
いいかえす|いいかえす|true
いいかえる|いいかえる|true
いいかげん|いいかげん|true
いいかげんにしろ|いいかげんにしろ|true
いいかた|いいかた|true
いいきる|いいきる|true
いいだす|いいだす|true
いいなり|いいなり|true
いいね|いいね|true
いいぶん|いいぶん|true
いいまわし|いいまわし|true
いいや|いいや|true
いいようがない|いいようがない|true
いいわけ|いいわけ|true
いいわたし|いいわたし|true
いいわたす|いいわたす|true
いいん|いいん|true
いいんかい|いいんかい|true
いいんちょう|いいんちょう|true
いい切る|いいきる|false
いい加減|いいかげん|true
いい加減にしろ|いいかげんにしろ|true
いい返す|いいかえす|false
いう|いう|true
いう|ゆう|false
いうまでもない|いうまでもない|true
いえ|いいえ|true
いえ|いえ|true
いえあるじ|やぬし|false
いえい|いえい|true
いえいえ|いやいや|false
いえがら|いえがら|true
いえづくり|いえづくり|true
いえで|いえで|true
いえぬし|やぬし|false
いえもと|いえもと|true
いお|いおり|false
いおう|いおう|true
いおり|いおり|true
いか|いか|true
いか|イカ|false
いかが|いかが|true
いかがく|いかがく|true
いかく|いかく|true
いかす|いかす|true
いかに|いかに|true
いかにも|いかにも|true
いからせる|おこらせる|false
いかり|いかり|true
いかん|いかん|true
いがい|いがい|true
いがく|いがく|true
いがくぶ|いがくぶ|true
いがた|いがた|true
いがむ|ゆがむ|false
いき|いき|true
いきいき|いきいき|true
いきうめ|いきうめ|true
いきおい|いきおい|true
いきかえる|いきかえる|true
いきかた|いきかた|true
いきがい|いきがい|true
いきき|ゆきき|true
いきぎれ|いきぎれ|true
いきごみ|いきごみ|true
いきごむ|いきごむ|true
いきさかん|いきさかん|true
いきさき|いきさき|true
いきさつ|けいい|false
いきじ|いくじ|false
いきすぎ|いきすぎ|true
いきすぎる|いきすぎる|true
いきち|いきち|true
いきちがい|いきちがい|true
いきづまり|いきづまり|true
いきとどく|いきとどく|true
いきどおり|いきどおり|true
いきどまり|いきどまり|true
いきない|いきない|true
いきなり|いきなり|true
いきのこり|いきのこり|true
いきのこる|いきのこる|true
いきもの|いきもの|true
いきょく|いきょく|true
いきよい|いきおい|false
いきる|いきる|true
いきわたる|いきわたる|true
いき値|いきち|false
いき残り|いきのこり|false
いぎ|いぎ|true
いぎょう|いぎょう|true
いく|いく|true
いくえい|いくえい|true
いくか|いくにち|false
いくさ|いくさ|true
いくじ|いくじ|true
いくせい|いくせい|true
いくたび|いくど|false
いくつ|いくつ|true
いくつか|いくつか|true
いくど|いくど|true
いくどうおん|いくどうおん|true
いくにち|いくにち|true
いくぶん|いくぶん|true
いくら|いくら|true
いくら|イクラ|false
いく日|いくにち|false
いけ|いけ|true
いけがき|いけがき|true
いけない|いけない|true
いけばな|いけばな|true
いけません|いけません|true
いけめん|イケメン|false
いける|いける|true
いけん|いけん|true
いけ花|いけばな|false
いけ面|イケメン|false
いげ|いか|false
いげん|いげん|true
いこい|いこい|true
いこう|いこう|true
いこうどうおん|いくどうおん|false
いこく|いこく|true
いこつ|いこつ|true
いこん|いこん|true
いご|いご|true
いごこち|いごこち|true
いさぎよい|いさぎよい|true
いさぎ良い|いさぎよい|false
いさく|いさく|true
いさご|すな|false
いささか|いささか|true
いさましい|いさましい|true
いさみあし|いさみあし|true
いさむ|いさむ|true
いさる|あさる|false
いさん|いさん|true
いざかや|いざかや|true
いざこざ|いざこざ|true
いざない|さそい|false
いざなう|さそう|false
いし|いし|true
いしあたま|いしあたま|true
いしかい|いしかい|true
いしがき|いしがき|true
いしがけ|いしがき|false
いしがみ|しゃくじん|false
いしき|いしき|true
いしきちょうさ|いしきちょうさ|true
いしきてき|いしきてき|true
いしけってい|いしけってい|true
いしずえ|いしずえ|true
いしずみ|せきたん|false
いしそつう|いしそつう|true
いしだん|いしだん|true
いしつ|いしつ|true
いしつぶつ|いしつぶつ|true
いしばい|せっかい|false
いしばし|いしばし|true
いしひょうじ|いしひょうじ|true
いしぶみ|いしぶみ|true
いしぼとけ|せきぶつ|false
いしむろ|せきしつ|false
いしゃ|いしゃ|true
いしゅく|いしゅく|true
いしょ|いしょ|true
いしょう|いしょう|true
いしょく|いしょく|true
いしょくじゅう|いしょくじゅう|true
いしん|いしん|true
いじ|いじ|true
いじめ|いじめ|true
いじめる|いじめる|true
いじゅう|いじゅう|true
いじょう|いじょう|true
いじる|いじる|true
いじわる|いじわる|true
いじん|いじん|true
いす|いす|true
いずく|どこ|false
いずこ|どこ|false
いずみ|いずみ|true
いずれ|いずれ|true
いずれか|いずれか|true
いせい|いせい|true
いせいしゃ|いせいしゃ|true
いせき|いせき|true
いせき|せき|false
いぜん|いぜん|true
いぜんとして|いぜんとして|true
いそ|いそ|true
いそ|ごじゅう|false
いそいそ|いそいそ|true
いそいで|いそいで|true
いそう|いそう|true
いそうろう|いそうろう|true
いそがしい|いそがしい|true
いそぎ|いそぎ|true
いそぐ|いそぐ|true
いそん|いぞん|false
いそんしょう|いぞんしょう|false
いぞく|いぞく|true
いぞん|いぞん|true
いぞんしょう|いぞんしょう|true
いた|いた|true
いたい|いたい|true
いたく|いたく|true
いたす|いたす|true
いたずら|いたずら|true
いただき|いただき|true
いただきます|いただきます|true
いただく|いただく|true
いただける|いただける|true
いたって|いたって|true
いたづら|いたずら|false
いたで|いたで|true
いたましい|いたましい|true
いたみ|いたみ|true
いたむ|いたむ|true
いためる|いためる|true
いたる|いたる|true
いたるところ|いたるところ|true
いたる処|いたるところ|false
いたる所|いたるところ|false
いたわる|いたわる|true
いたん|いたん|true
いたガラス|いたガラス|true
いだい|いだい|true
いだく|いだく|true
いち|いち|true
いちい|いちい|true
いちいち|いちいち|true
いちいん|いちいん|true
いちえん|いちえん|true
いちおう|いちおう|true
いちおく|いちおく|true
いちがいに|いちがいに|true
いちがつ|いちがつ|true
いちがん|いちがん|true
いちぎ|いちぎ|true
いちぎょう|いちぎょう|true
いちぐう|いちぐう|true
いちぐん|いちぐん|true
いちげき|いちげき|true
いちげつ|ひとつき|false
いちげん|いちげん|true
いちげん|ひとこと|false
いちげんか|いちげんか|true
いちご|いちご|true
いちごん|ひとこと|false
いちざ|いちざ|true
いちじ|いちじ|true
いちじかん|いちじかん|true
いちじき|いちじき|true
いちじきん|いちじきん|true
いちじつ|いちにち|false
いちじてき|いちじてき|true
いちじょ|いちじょ|true
いちじょう|いちじょう|true
いちじるしい|いちじるしい|true
いちじんぶつ|いちじんぶつ|true
いちず|いちず|true
いちずける|いちづける|false
いちぞく|いちぞく|true
いちたいいち|いちたいいち|true
いちだ|いちだ|true
いちだい|いちだい|true
いちだん|いちだん|true
いちだんらく|いちだんらく|true
いちぢるしい|いちじるしい|false
いちつけ|いちづけ|false
いちづけ|いちづけ|true
いちづける|いちづける|true
いちど|いちど|true
いちどう|いちどう|true
いちどに|いちどに|true
いちなか|しちゅう|false
いちなん|いちなん|true
いちに|いちに|true
いちにち|いちにち|true
いちにちじゅう|いちにちじゅう|true
いちにちぢゅう|いちにちじゅう|false
いちにん|いちにん|true
いちにん|ひとり|false
いちにんまえ|いちにんまえ|true
いちねん|いちねん|true
いちねんかん|いちねんかん|true
いちねんじゅう|いちねんじゅう|true
いちねんせい|いちねんせい|true
いちねんぢゅう|いちねんじゅう|false
いちはやく|いちはやく|true
いちば|いちば|true
いちばい|いちばい|true
いちばん|いちばん|true
いちばんうえ|いちばんうえ|true
いちばんて|いちばんて|true
いちばんのり|いちばんのり|true
いちぶ|いちぶ|true
いちぶぶん|いちぶぶん|true
いちまい|いちまい|true
いちまいいわ|いちまいいわ|true
いちまつ|いちまつ|true
いちまん|いちまん|true
いちめん|いちめん|true
いちもん|いちもん|true
いちや|いちや|true
いちやく|いちやく|true
いちょう|いちょう|true
いちよう|いちよう|true
いちよく|いちよく|true
いちらん|いちらん|true
いちらんひょう|いちらんひょう|true
いちりつ|いちりつ|true
いちりつ|しりつ|false
いちりづか|いちりづか|true
いちりゅう|いちりゅう|true
いちりょう|いちりょう|true
いちるい|いちるい|true
いちれい|いちれい|true
いちれん|いちれん|true
いちわり|いちわり|true
いち早く|いちはやく|true
いち速く|いちはやく|false
いっか|いっか|true
いっかい|いっかい|true
いっかく|いっかく|true
いっかげつ|いっかげつ|true
いっかつ|いっかつ|true
いっかん|いっかん|true
いっき|いっき|true
いっきいちゆう|いっきいちゆう|true
いっきうち|いっきうち|true
いっきなり|いきなり|false
いっきに|いっきに|true
いっきゅう|いっきゅう|true
いっきょ|いっきょ|true
いっきょく|いっきょく|true
いっきょに|いっきょに|true
いっけ|いっか|false
いっけん|いっけん|true
いっこ|いっこ|true
いっこう|いっこう|true
いっこうに|いっこうに|true
いっこく|いっこく|true
いっこだて|いっこだて|true
いっさい|いっさい|true
いっさくじつ|おととい|false
いっさくねん|おととし|true
いっさつ|いっさつ|true
いっさんかたんそ|いっさんかたんそ|true
いっしき|いっしき|true
いっしつ|いっしつ|true
いっしゅ|いっしゅ|true
いっしゅう|いっしゅう|true
いっしゅうかん|いっしゅうかん|true
いっしゅうねん|いっしゅうねん|true
いっしゅん|いっしゅん|true
いっしょ|いっしょ|true
いっしょう|いっしょう|true
いっしょうけんめい|いっしょうけんめい|true
いっしょく|いっしょく|true
いっしょに|いっしょに|true
いっしん|いっしん|true
いっしんに|いっしんに|true
いっせい|いっせい|true
いっせいに|いっせいに|true
いっせき|いっせき|true
いっせきにちょう|いっせきにちょう|true
いっせつ|いっせつ|true
いっせん|いっせん|true
いっそ|いっそ|true
いっそう|いっそう|true
いっそく|いっそく|true
いっそのこと|いっそのこと|true
いっその事|いっそのこと|false
いったい|いったい|true
いったいいち|いちたいいち|false
いったりきたり|いったりきたり|true
いったん|いったん|true
いっち|いっち|true
いっちゃく|いっちゃく|true
いっちょう|いっちょう|true
いっちょくせん|いっちょくせん|true
いっつう|いっつう|true
いって|いって|true
いってい|いってい|true
いってきます|いってきます|true
いってらっしゃい|いってらっしゃい|true
いってん|いってん|true
いって来ます|いってきます|false
いっとう|いっとう|true
いっとき|ひととき|false
いっぱ|いっぱ|true
いっぱい|いっぱい|true
いっぱく|いっぱく|true
いっぱつ|いっぱつ|true
いっぱん|いっぱん|true
いっぱんじん|いっぱんじん|true
いっぱんてき|いっぱんてき|true
いっぱんに|いっぱんに|true
いっぴき|いっぴき|true
いっぴょう|いっぴょう|true
いっぴん|いっぴん|true
いっぷう|いっぷう|true
いっぺん|いっぺん|true
いっぺんとう|いっぺんとう|true
いっぺんに|いっぺんに|true
いっぽ|いっぽ|true
いっぽう|いっぽう|true
いっぽうつうこう|いっぽうつうこう|true
いっぽうてき|いっぽうてき|true
いっぽん|いっぽん|true
いつ|いつ|true
いつ|ご|false
いつか|いつか|true
いつごろ|いつごろ|true
いつだつ|いつだつ|true
いつつ|いつつ|true
いつでも|いつでも|true
いつになく|いつになく|true
いつになったら|いつになったら|true
いつのまにか|いつのまにか|true
いつの間にか|いつのまにか|true
いつまでも|いつまでも|true
いつも|いつも|true
いつもとおり|いつもどおり|false
いつもどうり|いつもどおり|false
いつもどおり|いつもどおり|true
いつも通り|いつもどおり|true
いつわ|いつわ|true
いつわる|いつわる|true
いつ迄も|いつまでも|false
いつ頃|いつごろ|true
いづこ|どこ|false
いづれ|いずれ|false
いてん|いてん|true
いでん|いでん|true
いでんし|いでんし|true
いと|いと|true
いとぐち|いとぐち|true
いとこ|いとこ|true
いとしい|いとしい|true
いとてき|いとてき|true
いとなみ|いとなみ|true
いとなむ|いとなむ|true
いとめる|いとめる|true
いど|いど|true
いどう|いどう|true
いどうへいきん|いどうへいきん|true
いどこ|どこ|false
いどむ|いどむ|true
いな|いな|true
いない|いない|true
いなか|いなか|true
いなさく|いなさく|true
いなずま|いなずま|true
いなだ|いなだ|true
いなづま|いなずま|false
いなほ|いなほ|true
いなり|いなり|true
いにしえ|いにしえ|true
いにん|いにん|true
いぬ|いぬ|true
いね|いね|true
いねかり|いねかり|true
いねむり|いねむり|true
いのしし|いのしし|true
いのち|いのち|true
いのり|いのり|true
いのる|いのる|true
いはん|いはん|true
いばしょ|いばしょ|true
いばり|にょう|false
いばる|いばる|true
いひょう|いひょう|true
いひん|いひん|true
いびき|いびき|true
いふく|いふく|true
いぶき|いぶき|true
いぶくろ|いぶくろ|true
いぶつ|いぶつ|true
いぶん|いぶん|true
いへん|いへん|true
いほう|いほう|true
いま|いま|true
いまいち|いまいち|true
いまごろ|いまごろ|true
いまさら|いまさら|true
いましめ|いましめ|true
いましめる|いましめる|true
いますぐ|いますぐ|true
いまだ|まだ|false
いまどき|いまどき|true
いまに|いまに|true
いまにも|いまにも|true
いまひとつ|いまひとつ|true
いままで|いままで|true
いまや|いまや|true
いまわしい|いまわしい|true
いま一つ|いまひとつ|false
いみ|いみ|true
いみあい|いみあい|true
いみふめい|いみふめい|true
いみょう|いみょう|true
いみん|いみん|true
いめい|いみょう|false
いも|いも|true
いもうと|いもうと|true
いもうと|ぎまい|false
いもの|いもの|true
いもん|いもん|true
いや|いや|true
いやいや|いやいや|true
いやおい|やよい|false
いやがらせ|いやがらせ|true
いやがる|いやがる|true
いやき|いやき|true
いやく|いやく|true
いやくひん|いやくひん|true
いやけ|いやき|false
いやしい|いやしい|true
いやらしい|いやらしい|true
いよいよ|いよいよ|true
いよう|いよう|true
いよく|いよく|true
いらい|いらい|true
いらいら|いらいら|true
いらして|いらして|true
いらしゃい|いらっしゃい|false
いらしゃいませ|いらっしゃいませ|false
いらっしゃい|いらっしゃい|true
いらっしゃいませ|いらっしゃいませ|true
いらっしゃる|いらっしゃる|true
いり|いり|true
いりくち|いりぐち|false
いりぐち|いりぐち|true
いりこむ|はいりこむ|false
いりごみ|いりごみ|true
いりょう|いりょう|true
いりょうひん|いりょうひん|true
いりょく|いりょく|true
いる|いる|true
いるい|いるい|true
いるか|いるか|true
いれい|いれい|true
いれいさい|いれいさい|true
いれかえ|いれかえ|true
いれずみ|いれずみ|true
いれば|いれば|true
いれもの|いれもの|true
いれる|いれる|true
いろ|いろ|true
いろあい|いろあい|true
いろあわい|いろあい|false
いろいろ|いろいろ|true
いろいろあって|いろいろあって|true
いろけ|いろけ|true
いろどり|いろどり|true
いろどる|いろどる|true
いろは|いろは|true
いろん|いろん|true
いろんな|いろんな|true
いわ|いわ|true
いわい|いわい|true
いわう|いわう|true
いわかん|いわかん|true
いわく|いわく|true
いわし|いわし|true
いわしお|がんえん|false
いわば|いわば|true
いわま|いわま|true
いわや|いわや|true
いわやま|いわやま|true
いわゆる|いわゆる|true
いん|いん|true
いんえん|いんねん|false
いんえん|えんぎ|false
いんかん|いんかん|true
いんが|いんが|true
いんき|いんき|true
いんきょ|いんきょ|true
いんご|いんご|true
いんさつ|いんさつ|true
いんし|いんし|true
いんしゅ|いんしゅ|true
いんしゅうんてん|いんしゅうんてん|true
いんしょう|いんしょう|true
いんしょうづける|いんしょうづける|true
いんしょうてき|いんしょうてき|true
いんしょく|いんしょく|true
いんしょくてん|いんしょくてん|true
いんすう|いんずう|false
いんず|いんずう|false
いんずう|いんずう|true
いんせい|いんせい|true
いんせき|いんせき|true
いんぜい|いんぜい|true
いんたい|いんたい|true
いんちき|インチキ|false
いんちょう|いんちょう|true
いんとく|いんとく|true
いんない|いんない|true
いんねん|いんねん|true
いんぼう|いんぼう|true
いんめつ|いんめつ|true
いんよう|いんよう|true
いんりつ|いんりつ|true
いんりょう|いんりょう|true
いんりょうすい|いんりょうすい|true
いんりょく|いんりょく|true
う|う|true
う|うさぎ|false
うい|はごろも|false
うい|はつ|false
ういじん|ういじん|true
ううむ|うん|false
ううん|ううん|true
うえ|うえ|true
うえき|うえき|true
うえきばち|うえきばち|true
うえした|うえした|true
うえじに|うえじに|true
うえむき|うわむき|false
うえる|うえる|true
うお|さかな|false
うおいちば|うおいちば|true
うおうさおう|うおうさおう|true
うかがう|うかがう|true
うかびあがる|うかびあがる|true
うかび上がる|うかびあがる|false
うかぶ|うかぶ|true
うかべる|うかべる|true
うかる|うかる|true
うかれる|うかれる|true
うがい|うがい|true
うき|うき|true
うき|さかずき|false
うきうき|うきうき|true
うきぼり|うきぼり|true
うきめ|うきめ|true
うきよえ|うきよえ|true
うき目|うきめ|false
うく|うく|true
うけ|うけ|true
うけいれ|うけいれ|true
うけいれる|うけいれる|true
うけおい|うけおい|true
うけおう|うけおう|true
うけざら|うけざら|true
うけたまわる|うけたまわる|true
うけつぐ|うけつぐ|true
うけつけ|うけつけ|true
うけつけちゅう|うけつけちゅう|true
うけつける|うけつける|true
うけとめる|うけとめる|true
うけとり|うけとり|true
うけとりにん|うけとりにん|true
うけとる|うけとる|true
うけみ|うけみ|true
うけもち|うけもち|true
うけもつ|うけもつ|true
うける|うける|true
うけわたし|うけわたし|true
うけ取る|うけとる|false
うごかす|うごかす|true
うごき|うごき|true
うごきだす|うごきだす|true
うごく|うごく|true
うさぎ|うさぎ|true
うし|うし|true
うしなう|うしなう|true
うしろ|うしろ|true
うしろすがた|うしろすがた|true
うしろだて|うしろだて|true
うしろむき|うしろむき|true
うしろ姿|うしろすがた|false
うじがみ|うじがみ|true
うじな|しめい|false
うすい|あまみず|false
うすい|うすい|true
うすぎ|うすぎ|true
うすぐらい|うすぐらい|true
うすまる|うすまる|true
うすめる|うすめる|true
うすらぐ|うすらぐ|true
うすれる|うすれる|true
うす暗い|うすぐらい|false
うず|うず|true
うずうず|うずうず|true
うずくまる|うずくまる|true
うずまき|うずまき|true
うずまる|うまる|true
うずめる|うずめる|true
うずもれる|うもれる|false
うせつ|うせつ|true
うそ|うそ|true
うそく|みぎあし|false
うそく|みぎがわ|false
うそつき|うそつき|true
うそ付き|うそつき|false
うそ吐き|うそつき|false
うた|うた|true
うたあわせ|うたあわせ|true
うたい|うたい|true
うたう|うたう|true
うたがい|うたがい|true
うたがう|うたがう|true
うたがわしい|うたがわしい|true
うたげ|うたげ|true
うたごえ|うたごえ|true
うたひめ|うたひめ|true
うち|うち|true
うちあい|うちあい|true
うちあける|うちあける|true
うちあげ|うちあげ|true
うちあげる|うちあげる|true
うちあわせ|うちあわせ|true
うちあわせる|うちあわせる|true
うちうち|うちうち|true
うちうみ|ないかい|false
うちがわ|うちがわ|true
うちき|うちき|true
うちきり|うちきり|true
うちきる|うちきる|true
うちけし|うちけし|true
うちけす|うちけす|true
うちこみ|うちこみ|true
うちこむ|うちこむ|true
うちそと|ないがい|false
うちだす|うちだす|true
うちぼり|うちぼり|true
うちまく|うちまく|true
うちゅう|うちゅう|true
うちゅうかいはつ|うちゅうかいはつ|true
うちゅうかいはつじぎょうだん|うちゅうかいはつじぎょうだん|true
うちゅうかん|うちゅうかん|true
うちゅうくうかん|うちゅうくうかん|true
うちゅうひこうし|うちゅうひこうし|true
うちょうてん|うちょうてん|true
うちわ|うちわ|true
うちわけ|うちわけ|true
うち合わせ|うちあわせ|false
うち込む|うちこむ|false
うっかり|うっかり|true
うったえ|うったえ|true
うったえる|うったえる|true
うっとうしい|うっとうしい|true
うっとおしい|うっとうしい|false
うつ|うつ|true
うつくしい|うつくしい|true
うつし|うつし|true
うつしだす|うつしだす|true
うつし出す|うつしだす|false
うつす|うつす|true
うつびょう|うつびょう|true
うつむく|うつむく|true
うつりかわり|うつりかわり|true
うつる|うつる|true
うつわ|うつわ|true
うつわもの|きぶつ|false
うつ向く|うつむく|false
うつ病|うつびょう|true
うづもれる|うもれる|false
うてん|うてん|true
うで|うで|true
うでぢから|わんりょく|false
うでどけい|うでどけい|true
うでまえ|うでまえ|true
うでる|ゆでる|false
うで時計|うでどけい|false
うとうと|うとうと|true
うとっと|うとうと|false
うどん|うどん|true
うながす|うながす|true
うなぎ|うなぎ|true
うなじ|かいろ|false
うなずく|うなずく|true
うなぞこ|かいてい|false
うなづく|うなずく|false
うなる|うなる|true
うぬぼれ|うぬぼれ|true
うぬぼれる|うぬぼれる|true
うね|うね|true
うねり|うねり|true
うねる|うねる|true
うは|うは|true
うば|そぼ|false
うばう|うばう|true
うぶだし|しょしゅつ|false
うほう|うほう|true
うま|うま|true
うまい|うまい|true
うまくいく|うまくいく|true
うまく行く|うまくいく|false
うまぐるま|ばしゃ|false
うまぬし|うまぬし|true
うまる|うまる|true
うまれ|うまれ|true
うまれそだつ|うまれそだつ|true
うまれつき|うまれつき|true
うまれる|うまれる|true
うみ|うみ|true
うみじ|かいろ|false
うみだす|うみだす|true
うみのおや|うみのおや|true
うみべ|うみべ|true
うみ出す|うみだす|false
うむ|うむ|true
うむ|うん|false
うめ|うめ|true
うめしゅ|うめしゅ|true
うめたて|うめたて|true
うめたてち|うめたてち|true
うめぼし|うめぼし|true
うめる|うめる|true
うもう|うもう|true
うもれる|うもれる|true
うやまう|うやまう|true
うやむや|うやむや|true
うよく|うよく|true
うら|うら|true
うらおもて|うらおもて|true
うらかた|うらかた|true
うらがえし|うらがえし|true
うらがえす|うらがえす|true
うらがね|うらがね|true
うらがわ|うらがわ|true
うらぎり|うらぎり|true
うらぎりもの|うらぎりもの|true
うらぎる|うらぎる|true
うらぐち|うらぐち|true
うらづけ|うらづけ|true
うらづける|うらづける|true
うらとおり|うらどおり|false
うらどおり|うらどおり|true
うらない|うらない|true
うらないし|うらないし|true
うらなう|うらなう|true
うらはら|うらはら|true
うらみ|うらみ|true
うらみち|うらみち|true
うらむ|うらむ|true
うらめ|うらめ|true
うらめん|うらめん|true
うらもん|うらもん|true
うらやましい|うらやましい|true
うら側|うらがわ|false
うり|うり|true
うりあげ|うりあげ|true
うりあげきん|うりあげきん|true
うりあげだか|うりあげだか|true
うりきれ|うりきれ|true
うりきれる|うりきれる|true
うりこみ|うりこみ|true
うりこむ|うりこむ|true
うりだし|うりだし|true
うりだす|うりだす|true
うりて|うりて|true
うりば|うりば|true
うりもの|うりもの|true
うりょう|うりょう|true
うる|うる|true
うるうどし|うるうどし|true
うるう年|うるうどし|false
うるおい|うるおい|true
うるおう|うるおう|true
うるおす|うるおす|true
うるさい|うるさい|true
うるし|うるし|true
うるしぬり|うるしぬり|true
うるむ|うるむ|true
うれい|うれい|true
うれえる|うれえる|true
うれしい|うれしい|true
うれすじ|うれすじ|true
うれすじランキング|うれすじランキング|true
うれゆき|うれゆき|true
うれる|うれる|true
うろうろ|うろうろ|true
うろこ|うろこ|true
うろつく|うろつく|true
うわき|うわき|true
うわぎ|うわぎ|true
うわくちびる|うわくちびる|true
うわさ|うわさ|true
うわっちょうし|うわっちょうし|true
うわづみ|うわづみ|true
うわてなげ|うわてなげ|true
うわのせ|うわのせ|true
うわまる|うわまわる|false
うわまわる|うわまわる|true
うわむき|うわむき|true
うわん|みぎうで|false
うわ気|うわき|false
うん|うん|true
うんえい|うんえい|true
うんが|うんが|true
うんきゅう|うんきゅう|true
うんこ|うんこ|true
うんこう|うんこう|true
うんざり|うんざり|true
うんそう|うんそう|true
うんち|ウンチ|false
うんちん|うんちん|true
うんてん|うんてん|true
うんてんし|うんてんし|true
うんてんしゅ|うんてんしゅ|true
うんてんめんきょ|うんてんめんきょ|true
うんでいのさ|うんでいのさ|true
うんどう|うんどう|true
うんどうかい|うんどうかい|true
うんどうじょう|うんどうじょう|true
うんどうば|うんどうじょう|false
うんどうぶそく|うんどうぶそく|true
うんどん|うどん|false
うんぬん|うんぬん|true
うんぱん|うんぱん|true
うんめい|うんめい|true
うんゆ|うんゆ|true
うんゆしょう|うんゆしょう|true
うんよう|うんよう|true
うんよく|うんよく|true
うーん|ううん|true
え|え|true
え|えさ|false
えい|えい|true
えい|よい|false
えいえん|えいえん|true
えいかいわ|えいかいわ|true
えいかく|えいかく|true
えいかん|えいかん|true
えいが|えいが|true
えいがかん|えいがかん|true
えいき|えいき|true
えいきゅう|えいきゅう|true
えいきょう|えいきょう|true
えいきょうりょく|えいきょうりょく|true
えいぎょう|えいぎょう|true
えいぎょうしょ|えいぎょうしょ|true
えいぎょうじかん|えいぎょうじかん|true
えいぎょうマン|えいぎょうマン|true
えいこ|えいこ|true
えいこう|えいこう|true
えいこく|えいこく|true
えいご|えいご|true
えいじ|えいじ|true
えいじゅう|えいじゅう|true
えいすうじ|えいすうじ|true
えいせい|えいせい|true
えいせいてき|えいせいてき|true
えいぜん|えいぜん|true
えいぞう|えいぞう|true
えいぞく|えいぞく|true
えいたい|えいたい|true
えいたんご|えいたんご|true
えいだん|えいだん|true
えいち|えいち|true
えいのう|えいのう|true
えいびん|えいびん|true
えいぶん|えいぶん|true
えいぶんがく|えいぶんがく|true
えいめい|えいめい|true
えいやく|えいやく|true
えいゆう|えいゆう|true
えいよ|えいよ|true
えいよう|えいよう|true
えいようがく|えいようがく|true
えいようし|えいようし|true
えいようしっちょう|えいようしっちょう|true
えいようそ|えいようそ|true
えいり|えいり|true
えいわ|えいわ|true
えう|よう|false
ええ|ええ|true
ええっと|えっと|false
ええと|えっと|false
えがお|えがお|true
えがく|えがく|true
えき|えき|true
えきいん|えきいん|true
えきか|えきか|true
えきしょう|えきしょう|true
えきたい|えきたい|true
えきちょう|えきちょう|true
えきでん|えきでん|true
えきびょう|えきびょう|true
えきべん|えきべん|true
えきまえ|えきまえ|true
えくぼ|えくぼ|true
えさ|えさ|true
えしゃく|えしゃく|true
えぞ|えみし|false
えだ|えだ|true
えだは|えだは|true
えだまめ|えだまめ|true
えちご|えちご|true
えっきょう|えっきょう|true
えっけん|えっけん|true
えっち|エッチ|false
えっと|えっと|true
えっとう|えっとう|true
えつねん|えつねん|true
えつらん|えつらん|true
えとき|えとき|true
えど|えど|true
えどじだい|えどじだい|true
えどっこ|えどっこ|true
えのぐ|えのぐ|true
えはがき|えはがき|true
えばる|いばる|false
えび|えび|true
えび|ぶどう|false
えびす|えびす|true
えべす|えびす|false
えほん|えほん|true
えまき|えまき|true
えまきもの|えまきもの|true
えみ|えみ|true
えみし|えみし|true
えもじ|えもじ|true
えもの|えもの|true
えらい|えらい|true
えらぶ|えらぶ|true
えり|えり|true
えりすぐり|よりすぐり|false
えりまき|えりまき|true
えりもと|えりもと|true
えりわける|よりわける|false
えり元|えりもと|false
えり分ける|よりわける|false
えり巻き|えりまき|false
える|える|true
える|ほる|false
える|よる|false
えをえがく|えをかく|false
えをかく|えをかく|true
えん|うたげ|false
えん|えん|true
えんえい|えんえい|true
えんえん|えんえん|true
えんか|えんか|true
えんかい|えんかい|true
えんかいしゅう|えんかいしゅう|true
えんかく|えんかく|true
えんかつ|えんかつ|true
えんがわ|えんがわ|true
えんがん|えんがん|true
えんき|えんき|true
えんきょく|えんきょく|true
えんきょり|えんきょり|true
えんきんほう|えんきんほう|true
えんぎ|えんぎ|true
えんぎりょく|えんぎりょく|true
えんぐん|えんぐん|true
えんけい|えんけい|true
えんげい|えんげい|true
えんげき|えんげき|true
えんこ|えんこ|true
えんこつ|えんかつ|false
えんご|えんご|true
えんさん|えんさん|true
えんざん|えんざん|true
えんしゅう|えんしゅう|true
えんしゅつ|えんしゅつ|true
えんしゅつか|えんしゅつか|true
えんしょう|えんしょう|true
えんしんりょく|えんしんりょく|true
えんじ|えんじ|true
えんじゅく|えんじゅく|true
えんじょ|えんじょ|true
えんじょう|えんじょう|true
えんじょこうさい|えんじょこうさい|true
えんじる|えんじる|true
えんすい|しおみず|false
えんずる|えんずる|true
えんせい|えんせい|true
えんせき|えんせき|true
えんせん|えんせん|true
えんぜつ|えんぜつ|true
えんそ|えんそ|true
えんそう|えんそう|true
えんそうかい|えんそうかい|true
えんそうば|えんそうば|true
えんそく|えんそく|true
えんたい|えんたい|true
えんたく|えんたく|true
えんだか|えんだか|true
えんだて|えんだて|true
えんだん|えんだん|true
えんちゅう|えんちゅう|true
えんちょう|えんちょう|true
えんてん|えんてん|true
えんでん|えんでん|true
えんとう|えんとう|true
えんとつ|えんとつ|true
えんどう|えんどう|true
えんない|えんない|true
えんばん|えんばん|true
えんぴつ|えんぴつ|true
えんぶ|えんぶ|true
えんぶん|えんぶん|true
えんぽう|えんぽう|true
えんまん|えんまん|true
えんみ|しおあじ|false
えんみょう|えんめい|false
えんめい|えんめい|true
えんめつ|いんめつ|false
えんもく|えんもく|true
えんやす|えんやす|true
えんりょ|えんりょ|true
えー|ええ|false
えーっ|ええ|false
えーっと|えっと|false
えーと|えっと|false
えーー|ええ|false
えーーっと|えっと|false
えーーーっと|えっと|false
えーーーーっと|えっと|false
お|あさ|false
お|お|true
おい|おい|true
おいあげる|おいあげる|true
おいうち|おいうち|true
おいおい|おいおい|true
おいかける|おいかける|true
おいかぜ|おいかぜ|true
おいこす|おいこす|true
おいこみ|おいこみ|true
おいこむ|おいこむ|true
おいしい|おいしい|true
おいしゃさん|おいしゃさん|true
おいたち|おいたち|true
おいだす|おいだす|true
おいつく|おいつく|true
おいて|おいかぜ|false
おいぬ|おおかみ|false
おいぬく|おいぬく|true
おいめ|おいめ|true
おいる|おいる|true
おいわい|おいわい|true
おい出す|おいだす|false
おう|あう|false
おう|おう|true
おう|おきな|false
おうい|おうい|true
おうえん|おうえん|true
おうか|おうか|true
おうかん|おうかん|true
おうきゅう|おうきゅう|true
おうぎ|おうぎ|true
おうぎがた|おうぎがた|true
おうぎょう|おうこう|false
おうこう|おうこう|true
おうこく|おうこく|true
おうごん|おうごん|true
おうごんじだい|おうごんじだい|true
おうさつ|おうさつ|true
おうさま|おうさま|true
おうざ|おうざ|true
おうしつ|おうしつ|true
おうしゃ|おうじゃ|false
おうしゅう|おうしゅう|true
おうしょう|おうしょう|true
おうしょく|きいろ|false
おうしん|おうしん|true
おうじ|おうじ|true
おうじゃ|おうじゃ|true
おうじょ|おうじょ|true
おうじょ|こうじょ|false
おうじょう|おうじょう|true
おうじる|おうじる|true
おうずる|おうずる|true
おうせい|おうせい|true
おうせつ|おうせつ|true
おうせん|おうせん|true
おうぞく|おうぞく|true
おうたい|おうたい|true
おうだ|おうだ|true
おうだん|おうだん|true
おうだんほどう|おうだんほどう|true
おうだんまく|おうだんまく|true
おうち|おうち|true
おうち|おくち|false
おうちゃく|おうちゃく|true
おうちょう|おうちょう|true
おうて|おうて|true
おうてん|おうてん|true
おうと|おうと|true
おうとう|おうとう|true
おうとつ|おうとつ|true
おうにょ|おうじょ|false
おうねん|おうねん|true
おうひ|おうひ|true
おうふく|おうふく|true
おうぶん|おうぶん|true
おうへい|おうへい|true
おうべい|おうべい|true
おうぼ|おうぼ|true
おうぼう|おうぼう|true
おうぼしゃ|おうぼしゃ|true
おうよう|おうよう|true
おうらい|おうらい|true
おうりつ|おうりつ|true
おうりょう|おうりょう|true
おう吐|おうと|false
おえる|おえる|true
おお|おお|true
おおあきない|おおあきない|true
おおあさ|たいま|false
おおあたり|おおあたり|true
おおあめ|おおあめ|true
おおい|おおい|true
おおいそぎ|おおいそぎ|true
おおいに|おおいに|true
おおう|おおう|true
おおうみ|たいかい|false
おおえ|おおえだ|false
おおえだ|おおえだ|true
おおおとこ|おおおとこ|true
おおかた|おおかた|true
おおかみ|おおかみ|true
おおかめ|おおかみ|false
おおがかり|おおがかり|true
おおがた|おおがた|true
おおがね|たいきん|false
おおきい|おおきい|true
おおきくなる|おおきくなる|true
おおきさ|おおきさ|true
おおきな|おおきな|true
おおぎ|おうぎ|false
おおく|おおく|true
おおくち|おおぐち|false
おおくら|おおくら|true
おおくらしょう|おおくらしょう|true
おおぐち|おおぐち|true
おおげさ|おおげさ|true
おおごえ|おおごえ|true
おおさか|おおさか|true
おおさじ|おおさじ|true
おおさわぎ|おおさわぎ|true
おおざっぱ|おおざっぱ|true
おおし|おおし|true
おおじ|そふ|false
おおじだい|おおじだい|true
おおすじ|おおすじ|true
おおずもう|おおずもう|true
おおぜい|おおぜい|true
おおぜき|おおぜき|true
おおそうじ|おおそうじ|true
おおぞら|おおぞら|true
おおだい|おおだい|true
おおだな|おおだな|true
おおつぶ|おおつぶ|true
おおづめ|おおづめ|true
おおて|おおて|true
おおてきぎょう|おおてきぎょう|true
おおどおり|おおどおり|true
おおの|おおの|true
おおはば|おおはば|true
おおば|そぼ|false
おおふね|おおぶね|false
おおぶね|おおぶね|true
おおまか|おおまか|true
おおみず|おおみず|true
おおみそか|おおみそか|true
おおむかし|おおむかし|true
おおむぎ|おおむぎ|true
おおめ|おおめ|true
おおもじ|おおもじ|true
おおもの|おおもの|true
おおもり|おおもり|true
おおや|おおや|true
おおやけ|おおやけ|true
おおやしろ|たいしゃ|false
おおゆき|おおゆき|true
おおよろこび|おおよろこび|true
おおわた|だいちょう|false
おおわらい|おおわらい|true
おか|おか|true
おか|りく|false
おかあさん|おかあさん|true
おかいけい|おかいけい|true
おかいどく|おかいどく|true
おかえし|おかえし|true
おかえり|おかえり|true
おかえりなさい|おかえりなさい|true
おかげさまで|おかげさまで|true
おかげで|おかげで|true
おかげ様で|おかげさまで|false
おかし|おかし|true
おかしい|おかしい|true
おかしな|おかしな|true
おかしや|おかしや|true
おかし屋|おかしや|false
おかす|おかす|true
おかず|おかず|true
おかね|おかね|true
おかねもち|おかねもち|true
おかわり|おかわり|true
おかん|おかん|true
おかーさん|おかあさん|false
おがむ|おがむ|true
おがわ|おがわ|true
おき|おき|true
おきあい|おきあい|true
おきあがりこぼし|おきあがりこぼし|true
おきあがる|おきあがる|true
おきかえる|おきかえる|true
おきざり|おきざり|true
おきて|おきて|true
おきな|おきな|true
おきなわ|おきなわ|true
おきにいり|おきにいり|true
おきば|おきば|true
おきもの|おきもの|true
おきゃくさま|おきゃくさま|true
おきる|おきる|true
おき去り|おきざり|false
おぎ|おぎ|true
おぎなう|おぎなう|true
おく|おく|true
おくがい|おくがい|true
おくさま|おくさま|true
おくさん|おくさん|true
おくじょう|おくじょう|true
おくそく|おくそく|true
おくち|おくち|true
おくない|おくない|true
おくびょう|おくびょう|true
おくびょうもの|おくびょうもの|true
おくやま|おくやま|true
おくゆき|おくゆき|true
おくらす|おくらす|true
おくり|おくり|true
おくりかえす|おくりかえす|true
おくりがな|おくりがな|true
おくりこむ|おくりこむ|true
おくりさき|おくりさき|true
おくりだし|おくりだし|true
おくりぬし|おくりぬし|true
おくりもの|おくりもの|true
おくる|おくる|true
おくれ|おくれ|true
おくれる|おくれる|true
おく病|おくびょう|false
おけ|おけ|true
おこさま|おこさま|true
おこす|おこす|true
おこたる|おこたる|true
おこづかい|おこづかい|true
おこない|おこない|true
おこなう|おこなう|true
おこのみやき|おこのみやき|true
おこのみ焼き|おこのみやき|false
おこらせる|おこらせる|true
おこる|おこる|true
おごそか|おごそか|true
おごる|おごる|true
おさえ|おさえ|true
おさえる|おさえる|true
おさきに|おさきに|true
おさない|おさない|true
おさなご|おさなご|true
おさなじみ|おさななじみ|false
おさななじみ|おさななじみ|true
おさな子|おさなご|false
おさまり|おさまり|true
おさまる|おさまる|true
おさめる|おさめる|true
おさん|おさん|true
おし|おし|true
おしい|おしい|true
おしいり|おしいり|true
おしいる|おしいる|true
おしいれ|おしいれ|true
おしうり|おしうり|true
おしえ|おしえ|true
おしえご|おしえご|true
おしえる|おしえる|true
おしきる|おしきる|true
おしこむ|おしこむ|true
おしだし|おしだし|true
おしっこ|おしっこ|true
おしつける|おしつける|true
おしはらいほうほう|おしはらいほうほう|true
おしぼり|おしぼり|true
おしまい|おしまい|true
おしむ|おしむ|true
おしもんどう|おしもんどう|true
おしゃべり|おしゃべり|true
おしゃれ|おしゃれ|true
おしょう|おしょう|true
おしょく|おしょく|true
おしろい|おしろい|true
おじ|おじ|true
おじ|そふ|false
おじいさん|おじいさん|true
おじかん|おじかん|true
おじぎ|おじぎ|true
おじま|こじま|false
おじゃまします|おじゃまします|true
おじょうさん|おじょうさん|true
おす|おす|true
おすい|おすい|true
おすみつき|おすみつき|true
おせいぼ|おせいぼ|true
おせじ|おせじ|true
おせち|おせち|true
おせちりょうり|おせちりょうり|true
おせち料理|おせちりょうり|true
おせっかい|おせっかい|true
おせわになる|おせわになる|true
おせん|おせん|true
おせー|おそい|false
おそい|おそい|true
おそう|おそう|true
おそうしき|おそうしき|true
おそざき|おそざき|true
おそらく|おそらく|true
おそるおそる|おそるおそる|true
おそるべき|おそるべき|true
おそれ|おそれ|true
おそれる|おそれる|true
おそろしい|おそろしい|true
おそわる|おそわる|true
おそーい|おそい|false
おたがいに|おたがいに|true
おたく|おたく|true
おたく|オタク|false
おためしあれ|おためしあれ|true
おたんじょうび|おたんじょうび|true
おたんじょうびおめでとうございます|おたんじょうびおめでとうございます|true
おだいじに|おだいじに|true
おだく|おだく|true
おだやか|おだやか|true
おち|おち|true
おちあう|おちあう|true
おちいる|おちいる|true
おちこぼれ|おちこぼれ|true
おちこむ|おちこむ|true
おちついた|おちついた|true
おちつき|おちつき|true
おちつく|おちつく|true
おちど|おちど|true
おちば|おちば|true
おちゃ|おちゃ|true
おちゅうげん|おちゅうげん|true
おちる|おちる|true
おっかけ|おっかけ|true
おっかける|おっかける|true
おっきい|おっきい|true
おっけ|オッケー|false
おっけい|オッケー|false
おっけー|オッケー|false
おっこ|おとこ|false
おっさん|おっさん|true
おっしゃる|おっしゃる|true
おっせー|おそい|false
おっそい|おそい|false
おっそーい|おそい|false
おって|おって|true
おっと|おっと|true
おっぱい|おっぱい|true
おつ|おつ|true
おつかい|おつかい|true
おつかれさま|おつかれさま|true
おつかれ様|おつかれさま|false
おつねん|えつねん|false
おつり|おつり|true
おてあげ|おてあげ|true
おてあらい|おてあらい|true
おてかず|おてすう|false
おてすう|おてすう|true
おてすうですが|おてすうですが|true
おてつだい|おてつだい|true
おてつだいさん|おてつだいさん|true
おてん|おてん|true
おてんき|おてんき|true
おでかけ|おでかけ|true
おでこ|おでこ|true
おでん|おでん|true
おと|おと|true
おとうさん|おとうさん|true
おとうと|おとうと|true
おとうと|ぎてい|false
おとこ|おとこ|true
おとこたち|おとこたち|true
おとこのこ|おとこのこ|true
おとこのひと|おとこのひと|true
おとこまえ|おとこまえ|true
おとこらしい|おとこらしい|true
おとしあな|おとしあな|true
おとしだま|おとしだま|true
おとしもの|おとしもの|true
おとしより|おとしより|true
おとし物|おとしもの|false
おとし穴|おとしあな|false
おとす|おとす|true
おとずれ|おとずれ|true
おとずれる|おとずれる|true
おとっさん|おとうさん|false
おとつい|おととい|false
おととい|おととい|true
おととし|おととし|true
おとな|おとな|true
おとなしい|おとなしい|true
おとなっぽい|おとなっぽい|true
おとなになる|おとなになる|true
おとる|おとる|true
おとろえ|おとろえ|true
おとろえる|おとろえる|true
おと年|おととし|false
おどおど|オドオド|false
おどかす|おどかす|true
おどし|おどし|true
おどす|おどす|true
おどり|おどり|true
おどりこ|おどりこ|true
おどりば|おどりば|true
おどる|おどる|true
おどろかす|おどろかす|true
おどろき|おどろき|true
おどろく|おどろく|true
おどろくほど|おどろくほど|true
おどろく程|おどろくほど|false
おなか|おなか|true
おなかのこ|おなかのこ|true
おなかの子|おなかのこ|false
おなじ|おなじ|true
おなじく|おなじく|true
おなじみ|おなじみ|true
おなまえ|おなまえ|true
おなら|おなら|true
おに|おに|true
おにいさん|おにいさん|true
おにがみ|きしん|false
おにぎり|おにぎり|true
おにごっこ|おにごっこ|true
おね|おね|true
おねえさん|おねえさん|true
おねがい|おねがい|true
おねがいいたします|おねがいいたします|true
おねがいします|おねがいします|true
おのおの|おのおの|true
おのずから|おのずから|true
おのぼれ|うぬぼれ|false
おのれ|おのれ|true
おはこ|じゅうはちばん|false
おはなし|おはなし|true
おはなしちゅう|おはなしちゅう|true
おはよう|おはよう|true
おはようございます|おはようございます|true
おはよう御座います|おはようございます|false
おはよー|おはよう|false
おはよーございます|おはようございます|false
おば|おば|true
おば|そぼ|false
おばあさん|おばあさん|true
おばあちゃん|おばあちゃん|true
おばけ|おばけ|true
おばーさん|おばあさん|false
おひさしぶり|おひさしぶり|true
おひとりさま|おひとりさま|true
おひる|おひる|true
おび|おび|true
おびえる|おびえる|true
おびただしい|おびただしい|true
おびやかす|おびやかす|true
おびる|おびる|true
おふくろ|おふくろ|true
おふろ|おふろ|true
おぶつ|おぶつ|true
おぶね|こぶね|false
おべんとう|おべんとう|true
おぼうさん|おぼうさん|true
おぼえ|おぼえ|true
おぼえがき|おぼえがき|true
おぼえる|おぼえる|true
おぼれる|おぼれる|true
おまい|おまえ|false
おまいり|おまいり|true
おまえ|おまえ|true
おまけ|おまけ|true
おまけに|おまけに|true
おまたせしました|おまたせしました|true
おまちかね|おまちかね|true
おまもり|おまもり|true
おまわりさん|おまわりさん|true
おみあげ|おみやげ|false
おみこし|おみこし|true
おみせ|おみせ|true
おみつもり|おみつもり|true
おみやげ|おみやげ|true
おむつ|おむつ|true
おめい|おめい|true
おめでとう|おめでとう|true
おめでとうございます|おめでとうございます|true
おめでとう御座います|おめでとうございます|false
おも|おも|true
おも|おもて|false
おもい|おもい|true
おもいあがる|おもいあがる|true
おもいあたる|おもいあたる|true
おもいえがく|おもいえがく|true
おもいおこす|おもいおこす|true
おもいおもい|おもいおもい|true
おもいがけない|おもいがけない|true
おもいきって|おもいきって|true
おもいきり|おもいきり|true
おもいきる|おもいきる|true
おもいこむ|おもいこむ|true
おもいだす|おもいだす|true
おもいっきり|おもいっきり|true
おもいつき|おもいつき|true
おもいつく|おもいつく|true
おもいで|おもいで|true
おもいとどまる|おもいとどまる|true
おもいなおす|おもいなおす|true
おもいやり|おもいやり|true
おもいやる|おもいやる|true
おもい出す|おもいだす|false
おもう|おもう|true
おもうぞんぶん|おもうぞんぶん|true
おもかげ|おもかげ|true
おもき|おもき|true
おもくるしい|おもくるしい|true
おもさ|おもさ|true
おもし|おもし|true
おもしろ|おもしろ|true
おもしろい|おもしろい|true
おもたい|おもたい|true
おもちゃ|おもちゃ|true
おもて|おもて|true
おもてうら|ひょうり|false
おもてだって|おもてだって|true
おもてだつ|おもてだつ|true
おもてどおり|おもてどおり|true
おもてなし|おもてなし|true
おもてむき|おもてむき|true
おもで|じゅうしょう|false
おもに|おもに|true
おもみ|おもみ|true
おもむき|おもむき|true
おもむく|おもむく|true
おももち|おももち|true
おもやく|じゅうやく|false
おもる|おもる|true
おもわく|おもわく|true
おもわず|おもわず|true
おもわれる|おもわれる|true
おもんじる|おもんじる|true
おもんずる|おもんずる|true
おや|おや|true
おやかた|おやかた|true
おやがいしゃ|おやがいしゃ|true
おやがた|おやかた|false
おやこ|おやこ|true
おやこ|ぼし|false
おやこうこう|おやこうこう|true
おやじ|おやじ|true
おやすみ|おやすみ|true
おやすみなさい|おやすみなさい|true
おやつ|おやつ|true
おやばか|おやばか|true
おやふこう|おやふこう|true
おやぶん|おやぶん|true
おやま|おんながた|false
おやゆずり|おやゆずり|true
おやゆび|おやゆび|true
おや指|おやゆび|false
おゆび|ゆび|false
およぎ|およぎ|true
およぐ|およぐ|true
およそ|およそ|true
および|および|true
および|ゆび|false
およぶ|およぶ|true
およぼす|およぼす|true
おらあ|おれ|false
おり|おり|true
おり|おれ|false
おりあい|おりあい|true
おりおり|おりおり|true
おりかえし|おりかえし|true
おりかえす|おりかえす|true
おりから|おりから|true
おりがみ|おりがみ|true
おりき|しょっき|false
おりたたみ|おりたたみ|true
おりにふれて|おりにふれて|true
おりもの|おりもの|true
おりる|おりる|true
おり返す|おりかえす|false
おる|おる|true
おれ|おれ|true
おれい|おれい|true
おれる|おれる|true
おろおろ|おろおろ|true
おろか|おろか|true
おろし|おろし|true
おろしうり|おろしうり|true
おろしうりしじょう|おろしうりしじょう|true
おろしうりぶっか|おろしうりぶっか|true
おろしね|おろしね|true
おろす|おろす|true
おろそか|おろそか|true
おわび|おわび|true
おわり|おわり|true
おわりね|おわりね|true
おわる|おわる|true
おん|お|false
おん|おす|false
おん|おん|true
おんかい|おんかい|true
おんがえし|おんがえし|true
おんがく|おんがく|true
おんがくか|おんがくか|true
おんがっか|おんがくか|false
おんきゅう|おんきゅう|true
おんきょう|おんきょう|true
おんくん|おんくん|true
おんけい|おんけい|true
おんけん|おんけん|true
おんこう|おんこう|true
おんし|おんし|true
おんしつ|おんしつ|true
おんしゃ|おんしゃ|true
おんしょう|おんしょう|true
おんしょく|ねいろ|false
おんしらず|おんしらず|true
おんじき|いんしょく|false
おんじょう|おんせい|false
おんじん|おんじん|true
おんせい|おんせい|true
おんせん|おんせん|true
おんぞん|おんぞん|true
おんたい|おんたい|true
おんだん|おんだん|true
おんち|おんち|true
おんちゅう|おんちゅう|true
おんてい|おんてい|true
おんとう|おんとう|true
おんど|おんど|true
おんどく|おんどく|true
おんどけい|おんどけい|true
おんな|おんな|true
おんながた|おんながた|true
おんなし|おなじ|false
おんなじ|おなじ|false
おんなのこ|おんなのこ|true
おんなのひと|おんなのひと|true
おんならしい|おんならしい|true
おんびん|おんびん|true
おんぶ|おんぶ|true
おんぷ|おんぷ|true
おんみょう|いんよう|false
おんよう|いんよう|false
おんよみ|おんよみ|true
おんりょう|おんりょう|true
おんれい|おれい|false
おんわ|おんわ|true
おカネ持ち|おかねもち|false
おーい|おおい|false
おーけー|オッケー|false
お一人さま|おひとりさま|false
お一人様|おひとりさま|true
お世話になる|おせわになる|true
お世辞|おせじ|true
お中|おなか|false
お中元|おちゅうげん|true
お久しぶり|おひさしぶり|true
お久し振り|おひさしぶり|false
お互いに|おたがいに|true
お仕舞|おしまい|false
お仕舞い|おしまい|false
お代り|おかわり|false
お代わり|おかわり|true
お休み|おやすみ|true
お休みなさい|おやすみなさい|true
お会計|おかいけい|true
お使|おつかい|false
お使い|おつかい|true
お兄さん|おにいさん|true
お先に|おさきに|true
お八つ|おやつ|false
お内|おうち|false
お凸|おでこ|false
お出かけ|おでかけ|true
お出掛け|おでかけ|false
お前|おまえ|true
お化け|おばけ|true
お医者さん|おいしゃさん|true
お参り|おまいり|true
お名前|おなまえ|true
お喋り|おしゃべり|true
お土産|おみやげ|true
お坊さん|おぼうさん|true
お墨つき|おすみつき|false
お墨付|おすみつき|false
お墨付き|おすみつき|true
お大事に|おだいじに|true
お天気|おてんき|true
お好みやき|おこのみやき|false
お好み焼|おこのみやき|false
お好み焼き|おこのみやき|true
お姉さん|おねえさん|true
お姐さん|おねえさん|false
お婆さん|おばあさん|false
お婆ちゃん|おばあちゃん|false
お嬢さん|おじょうさん|true
お子さま|おこさま|true
お子様|おこさま|true
お宅|おたく|true
お守|おまもり|false
お守り|おまもり|true
お客さま|おきゃくさま|true
お客様|おきゃくさま|true
お家|おうち|true
お小遣い|おこづかい|true
お巡りさん|おまわりさん|true
お帰り|おかえり|true
お帰りなさい|おかえりなさい|true
お年より|おとしより|false
お年寄|おとしより|false
お年寄り|おとしより|true
お年玉|おとしだま|true
お店|おみせ|true
お弁当|おべんとう|true
お待たせしました|おまたせしました|true
お待ちかね|おまちかね|true
お待ち兼ね|おまちかね|false
お御輿|おみこし|false
お手あげ|おてあげ|false
お手上げ|おてあげ|true
お手伝い|おてつだい|true
お手伝いさん|おてつだいさん|true
お手数|おてすう|true
お手数ですが|おてすうですが|true
お手洗い|おてあらい|true
お持て成し|おもてなし|false
お握り|おにぎり|false
お支払い方法|おしはらいほうほう|true
お支払方法|おしはらいほうほう|true
お数|おかず|false
お早う|おはよう|false
お早うございます|おはようございます|false
お早う御座います|おはようございます|false
お昼|おひる|true
お時間|おじかん|true
お替り|おかわり|false
お替わり|おかわり|false
お歳暮|おせいぼ|true
お母|おふくろ|false
お母さん|おかあさん|true
お気に入り|おきにいり|true
お洒落|おしゃれ|true
お父さん|おとうさん|true
お爺さん|おじいさん|false
お産|おさん|true
お田|おでん|false
お疲れさま|おつかれさま|true
お疲れ様|おつかれさま|true
お目出度う|おめでとう|false
お目出度うございます|おめでとうございます|false
お礼|おれい|true
お祖母さん|おばあさん|true
お祖母ちゃん|おばあちゃん|false
お祖父さん|おじいさん|true
お祝|おいわい|false
お祝い|おいわい|true
お神輿|おみこし|true
お節|おせち|true
お節介|おせっかい|true
お節料理|おせちりょうり|true
お終い|おしまい|false
お絞り|おしぼり|true
お腹|おなか|true
お腹の子|おなかのこ|true
お芽出度う|おめでとう|false
お茶|おちゃ|true
お菓子|おかし|true
お菓子屋|おかしや|true
お菜|おかず|false
お葬式|おそうしき|true
お蔭で|おかげで|false
お蔭様で|おかげさまで|true
お袋|おふくろ|true
お襁褓|おむつ|false
お見積|おみつもり|false
お見積もり|おみつもり|true
お見積り|おみつもり|false
お試しあれ|おためしあれ|true
お試し有れ|おためしあれ|false
お詫び|おわび|true
お話|おはなし|true
お話し|おはなし|true
お話し中|おはなしちゅう|false
お話中|おはなしちゅう|true
お誕生日|おたんじょうび|true
お誕生日おめでとうございます|おたんじょうびおめでとうございます|true
お負け|おまけ|false
お負けに|おまけに|false
お買い得|おかいどく|true
お買い徳|おかいどく|false
お買得|おかいどく|true
お買徳|おかいどく|false
お辞儀|おじぎ|true
お返し|おかえし|true
お遣い|おつかい|false
お邪魔します|おじゃまします|true
お酢|おす|true
お金|おかね|true
お金もち|おかねもち|false
お金持|おかねもち|false
お金持ち|おかねもち|true
お釣|おつり|false
お釣り|おつり|true
お陰さまで|おかげさまで|false
お陰で|おかげで|true
お陰様で|おかげさまで|true
お願い|おねがい|true
お願いいたします|おねがいいたします|true
お願いしまあす|おねがいします|false
お願いします|おねがいします|true
お願い致します|おねがいいたします|true
お風呂|おふろ|true
お馴染み|おなじみ|true
か|か|true
か|しか|false
かあさん|かあさん|true
かあつ|かあつ|true
かい|かい|true
かい|かゆ|false
かい|さじ|false
かいあげ|かいあげ|true
かいい|かゆい|false
かいいき|かいいき|true
かいいぬ|かいいぬ|true
かいいれ|かいいれ|true
かいいれる|かいいれる|true
かいいん|かいいん|true
かいうん|かいうん|true
かいえん|かいえん|true
かいおうせい|かいおうせい|true
かいか|かいか|true
かいかい|かいかい|true
かいかく|かいかく|true
かいかつ|かいかつ|true
かいかん|かいかん|true
かいが|かいが|true
かいがい|かいがい|true
かいがいしゅっちょう|かいがいしゅっちょう|true
かいがいりょこう|かいがいりょこう|true
かいがら|かいがら|true
かいがん|かいがん|true
かいがんせん|かいがんせん|true
かいき|かいき|true
かいきゅう|かいきゅう|true
かいきょ|かいきょ|true
かいきょう|かいきょう|true
かいきょく|かいきょく|true
かいきん|かいきん|true
かいぎ|かいぎ|true
かいぎしつ|かいぎしつ|true
かいぎょう|かいぎょう|true
かいぎょうい|かいぎょうい|true
かいぐん|かいぐん|true
かいけい|かいけい|true
かいけいけんさいん|かいけいけんさいん|true
かいけいし|かいけいし|true
かいけいねんど|かいけいねんど|true
かいけつ|かいけつ|true
かいけつさく|かいけつさく|true
かいけつほうほう|かいけつほうほう|true
かいけん|かいけん|true
かいげんれい|かいげんれい|true
かいこ|かいこ|true
かいこう|かいこう|true
かいこく|かいこく|true
かいころく|かいころく|true
かいこん|かいこん|true
かいご|かいご|true
かいごう|かいごう|true
かいさい|かいさい|true
かいさつ|かいさつ|true
かいさつぐち|かいさつぐち|true
かいさん|かいさん|true
かいさんぶつ|かいさんぶつ|true
かいざい|かいざい|true
かいざん|かいざん|true
かいし|かいし|true
かいしじこく|かいしじこく|true
かいしめ|かいしめ|true
かいしめる|かいしめる|true
かいしゃ|かいしゃ|true
かいしゃいん|かいしゃいん|true
かいしゃく|かいしゃく|true
かいしゃこうせいほう|かいしゃこうせいほう|true
かいしゅう|かいしゅう|true
かいしょ|かいしょ|true
かいしょう|かいしょう|true
かいしょう|かいじょう|false
かいしょく|かいしょく|true
かいしょく|はいいろ|false
かいしん|かいしん|true
かいじ|かいじ|true
かいじつ|みそか|false
かいじゅう|かいじゅう|true
かいじょ|かいじょ|true
かいじょう|かいじょう|true
かいじょう|かいてい|false
かいじょうじえいたい|かいじょうじえいたい|true
かいじょうほあんちょう|かいじょうほあんちょう|true
かいすい|かいすい|true
かいすいよく|かいすいよく|true
かいすいよくじょう|かいすいよくじょう|true
かいすう|かいすう|true
かいすうけん|かいすうけん|true
かいせい|かいせい|true
かいせき|かいせき|true
かいせつ|かいせつ|true
かいせん|かいせん|true
かいぜん|かいぜん|true
かいそ|かいそ|true
かいそう|かいそう|true
かいそく|かいそく|true
かいぞう|かいぞう|true
かいぞく|かいぞく|true
かいたい|かいたい|true
かいたく|かいたく|true
かいたくしゃ|かいたくしゃ|true
かいだし|かいだし|true
かいだん|かいだん|true
かいちく|かいちく|true
かいちゅう|かいちゅう|true
かいちゅうでんとう|かいちゅうでんとう|true
かいちょう|かいちょう|true
かいつう|かいつう|true
かいつけ|かいつけ|true
かいて|かいて|true
かいてい|かいてい|true
かいていばん|かいていばん|true
かいてき|かいてき|true
かいてん|かいてん|true
かいとう|かいとう|true
かいとり|かいとり|true
かいどう|かいどう|true
かいどく|かいどく|true
かいなか|かいなか|true
かいなん|かいなん|true
かいにゅう|かいにゅう|true
かいにん|かいにん|true
かいぬし|かいぬし|true
かいはつ|かいはつ|true
かいはつしゃ|かいはつしゃ|true
かいはつとじょうこく|かいはつとじょうこく|true
かいはつぶ|かいはつぶ|true
かいはつもと|かいはつもと|true
かいばつ|かいばつ|true
かいひ|かいひ|true
かいひょう|かいひょう|true
かいひん|かいひん|true
かいびかえ|かいびかえ|true
かいふう|かいふう|true
かいふく|かいふく|true
かいぶつ|かいぶつ|true
かいへい|かいへい|true
かいへいたい|かいへいたい|true
かいへん|うみべ|false
かいへん|かいへん|true
かいほう|かいほう|true
かいほつ|かいはつ|false
かいぼう|かいぼう|true
かいぼうがく|かいぼうがく|true
かいまく|かいまく|true
かいまみる|かいまみる|true
かいま見る|かいまみる|false
かいみょう|かいめい|false
かいむ|かいむ|true
かいめ|かいめ|true
かいめい|かいめい|true
かいめつ|かいめつ|true
かいめん|かいめん|true
かいもく|かいもく|true
かいもどし|かいもどし|true
かいもの|かいもの|true
かいもん|かいもの|false
かいやく|かいやく|true
かいよう|かいよう|true
かいらく|かいらく|true
かいらん|かいらん|true
かいりつ|かいりつ|true
かいりゅう|かいりゅう|true
かいりょう|かいりょう|true
かいろ|かいろ|true
かいろう|かいろう|true
かいわ|かいわ|true
かいわい|かいわい|true
かいん|かいん|true
かう|かう|true
かえ|かい|false
かえ|かえ|true
かえす|かえす|true
かえだま|かえだま|true
かえって|かえって|true
かえり|かえり|true
かえりざき|かえりざき|true
かえりみち|かえりみち|true
かえりみる|かえりみる|true
かえる|かえる|true
かえん|はなぞの|false
かえんびん|かえんびん|true
かお|かお|true
かおあわせ|かおあわせ|true
かおいろ|かおいろ|true
かおく|かおく|true
かおだち|かおだち|true
かおつき|かおつき|true
かおなじみ|かおなじみ|true
かおぶれ|かおぶれ|true
かおまけ|かおまけ|true
かおみしり|かおみしり|true
かおり|かおり|true
かおる|かおる|true
かおをだす|かおをだす|true
かおをつぶす|かおをつぶす|true
かかえ|かかえ|true
かかえる|かかえる|true
かかく|かかく|true
かかげる|かかげる|true
かかさん|かあさん|false
かかす|かかす|true
かかと|かかと|true
かかり|かかり|true
かかりいん|かかりいん|true
かかりかん|かかりかん|true
かかりちょう|かかりちょう|true
かかる|かかる|true
かかわらず|かかわらず|true
かかわる|かかわる|true
かかん|かかん|true
かがいしゃ|かがいしゃ|true
かがく|かがく|true
かがくぎじゅつ|かがくぎじゅつ|true
かがくぎじゅつちょう|かがくぎじゅつちょう|true
かがくしゃ|かがくしゃ|true
かがくてき|かがくてき|true
かがくひりょう|かがくひりょう|true
かがくぶっしつ|かがくぶっしつ|true
かがくへいき|かがくへいき|true
かがみ|かがみ|true
かがやかしい|かがやかしい|true
かがやき|かがやき|true
かがやく|かがやく|true
かがん|かわぎし|false
かき|かき|true
かきあげる|かきあげる|true
かきかえる|かきかえる|true
かきかた|かきかた|true
かきこ|カキコ|false
かきことば|かきことば|true
かきこみ|かきこみ|true
かきこむ|かきこむ|true
かきごおり|かきごおり|true
かきぞめ|かきぞめ|true
かきとめ|かきとめ|true
かきとり|かきとり|true
かきとる|かきとる|true
かきなおす|かきなおす|true
かきね|かきね|true
かきゅう|かきゅう|true
かきょう|かきょう|true
かきょく|かきょく|true
かき氷|かきごおり|true
かき直す|かきなおす|false
かぎ|かぎ|true
かぎょう|かぎょう|true
かぎり|かぎり|true
かぎりない|かぎりない|true
かぎる|かぎる|true
かく|えがく|false
かく|かく|true
かく|きゃく|false
かくあげ|かくあげ|true
かくい|かくい|true
かくいつ|かくいつ|true
かくいん|きゃくいん|false
かくう|かくう|true
かくかい|かくかい|true
かくかぞく|かくかぞく|true
かくかん|きゃっかん|false
かくぎ|かくぎ|true
かくげつ|かくげつ|true
かくこく|かっこく|false
かくご|かくご|true
かくさ|かくさ|true
かくさん|かくさん|true
かくしつ|かくしつ|true
かくしひきだし|かくしひきだし|true
かくしゃ|きゃくしゃ|false
かくしゅ|かくしゅ|true
かくしゅう|かくしつ|false
かくしゅう|かくしゅう|true
かくしん|かくしん|true
かくじ|かくじ|true
かくじっけん|かくじっけん|true
かくじつ|かくじつ|true
かくじゅう|かくじゅう|true
かくす|かくす|true
かくすう|かくすう|true
かくする|かくする|true
かくずけ|かくづけ|false
かくせい|かくせい|true
かくせいざい|かくせいざい|true
かくだい|かくだい|true
かくだいきんこう|かくだいきんこう|true
かくだん|かくだん|true
かくだんとう|かくだんとう|true
かくち|かくち|true
かくちょう|かくちょう|true
かくちょうし|かくちょうし|true
かくづけ|かくづけ|true
かくてい|かくてい|true
かくとう|かくとう|true
かくとう|がいとう|false
かくとく|かくとく|true
かくど|かくど|true
かくない|かくない|true
かくにん|かくにん|true
かくねんりょう|かくねんりょう|true
かくぶそう|かくぶそう|true
かくぶんれつ|かくぶんれつ|true
かくへいき|かくへいき|true
かくべち|かくべつ|false
かくべつ|かくべつ|true
かくほ|かくほ|true
かくまく|かくまく|true
かくめい|かくめい|true
かくやく|かくやく|true
かくやす|かくやす|true
かくやすこうくうけん|かくやすこうくうけん|true
かくゆうごう|かくゆうごう|true
かくり|かくり|true
かくりつ|かくりつ|true
かくりょう|かくりょう|true
かくれる|かくれる|true
かぐ|かぐ|true
かぐら|かぐら|true
かけ|かけ|true
かけ|にわとり|false
かけあし|かけあし|true
かけい|かけい|true
かけい|はながた|false
かけいぼ|かけいぼ|true
かけきん|かけきん|true
かけこみ|かけこみ|true
かけごえ|かけごえ|true
かけざん|かけざん|true
かけじく|かけじく|true
かけっこ|かけっこ|true
かけつ|かけつ|true
かけつける|かけつける|true
かけはなれる|かけはなれる|true
かけひき|かけひき|true
かけまわる|かけまわる|true
かけら|かけら|true
かける|かける|true
かけ回る|かけまわる|false
かけ声|かけごえ|false
かけ廻る|かけまわる|false
かけ引き|かけひき|false
かけ算|かけざん|false
かけ足|かけあし|false
かけ込み|かけこみ|false
かけ離れる|かけはなれる|true
かげ|かげ|true
かげえ|かげえ|true
かげき|かげき|true
かげぐち|かげぐち|true
かげつ|かげつ|true
かげのないかく|かげのないかく|true
かげり|かげり|true
かげん|かげん|true
かげん|かごん|false
かこ|かこ|true
かこい|かこい|true
かこう|かこう|true
かこく|かこく|true
かこみ|かこみ|true
かこむ|かこむ|true
かこん|かこん|true
かご|かご|true
かごう|かごう|true
かごうぶつ|かごうぶつ|true
かごむ|かこむ|false
かごん|かごん|true
かさ|かさ|true
かさい|かさい|true
かさいほけん|かさいほけん|true
かさいりゅう|かさいりゅう|true
かさかさ|カサカサ|false
かさく|かさく|true
かさなる|かさなる|true
かさねあわせ|かさねあわせ|true
かさねる|かさねる|true
かさん|かさん|true
かざあたり|かぜあたり|false
かざあな|かざあな|true
かざい|かざい|true
かざかみ|かざかみ|true
かざぐすり|かぜぐすり|false
かざしも|かざしも|true
かざとおし|かぜとおし|false
かざむき|かざむき|true
かざり|かざり|true
かざりけ|かざりけ|true
かざりつけ|かざりつけ|true
かざる|かざる|true
かざん|かざん|true
かざんばい|かざんばい|true
かし|かし|true
かしいえ|かしや|false
かしきり|かしきり|true
かしきん|かしきん|true
かしげる|かしげる|true
かしこ|あそこ|false
かしこい|かしこい|true
かしこまりました|かしこまりました|true
かしだし|かしだし|true
かしだしよう|かしだしよう|true
かしだす|かしだす|true
かしつ|かしつ|true
かしつけ|かしつけ|true
かしつちし|かしつちし|true
かしま|かしま|true
かしゃ|かしゃ|true
かしや|かしや|true
かしゅ|かしゅ|true
かしゅう|かしゅう|true
かしょ|かしょ|true
かしょう|おしょう|false
かしょう|かしょう|true
かしょうひょうか|かしょうひょうか|true
かしら|あたま|true
かしら|かしら|true
かしらもじ|かしらもじ|true
かしらん|かしら|false
かしわ|かしわ|true
かしわぎ|かしわぎ|true
かしん|したくちびる|false
かじ|かじ|true
かじつ|かじつ|true
かじゅ|かじゅ|true
かじゅう|かじゅう|true
かじょう|かじょう|true
かじん|かじん|true
かす|かす|true
かすか|かすか|true
かすみ|かすみ|true
かすむ|かすむ|true
かする|かする|true
かず|かず|true
かずおおく|かずおおく|true
かずかず|かずかず|true
かずすくない|かずすくない|true
かずら|かつら|false
かせい|うたごえ|false
かせい|かせい|true
かせいふ|かせいふ|true
かせき|かせき|true
かせぎ|かせぎ|true
かせぎ|しか|false
かせぐ|かせぐ|true
かせつ|かせつ|true
かせん|かせん|true
かせんしき|かせんじき|false
かせんじき|かせんじき|true
かぜ|かぜ|true
かぜあたり|かぜあたり|true
かぜあな|かざあな|false
かぜい|かぜい|true
かぜぐすり|かぜぐすり|true
かぜとおし|かぜとおし|true
かぜむき|かざむき|false
かぜをひく|かぜをひく|true
かぜを引く|かぜをひく|false
かぜ薬|かぜぐすり|false
かそ|かそ|true
かそ|ちち|false
かそう|かそう|true
かそく|かそく|true
かぞ|ちち|false
かぞいろ|ふぼ|false
かぞいろは|ふぼ|false
かぞえる|かぞえる|true
かぞく|かぞく|true
かぞくけいかく|かぞくけいかく|true
かた|かた|true
かたい|かたい|true
かたおもい|かたおもい|true
かたかな|カタカナ|false
かたがき|かたがき|true
かたがた|かたがた|true
かたがわ|かたがわ|true
かたがわり|かたがわり|true
かたぎ|きしつ|true
かたく|かたく|true
かたくな|かたくな|true
かたげる|かしげる|false
かたこり|かたこり|true
かたさ|かたさ|true
かたしき|かたしき|true
かたすみ|かたすみ|true
かたち|かたち|true
かたづく|かたづく|true
かたづける|かたづける|true
かたて|かたて|true
かたな|かたな|true
かたぶく|かたむく|false
かたほう|かたほう|true
かたまり|かたまり|true
かたまる|かたまる|true
かたみ|かたみ|true
かたみち|かたみち|true
かたむく|かたむく|true
かたむける|かたむける|true
かため|かため|true
かためる|かためる|true
かたより|かたより|true
かたよる|かたよる|true
かたらう|かたらう|true
かたり|かたり|true
かたりくち|かたりくち|true
かたりて|かたりて|true
かたる|かたる|true
かたわら|かたわら|true
かたん|かたん|true
かた目|かため|false
かだい|かだい|true
かだん|かだん|true
かち|かち|true
かちかち|カチカチ|false
かちかん|かちかん|true
かちく|かちく|true
かちこし|かちこし|true
かちこす|かちこす|true
かちこち|カチカチ|false
かちぼし|かちぼし|true
かちまけ|かちまけ|true
かちゅう|かちゅう|true
かちょう|かじゅう|false
かちょう|かちょう|true
かちょう|かや|false
かちょうきん|かちょうきん|true
かっか|かっか|true
かっかい|かくかい|false
かっかん|きゃっかん|false
かっかんてき|きゃっかんてき|false
かっき|かっき|true
かっきてき|かっきてき|true
かっきょう|かっきょう|true
かっこ|かっこ|true
かっこ|かっこう|false
かっこいい|かっこいい|true
かっこう|かっこう|true
かっこういい|かっこいい|false
かっこええ|かっこいい|false
かっこく|かっこく|true
かっこよい|かっこいい|false
かっこ良い|かっこいい|false
かっしょく|かっしょく|true
かっすい|かっすい|true
かっせい|かっせい|true
かっせん|かっせん|true
かっそう|かっそう|true
かっそうろ|かっそうろ|true
かって|かって|true
かって|かつて|false
かってきまま|かってきまま|true
かっと|カッと|false
かっとう|かっとう|true
かっとう|わりあて|false
かっぱ|かっぱ|true
かっぱ|カッパ|false
かっぱつ|かっぱつ|true
かつ|かつ|true
かつ|カツ|false
かつえじに|うえじに|false
かつえる|うえる|false
かつぎ|かつぎ|true
かつぐ|かつぐ|true
かつじ|かつじ|true
かつじょう|かつじょう|true
かつて|かつて|true
かつどう|かつどう|true
かつどうか|かつどうか|true
かつぼう|かつぼう|true
かつやく|かつやく|true
かつよう|かつよう|true
かつら|かつら|true
かつりょく|かつりょく|true
かつろ|かつろ|true
かてい|かてい|true
かていか|かていか|true
かていきょうし|かていきょうし|true
かていない|かていない|true
かてん|かてん|true
かでん|かでん|true
かと|かと|true
かといって|かといって|true
かとう|かとう|true
かとき|かとき|true
かと言って|かといって|true
かど|かど|true
かどう|かどう|true
かどうか|かどうか|true
かどうりつ|かどうりつ|true
かどまつ|かどまつ|true
かな|かな|true
かな|かね|false
かなぁ|かな|false
かなあ|かな|true
かなあみ|かなあみ|true
かない|かない|true
かないろ|きんいろ|false
かなう|かなう|true
かなえる|かなえる|true
かなぐ|かなぐ|true
かなしい|かなしい|true
かなしばり|かなしばり|true
かなしみ|かなしみ|true
かなしむ|かなしむ|true
かなた|かなた|true
かなづかい|かなづかい|true
かなづち|かなづち|true
かなでる|かなでる|true
かなめ|かなめ|true
かならず|かならず|true
かならずしも|かならずしも|true
かなり|かなり|true
かなわない|かなわない|true
かなー|かな|true
かな使い|かなづかい|false
かな遣い|かなづかい|false
かに|かに|true
かにゅう|かにゅう|true
かね|かね|true
かねあい|かねあい|true
かねがない|かねがない|true
かねそなえる|かねそなえる|true
かねつ|かねつ|true
かねて|かねて|true
かねもうけ|かねもうけ|true
かねもち|かねもち|true
かねる|かねる|true
かねんせい|かねんせい|true
かねんぶつ|かねんぶつ|true
かのう|かのう|true
かのうせい|かのうせい|true
かのうせいがたかい|かのうせいがたかい|true
かのうにする|かのうにする|true
かのじょ|かのじょ|true
かはん|かはん|true
かはんき|しもはんき|false
かはんしん|かはんしん|true
かはんすう|かはんすう|true
かばう|かばう|true
かばん|かばん|true
かひ|かひ|true
かび|かび|true
かび|カビ|true
かびん|かびん|true
かふ|かふ|true
かふん|かふん|true
かふんしょう|かふんしょう|true
かぶ|かぶ|true
かぶか|かぶか|true
かぶき|かぶき|true
かぶけん|かぶけん|true
かぶしき|かぶしき|true
かぶしきがいしゃ|かぶしきがいしゃ|true
かぶしきしじょう|かぶしきしじょう|true
かぶせる|かぶせる|true
かぶつ|かもつ|false
かぶつ|くだもの|false
かぶと|かぶと|true
かぶぬし|かぶぬし|true
かぶる|かぶる|true
かぶれ|かぶれ|true
かへい|かびん|false
かへい|かへい|true
かへいかち|かへいかち|true
かべ|かべ|true
かべがみ|かべがみ|true
かほう|かほう|true
かぼちゃ|かぼちゃ|true
かま|かま|true
かまう|かまう|true
かまえる|かまえる|true
かまくら|かまくら|true
かまもと|かまもと|true
かま元|かまもと|false
かみ|かみ|true
かみかぜ|かみかぜ|true
かみがた|かみがた|true
かみき|かみき|true
かみくず|かみくず|true
かみさま|かみさま|true
かみしばい|かみしばい|true
かみすり|かみそり|false
かみそり|かみそり|true
かみつ|かみつ|true
かみつく|かみつく|true
かみづかさ|しんかん|false
かみなり|かみなり|true
かみのけ|かみのけ|true
かみの毛|かみのけ|false
かみはんき|かみはんき|true
かみはんしん|じょうはんしん|false
かみぶくろ|かみぶくろ|true
かみわざ|かみわざ|true
かみ付く|かみつく|false
かむ|かむ|true
かむかぜ|かみかぜ|false
かむだち|こうじ|false
かむづかさ|しんかん|false
かむり|かんむり|false
かむる|かぶる|false
かむわざ|かみわざ|false
かめ|かめ|true
かめい|かめい|true
かめん|かめん|true
かも|かも|true
かもく|かもく|true
かもしれない|かもしれない|true
かもしれません|かもしれません|true
かもしれん|かもしれん|true
かもつ|かもつ|true
かもめ|カモメ|false
かも知れない|かもしれない|true
かも知れません|かもしれません|true
かも知れん|かもしれん|false
かや|かや|true
かやかや|がやがや|false
かやく|かやく|true
かゆ|かゆ|true
かゆい|かゆい|true
かよい|かよい|true
かよう|かよう|true
かようきょく|かようきょく|true
かようび|かようび|true
かよわい|かよわい|true
から|から|true
からい|からい|true
からい|しおからい|false
からかう|からかう|true
からくち|からくち|true
からぐるま|くうしゃ|false
からし|からし|true
からす|カラス|true
からだ|からだ|true
からだつき|からだつき|true
からって|からって|true
からっぽ|からっぽ|true
からて|からて|true
からとて|からって|false
からぶり|からぶり|true
からみ|からみ|true
からみあう|からみあう|true
からみ合う|からみあう|false
からむ|からむ|true
からり|からり|true
からオケ|カラオケ|false
から振り|からぶり|false
かり|かり|true
かりいぬ|りょうけん|false
かりいれ|かりいれ|true
かりいれきん|かりいれきん|true
かりうど|かりゅうど|false
かりこむ|かりこむ|true
かりしょぶん|かりしょぶん|true
かりとる|かりとる|true
かりな|かめい|false
かりに|かりに|true
かりば|かりば|true
かりびと|かりゅうど|false
かりゅう|かりゅう|true
かりゅうど|かりゅうど|true
かりゆしウェア|かりゆしウェア|true
かりゆしウエア|かりゆしウェア|false
かりょく|かりょく|true
かりる|かりる|true
かる|かる|true
かるい|かるい|true
かるがる|かるがる|true
かるた|カルタ|false
かるはずみ|かるはずみ|true
かるやか|かろやか|false
かる多|カルタ|false
かれ|かれ|true
かれい|かれい|true
かれき|かれき|true
かれこれ|あれこれ|false
かれし|かれし|true
かれは|かれは|true
かれら|かれら|true
かれる|かれる|true
かれん|かれん|true
かろい|かるい|false
かろう|かろう|true
かろうじて|かろうじて|true
かろがろ|かるがる|false
かろはずみ|かるはずみ|false
かろやか|かろやか|true
かわ|かわ|true
かわ|がわ|false
かわいい|かわいい|true
かわいがる|かわいがる|true
かわいそう|かわいそう|true
かわいらしい|かわいらしい|true
かわいーい|かわいい|false
かわえー|かわいい|false
かわかす|かわかす|true
かわかみ|かわかみ|true
かわき|かわき|true
かわきり|かわきり|true
かわぎし|かわぎし|true
かわく|かわく|true
かわぐち|かこう|true
かわぐつ|かわぐつ|true
かわさき|かわさき|true
かわし|かわせ|false
かわしも|かわしも|true
かわす|かわす|true
かわせ|かわせ|true
かわせそうば|かわせそうば|true
かわぞい|かわぞい|true
かわった|かわった|true
かわばた|かわばた|true
かわら|かわら|true
かわらけ|どき|false
かわらない|かわらない|true
かわり|かわり|true
かわる|かわる|true
かわるがわる|かわるがわる|true
かわーい|かわいい|false
かん|かん|true
かん|かんむり|false
かんあん|かんあん|true
かんい|かんい|true
かんいっぱつ|かんいっぱつ|true
かんいほけん|かんいほけん|true
かんえん|かんえん|true
かんか|かんか|true
かんかい|かんかい|true
かんかく|かんかく|true
かんかく|かんきゃく|false
かんかつ|かんかつ|true
かんがい|かんがい|true
かんがいむりょう|かんがいむりょう|true
かんがえ|かんがえ|true
かんがえかた|かんがえかた|true
かんがえてみれば|かんがえてみれば|true
かんがえなおす|かんがえなおす|true
かんがえる|かんがえる|true
かんき|かんき|true
かんきせん|かんきせん|true
かんきゃく|かんきゃく|true
かんきゅう|かんきゅう|true
かんきょう|かんきょう|true
かんきょうちょう|かんきょうちょう|true
かんきょうほご|かんきょうほご|true
かんきょうもんだい|かんきょうもんだい|true
かんきん|かんきん|true
かんぎょう|かんぎょう|true
かんく|かんく|true
かんくきしょうだい|かんくきしょうだい|true
かんけい|かんけい|true
かんけいしゃ|かんけいしゃ|true
かんけつ|かんけつ|true
かんけん|かんけん|true
かんげい|かんげい|true
かんげき|かんげき|true
かんげん|かんげん|true
かんげんがく|かんげんがく|true
かんげんがくだん|かんげんがくだん|true
かんこう|かんこう|true
かんこうきゃく|かんこうきゃく|true
かんこうちょう|かんこうちょう|true
かんこうへん|かんこうへん|true
かんこうスポット|かんこうスポット|true
かんこく|かんこく|true
かんこくご|かんこくご|true
かんこんそうさい|かんこんそうさい|true
かんご|かんご|true
かんごく|かんごく|true
かんごし|かんごし|true
かんごふ|かんごふ|true
かんさ|かんさ|true
かんさい|かんさい|true
かんさいじん|かんさいじん|true
かんさいべん|かんさいべん|true
かんさつ|かんさつ|true
かんさやく|かんさやく|true
かんさん|かんさん|true
かんざい|かんざい|true
かんざん|かんさん|false
かんし|かんし|true
かんしゃ|かんしゃ|true
かんしゅ|かんしゅ|true
かんしゅう|かんしゅう|true
かんしょ|さつまいも|false
かんしょう|かんしょう|true
かんしょうちたい|かんしょうちたい|true
かんしょく|かんしょく|true
かんしん|かんしん|true
かんしんごと|かんしんじ|false
かんしんじ|かんしんじ|true
かんじ|かんじ|true
かんじ|かんち|false
かんじとる|かんじとる|true
かんじゃ|かんじゃ|true
かんじゅせい|かんじゅせい|true
かんじょう|かんじょう|true
かんじょうてき|かんじょうてき|true
かんじる|かんじる|true
かんじん|かんじん|true
かんすい|かんすい|true
かんする|かんする|true
かんずる|かんずる|true
かんせい|かんさい|false
かんせい|かんせい|true
かんせいかん|かんせいかん|true
かんせいとう|かんせいとう|true
かんせつ|かんせつ|true
かんせつぜい|かんせつぜい|true
かんせつてき|かんせつてき|true
かんせん|かんせん|true
かんせんしょう|かんせんしょう|true
かんぜい|かんぜい|true
かんぜん|かんぜん|true
かんぜんしあい|かんぜんじあい|false
かんぜんじあい|かんぜんじあい|true
かんぜんちょうあく|かんぜんちょうあく|true
かんそ|かんそ|true
かんそう|かんそう|true
かんそく|かんそく|true
かんそん|かんそん|true
かんぞう|かんぞう|true
かんたい|かんたい|true
かんたく|かんたく|true
かんたん|かんたん|true
かんだい|かんだい|true
かんだかい|かんだかい|true
かんだん|かんだん|true
かんだんけい|かんだんけい|true
かんち|かんち|true
かんちがい|かんちがい|true
かんちゅう|かんちゅう|true
かんちょう|かんちょう|true
かんつい|かんすい|false
かんつう|かんつう|true
かんづかさ|しんかん|false
かんづめ|かんづめ|true
かんてい|かんてい|true
かんてつ|かんてつ|true
かんてん|かんてん|true
かんでんち|かんでんち|true
かんとう|かんとう|true
かんとく|かんとく|true
かんど|かんど|true
かんどう|かんどう|true
かんない|かんない|true
かんぬし|かんぬし|true
かんねん|かんねん|true
かんのん|かんのん|true
かんばい|かんばい|true
かんばしい|かんばしい|true
かんばつ|かんばつ|true
かんばん|かんばん|true
かんぱ|かんぱ|true
かんぱい|かんぱい|true
かんぱん|かんぱん|true
かんび|かんび|true
かんびょう|かんびょう|true
かんぶ|かんぶ|true
かんぶくろ|かみぶくろ|false
かんぶつ|かんぶつ|true
かんぶり|かんむり|false
かんぶん|かんぶん|true
かんぷ|かんぷ|true
かんぷう|かんぷう|true
かんべつ|かんべつ|true
かんべん|かんべん|true
かんぺき|かんぺき|true
かんぼう|かんぼう|true
かんぼうちょうかん|かんぼうちょうかん|true
かんぼつ|かんぼつ|true
かんぽう|かんぽう|true
かんぽうやく|かんぽうやく|true
かんまつ|かんまつ|true
かんまん|かんまん|true
かんみりょう|かんみりょう|true
かんみん|かんみん|true
かんむり|かんむり|true
かんめい|かんめい|true
かんもん|かんもん|true
かんゆう|かんゆう|true
かんよ|かんよ|true
かんよう|かんよう|true
かんようく|かんようく|true
かんらく|かんらく|true
かんらくがい|かんらくがい|true
かんらん|かんらん|true
かんり|かんり|true
かんりしゃ|かんりしゃ|true
かんりしょく|かんりしょく|true
かんりにん|かんりにん|true
かんりゃく|かんりゃく|true
かんりゅう|かんりゅう|true
かんりょう|かんりょう|true
かんるい|かんるい|true
かんれい|かんれい|true
かんれき|かんれき|true
かんれん|かんれん|true
かんわ|かんわ|true
かんわざ|かみわざ|false
かんコーヒー|かんコーヒー|true
かん高い|かんだかい|false
か否か|かいなか|true
か国|かこく|false
か如何か|かどうか|false
か弱い|かよわい|true
か所|かしょ|false
か月|かげつ|false
が|え|false
が|が|true
がい|がい|true
がいあつ|がいあつ|true
がいえん|がいえん|true
がいか|がいか|true
がいかい|がいかい|true
がいかく|がいかく|true
がいかくだんたい|がいかくだんたい|true
がいかん|がいかん|true
がいき|がいき|true
がいきょう|がいきょう|true
がいけん|がいけん|true
がいこう|がいこう|true
がいこうかん|がいこうかん|true
がいこく|がいこく|true
がいこくご|がいこくご|true
がいこくじん|がいこくじん|true
がいこつ|がいこつ|true
がいさん|がいさん|true
がいし|がいし|true
がいしゃ|がいしゃ|true
がいしゅつ|がいしゅつ|true
がいしょう|がいしょう|true
がいしょく|がいしょく|true
がいしん|がいしん|true
がいじゅ|がいじゅ|true
がいじん|がいじん|true
がいする|がいする|true
がいせんしゃ|がいせんしゃ|true
がいそく|そとがわ|false
がいちゅう|がいちゅう|true
がいでん|がいでん|true
がいとう|がいとう|true
がいねん|がいねん|true
がいぶ|がいぶ|true
がいへき|がいへき|true
がいまい|がいまい|true
がいむ|がいむ|true
がいむしょう|がいむしょう|true
がいめん|がいめん|true
がいや|がいや|true
がいやしゅ|がいやしゅ|true
がいゆう|がいゆう|true
がいよう|がいよう|true
がいらい|がいらい|true
がいらいご|がいらいご|true
がいりゃく|がいりゃく|true
がいろ|がいろ|true
がいろじゅ|がいろじゅ|true
がいろん|がいろん|true
がい骨|がいこつ|false
がか|がか|true
ががく|ががく|true
がく|がく|true
がくい|がくい|true
がくいん|がくいん|true
がくう|かくう|false
がくえん|がくえん|true
がくぎょう|がくぎょう|true
がくげい|がくげい|true
がくさい|がくさい|true
がくし|がくし|true
がくしき|がくしき|true
がくしゃ|がくしゃ|true
がくしゅう|がくしゅう|true
がくしゅうしどうようりょう|がくしゅうしどうようりょう|true
がくしょう|がくしょう|true
がくじゅつ|がくじゅつ|true
がくせい|がくせい|true
がくせいじだい|がくせいじだい|true
がくせつ|がくせつ|true
がくそつ|がくそつ|true
がくたい|がくたい|true
がくだん|がくだん|true
がくちょう|がくちょう|true
がくと|がくと|true
がくどう|がくどう|true
がくない|がくない|true
がくねん|がくねん|true
がくひ|がくひ|true
がくふ|がくふ|true
がくぶ|がくぶ|true
がくぶち|がくぶち|true
がくめん|がくめん|true
がくもん|がくもん|true
がくや|がくや|true
がくゆう|がくゆう|true
がくりょく|がくりょく|true
がくれい|がくれい|true
がくれき|がくれき|true
がくわり|がくわり|true
がけ|がけ|true
がさがさ|がさがさ|true
がし|がし|true
がしがし|ガシガシ|false
がしょう|がしょう|true
がしん|がし|false
がじょう|がじょう|true
がせい|がしょう|false
がぞう|がぞう|true
がた|かた|false
がたがた|ガタガタ|true
がち|がち|true
がっか|がっか|true
がっかい|がっかい|true
がっかいし|がっかいし|true
がっかり|がっかり|true
がっき|がっき|true
がっきゅう|がっきゅう|true
がっきょく|がっきょく|true
がっく|がっく|true
がっくり|がっくり|true
がっこう|がっこう|true
がっこうほうじん|がっこうほうじん|true
がっこうめい|がっこうめい|true
がっさく|がっさく|true
がっしゅく|がっしゅく|true
がっしょう|がっしょう|true
がっしょうだん|がっしょうだん|true
がっしり|がっしり|true
がっそう|がっそう|true
がっち|がっち|true
がっちり|がっちり|true
がってん|がてん|false
がっぴ|がっぴ|true
がっぺい|がっぺい|true
がっぺいしょう|がっぺいしょう|true
がてん|がてん|true
がはく|がはく|true
がぶがぶ|がぶがぶ|true
がまん|がまん|true
がめん|がめん|true
がやがや|がやがや|true
がようし|がようし|true
がら|がら|true
がらん|がらん|true
がらーん|がらん|false
がり|かり|false
がりゃく|がれき|false
がる|がる|true
がれき|がれき|true
がろう|がろう|true
がわ|かわ|false
がわ|がわ|true
がん|がん|true
がんえん|がんえん|true
がんか|がんか|true
がんかい|がんかい|true
がんがん|ガンガン|false
がんきょう|がんきょう|true
がんきん|がんきん|true
がんこ|がんこ|true
がんしょ|がんしょ|true
がんしょう|がんしょう|true
がんしょく|かおいろ|false
がんじつ|がんじつ|true
がんじょう|がんじょう|true
がんせき|がんせき|true
がんそ|がんそ|true
がんたん|がんたん|true
がんちく|がんちく|true
がんにち|がんじつ|false
がんねん|がんねん|true
がんばって|がんばって|true
がんばり|がんばり|true
がんばる|がんばる|true
がんばん|がんばん|true
がんぶつ|にせもの|false
がんぺき|がんぺき|true
がんぼう|がんぼう|true
がんぽん|がんぽん|true
がんめん|がんめん|true
がんもう|がんぼう|false
がんゆう|がんゆう|true
がんらい|がんらい|true
き|おに|false
き|き|true
き|ひき|false
きあい|きあい|true
きあつ|きあつ|true
きい|きい|true
きいと|きいと|true
きいろ|きいろ|true
きいろい|きいろい|true
きいん|きいん|true
きうり|きゅうり|false
きうん|きうん|true
きえ|きえ|true
きえい|きえい|true
きえる|きえる|true
きおい|きおい|true
きおうしょう|きおうしょう|true
きおく|きおく|true
きおん|きおん|true
きか|きか|true
きかい|きかい|true
きかいか|きかいか|true
きかえる|きがえる|true
きかがく|きかがく|true
きかく|きかく|true
きかくしつ|きかくしつ|true
きかざる|きかざる|true
きかす|きかす|true
きかせる|きかせる|true
きかん|きかん|true
きかんげんてい|きかんげんてい|true
きかんし|きかんし|true
きかんしゃ|きかんしゃ|true
きかんじゅう|きかんじゅう|true
きが|きが|true
きがい|きがい|true
きがえ|きがえ|true
きがえる|きがえる|true
きがかり|きがかり|true
きがく|きがく|true
きがつく|きがつく|true
きがね|きがね|true
きがね|こがね|false
きがる|きがる|true
きがん|きがん|true
きき|きき|true
ききがき|ききがき|true
ききて|ききて|true
ききとり|ききとり|true
ききとる|ききとる|true
ききめ|ききめ|true
ききゃく|ききゃく|true
ききゅう|ききゅう|true
ききょう|ききょう|true
ききん|ききん|true
ききんぞく|ききんぞく|true
きき眼|ききめ|false
きぎ|きぎ|true
きぎょう|きぎょう|true
きぎょうか|きぎょうか|true
きく|きく|true
きくばり|きくばり|true
きぐ|きぐ|true
きけん|きけん|true
きけんせい|きけんせい|true
きげき|きげき|true
きげん|きげん|true
きげんぜん|きげんぜん|true
きこう|きこう|true
きこえる|きこえる|true
きこく|きこく|true
きこん|きこん|true
きご|きご|true
きごう|きごう|true
きごころ|きごころ|true
きさい|きさい|true
きざ|きざ|true
きざい|きざい|true
きざし|きざし|true
きざみ|きざみ|true
きざむ|きざむ|true
きし|きし|true
きしかいせい|きしかいせい|true
きしつ|きしつ|true
きしべ|きしべ|true
きしゃ|きしゃ|true
きしゃかいけん|きしゃかいけん|true
きしゅ|きしゅ|true
きしゅう|きしゅう|true
きしゅくしゃ|きしゅくしゃ|true
きしょう|きしょう|true
きしょうがく|きしょうがく|true
きしょうだい|きしょうだい|true
きしょうちょう|きしょうちょう|true
きしょうよほうし|きしょうよほうし|true
きしょく|はたいろ|false
きしん|きしん|true
きじ|きじ|true
きじ|すてご|false
きじく|きじく|true
きじつ|きじつ|true
きじゅ|きじゅ|true
きじゅつ|きじゅつ|true
きじゅん|きじゅん|true
きじゅんほう|きじゅんほう|true
きじょう|きじょう|true
きじん|きしん|true
きす|しるす|false
きすう|きすう|true
きず|きず|true
きずあと|きずあと|true
きずきあげる|きずきあげる|true
きずく|きずく|true
きずく|きづく|false
きずぐち|きずぐち|true
きずつく|きずつく|true
きずつける|きずつける|true
きずな|きずな|true
きずみ|もくたん|false
きせい|きせい|true
きせいじじつ|きせいじじつ|true
きせいちゅう|きせいちゅう|true
きせいふく|きせいふく|true
きせき|きせき|true
きせつ|きせつ|true
きせつふう|きせつふう|true
きせる|きせる|true
きせん|きせん|true
きぜつ|きぜつ|true
きそ|きそ|true
きそう|きそう|true
きそう|きぞう|false
きそく|きそく|true
きそゆうよ|きそゆうよ|true
きそん|きそん|true
きぞう|きぞう|true
きぞく|きぞく|true
きぞん|きそん|false
きた|きた|true
きたい|きたい|true
きたいかん|きたいかん|true
きたえる|きたえる|true
きたかぜ|きたかぜ|true
きたがわ|きたがわ|true
きたきゅうしゅう|きたきゅうしゅう|true
きたく|きたく|true
きたぐち|きたぐち|true
きたぐに|きたぐに|true
きたちょうせん|きたちょうせん|true
きたない|きたない|true
きたひがし|ほくとう|false
きたアイルランド|きたアイルランド|true
きち|きち|true
きちがい|キチガイ|true
きちっと|きちっと|true
きちょう|きちょう|true
きちょうひん|きちょうひん|true
きちょうめん|きちょうめん|true
きちんと|きちんと|true
きっかい|きかい|false
きっかけ|きっかけ|true
きっさ|きっさ|true
きっさてん|きっさてん|true
きっする|きっする|true
きっちゃてん|きっさてん|false
きっちょう|きっちょう|true
きっちり|きっちり|true
きって|きって|true
きっと|きっと|true
きっぱり|きっぱり|true
きっぷ|きっぷ|true
きっぽう|きっぽう|true
きつ|きつね|false
きつい|きつい|true
きつえん|きつえん|true
きつね|きつね|true
きつもん|きつもん|true
きづかい|きづかい|true
きづかれ|きづかれ|true
きづく|きづく|true
きづな|きずな|false
きてい|きてい|true
きてき|きてき|true
きてん|きてん|true
きと|きと|true
きとう|きとう|true
きとく|きとく|true
きとくけん|きとくけん|true
きど|きど|true
きどあいらく|きどあいらく|true
きどう|きどう|true
きどうたい|きどうたい|true
きどる|きどる|true
きない|きない|true
きにいり|きにいり|true
きにいる|きにいる|true
きにち|きじつ|false
きにゅう|きにゅう|true
きぬ|きぬ|true
きぬいと|きぬいと|true
きぬおりもの|きぬおりもの|true
きねん|きねん|true
きねんひ|きねんひ|true
きねんび|きねんび|true
きのう|きのう|true
きのこ|きのこ|true
きのせい|きのせい|true
きのどく|きのどく|true
きのは|このは|false
きのみ|きのみ|true
きのむくままに|きのむくままに|true
きのめ|きのめ|true
きはい|けはい|false
きはく|きはく|true
きはつ|きはつ|true
きはん|きはん|true
きば|きば|true
きばく|きばく|true
きばつ|きばつ|true
きばらし|きばらし|true
きばん|きばん|true
きひ|きひ|true
きひん|きひん|true
きび|きみ|false
きびしい|きびしい|true
きびしさ|きびしさ|true
きびす|かかと|false
きびょう|きびょう|true
きびん|きびん|true
きふ|きふ|true
きふく|きふく|true
きぶつ|きぶつ|true
きぶん|きぶん|true
きぶんてんかん|きぶんてんかん|true
きへい|きへい|true
きほう|きほう|true
きほん|きほん|true
きほんてき|きほんてき|true
きほんりょうきん|きほんりょうきん|true
きぼ|きぼ|true
きぼう|きぼう|true
きぼり|きぼり|true
きまえ|きまえ|true
きまぐれ|きまぐれ|true
きまって|きまって|true
きまつ|きまつ|true
きまま|きまま|true
きまり|きまり|true
きまる|きまる|true
きみ|きみ|true
きみがよ|きみがよ|true
きみたち|きみたち|true
きみつ|きみつ|true
きみょう|きみょう|true
きむずかしい|きむずかしい|true
きめ|きめ|true
きめだま|きめだま|true
きめつける|きめつける|true
きめて|きめて|true
きめる|きめる|true
きも|きも|true
きもち|きもち|true
きもちわるい|きもちわるい|true
きもの|きもの|true
きゃく|きゃく|true
きゃくあし|きゃくあし|true
きゃくいん|きゃくいん|true
きゃくしつ|きゃくしつ|true
きゃくしゃ|きゃくしゃ|true
きゃくしょく|きゃくしょく|true
きゃくせき|きゃくせき|true
きゃくせん|きゃくせん|true
きゃくほん|きゃくほん|true
きゃくま|きゃくま|true
きゃっか|きゃっか|true
きゃっかん|きゃっかん|true
きゃっかんてき|きゃっかんてき|true
きゃっこう|きゃっこう|true
きやく|きやく|true
きゅう|かん|false
きゅう|きゅう|true
きゅうい|きゅうい|true
きゅういん|きゅういん|true
きゅうえん|きゅうえん|true
きゅうか|きゅうか|true
きゅうかい|きゅうかい|true
きゅうかん|きゅうかん|true
きゅうがく|きゅうがく|true
きゅうきゅう|きゅうきゅう|true
きゅうきゅういりょう|きゅうきゅういりょう|true
きゅうきゅうしゃ|きゅうきゅうしゃ|true
きゅうきゅうばこ|きゅうきゅうばこ|true
きゅうきょ|きゅうきょ|true
きゅうきょく|きゅうきょく|true
きゅうきん|きゅうきん|true
きゅうぎ|きゅうぎ|true
きゅうぎょう|きゅうぎょう|true
きゅうくつ|きゅうくつ|true
きゅうけい|きゅうけい|true
きゅうけいじかん|きゅうけいじかん|true
きゅうけいじょ|きゅうけいじょ|true
きゅうけつき|きゅうけつき|true
きゅうげき|きゅうげき|true
きゅうこう|きゅうこう|true
きゅうこく|きゅうこく|true
きゅうごう|きゅうごう|true
きゅうさい|きゅうさい|true
きゅうし|きゅうし|true
きゅうし|ゆみや|false
きゅうしき|きゅうしき|true
きゅうしゅう|きゅうしゅう|true
きゅうしゅつ|きゅうしゅつ|true
きゅうしょ|きゅうしょ|true
きゅうしょうがつ|きゅうしょうがつ|true
きゅうしょく|きゅうしょく|true
きゅうしん|きゅうしん|true
きゅうしんりょく|きゅうしんりょく|true
きゅうじつ|きゅうじつ|true
きゅうじゅう|きゅうじゅう|true
きゅうじょ|きゅうじょ|true
きゅうじょう|きゅうじょう|true
きゅうじん|きゅうじん|true
きゅうすい|きゅうすい|true
きゅうする|きゅうする|true
きゅうせい|きゅうせい|true
きゅうせいぐん|きゅうせいぐん|true
きゅうせいしゅ|きゅうせいしゅ|true
きゅうせいちょう|きゅうせいちょう|true
きゅうせん|きゅうせん|true
きゅうそく|きゅうそく|true
きゅうぞう|きゅうぞう|true
きゅうたい|きゅうたい|true
きゅうだん|きゅうだん|true
きゅうち|きゅうち|true
きゅうちゅう|きゅうちゅう|true
きゅうちょう|ここのえ|false
きゅうてい|きゅうてい|true
きゅうでん|きゅうでん|true
きゅうとう|きゅうとう|true
きゅうどう|きゅうどう|true
きゅうに|きゅうに|true
きゅうにゅう|きゅうにゅう|true
きゅうは|きゅうは|true
きゅうびょう|きゅうびょう|true
きゅうふ|きゅうふ|true
きゅうへん|きゅうへん|true
きゅうぼう|きゅうぼう|true
きゅうむ|きゅうむ|true
きゅうめい|きゅうめい|true
きゅうやく|きゅうやく|true
きゅうゆ|きゅうゆ|true
きゅうゆしょ|きゅうゆじょ|false
きゅうゆじょ|きゅうゆじょ|true
きゅうよ|きゅうよ|true
きゅうよう|きゅうよう|true
きゅうらい|きゅうらい|true
きゅうらく|きゅうらく|true
きゅうり|きゅうり|true
きゅうりょう|きゅうりょう|true
きゅうりょうび|きゅうりょうび|true
きゅうれき|きゅうれき|true
きゅうピッチ|きゅうピッチ|true
きょう|きょう|true
きょう|さかい|false
きょうあく|きょうあく|true
きょうい|きょうい|true
きょういく|きょういく|true
きょういくいいんかい|きょういくいいんかい|true
きょういくしゃ|きょういくしゃ|true
きょういくてき|きょういくてき|true
きょういん|きょういん|true
きょうえい|きょうえい|true
きょうえん|きょうえん|true
きょうか|きょうか|true
きょうかい|きょうかい|true
きょうかしょ|きょうかしょ|true
きょうかつ|きょうかつ|true
きょうかん|きょうかん|true
きょうがく|きょうがく|true
きょうき|きょうき|true
きょうきゃく|きょうきゃく|true
きょうきゅう|きょうきゅう|true
きょうきん|きょうきん|true
きょうぎ|きょうぎ|true
きょうぎじょう|きょうぎじょう|true
きょうくん|きょうくん|true
きょうぐう|きょうぐう|true
きょうけん|きょうけん|true
きょうげん|きょうげん|true
きょうこ|きょうこ|true
きょうこう|きょうこう|true
きょうこうさいけつ|きょうこうさいけつ|true
きょうこく|きょうこく|true
きょうこのごろ|きょうこのごろ|true
きょうこの頃|きょうこのごろ|false
きょうごう|きょうごう|true
きょうごうたしゃ|きょうごうたしゃ|true
きょうさ|きょうさ|true
きょうさい|きょうさい|true
きょうさく|きょうさく|true
きょうさん|きょうさん|true
きょうさんしゅぎ|きょうさんしゅぎ|true
きょうさんとう|きょうさんとう|true
きょうざい|きょうざい|true
きょうし|きょうし|true
きょうし|きょうじ|false
きょうしつ|きょうしつ|true
きょうしゃ|きょうしゃ|true
きょうしゅう|きょうしゅう|true
きょうしゅく|きょうしゅく|true
きょうしゅつ|きょうしゅつ|true
きょうしょ|きょうしょ|true
きょうしょくいん|きょうしょくいん|true
きょうしんしょう|きょうしんしょう|true
きょうじ|きょうじ|true
きょうじゃく|きょうじゃく|true
きょうじゅ|きょうじゅ|true
きょうじゅつ|きょうじゅつ|true
きょうせい|きょうせい|true
きょうせいてき|きょうせいてき|true
きょうそ|きょうそ|true
きょうそう|きょうそう|true
きょうそうきょく|きょうそうきょく|true
きょうそうにゅうさつ|きょうそうにゅうさつ|true
きょうそうば|きょうそうば|true
きょうそうりょく|きょうそうりょく|true
きょうそん|きょうぞん|false
きょうぞう|きょうぞう|true
きょうぞん|きょうぞん|true
きょうたい|きょうたい|true
きょうたん|きょうたん|true
きょうだ|きょうだ|true
きょうだい|きょうだい|true
きょうだい|しまい|false
きょうだい|ていまい|false
きょうだん|きょうだん|true
きょうち|きょうち|true
きょうちゅう|きょうちゅう|true
きょうちょ|きょうちょ|true
きょうちょう|きょうちょう|true
きょうつう|きょうつう|true
きょうつうご|きょうつうご|true
きょうつうてん|きょうつうてん|true
きょうてい|きょうてい|true
きょうてき|きょうてき|true
きょうと|きょうと|true
きょうとう|きょうとう|true
きょうど|きょうど|true
きょうどう|きょうどう|true
きょうどうくみあい|きょうどうくみあい|true
きょうどうたい|きょうどうたい|true
きょうはく|きょうはく|true
きょうはん|きょうはん|true
きょうばい|きょうばい|true
きょうふ|きょうふ|true
きょうふう|きょうふう|true
きょうふしょう|きょうふしょう|true
きょうぶ|きょうぶ|true
きょうほ|きょうほ|true
きょうほん|きょうほん|true
きょうぼう|きょうぼう|true
きょうみ|きょうみ|true
きょうみしんしん|きょうみしんしん|true
きょうみぶかい|きょうみぶかい|true
きょうむ|きょうむ|true
きょうめい|きょうめい|true
きょうゆ|きょうゆ|true
きょうゆう|きょうゆう|true
きょうよ|きょうよ|true
きょうよう|きょうよう|true
きょうらん|きょうらん|true
きょうり|きょうり|true
きょうりつ|きょうりつ|true
きょうりゅう|きょうりゅう|true
きょうりょく|きょうりょく|true
きょうれつ|きょうれつ|true
きょうわ|きょうわ|true
きょうわこく|きょうわこく|true
きょうわせい|きょうわせい|true
きょうわとう|きょうわとう|true
きょう体|きょうたい|false
きょう正|きょうせい|false
きょえい|きょえい|true
きょえいしん|きょえいしん|true
きょか|きょか|true
きょかん|きょかん|true
きょがく|きょがく|true
きょぎ|きょぎ|true
きょく|きょく|true
きょくいん|きょくいん|true
きょくう|きょくう|true
きょくげん|きょくげん|true
きょくせつ|きょくせつ|true
きょくせん|きょくせん|true
きょくたん|きょくたん|true
きょくち|きょくち|true
きょくちょう|きょくちょう|true
きょくとう|きょくとう|true
きょくど|きょくど|true
きょくどめ|きょくどめ|true
きょくばん|きょくばん|true
きょくめん|きょくめん|true
きょくもく|きょくもく|true
きょくりょく|きょくりょく|true
きょこう|きょこう|true
きょしき|きょしき|true
きょしつ|きょしつ|true
きょしてき|きょしてき|true
きょしゅう|きょしゅう|true
きょしゅつ|きょしゅつ|true
きょしょう|きょしょう|true
きょしん|きょしん|true
きょじゃく|きょじゃく|true
きょじゅう|きょじゅう|true
きょじゅうしゃ|きょじゅうしゃ|true
きょじん|きょじん|true
きょせい|きょせい|true
きょぜつ|きょぜつ|true
きょぜつはんのう|きょぜつはんのう|true
きょたい|きょたい|true
きょだい|きょだい|true
きょだく|きょだく|true
きょてん|きょてん|true
きょとう|きょとう|true
きょときょと|キョロキョロ|false
きょねん|きょねん|true
きょひ|きょひ|true
きょひけん|きょひけん|true
きょむ|きょむ|true
きょよう|きょよう|true
きょらい|きょらい|true
きょり|きょり|true
きょろきょろ|キョロキョロ|true
きよ|きよ|true
きよい|きよい|true
きよう|きよう|true
きよらか|きよらか|true
きらい|きらい|true
きらう|きらう|true
きらきら|キラキラ|true
きらく|きらく|true
きらす|きらす|true
きらびやか|きらびやか|true
きり|きり|true
きりあげ|きりあげ|true
きりあめ|きりさめ|false
きりかえ|きりかえ|true
きりかえる|きりかえる|true
きりがない|きりがない|true
きりくずす|きりくずす|true
きりくち|きりくち|true
きりさげ|きりさげ|true
きりさめ|きりさめ|true
きりすて|きりすて|true
きりすてる|きりすてる|true
きりつ|きりつ|true
きりぬき|きりぬき|true
きりはなす|きりはなす|true
きりふだ|きりふだ|true
きりょく|きりょく|true
きりん|きりん|true
きる|きる|true
きれ|きれ|true
きれあじ|きれあじ|true
きれい|きれい|true
きれつ|きれつ|true
きれめ|きれめ|true
きれる|きれる|true
きれーい|きれい|false
きろ|きろ|true
きろく|きろく|true
きろくてき|きろくてき|true
きわた|もめん|false
きわだつ|きわだつ|true
きわまる|きわまる|true
きわみ|きわみ|true
きわめて|きわめて|true
きわめる|きわめる|true
きをつける|きをつける|true
きん|きん|true
きんいち|きんいつ|false
きんいつ|きんいつ|true
きんいろ|きんいろ|true
きんえん|きんえん|true
きんか|きんか|true
きんかい|きんかい|true
きんがく|きんがく|true
きんがしんねん|きんがしんねん|true
きんがん|きんがん|true
きんき|きんき|true
きんきゅう|きんきゅう|true
きんきゅうじたいせんげん|きんきゅうじたいせんげん|true
きんきょう|きんきょう|true
きんきょり|きんきょり|true
きんきん|ちかぢか|false
きんぎょ|きんぎょ|true
きんく|きんく|true
きんけん|きんけん|true
きんこ|きんこ|true
きんこう|きんこう|true
きんさく|きんさく|true
きんし|きんし|true
きんしじこう|きんしじこう|true
きんしつ|きんしつ|true
きんしほう|きんしほう|true
きんしゅ|きんしゅ|true
きんしゅく|きんしゅく|true
きんしょく|きんいろ|false
きんしん|きんしん|true
きんじつ|きんじつ|true
きんじょ|きんじょ|true
きんじる|きんじる|true
きんずる|きんずる|true
きんせい|きんせい|true
きんせき|きんせき|true
きんせん|きんせん|true
きんぞく|きんぞく|true
きんだい|きんだい|true
きんだいし|きんだいし|true
きんだいてき|きんだいてき|true
きんちょ|きんちょ|true
きんちょう|きんちょう|true
きんとう|きんとう|true
きんにく|きんにく|true
きんねん|きんねん|true
きんぱく|きんぱく|true
きんぱつ|きんぱつ|true
きんびょうぶ|きんびょうぶ|true
きんぴん|きんぴん|true
きんべん|きんべん|true
きんぺん|きんぺん|true
きんぼし|きんぼし|true
きんみつ|きんみつ|true
きんみゃく|きんみゃく|true
きんむ|きんむ|true
きんむじかん|きんむじかん|true
きんもつ|きんもつ|true
きんゆ|きんゆ|true
きんゆう|きんゆう|true
きんゆうきかん|きんゆうきかん|true
きんゆうしじょう|きんゆうしじょう|true
きんゆうちょう|きんゆうちょう|true
きんよう|きんよう|true
きんようび|きんようび|true
きんよくてき|きんよくてき|true
きんり|きんり|true
きんりょく|きんりょく|true
きんりん|きんりん|true
きんろう|きんろう|true
きんろうしゃ|きんろうしゃ|true
き損|きそん|false
き裂|きれつ|false
ぎ|ぎ|true
ぎ|わざ|false
ぎあん|ぎあん|true
ぎいん|ぎいん|true
ぎいんうんえいいいんかい|ぎいんうんえいいいんかい|true
ぎえんきん|ぎえんきん|true
ぎかい|ぎかい|true
ぎが|ぎが|true
ぎきょく|ぎきょく|true
ぎぎ|ぎぎ|true
ぎけい|ぎけい|true
ぎけつ|ぎけつ|true
ぎこう|ぎこう|true
ぎこちない|ぎこちない|true
ぎごく|ぎごく|true
ぎごちない|ぎこちない|false
ぎざぎざ|ギザギザ|false
ぎし|ぎし|true
ぎしき|ぎしき|true
ぎしょう|ぎしょう|true
ぎしん|ぎしん|true
ぎじ|ぎじ|true
ぎじどう|ぎじどう|true
ぎじゅつ|ぎじゅつ|true
ぎじゅつしゃ|ぎじゅつしゃ|true
ぎじゅつてき|ぎじゅつてき|true
ぎじゅつりょく|ぎじゅつりょく|true
ぎじょう|ぎじょう|true
ぎじろく|ぎじろく|true
ぎせい|ぎせい|true
ぎせいしゃ|ぎせいしゃ|true
ぎせき|ぎせき|true
ぎそう|ぎそう|true
ぎぞう|ぎぞう|true
ぎだ|ぎだ|true
ぎだい|ぎだい|true
ぎだゆう|ぎだゆう|true
ぎちょう|ぎちょう|true
ぎっしり|ぎっしり|true
ぎっちり|ぎっしり|false
ぎてい|ぎてい|true
ぎていしょ|ぎていしょ|true
ぎねん|ぎねん|true
ぎのう|ぎのう|true
ぎひ|ぎひ|true
ぎふ|ぎふ|true
ぎぶつ|にせもの|false
ぎほう|ぎほう|true
ぎぼ|ぎぼ|true
ぎまい|ぎまい|true
ぎみ|ぎみ|true
ぎむ|ぎむ|true
ぎむきょういく|ぎむきょういく|true
ぎむづけ|ぎむづけ|true
ぎもん|ぎもん|true
ぎもんてん|ぎもんてん|true
ぎもんふ|ぎもんふ|true
ぎゃく|ぎゃく|true
ぎゃくこうか|ぎゃくこうか|true
ぎゃくさつ|ぎゃくさつ|true
ぎゃくしゅう|ぎゃくしゅう|true
ぎゃくせつ|ぎゃくせつ|true
ぎゃくたい|ぎゃくたい|true
ぎゃくて|ぎゃくて|true
ぎゃくてん|ぎゃくてん|true
ぎゃくてんがち|ぎゃくてんがち|true
ぎゃくふう|ぎゃくふう|true
ぎゃくもどり|ぎゃくもどり|true
ぎゃくゆにゅう|ぎゃくゆにゅう|true
ぎゃっきょう|ぎゃっきょう|true
ぎゃっこうか|ぎゃくこうか|false
ぎゅう|うし|false
ぎゅうぎゅう|ぎゅうぎゅう|true
ぎゅうしゃ|ぎゅうしゃ|true
ぎゅうどん|ぎゅうどん|true
ぎゅうにく|ぎゅうにく|true
ぎゅうにゅう|ぎゅうにゅう|true
ぎゅうほ|ぎゅうほ|true
ぎゅって|ぎゅっと|false
ぎゅっと|ぎゅっと|true
ぎゆう|ぎゆう|true
ぎょう|ぎょう|true
ぎょうかい|ぎょうかい|true
ぎょうかく|ぎょうかく|true
ぎょうかん|ぎょうかん|true
ぎょうぎ|ぎょうぎ|true
ぎょうこ|ぎょうこ|true
ぎょうざ|ギョーザ|false
ぎょうし|ぎょうし|true
ぎょうしゃ|ぎょうしゃ|true
ぎょうしゅ|ぎょうしゅ|true
ぎょうしゅく|ぎょうしゅく|true
ぎょうじ|ぎょうじ|true
ぎょうせい|ぎょうせい|true
ぎょうせいきかん|ぎょうせいきかん|true
ぎょうせいしょぶん|ぎょうせいしょぶん|true
ぎょうせいそしょう|ぎょうせいそしょう|true
ぎょうせき|ぎょうせき|true
ぎょうてん|ぎょうてん|true
ぎょうむ|ぎょうむ|true
ぎょうれつ|ぎょうれつ|true
ぎょえん|ぎょえん|true
ぎょかい|ぎょかい|true
ぎょかいるい|ぎょかいるい|true
ぎょかく|ぎょかく|true
ぎょぎょう|ぎょぎょう|true
ぎょくさい|ぎょくさい|true
ぎょぐん|ぎょぐん|true
ぎょこう|ぎょこう|true
ぎょじょう|ぎょじょう|true
ぎょせん|ぎょせん|true
ぎょそん|ぎょそん|true
ぎょっと|ぎょっと|true
ぎょにく|ぎょにく|true
ぎょば|ぎょじょう|false
ぎょみん|ぎょみん|true
ぎょらい|ぎょらい|true
ぎょるい|ぎょるい|true
ぎらぎら|ギラギラ|true
ぎり|ぎり|true
ぎりぎり|ぎりぎり|true
ぎれい|ぎれい|true
ぎろん|ぎろん|true
ぎわく|ぎわく|true
ぎん|ぎん|true
ぎんいろ|ぎんいろ|true
ぎんか|ぎんか|true
ぎんが|ぎんが|true
ぎんがみ|ぎんがみ|true
ぎんこう|ぎんこう|true
ぎんざ|ぎんざ|true
ぎんぱい|ぎんぱい|true
ぎんみ|ぎんみ|true
く|きゅう|true
く|く|true
くい|くい|true
くいき|くいき|true
くいこむ|くいこむ|true
くいさがる|くいさがる|true
くいちがい|くいちがい|true
くいちがう|くいちがう|true
くいとめる|くいとめる|true
くいる|くいる|true
くい下がる|くいさがる|false
くい止める|くいとめる|false
くい違い|くいちがい|false
くい違う|くいちがう|false
くう|くう|true
くういき|くういき|true
くうかん|くうかん|true
くうき|くうき|true
くうきょ|くうきょ|true
くうぐん|くうぐん|true
くうこう|くうこう|true
くうしゃ|くうしゃ|true
くうしゅう|くうしゅう|true
くうせき|くうせき|true
くうぜん|くうぜん|true
くうそ|くうそ|true
くうそう|くうそう|true
くうち|くうち|true
くうちゅう|くうちゅう|true
くうちょう|くうちょう|true
くうてん|くうてん|true
くうどう|くうどう|true
くうはく|くうはく|true
くうばく|くうばく|true
くうふく|くうふく|true
くうほう|くうほう|true
くうぼ|くうぼ|true
くうゆ|くうゆ|true
くうらん|くうらん|true
くうろ|くうろ|true
くかく|くかく|true
くかん|くかん|true
くがつ|くがつ|true
くがね|こがね|false
くき|くき|true
くきょう|くきょう|true
くぎ|くぎ|true
くぎり|くぎり|true
くぎる|くぎる|true
くく|くく|true
くくむ|ふくむ|false
くくる|くくる|true
くぐる|くぐる|true
くげん|くげん|true
くさ|くさ|true
くさい|くさい|true
くさかり|くさかり|true
くさき|くさき|true
くさのね|くさのね|true
くさはら|そうげん|false
くさばな|くさばな|true
くさめ|くしゃみ|false
くさり|くさり|true
くさる|くさる|true
くさわけ|くさわけ|true
くさわら|そうげん|false
くし|くし|true
くしゃくしゃ|くしゃくしゃ|true
くしゃみ|くしゃみ|true
くしゅう|くしゅう|true
くしょう|くしょう|true
くしん|くしん|true
くじ|くじ|true
くじびき|くじびき|true
くじゅう|きゅうじゅう|false
くじゅう|くじゅう|true
くじゅう|ここのえ|false
くじょ|くじょ|true
くじょう|くじょう|true
くじら|くじら|true
くじらにく|げいにく|false
くじ引き|くじびき|true
くすぐったい|くすぐったい|true
くすぐる|くすぐる|true
くすり|くすり|true
くすりゆび|くすりゆび|true
くすり指|くすりゆび|false
くず|くず|true
くずす|くずす|true
くずれ|くずれ|true
くずれる|くずれる|true
くせ|くせ|true
くせに|くせに|true
くせん|くせん|true
くせー|くさい|false
くそ|くそ|true
くたかけ|にわとり|false
くたくた|くたくた|true
くたばる|くたばる|true
くたびれる|くたびれる|true
くだ|くだ|true
くだく|くだく|true
くだける|くだける|true
ください|ください|true
くださる|くださる|true
くだす|くだす|true
くだもの|くだもの|true
くだらない|くだらない|true
くだり|くだり|true
くだりざか|くだりざか|true
くだる|くだる|true
くち|くち|true
くちかず|くちかず|true
くちきき|くちきき|true
くちく|くちく|true
くちくかん|くちくかん|true
くちぐせ|くちぐせ|true
くちぐち|くちぐち|true
くちぐちに|くちぐちに|true
くちけんか|くちげんか|false
くちげんか|くちげんか|true
くちごたえ|くちごたえ|true
くちごもる|くちごもる|true
くちさき|くちさき|true
くちだし|くちだし|true
くちどめ|くちどめ|true
くちなわ|へび|false
くちばし|くちばし|true
くちばしる|くちばしる|true
くちび|くちび|true
くちびる|くちびる|true
くちぶえ|くちぶえ|true
くちぶり|くちぶり|true
くちべに|くちべに|true
くちょう|くちょう|true
くちコミ|くちコミ|true
くっきり|くっきり|true
くっさく|くっさく|true
くっさめ|くしゃみ|false
くっし|くっし|true
くっせつ|くっせつ|true
くっせー|くさい|false
くったく|くったく|true
くったくた|くたくた|false
くっだらない|くだらない|false
くっだらねえ|くだらない|false
くっだらねー|くだらない|false
くっつく|くっつく|true
くっつける|くっつける|true
くっ付く|くっつく|true
くっ付ける|くっつける|false
くつ|くつ|true
くつう|くつう|true
くつがえす|くつがえす|true
くつがえる|くつがえる|true
くつした|くつした|true
くつじょく|くつじょく|true
くつや|くつや|true
くつろぐ|くつろぐ|true
くつ下|くつした|false
くつ屋|くつや|false
くとうてん|くとうてん|true
くどい|くどい|true
くどう|くどう|true
くどくど|くどくど|true
くない|くない|true
くないちょう|くないちょう|true
くなん|くなん|true
くに|くに|true
くに|くん|false
くにうど|こくじん|false
くにがら|くにがら|true
くにくのさく|くにくのさく|true
くにぐに|くにぐに|true
くにざかい|こっきょう|false
くにつち|こくど|false
くにびと|こくじん|false
くにゅうど|こくじん|false
くのう|くのう|true
くのう|こうのう|false
くばりもの|くばりもの|true
くばる|くばる|true
くび|くび|true
くびかざり|くびかざり|true
くびす|かかと|false
くふ|きょうふ|false
くふう|くふう|true
くぶん|くぶん|true
くべつ|くべつ|true
くぼみ|くぼみ|true
くま|くま|true
くまなく|くまなく|true
くみ|くみ|true
くみあい|くみあい|true
くみあわせ|くみあわせ|true
くみあわせる|くみあわせる|true
くみかえ|くみかえ|true
くみきょく|くみきょく|true
くみこむ|くみこむ|true
くみたて|くみたて|true
くみたてる|くみたてる|true
くみちょう|くみちょう|true
くみとる|くみとる|true
くみん|くみん|true
くみ取る|くみとる|false
くむ|くむ|true
くも|くも|true
くもつ|くもつ|true
くもゆき|くもゆき|true
くもり|くもり|true
くもる|くもる|true
くやくしょ|くやくしょ|true
くやしい|くやしい|true
くやしなき|くやしなき|true
くやしーい|くやしい|false
くやむ|くやむ|true
くよう|くよう|true
くよくよ|くよくよ|true
くら|くら|true
くらい|くらい|true
くらう|くらう|true
くらげ|クラゲ|false
くらし|くらし|true
くらしき|くらしき|true
くらす|くらす|true
くらべ|くらべ|true
くらべる|くらべる|true
くらやみ|くらやみ|true
くり|くり|true
くりあげ|くりあげ|true
くりあげる|くりあげる|true
くりいれ|くりいれ|true
くりかえし|くりかえし|true
くりかえす|くりかえす|true
くりだしはしご|くりだしはしご|true
くりだしばしご|くりだしはしご|false
くりだす|くりだす|true
くりつ|くりつ|true
くりのべ|くりのべ|true
くりひろげる|くりひろげる|true
くりょ|くりょ|true
くり出す|くりだす|false
くり返し|くりかえし|false
くり返す|くりかえす|false
くる|くる|true
くるう|くるう|true
くるくる|くるくる|true
くるしい|くるしい|true
くるしみ|くるしみ|true
くるしむ|くるしむ|true
くるしめる|くるしめる|true
くるま|くるま|true
くるまいす|くるまいす|true
くるみ|くるみ|true
くるむ|くるむ|true
くれ|くれ|true
くれぐれも|くれぐれも|true
くれない|くれない|true
くれる|くれる|true
くろ|くろ|true
くろい|くろい|true
くろいきり|くろいきり|true
くろいろ|くろいろ|true
くろう|くろう|true
くろうと|くろうと|true
くろき|くろき|true
くろぎぬ|こくい|false
くろけむり|こくえん|false
くろしお|くろしお|true
くろしろ|くろしろ|true
くろじ|くろじ|true
くろっぽい|くろっぽい|true
くろと|くろうと|false
くろぼし|くろぼし|true
くろまく|くろまく|true
くわ|くわ|true
くわえる|くわえる|true
くわしい|くわしい|true
くわだてる|くわだてる|true
くわばた|くわばたけ|false
くわばたけ|くわばたけ|true
くわばら|くわばら|true
くわわる|くわわる|true
くん|くん|true
くんかい|くんかい|true
くんし|くんし|true
くんしゅ|くんしゅ|true
くんしょう|くんしょう|true
くんじ|くんじ|true
くんよみ|くんよみ|true
くんりん|くんりん|true
くんれい|くんれい|true
くんれん|くんれん|true
ぐ|ぐ|true
ぐあい|ぐあい|true
ぐう|グー|false
ぐうすう|ぐうすう|true
ぐうぜん|ぐうぜん|true
ぐうぞう|ぐうぞう|true
ぐうはつ|ぐうはつ|true
ぐしょう|ぐしょう|true
ぐずぐず|ぐずぐず|true
ぐたい|ぐたい|true
ぐたいか|ぐたいか|true
ぐたいてき|ぐたいてき|true
ぐたぐた|グダグダ|false
ぐたり|ぐったり|false
ぐだぐだ|グダグダ|false
ぐち|ぐち|true
ぐっすり|ぐっすり|true
ぐったり|ぐったり|true
ぐらい|くらい|true
ぐらぐら|グラグラ|false
ぐらし|くらし|false
ぐるぐる|ぐるぐる|true
ぐるっと|ぐるっと|true
ぐるり|ぐるり|true
ぐるりと|ぐるっと|false
ぐれんたい|ぐれんたい|true
ぐれん隊|ぐれんたい|false
ぐわい|ぐあい|false
ぐん|ぐん|true
ぐんい|ぐんい|true
ぐんかく|ぐんかく|true
ぐんかん|ぐんかん|true
ぐんき|ぐんき|true
ぐんこう|ぐんこう|true
ぐんこくしゅぎ|ぐんこくしゅぎ|true
ぐんしゅ|ぐんしゅう|false
ぐんしゅう|ぐんしゅう|true
ぐんしゅく|ぐんしゅく|true
ぐんじ|ぐんじ|true
ぐんじゅ|ぐんしゅう|false
ぐんじゅ|ぐんじゅ|true
ぐんじん|ぐんじん|true
ぐんせい|ぐんせい|true
ぐんぞう|ぐんぞう|true
ぐんぞく|ぐんぞく|true
ぐんたい|ぐんたい|true
ぐんだん|ぐんだん|true
ぐんとう|ぐんとう|true
ぐんばい|ぐんばい|true
ぐんび|ぐんび|true
ぐんびょう|ぐんぴょう|false
ぐんぴょう|ぐんぴょう|true
ぐんぶ|ぐんぶ|true
ぐんぷく|ぐんぷく|true
ぐんぺい|ぐんぴょう|false
ぐんよう|ぐんよう|true
ぐー|グー|false
け|け|true
けい|きょう|false
けい|けい|true
けいい|けいい|true
けいえい|けいえい|true
けいえいしゃ|けいえいしゃ|true
けいえん|けいえん|true
けいおんがく|けいおんがく|true
けいか|けいか|true
けいかい|けいかい|true
けいかく|けいかく|true
けいかくてき|けいかくてき|true
けいかん|けいかん|true
けいき|けいき|true
けいきちょう|けいきちょう|true
けいぐ|けいぐ|true
けいけん|けいけん|true
けいけんしゃ|けいけんしゃ|true
けいけんち|けいけんち|true
けいけんほうふ|けいけんほうふ|true
けいげん|けいげん|true
けいこ|けいこ|true
けいこう|けいこう|true
けいこうぎょう|けいこうぎょう|true
けいこうとう|けいこうとう|true
けいこう灯|けいこうとう|false
けいこく|けいこく|true
けいご|けいご|true
けいさい|けいさい|true
けいさつ|けいさつ|true
けいさつかん|けいさつかん|true
けいさつしょ|けいさつしょ|true
けいさつちょう|けいさつちょう|true
けいさん|けいさん|true
けいざい|けいざい|true
けいざいかい|けいざいかい|true
けいざいがく|けいざいがく|true
けいざいきかくちょう|けいざいきかくちょう|true
けいざいけんきゅうしょ|けいざいけんきゅうじょ|false
けいざいけんきゅうじょ|けいざいけんきゅうじょ|true
けいざいせいちょうりつ|けいざいせいちょうりつ|true
けいざいてき|けいざいてき|true
けいざいふうさ|けいざいふうさ|true
けいし|けいし|true
けいしき|かたしき|false
けいしき|けいしき|true
けいしきてき|けいしきてき|true
けいしちょう|けいしちょう|true
けいしゃ|けいしゃ|true
けいしゅく|けいしゅく|true
けいしょう|けいしょう|true
けいしょく|けいしょく|true
けいしょく|けしき|false
けいしん|けいしん|true
けいじ|けいじ|true
けいじじけん|けいじじけん|true
けいじせきにん|けいじせきにん|true
けいじどうしゃ|けいじどうしゃ|true
けいじばん|けいじばん|true
けいじょう|けいじょう|true
けいじょうりえき|けいじょうりえき|true
けいず|けいず|true
けいせい|けいせい|true
けいせき|けいせき|true
けいそう|けいそう|true
けいそく|けいそく|true
けいそつ|けいそつ|true
けいぞく|けいぞく|true
けいぞくてき|けいぞくてき|true
けいたい|けいたい|true
けいたいでんわ|けいたいでんわ|true
けいたいストラップ|けいたいストラップ|true
けいだい|けいだい|true
けいちゅう|けいちゅう|true
けいちょう|けいちょう|true
けいつね|けいじょう|false
けいてい|きょうだい|false
けいてき|けいてき|true
けいと|けいと|true
けいとう|けいとう|true
けいど|けいど|true
けいにく|とりにく|false
けいはく|けいはく|true
けいはつ|けいはつ|true
けいはん|けいはん|true
けいば|けいば|true
けいばい|きょうばい|false
けいばじょう|けいばじょう|true
けいばつ|けいばつ|true
けいひ|けいひ|true
けいひん|けいひん|true
けいび|けいび|true
けいふ|けいふ|true
けいぶ|けいぶ|true
けいべつ|けいべつ|true
けいほう|けいほう|true
けいほうき|けいほうき|true
けいみょう|けいみょう|true
けいむしょ|けいむしょ|true
けいもう|けいもう|true
けいやく|けいやく|true
けいやくしょ|けいやくしょ|true
けいゆ|けいゆ|true
けいゆう|けいゆ|false
けいよう|けいよう|true
けいようし|けいようし|true
けいらん|けいらん|true
けいり|けいり|true
けいりゅう|けいりゅう|true
けいりょう|けいりょう|true
けいりん|けいりん|true
けいれき|けいれき|true
けいれつ|けいれつ|true
けいろ|けいろ|true
けいろう|けいろう|true
けい光灯|けいこうとう|false
けが|けが|true
けがす|よごす|false
けがにん|けがにん|true
けがわ|けがわ|true
けが人|けがにん|true
けさ|けさ|true
けしいん|けしいん|true
けしき|けしき|true
けしごむ|けしゴム|false
けして|けっして|false
けしょう|けしょう|true
けしゴム|けしゴム|true
けじめ|けじめ|true
けす|けす|true
けずりぶし|けずりぶし|true
けずる|けずる|true
けそう|けしょう|false
けた|けた|true
けだもの|けもの|true
けちえん|けつえん|false
けっか|けっか|true
けっかく|けっかく|true
けっかん|けっかん|true
けっき|けっき|true
けっきょく|けっきょく|true
けっこう|けっこう|true
けっこん|けっこん|true
けっこんあいて|けっこんあいて|true
けっこんしき|けっこんしき|true
けっさい|けっさい|true
けっさいほうほう|けっさいほうほう|true
けっさく|けっさく|true
けっさん|けっさん|true
けっして|けっして|true
けっしゃ|けっしゃ|true
けっしゅう|けっしゅう|true
けっしゅつ|けっしゅつ|true
けっしょう|けっしょう|true
けっしょうせん|けっしょうせん|true
けっしょうてん|けっしょうてん|true
けっしょうトーナメント|けっしょうトーナメント|true
けっしん|けっしん|true
けっする|けっする|true
けっせい|けっせい|true
けっせき|けっせき|true
けっせん|けっせん|true
けっせんとうひょう|けっせんとうひょう|true
けっそく|けっそく|true
けっそん|けっそん|true
けったく|けったく|true
けっちゃく|けっちゃく|true
けってい|けってい|true
けっていてき|けっていてき|true
けってん|けってん|true
けっとう|けっとう|true
けっぱく|けっぱく|true
けっぺき|けっぺき|true
けつ|けつ|true
けつあつ|けつあつ|true
けつい|けつい|true
けついん|けついん|true
けつえき|けつえき|true
けつえきがた|けつえきがた|true
けつえきけんさ|けつえきけんさ|true
けつえん|けつえん|true
けつぎ|けつぎ|true
けつごう|けつごう|true
けつじょ|けつじょ|true
けつじょう|けつじょう|true
けつだん|けつだん|true
けつね|きつね|false
けつべつ|けつべつ|true
けつぼう|けつぼう|true
けつまつ|けつまつ|true
けつゆうびょう|けつゆうびょう|true
けつれつ|けつれつ|true
けつろん|けつろん|true
けとば|ことば|false
けど|けど|true
けども|けど|false
けなげ|けなげ|true
けなす|けなす|true
けねん|けねん|true
けはい|けはい|true
けぶ|けむり|false
けぶい|けむい|false
けぶたい|けむたい|false
けぶり|けむり|false
けぶる|けむる|false
けみょう|かめい|false
けむ|けむり|false
けむい|けむい|true
けむし|けむし|true
けむたい|けむたい|true
けむり|けむり|true
けむる|けむる|true
けもの|けもの|true
けらい|けらい|true
けらく|かいらく|false
ける|ける|true
けれど|けれど|true
けれども|けれど|true
けわい|けしょう|false
けわしい|けわしい|true
けん|けん|true
けんあく|けんあく|true
けんあん|けんあん|true
けんい|けんい|true
けんえい|けんえい|true
けんえき|けんえき|true
けんえつ|けんえつ|true
けんえんのなか|けんえんのなか|true
けんお|けんお|true
けんおかん|けんおかん|true
けんか|けんか|true
けんかい|けんかい|true
けんがい|けんがい|true
けんがく|けんがく|true
けんき|いやき|false
けんきゅう|けんきゅう|true
けんきゅういん|けんきゅういん|true
けんきゅうか|けんきゅうか|true
けんきゅうかん|けんきゅうかん|true
けんきゅうけっか|けんきゅうけっか|true
けんきゅうしつ|けんきゅうしつ|true
けんきゅうしゃ|けんきゅうしゃ|true
けんきゅうしょ|けんきゅうじょ|false
けんきゅうじょ|けんきゅうじょ|true
けんきょ|けんきょ|true
けんきん|けんきん|true
けんぎ|けんぎ|true
けんぎょう|けんぎょう|true
けんけい|けんけい|true
けんけつ|けんけつ|true
けんげき|けんげき|true
けんげん|けんげん|true
けんこう|けんこう|true
けんこうしょくひん|けんこうしょくひん|true
けんこうしんだん|けんこうしんだん|true
けんこうてき|けんこうてき|true
けんこうほけん|けんこうほけん|true
けんこく|けんこく|true
けんご|けんご|true
けんさ|けんさ|true
けんさく|けんさく|true
けんさくじょうけん|けんさくじょうけん|true
けんさつ|けんさつ|true
けんさつかん|けんさつかん|true
けんさつちょう|けんさつちょう|true
けんざい|けんざい|true
けんし|きぬいと|false
けんし|けんし|true
けんしき|けんしき|true
けんしゅう|けんしゅう|true
けんしゅつ|けんしゅつ|true
けんしょう|けんしょう|true
けんしん|けんしん|true
けんじ|けんじ|true
けんじせい|けんじせい|true
けんじつ|けんじつ|true
けんじゅう|けんじゅう|true
けんじょう|けんじょう|true
けんじょうしゃ|けんじょうしゃ|true
けんじん|けんじん|true
けんすい|けんすい|true
けんすう|けんすう|true
けんせい|けんせい|true
けんせつ|けんせつ|true
けんせつしょう|けんせつしょう|true
けんせつてき|けんせつてき|true
けんぜん|けんぜん|true
けんそん|けんそん|true
けんぞう|けんぞう|true
けんぞうぶつ|けんぞうぶつ|true
けんたい|けんたい|true
けんち|けんち|true
けんちく|けんちく|true
けんちくか|けんちくか|true
けんちくがく|けんちくがく|true
けんちくし|けんちくし|true
けんちくぶつ|けんちくぶつ|true
けんちじ|けんちじ|true
けんちょ|けんちょ|true
けんちょう|けんちょう|true
けんてい|けんてい|true
けんとう|けんとう|true
けんとうし|けんとうし|true
けんどう|けんどう|true
けんない|けんない|true
けんにん|けんにん|true
けんねん|けねん|false
けんばん|けんばん|true
けんびきょう|けんびきょう|true
けんぶつ|けんぶつ|true
けんぶつにん|けんぶつにん|true
けんぶん|けんぶん|true
けんぷ|けんぷ|true
けんぼ|けんぼ|true
けんぼう|けんぽう|false
けんぽ|けんぽ|true
けんぽう|けんぽう|true
けんま|けんま|true
けんみん|けんみん|true
けんむ|けんむ|true
けんめい|けんめい|true
けんもん|けんぶん|false
けんもん|けんもん|true
けんやく|けんやく|true
けんり|けんり|true
けんりつ|けんりつ|true
けんりつ|こんりゅう|false
けんりょく|けんりょく|true
けん盤|けんばん|false
けん銃|けんじゅう|false
げい|げい|true
げいいん|げんいん|false
げいげき|げいげき|true
げいごう|げいごう|true
げいしゃ|げいしゃ|true
げいじゅつ|げいじゅつ|true
げいじゅついん|げいじゅついん|true
げいじゅつか|げいじゅつか|true
げいじゅつさい|げいじゅつさい|true
げいにく|げいにく|true
げいにん|げいにん|true
げいのう|げいのう|true
げいのうじん|げいのうじん|true
げいひんかん|げいひんかん|true
げいめい|げいめい|true
げか|げか|true
げかい|げかい|true
げき|げき|true
げきか|げきか|true
げきが|げきが|true
げきげん|げきげん|true
げきさく|げきさく|true
げきじょう|げきじょう|true
げきじん|げきじん|true
げきせん|げきせん|true
げきだん|げきだん|true
げきちん|げきちん|true
げきつい|げきつい|true
げきてき|げきてき|true
げきとつ|げきとつ|true
げきど|げきど|true
げきどう|げきどう|true
げきへん|げきへん|true
げきやく|げきやく|true
げきりゅう|げきりゅう|true
げきれい|げきれい|true
げきろん|げきろん|true
げこ|げこ|true
げさん|げざん|false
げざん|げざん|true
げし|げし|true
げしゃ|げしゃ|true
げしゅく|げしゅく|true
げじゅん|げじゅん|true
げすい|げすい|true
げすいどう|げすいどう|true
げた|げた|true
げっか|げきか|false
げっかん|げっかん|true
げっきゅう|げっきゅう|true
げっけい|げっけい|true
げっこう|げっこう|true
げっさん|げっさん|true
げっしゃ|げっしゃ|true
げっしゅう|げっしゅう|true
げっしょく|げっしょく|true
げっぷ|げっぷ|true
げつがく|げつがく|true
げつじ|つきなみ|false
げつない|げつない|true
げつまつ|げつまつ|true
げつめん|げつめん|true
げつや|つきよ|false
げつよう|げつよう|true
げつようび|げつようび|true
げつれい|げつれい|true
げねつ|げねつ|true
げひん|げひん|true
げめん|がいめん|false
げや|げや|true
げらく|げらく|true
げり|げり|true
げん|げん|true
げんあん|げんあん|true
げんいん|げんいん|true
げんえい|げんえい|true
げんえき|げんえき|true
げんか|げんか|true
げんかい|げんかい|true
げんかく|げんかく|true
げんかしょうきゃく|げんかしょうきゃく|true
げんかん|げんかん|true
げんが|げんが|true
げんがく|げんがく|true
げんがっき|げんがっき|true
げんき|げんき|true
げんきゅう|げんきゅう|true
げんきょ|げんご|false
げんきょう|げんきょう|true
げんきん|げんきん|true
げんぎ|げんぎ|true
げんけい|げんけい|true
げんこう|げんこう|true
げんこうはん|げんこうはん|true
げんこうようし|げんこうようし|true
げんこく|げんこく|true
げんこつ|げんこつ|true
げんご|げんご|true
げんごう|げんごう|true
げんさく|げんさく|true
げんさん|げんさん|true
げんさんち|げんさんち|true
げんざい|げんざい|true
げんざいりょう|げんざいりょう|true
げんし|げんし|true
げんしかく|げんしかく|true
げんしち|げんち|false
げんしつ|げんち|false
げんしゅ|げんしゅ|true
げんしゅう|げんしゅう|true
げんしゅく|げんしゅく|true
げんしょ|げんしょ|true
げんしょう|げんしょう|true
げんしょく|げんしょく|true
げんしりょく|げんしりょく|true
げんしろ|げんしろ|true
げんじ|げんじ|true
げんじつ|げんじつ|true
げんじつてき|げんじつてき|true
げんじてん|げんじてん|true
げんじゅう|げんじゅう|true
げんじゅうしょ|げんじゅうしょ|true
げんじゅうみん|げんじゅうみん|true
げんじょう|げんじゅう|false
げんじょう|げんじょう|true
げんじょう|げんば|false
げんじん|げんじん|true
げんすい|げんすい|true
げんすいばく|げんすいばく|true
げんせい|げんせい|true
げんせん|げんせん|true
げんぜい|げんぜい|true
げんそ|げんそ|true
げんそう|げんそう|true
げんそく|げんそく|true
げんぞう|げんぞう|true
げんたい|げんたい|true
げんたん|げんたん|true
げんだい|げんだい|true
げんだいしゃかい|げんだいしゃかい|true
げんだいてき|げんだいてき|true
げんだんかい|げんだんかい|true
げんち|げんち|true
げんちょう|げんじゅう|false
げんてい|げんてい|true
げんてん|げんてん|true
げんど|げんど|true
げんどう|げんどう|true
げんどうりょく|げんどうりょく|true
げんどがく|げんどがく|true
げんに|げんに|true
げんば|げんば|true
げんばく|げんばく|true
げんばつ|げんばつ|true
げんぱつ|げんぱつ|true
げんぶつ|げんぶつ|true
げんぶん|げんぶん|true
げんぽう|げんぽう|true
げんぽん|がんぽん|false
げんぽん|げんぽん|true
げんまい|げんまい|true
げんみつ|げんみつ|true
げんめい|げんめい|true
げんめつ|げんめつ|true
げんめん|げんめん|true
げんや|げんや|true
げんゆ|げんゆ|true
げんゆう|げんゆう|true
げんり|げんり|true
げんりゅう|げんりゅう|true
げんりょう|げんりょう|true
げんろう|げんろう|true
げんろく|げんろく|true
げんろん|げんろん|true
こ|こ|true
こ|こな|false
こ|むすめ|false
こあめ|こさめ|false
こい|こい|true
こいごころ|こいごころ|true
こいし|こいし|true
こいしい|こいしい|true
こいする|こいする|true
こいつ|こいつ|true
こいつら|こいつら|true
こいつ等|こいつら|false
こいぬ|こいぬ|true
こいびと|こいびと|true
こいぶみ|こいぶみ|true
こう|くれない|false
こう|こう|true
こう|さち|false
こう|はがね|false
こうあつ|こうあつ|true
こうあん|こうあん|true
こうあんいいんかい|こうあんいいんかい|true
こうい|こうい|true
こういう|こういう|true
こういき|こういき|true
こういしつ|こういしつ|true
こういしょう|こういしょう|true
こういった|こういった|true
こういん|こういん|true
こうう|こうう|true
こううん|こううん|true
こうえい|こうえい|true
こうえき|こうえき|true
こうえきほうじん|こうえきほうじん|true
こうえつ|こうえつ|true
こうえん|こうえん|true
こうえんかい|こうえんかい|true
こうおつ|こうおつ|true
こうおん|こうおん|true
こうか|こうか|true
こうかい|こうかい|true
こうかいちゅう|こうかいちゅう|true
こうかいどう|こうかいどう|true
こうかく|こうかく|true
こうかてき|こうかてき|true
こうかん|こうかん|true
こうかんど|こうかんど|true
こうがい|こうがい|true
こうがく|こうがく|true
こうがくしきもじにんしき|こうがくしきもじにんしき|true
こうがくねん|こうがくねん|true
こうがくぶ|こうがくぶ|true
こうき|こうき|true
こうきあつ|こうきあつ|true
こうきしん|こうきしん|true
こうきゅう|こうきゅう|true
こうきゅうホテル|こうきゅうホテル|true
こうきょ|こうきょ|true
こうきょう|こうきょう|true
こうきょうがくだん|こうきょうがくだん|true
こうきょうきょく|こうきょうきょく|true
こうきょうほうそう|こうきょうほうそう|true
こうきょうりょうきん|こうきょうりょうきん|true
こうきん|こうきん|true
こうぎ|こうぎ|true
こうぎょ|こうきょ|false
こうぎょう|こうぎょう|true
こうく|こうく|true
こうくう|こうくう|true
こうくうがいしゃ|こうくうがいしゃ|true
こうくうき|こうくうき|true
こうくうけん|こうくうけん|true
こうくうじえいたい|こうくうじえいたい|true
こうくうびん|こうくうびん|true
こうくうぼかん|こうくうぼかん|true
こうけい|こうけい|true
こうけいき|こうけいき|true
こうけつ|こうけつ|true
こうけつあつ|こうけつあつ|true
こうけん|こうけん|true
こうげい|こうげい|true
こうげき|こうげき|true
こうげん|こうげん|true
こうこ|こうこ|true
こうこう|こうこう|true
こうこうせい|こうこうせい|true
こうこがく|こうこがく|true
こうこく|こうこく|true
こうこん|たそがれ|false
こうご|こうご|true
こうごう|こうごう|true
こうさ|こうさ|true
こうさい|こうさい|true
こうさい|ごさい|false
こうさいひ|こうさいひ|true
こうさく|こうさく|true
こうさくいん|こうさくいん|true
こうさくきかい|こうさくきかい|true
こうさつ|こうさつ|true
こうさてん|こうさてん|true
こうさん|こうさん|true
こうざ|こうざ|true
こうざい|こうざい|true
こうざばんごう|こうざばんごう|true
こうざん|こうざん|true
こうし|こうし|true
こうし|こうじ|false
こうし|コンス|false
こうしえん|こうしえん|true
こうしき|こうしき|true
こうしきせん|こうしきせん|true
こうしきサイト|こうしきサイト|true
こうしつ|こうしつ|true
こうしゃ|こうしゃ|true
こうしゃく|こうしゃく|true
こうしゃさい|こうしゃさい|true
こうしゅ|こうしゅ|true
こうしゅう|こうしゅう|true
こうしゅうえいせい|こうしゅうえいせい|true
こうしゅうでんわ|こうしゅうでんわ|true
こうしゅうにゅう|こうしゅうにゅう|true
こうしゅけい|こうしゅけい|true
こうしょ|こうしょ|true
こうしょう|こうしょう|true
こうしょく|きいろ|false
こうしょく|こうしょく|true
こうしん|こうしん|true
こうしんじょ|こうしんじょ|true
こうしんりょう|こうしんりょう|true
こうじ|こうし|false
こうじ|こうじ|true
こうじちゅう|こうじちゅう|true
こうじつ|こうじつ|true
こうじゅつ|こうじゅつ|true
こうじょ|こうじょ|true
こうじょう|こうじょう|true
こうじょうせん|こうじょうせん|true
こうじょりょうぞく|こうじょりょうぞく|true
こうじん|こうじん|true
こうすい|こうすい|true
こうすいじゅん|こうすいじゅん|true
こうすいりょう|こうすいりょう|true
こうすると|こうすると|true
こうすれば|こうすれば|true
こうず|こうず|true
こうずい|こうずい|true
こうずる|こうずる|true
こうせい|こうせい|true
こうせいしょう|こうせいしょう|true
こうせいせき|こうせいせき|true
こうせいねんきん|こうせいねんきん|true
こうせいのう|こうせいのう|true
こうせいぶっしつ|こうせいぶっしつ|true
こうせき|こうせき|true
こうせつ|こうせつ|true
こうせん|こうせん|true
こうぜん|こうぜん|true
こうそ|こうそ|true
こうそう|こうそう|true
こうそく|こうそく|true
こうそくど|こうそくど|true
こうそくどうろ|こうそくどうろ|true
こうそくバス|こうそくバス|true
こうそつ|こうそつ|true
こうぞう|こうぞう|true
こうぞうぶつ|こうぞうぶつ|true
こうぞく|こうぞく|true
こうたい|こうたい|true
こうたいこう|こうたいごう|false
こうたいごう|こうたいごう|true
こうたいし|こうたいし|true
こうたいしひ|こうたいしひ|true
こうたく|こうたく|true
こうだい|こうたい|false
こうだい|こうだい|true
こうだん|こうだん|true
こうち|こうち|true
こうちく|こうちく|true
こうちしょ|こうちしょ|true
こうちゃ|こうちゃ|true
こうちょう|こうちょう|true
こうちょうかい|こうちょうかい|true
こうちょく|こうちょく|true
こうつう|こうつう|true
こうつうきかん|こうつうきかん|true
こうつうじこ|こうつうじこ|true
こうつうひ|こうつうひ|true
こうつうもう|こうつうもう|true
こうつごう|こうつごう|true
こうてい|こうてい|true
こうていぶあい|こうていぶあい|true
こうてき|こうてき|true
こうてつ|こうてつ|true
こうてん|こうてん|true
こうてんし|ひばり|false
こうてんてき|こうてんてき|true
こうとう|こうとう|true
こうとうがっこう|こうとうがっこう|true
こうとうきょういく|こうとうきょういく|true
こうとうべんろん|こうとうべんろん|true
こうど|こうど|true
こうどう|こうどう|true
こうどく|こうどく|true
こうない|こうない|true
こうにち|こうにち|true
こうにゅう|こうにゅう|true
こうにん|こうにん|true
こうにんかいけいし|こうにんかいけいし|true
こうねつ|こうねつ|true
こうねつひ|こうねつひ|true
こうねん|こうねん|true
こうねんき|こうねんき|true
こうのう|こうのう|true
こうは|こうは|true
こうはい|こうはい|true
こうはく|こうはく|true
こうはつ|こうはつ|true
こうはん|かんぱん|true
こうはん|こうはん|true
こうはんい|こうはんい|true
こうはんせん|こうはんせん|true
こうば|こうじょう|true
こうばい|こうばい|true
こうばいりょく|こうばいりょく|true
こうばしい|こうばしい|true
こうばん|こうはん|true
こうばん|こうばん|true
こうひ|こうひ|true
こうひょう|こうひょう|true
こうひんしつ|こうひんしつ|true
こうふ|こうふ|true
こうふく|こうふく|true
こうふん|こうふん|true
こうぶ|こうぶ|true
こうぶつ|こうぶつ|true
こうぶん|こうぶん|true
こうぶんしょ|こうぶんしょ|true
こうへい|こうへい|true
こうべ|こうべ|true
こうほ|こうほ|true
こうほう|こうほう|true
こうほしゃ|こうほしゃ|true
こうぼ|こうぼ|true
こうぼう|こうぼう|true
こうみょう|こうみょう|true
こうみょう|こうめい|false
こうみん|こうみん|true
こうみんかん|こうみんかん|true
こうみんけん|こうみんけん|true
こうみんとう|こうみんとう|true
こうむ|こうむ|true
こうむいん|こうむいん|true
こうめい|こうみょう|false
こうめい|こうめい|true
こうめいとう|こうめいとう|true
こうもく|こうもく|true
こうもん|こうもん|true
こうや|こうや|true
こうやく|こうやく|true
こうゆう|こういう|false
こうゆう|こうゆう|true
こうよう|こうよう|true
こうようじゅ|こうようじゅ|true
こうらい|こうらい|true
こうらく|こうらく|true
こうらくち|こうらくち|true
こうり|こうり|true
こうりかかく|こうりかかく|true
こうりつ|こうりつ|true
こうりつてき|こうりつてき|true
こうりてん|こうりてん|true
こうりゃく|こうりゃく|true
こうりゅう|こうりゅう|true
こうりょ|こうりょ|true
こうりょう|こうりょう|true
こうりょく|こうりょく|true
こうりょく|ごうりょく|false
こうれい|こうれい|true
こうれいしゃ|こうれいしゃ|true
こうれつ|こうれつ|true
こうろ|こうろ|true
こうろう|こうろう|true
こうろん|こうろん|true
こうわ|こうわ|true
こうわん|こうわん|true
こう言う|こういう|true
こう言った|こういった|true
こう配|こうばい|false
こえ|こえ|true
こえだ|こえだ|true
こえる|こえる|true
こおう|こおう|true
こおり|ぐん|false
こおり|こおり|true
こおる|こおる|true
こかく|こきゃく|false
こかくまんぞく|こかくまんぞく|true
こかげ|こかげ|true
こかつ|こかつ|true
こがい|こがい|true
こがいしゃ|こがいしゃ|true
こがす|こがす|true
こがた|こがた|true
こがたな|こがたな|true
こがね|こがね|true
こがら|こがら|true
こがらし|こがらし|true
こきざみ|こきざみ|true
こきゃく|こきゃく|true
こきゃくまんぞく|こかくまんぞく|false
こきゅう|こきゅう|true
こきゅうき|こきゅうき|true
こきょう|こきょう|true
こきん|ここん|false
こぎ|きょぎ|false
こぎって|こぎって|true
こく|こく|true
こくい|こくい|true
こくいっこく|こくいっこく|true
こくいっこくと|こくいっこくと|true
こくう|こくう|true
こくえ|こくい|false
こくえい|こくえい|true
こくえき|こくえき|true
こくえん|こくえん|true
こくおう|こくおう|true
こくがい|こくがい|true
こくがく|こくがく|true
こくぎ|こくぎ|true
こくぐら|こくそう|false
こくぐん|こくぐん|true
こくこく|こっこく|false
こくご|こくご|true
こくごじてん|こくごじてん|true
こくさい|こくさい|true
こくさいか|こくさいか|true
こくさいきょうりょくじぎょうだん|こくさいきょうりょくじぎょうだん|true
こくさいじん|こくさいじん|true
こくさいてき|こくさいてき|true
こくさいほう|こくさいほう|true
こくさいれんごう|こくさいれんごう|true
こくさく|こくさく|true
こくさん|こくさん|true
こくし|こくし|true
こくしょ|こくしょ|true
こくしょく|くろいろ|false
こくじ|こくじ|true
こくじょう|こくじょう|true
こくじん|こくじん|true
こくせい|こくせい|true
こくせいちょうさ|こくせいちょうさ|true
こくせき|こくせき|true
こくぜ|こくぜ|true
こくぜい|こくぜい|true
こくぜいきょく|こくぜいきょく|true
こくぜいちょう|こくぜいちょう|true
こくそ|こくそ|true
こくそう|こくそう|true
こくたい|こくたい|true
こくち|こくち|true
こくてつ|こくてつ|true
こくてんし|ひばり|false
こくど|こくど|true
こくどう|こくどう|true
こくどちょう|こくどちょう|true
こくない|こくない|true
こくないりょこう|こくないりょこう|true
こくにん|こくじん|false
こくはく|くろしろ|false
こくはく|こくはく|true
こくはつ|こくはつ|true
こくばん|こくばん|true
こくひ|こくひ|true
こくひょう|こくひょう|true
こくひん|こくひん|true
こくびゃく|くろしろ|false
こくふ|こくふ|true
こくふく|こくふく|true
こくぶんがく|こくぶんがく|true
こくぶんじ|こくぶんじ|true
こくべつ|こくべつ|true
こくほう|こくほう|true
こくぼう|こくぼう|true
こくみん|こくみん|true
こくみんけんこうほけん|こくみんけんこうほけん|true
こくみんしゅくしゃ|こくみんしゅくしゃ|true
こくみんせい|こくみんせい|true
こくみんそうせいさん|こくみんそうせいさん|true
こくみんてき|こくみんてき|true
こくみんとうひょう|こくみんとうひょう|true
こくみんねんきん|こくみんねんきん|true
こくむ|こくむ|true
こくむしょう|こくむしょう|true
こくむだいじん|こくむだいじん|true
こくむちょうかん|こくむちょうかん|true
こくめい|こくめい|true
こくもつ|こくもつ|true
こくゆう|こくゆう|true
こくりつ|こくりつ|true
こくりつげきじょう|こくりつげきじょう|true
こくりつはくぶつかん|こくりつはくぶつかん|true
こくりょく|こくりょく|true
こくるい|こくるい|true
こくれん|こくれん|true
こくろん|こくろん|true
こぐ|こぐ|true
こぐち|こぐち|true
こけ|うろこ|false
こけ|こけ|true
こけい|こけい|true
こけら|うろこ|false
こげる|こげる|true
ここ|きゅう|false
ここ|ここ|true
ここく|ここく|true
ここじん|ここじん|true
ここち|ここち|true
ここちいい|ここちよい|false
ここちよい|ここちよい|true
ここぬか|ここのか|false
ここの|きゅう|false
ここのえ|ここのえ|true
ここのか|ここのか|true
ここのつ|ここのつ|true
ここら|ここら|true
こころ|こころ|true
こころあたり|こころあたり|true
こころいき|こころいき|true
こころえ|こころえ|true
こころえる|こころえる|true
こころから|こころから|true
こころがけ|こころがけ|true
こころがける|こころがける|true
こころがまえ|こころがまえ|true
こころざし|こころざし|true
こころざす|こころざす|true
こころづかい|こころづかい|true
こころづよい|こころづよい|true
こころぼそい|こころぼそい|true
こころまち|こころまち|true
こころみ|こころみ|true
こころみる|こころみる|true
こころよい|こころよい|true
こころをこめて|こころをこめて|true
こころ細い|こころぼそい|false
ここん|ここん|true
こご|こご|true
こごえ|こごえ|true
こごえる|こごえる|true
こごと|こごと|true
こさじ|こさじ|true
こさめ|こさめ|true
こさん|こさん|true
こざら|こざら|true
こし|こし|true
こしかけ|こしかけ|true
こしかける|こしかける|true
こしつ|こしつ|true
こしゅう|こしつ|false
こしょ|こしょ|true
こしょう|こしょう|true
こしらえる|こしらえる|true
こじ|こじ|true
こじいん|こじいん|true
こじき|こじき|true
こじま|こじま|true
こじょう|こじょう|true
こじん|こじん|true
こじんさ|こじんさ|true
こじんてき|こじんてき|true
こす|こす|true
こすい|こすい|true
こすい|ずるい|false
こすう|こすう|true
こする|こする|true
こずかい|こづかい|false
こせい|こせい|true
こせい|よびごえ|false
こせいてき|こせいてき|true
こせき|こせき|true
こせきとうほん|こせきとうほん|true
こぜに|こぜに|true
こそ|こそ|true
こそこそ|こそこそ|true
こそだて|こそだて|true
こぞ|きょねん|false
こぞう|こぞう|true
こたい|こたい|true
こたえ|こたえ|true
こたえる|こたえる|true
こたつ|こたつ|true
こだい|こだい|true
こだわる|こだわる|true
こち|こちら|false
こちこち|カチカチ|false
こちょう|こちょう|true
こちら|こちら|true
こっか|こっか|true
こっかい|こっかい|true
こっかいぎいん|こっかいぎいん|true
こっかいぎじどう|こっかいぎじどう|true
こっかく|こっかく|true
こっかこうむいん|こっかこうむいん|true
こっかしけん|こっかしけん|true
こっき|こっき|true
こっきょう|こっきょう|true
こっけい|こっけい|true
こっけいせつ|こっけいせつ|true
こっけん|こっけん|true
こっこ|こっこ|true
こっこう|こっこう|true
こっこく|こっこく|true
こっし|こっし|true
こっせつ|こっせつ|true
こっそり|こっそり|true
こった|こった|true
こっち|こちら|true
こっとう|こっとう|true
こつこつ|コツコツ|true
こつじき|こじき|false
こつずい|こつずい|true
こづかい|こづかい|true
こづつみ|こづつみ|true
こてい|こてい|true
こていしさん|こていしさん|true
こていひ|こていひ|true
こてさき|こてさき|true
こてん|こてん|true
こてんてき|こてんてき|true
こと|げん|false
こと|こと|true
ことう|ことう|true
ことがある|ことがある|true
ことができる|ことができる|true
ことがない|ことがない|true
ことがら|ことがら|true
ことが出来る|ことができる|true
ことが無い|ことがない|false
ことごとく|ことごとく|true
ことし|ことし|true
ことてん|じてん|false
ことなる|ことなる|true
ことに|ことに|true
ことにする|ことにする|true
ことになる|ことになる|true
ことによって|ことによって|true
ことにより|ことにより|true
ことによる|ことによる|true
ことば|ことば|true
ことばづかい|ことばづかい|true
ことば使い|ことばづかい|false
ことば遣い|ことばづかい|false
ことぶき|ことぶき|true
ことゆえ|じこ|false
ことり|ことり|true
ことわざ|ことわざ|true
ことわらず|ことわらず|true
ことわり|ことわり|true
ことわる|ことわる|true
こどう|こどう|true
こどうぐ|こどうぐ|true
こどく|こどく|true
こども|こども|true
こどもたち|こどもたち|true
こどものころ|こどものころ|true
こどもの頃|こどものころ|false
こどもよう|こどもよう|true
こども用|こどもよう|false
こども達|こどもたち|false
こな|こな|true
こなす|こなす|true
こなミルク|こなミルク|true
こにちは|こんにちは|false
こにちわ|こんにちは|false
こねこ|こねこ|true
この|きゅう|false
この|この|true
このあいだ|このあいだ|true
このうち|このうち|true
このえ|このえ|true
このかん|このあいだ|false
このごろ|このごろ|true
このため|このため|true
このなか|このうち|false
このは|このは|true
このへん|このへん|true
このほか|このほか|true
このまえ|このまえ|true
このましい|このましい|true
このみ|きのみ|false
このみ|このみ|true
このむ|このむ|true
このめ|きのめ|false
このんで|このんで|true
この中|このうち|false
この内|このうち|true
この前|このまえ|true
この外|このほか|true
この辺|このへん|true
この間|このあいだ|true
この頃|このごろ|true
こはく|こはく|true
こはば|こはば|true
こはん|こはん|true
こばむ|こばむ|true
こひつじ|こひつじ|true
こびと|こびと|true
こぴぺ|コピペ|false
こふう|こふう|true
こふん|こふん|true
こぶ|こぶ|true
こぶ|こんぶ|false
こぶし|こぶし|true
こぶね|こぶね|true
こぶん|こぶん|true
こぶんしょ|こもんじょ|false
こべつ|こべつ|true
こべつほうもん|こべつほうもん|true
こほん|ふるほん|false
こぼく|かれき|false
こぼす|こぼす|true
こぼれる|こぼれる|true
こま|こま|true
こまか|こまか|true
こまかい|こまかい|true
こまかいこと|こまかいこと|true
こまかく|こまかく|true
こまく|こまく|true
こまごま|こまごま|true
こまりはてる|こまりはてる|true
こまる|こまる|true
こむ|こむ|true
こむぎ|こむぎ|true
こむぎこ|こむぎこ|true
こむすび|こむすび|true
こめ|こめ|true
こめぐら|こめぐら|true
こめつぶ|こめつぶ|true
こめる|こめる|true
こもじ|こもじ|true
こもの|こもの|true
こもり|こもり|true
こもりうた|こもりうた|true
こもる|こもる|true
こもん|こもん|true
こもんじょ|こもんじょ|true
こや|こや|true
こやく|こやく|true
こやし|こやし|true
こやす|こやす|true
こやつ|こいつ|false
こやま|こやま|true
こゆう|こゆう|true
こゆび|こゆび|true
こよい|こよい|true
こよう|こよう|true
こよみ|こよみ|true
こらい|こらい|true
こりしょう|こりしょう|true
こりつ|こりつ|true
こりる|こりる|true
こる|こる|true
これ|これ|true
これから|これから|true
これこそ|これこそ|true
これで|これで|true
これまで|これまで|true
これら|これら|true
これをきに|これをきに|true
これを期に|これをきに|false
これを機に|これをきに|true
これ等|これら|true
これ迄|これまで|false
ころ|ころ|true
ころがす|ころがす|true
ころがる|ころがる|true
ころころ|コロコロ|false
ころし|ころし|true
ころす|ころす|true
ころぶ|ころぶ|true
ころも|ころも|true
ころもがえ|ころもがえ|true
ころんころん|コロコロ|false
こわい|こわい|true
こわいろ|こわいろ|true
こわがる|こわがる|true
こわす|こわす|true
こわだか|こわだか|true
こわれる|こわれる|true
こん|この|false
こん|こん|true
こんい|こんい|true
こんいん|こんいん|true
こんか|こんか|true
こんかい|こんかい|true
こんかん|こんかん|true
こんがん|こんがん|true
こんき|こんき|true
こんきゅう|こんきゅう|true
こんきょ|こんきょ|true
こんけつ|こんけつ|true
こんげつ|こんげつ|true
こんげん|こんげん|true
こんご|こんご|true
こんごう|こんごう|true
こんざつ|こんざつ|true
こんしゅう|こんしゅう|true
こんしゅうまつ|こんしゅうまつ|true
こんしゅん|こんしゅん|true
こんしん|こんしん|true
こんじき|きんいろ|true
こんじつ|きょう|false
こんじゃく|こんじゃく|true
こんじょう|こんじょう|true
こんすい|こんすい|true
こんせい|こんせい|true
こんせき|こんじゃく|false
こんせき|こんせき|true
こんせつ|こんせつ|true
こんせん|こんせん|true
こんぜつ|こんぜつ|true
こんたん|こんたん|true
こんだて|こんだて|true
こんだん|こんだん|true
こんち|きょう|false
こんちゅう|こんちゅう|true
こんちょう|けさ|false
こんてい|こんてい|true
こんど|こんど|true
こんどう|こんどう|true
こんな|こんな|true
こんなに|こんなに|true
こんなん|こんなん|true
こんにち|きょう|true
こんにちてき|こんにちてき|true
こんにちは|こんにちは|true
こんにちわ|こんにちは|false
こんにゅう|こんにゅう|true
こんねん|ことし|false
こんねんど|こんねんど|true
こんばん|こんばん|true
こんばんは|こんばんは|true
こんばんわ|こんばんは|false
こんぶ|こんぶ|true
こんぼう|こんぼう|true
こんぼん|こんぽん|false
こんぽう|こんぽう|true
こんぽん|こんぽん|true
こんぽんてき|こんぽんてき|true
こんめい|あだな|false
こんめい|こんめい|true
こんや|こうや|true
こんや|こんや|true
こんやく|こんやく|true
こんやくしゃ|こんやくしゃ|true
こんらん|こんらん|true
こんりゅう|こんりゅう|true
こんろ|こんろ|true
こんわ|こんわ|true
こんわく|こんわく|true
こん包|こんぽう|false
こネタ|こネタ|true
こーいう|こういう|false
こーゆー|こういう|false
ご|ご|true
ごい|ごい|true
ごう|ごう|true
ごうい|ごうい|true
ごういん|ごういん|true
ごうう|ごうう|true
ごうか|ごうか|true
ごうかい|ごうかい|true
ごうかく|ごうかく|true
ごうがい|ごうがい|true
ごうきゅう|ごうきゅう|true
ごうきん|ごうきん|true
ごうぎ|ごうぎ|true
ごうけい|ごうけい|true
ごうけつ|ごうけつ|true
ごうけん|ごうけん|true
ごうしゃ|ごうしゃ|true
ごうじょう|ごうじょう|true
ごうせい|ごうせい|true
ごうせいせんい|ごうせいせんい|true
ごうせいせんざい|ごうせいせんざい|true
ごうせん|ごうせん|true
ごうぞく|ごうぞく|true
ごうだつ|ごうだつ|true
ごうとう|ごうとう|true
ごうどう|ごうどう|true
ごうはん|ごうはん|true
ごうばん|ごうはん|true
ごうひ|ごうひ|true
ごうべん|ごうべん|true
ごうほう|ごうほう|true
ごうほうてき|ごうほうてき|true
ごうまん|ごうまん|true
ごうもん|ごうもん|true
ごうり|ごうり|true
ごうりか|ごうりか|true
ごうりき|ごうりょく|false
ごうりてき|ごうりてき|true
ごうりゅう|ごうりゅう|true
ごうりょく|ごうりょく|true
ごうれい|ごうれい|true
ごう慢|ごうまん|false
ごえい|ごえい|true
ごえつどうしゅう|ごえつどうしゅう|true
ごえんりょください|ごえんりょください|true
ごかい|ごかい|true
ごかく|ごかく|true
ごかん|ごかん|true
ごがく|ごがく|true
ごがつ|ごがつ|true
ごがん|ごがん|true
ごき|ごき|true
ごきぶり|ゴキブリ|false
ごきょうりょく|ごきょうりょく|true
ごく|ごく|true
ごくかん|ごっかん|false
ごくじょう|ごくじょう|true
ごくちゅう|ごくちゅう|true
ごくひ|ごくひ|true
ごくらく|ごくらく|true
ごくろうさま|ごくろうさま|true
ごくろーさま|ごくろうさま|false
ごけん|ごけん|true
ごげん|ごげん|true
ごこく|ごこく|true
ごご|ごご|true
ごさ|ごさ|true
ごさい|ごさい|true
ごさん|ごさん|true
ござ|ござ|true
ございます|ございます|true
ごし|ごし|true
ごしゅじん|ごしゅじん|true
ごしょ|ごしょ|true
ごしょく|ごしょく|true
ごじ|ごじ|true
ごじつ|きじつ|false
ごじつ|ごじつ|true
ごじゅう|ごじゅう|true
ごじゅうおん|ごじゅうおん|true
ごじゅうさんつぎ|ごじゅうさんつぎ|true
ごじょ|ごじょ|true
ごせん|ごせん|true
ごぜん|ごぜん|true
ごぜんちゅう|ごぜんちゅう|true
ごそう|ごそう|true
ごぞんじ|ごぞんじ|true
ごたい|ごたい|true
ごちそう|ごちそう|true
ごちそうさま|ごちそうさま|true
ごちそうさまでした|ごちそうさまでした|true
ごっかん|ごっかん|true
ごて|ごて|true
ごてん|ごてん|true
ごと|ごと|true
ごとし|ごとし|true
ごとに|ごとに|true
ごにち|いつか|false
ごにち|ごじつ|false
ごにん|ごにん|true
ごはん|ごはん|true
ごばん|ごばん|true
ごふく|ごふく|true
ごぶ|ごぶ|true
ごぶさた|ごぶさた|true
ごほう|ごほう|true
ごほうび|ごほうび|true
ごま|ごま|true
ごまかす|ごまかす|true
ごみ|ゴミ|true
ごみばこ|ごみばこ|true
ごみ箱|ごみばこ|false
ごめん|ごめん|true
ごめんください|ごめんください|true
ごめん下さい|ごめんください|false
ごもん|みかど|false
ごようてい|ごようてい|true
ごらく|ごらく|true
ごらん|ごらん|true
ごらんになる|ごらんになる|true
ごりょうしょうください|ごりょうしょうください|true
ごりん|ごりん|true
ごれんらく|ごれんらく|true
ごろ|ころ|true
ごろごろ|ゴロゴロ|true
ごろんごろん|ゴロゴロ|false
ごんご|げんご|false
ご不沙汰|ごぶさた|false
ご主人|ごしゅじん|true
ご了承ください|ごりょうしょうください|true
ご了承下さい|ごりょうしょうください|true
ご免|ごめん|true
ご免ください|ごめんください|false
ご免下さい|ごめんください|false
ご協力|ごきょうりょく|true
ご存じ|ごぞんじ|true
ご存知|ごぞんじ|true
ご座います|ございます|false
ご所|ごしょ|false
ご殿|ごてん|false
ご無沙汰|ごぶさた|true
ご苦労さま|ごくろうさま|true
ご苦労様|ごくろうさま|true
ご褒美|ごほうび|true
ご覧|ごらん|true
ご覧になる|ごらんになる|true
ご連絡|ごれんらく|true
ご遠慮ください|ごえんりょください|true
ご遠慮下さい|ごえんりょください|true
ご飯|ごはん|true
ご馳走|ごちそう|true
ご馳走さま|ごちそうさま|true
ご馳走さまでした|ごちそうさまでした|false
ご馳走様|ごちそうさま|true
ご馳走様でした|ごちそうさまでした|true
さ|さ|true
さ|や|false
さぁ|さあ|false
さあ|さあ|true
さい|さい|true
さいあい|さいあい|true
さいあく|さいあく|true
さいえん|さいえん|true
さいか|さいか|true
さいかい|さいかい|true
さいかいはつ|さいかいはつ|true
さいかくにん|さいかくにん|true
さいがい|さいがい|true
さいき|さいき|true
さいきどう|さいきどう|true
さいきょう|さいきょう|true
さいきん|さいきん|true
さいく|さいく|true
さいくつ|さいくつ|true
さいけいこく|さいけいこく|true
さいけつ|さいけつ|true
さいけん|さいけん|true
さいけんとう|さいけんとう|true
さいげつ|さいげつ|true
さいげん|さいげん|true
さいこ|さいこ|true
さいこう|さいこう|true
さいこうきゅう|さいこうきゅう|true
さいこうけん|さいこうけん|true
さいこうさい|さいこうさい|true
さいこうび|さいこうび|true
さいこうほう|さいこうほう|true
さいこん|さいこん|true
さいご|さいご|true
さいごのぶたい|さいごのぶたい|true
さいさん|さいさん|true
さいし|さいし|true
さいしき|さいしき|true
さいしゅ|さいしゅ|true
さいしゅう|さいしゅう|true
さいしゅうてき|さいしゅうてき|true
さいしゅつ|さいしゅつ|true
さいしょ|さいしょ|true
さいしょう|さいしょう|true
さいしょうげん|さいしょうげん|true
さいしょく|さいしき|false
さいしょく|さいしょく|true
さいしん|さいしん|true
さいしんえい|さいしんえい|true
さいしんけんきゅう|さいしんけんきゅう|true
さいしんじょうほう|さいしんじょうほう|true
さいしんニュース|さいしんニュース|true
さいじつ|さいじつ|true
さいじゅうてん|さいじゅうてん|true
さいじょう|さいじょう|true
さいせい|さいせい|true
さいせいき|さいせいき|true
さいせき|さいせき|true
さいせん|さいせん|true
さいせんたん|さいせんたん|true
さいぜん|さいぜん|true
さいぜんせん|さいぜんせん|true
さいぜんれつ|さいぜんれつ|true
さいそく|さいそく|true
さいた|さいた|true
さいたく|さいたく|true
さいたま|さいたま|true
さいたん|さいたん|true
さいだい|さいだい|true
さいだいげん|さいだいげん|true
さいだん|さいだん|true
さいちゅう|さいちゅう|true
さいちょう|さいちょう|true
さいてい|さいてい|true
さいていげん|さいていげん|true
さいてき|さいてき|true
さいてん|さいてん|true
さいど|さいど|true
さいなん|さいなん|true
さいにゅう|さいにゅう|true
さいにん|さいにん|true
さいねん|さいねん|true
さいねんしょう|さいねんしょう|true
さいのう|さいのう|true
さいはつ|さいはつ|true
さいはん|さいはん|true
さいばい|さいばい|true
さいばん|さいばん|true
さいばんかん|さいばんかん|true
さいばんしょ|さいばんしょ|true
さいふ|さいふ|true
さいぶ|さいぶ|true
さいぶん|さいぶん|true
さいへん|さいへん|true
さいほう|さいほう|true
さいほう|さいぼう|false
さいほう|せいほう|false
さいぼう|さいぼう|true
さいぼうない|さいぼうない|true
さいまつ|さいまつ|true
さいみん|さいみん|true
さいむ|さいむ|true
さいもく|さいもく|true
さいゆうぐう|さいゆうぐう|true
さいよう|さいよう|true
さいらい|さいらい|true
さいりょう|さいりょう|true
さいるい|さいるい|true
さいれい|さいれい|true
さいろく|さいろく|true
さいわい|さいわい|true
さいスタート|さいスタート|true
さえ|さえ|true
さえあれば|さえあれば|true
さえき|さえき|true
さえぎる|さえぎる|true
さえる|さえる|true
さお|さお|true
さおとめ|さおとめ|true
さか|さか|true
さかい|さかい|true
さかいめ|さかいめ|true
さかえる|さかえる|true
さかさ|さかさ|true
さかしま|さかしま|true
さかずき|さかずき|true
さかだち|さかだち|true
さかだな|さかだな|true
さかづき|さかずき|false
さかて|ぎゃくて|false
さかな|さかな|true
さかなや|さかなや|true
さかのぼる|さかのぼる|true
さかば|さかば|true
さかみせ|さかだな|false
さかみち|さかみち|true
さかや|さかや|true
さからう|さからう|true
さかり|さかり|true
さかん|さかん|true
さか立ち|さかだち|false
さがく|さがく|true
さがしまわる|さがしまわる|true
さがしもの|さがしもの|true
さがし物|さがしもの|false
さがす|さがす|true
さがり|さがり|true
さがる|さがる|true
さき|さき|true
さき|さち|false
さきいき|さきゆき|false
さきおくり|さきおくり|true
さきかた|せんぽう|false
さきがけ|さきがけ|true
さきがける|さきがける|true
さきごろ|さきごろ|true
さきざき|さきざき|true
さきだって|さきだって|true
さきどり|さきどり|true
さきに|さきに|true
さきほど|さきほど|true
さきみだれる|さきみだれる|true
さきもの|さきもの|true
さきやす|さきやす|true
さきゅう|さきゅう|true
さきゆき|さきゆき|true
さぎ|さぎ|true
さぎし|さぎし|true
さぎょう|さぎょう|true
さぎょうかんきょう|さぎょうかんきょう|true
さく|さく|true
さくいん|さくいん|true
さくがら|さくがら|true
さくげん|さくげん|true
さくこん|さっこん|false
さくご|さくご|true
さくさん|さくさん|true
さくし|さくし|true
さくしゃ|さくしゃ|true
さくしゅ|さくしゅ|true
さくしゅう|さくしゅう|true
さくしゅん|さくしゅん|true
さくじつ|きのう|true
さくじょ|さくじょ|true
さくせい|さくせい|true
さくせん|さくせん|true
さくつけ|さくづけ|false
さくづけ|さくづけ|true
さくづけめんせき|さくづけめんせき|true
さくてい|さくてい|true
さくにゅう|さくにゅう|true
さくねん|さくねん|true
さくねんど|さくねんど|true
さくねんらい|さくねんらい|true
さくばん|さくばん|true
さくひん|さくひん|true
さくふう|さくふう|true
さくぶん|さくぶん|true
さくほう|さほう|false
さくもつ|さくもつ|true
さくや|さくや|true
さくら|さくら|true
さくらばな|おうか|false
さくらん|さくらん|true
さくりゃく|さくりゃく|true
さくれつ|さくれつ|true
さく乳|さくにゅう|false
さく裂|さくれつ|false
さぐる|さぐる|true
さけ|さけ|true
さけび|さけび|true
さけびごえ|さけびごえ|true
さけび声|さけびごえ|false
さけぶ|さけぶ|true
さけめ|さけめ|true
さける|さける|true
さけるい|しゅるい|false
さげすむ|さげすむ|true
さげる|さげる|true
さこく|さこく|true
ささ|ささ|true
ささい|ささい|true
ささえる|ささえる|true
ささげる|ささげる|true
ささつ|ささつ|true
ささやか|ささやか|true
ささやく|ささやく|true
ささる|ささる|true
さし|さし|true
さしあげる|さしあげる|true
さしあたり|さしあたり|true
さしえ|さしえ|true
さしかかる|さしかかる|true
さしこむ|さしこむ|true
さしころす|さしころす|true
さししめす|さししめす|true
さしず|さしず|true
さしだしにん|さしだしにん|true
さしだす|さしだす|true
さしつかえ|さしつかえ|true
さしつかえる|さしつかえる|true
さしとめ|さしとめ|true
さしのべる|さしのべる|true
さしひかえる|さしひかえる|true
さしひき|さしひき|true
さしみ|さしみ|true
さしもどす|さしもどす|true
さしゅ|さしゅ|true
さしょう|さしょう|true
さし上げる|さしあげる|false
さし出す|さしだす|false
さし当たり|さしあたり|false
さし絵|さしえ|false
さじ|さじ|true
さす|さす|true
さすが|さすが|true
さする|さする|true
さずかる|さずかる|true
さずける|さずける|true
させつ|させつ|true
させる|させる|true
させん|させん|true
さそい|さそい|true
さそいみず|さそいみず|true
さそう|さそう|true
さそく|ひだりあし|false
さそく|ひだりがわ|false
さぞ|さぞ|true
さだか|さだか|true
さだまる|さだまる|true
さだめ|うんめい|false
さだめる|さだめる|true
さち|さち|true
さっか|さっか|true
さっかく|さっかく|true
さっき|さっき|true
さっきゅう|そうきゅう|false
さっきょうしすう|さっきょうしすう|true
さっきょく|さっきょく|true
さっきょくか|さっきょくか|true
さっきん|さっきん|true
さっこん|さっこん|true
さっさと|さっさと|true
さっし|さっし|true
さっしょう|さっしょう|true
さっしん|さっしん|true
さっする|さっする|true
さっそく|さっそく|true
さっち|さっち|true
さっちゅうざい|さっちゅうざい|true
さっと|さっと|true
さっとう|さっとう|true
さっぱり|さっぱり|true
さっぷ|さんぷ|false
さっぽろ|さっぽろ|true
さつ|さつ|true
さつい|さつい|true
さつえい|さつえい|true
さつがい|さつがい|true
さつじん|さつじん|true
さつじんじけん|さつじんじけん|true
さつたば|さつたば|true
さつひと|かりゅうど|false
さつまいも|さつまいも|true
さつま芋|さつまいも|true
さて|さて|true
さてい|さてい|true
さとう|さとう|true
さとおや|さとおや|true
さとがえり|さとがえり|true
さとご|さとご|true
さとす|さとす|true
さとり|さとり|true
さとる|さとる|true
さどう|さどう|true
さなか|さいちゅう|false
さは|さは|true
さば|さば|true
さばく|さばく|true
さび|さび|true
さびしい|さびしい|true
さびる|さびる|true
さぶい|さむい|false
さべつ|さべつ|true
さほう|さほう|true
さぼう|さぼう|true
さぼる|サボる|false
さま|さま|true
さまがわり|さまがわり|true
さまざま|さまざま|true
さます|さます|true
さまたげ|さまたげ|true
さまたげる|さまたげる|true
さまよう|さまよう|true
さみしい|さびしい|false
さみせん|しゃみせん|false
さむい|さむい|true
さむけ|さむけ|true
さむさ|さむさ|true
さむらい|さむらい|true
さむらい|ぶし|false
さめ|サメ|true
さめる|さめる|true
さもん|さもん|true
さゆう|さゆう|true
さよう|さよう|true
さようなら|さようなら|true
さよく|さよく|true
さよなら|さよなら|true
さよーなら|さようなら|false
さら|さら|true
さらあらい|さらあらい|true
さらいげつ|さらいげつ|true
さらいしゅう|さらいしゅう|true
さらいねん|さらいねん|true
さらう|さらう|true
さらさら|さらさら|true
さらす|さらす|true
さらに|さらに|true
さらば|さらば|true
さる|さる|true
される|される|true
さわ|さわ|true
さわがしい|さわがしい|true
さわぎ|さわぎ|true
さわぐ|さわぐ|true
さわやか|さわやか|true
さわる|さわる|true
さわん|さわん|true
さん|さん|true
さんい|さんい|true
さんいん|さんいん|true
さんいん|やまかげ|false
さんか|さんか|true
さんかい|さんかい|true
さんかく|さんかく|true
さんかくけい|さんかくけい|true
さんかしゃ|さんかしゃ|true
さんかっけい|さんかくけい|false
さんかん|さんかん|true
さんかんば|さんかんば|true
さんがく|さんがく|true
さんがつ|さんがつ|true
さんきょう|さんばし|false
さんぎいん|さんぎいん|true
さんぎょう|さんぎょう|true
さんぎょうかい|さんぎょうかい|true
さんけい|さんけい|true
さんけん|さんけん|true
さんこう|さんこう|true
さんこうしょ|さんこうしょ|true
さんこつ|さんこつ|true
さんご|さんご|true
さんさい|さんさい|true
さんさく|さんさく|true
さんざん|さんざん|true
さんし|さんし|true
さんしゃ|さんしゃ|true
さんしゅ|さんしゅ|true
さんしゅつ|さんしゅつ|true
さんしょう|さんしょう|true
さんしん|さんしん|true
さんじ|さんじ|true
さんじかん|さんじかん|true
さんじげん|さんじげん|true
さんじせいげん|さんじせいげん|true
さんじゅう|さんじゅう|true
さんじゅういちにち|さんじゅういちにち|true
さんじゅうにち|さんじゅうにち|true
さんじゅうはちどせん|さんじゅうはちどせん|true
さんじょ|さんじょ|true
さんじょう|さんじょう|true
さんすう|さんすう|true
さんせい|さんせい|true
さんせいけん|さんせいけん|true
さんせき|さんせき|true
さんせん|さんせん|true
さんぜん|さんぜん|true
さんそ|さんそ|true
さんそう|さんそう|true
さんそん|さんそん|true
さんぞく|さんぞく|true
さんだい|さんだい|true
さんち|さんち|true
さんちゃ|つばき|false
さんちょう|さんちょう|true
さんてい|さんてい|true
さんど|さんど|true
さんどう|さんどう|true
さんどう|やまみち|false
さんなん|さんなん|true
さんにゅう|さんにゅう|true
さんにん|さんにん|true
さんねん|さんねん|true
さんばし|さんばし|true
さんぱい|さんぱい|true
さんぱい|ざんぱい|false
さんぱつ|さんぱつ|true
さんび|さんび|true
さんびゃく|さんびゃく|true
さんぴ|さんぴ|true
さんぴん|さんぴん|true
さんふじんか|さんふじんか|true
さんぶ|さんぶ|true
さんぶさく|さんぶさく|true
さんぶつ|さんぶつ|true
さんぶん|さんぶん|true
さんぷ|さんぷ|true
さんべつ|さんべつ|true
さんぼう|さんぼう|true
さんぼん|さんぼん|true
さんぽ|さんぽ|true
さんぽう|さんぼう|false
さんまい|さんまい|true
さんまん|さんまん|true
さんみ|さんみ|true
さんみゃく|さんみゃく|true
さんや|さんや|true
さんやく|さんやく|true
さんゆこく|さんゆこく|true
さんよ|さんよ|true
さんよう|さんよう|true
さんらん|さんらん|true
さんりゅう|さんりゅう|true
さんりょう|さんりょう|true
さんりん|さんりん|true
さんるい|さんるい|true
さんるいしゅ|さんるいしゅ|true
さんるいだ|さんるいだ|true
さんれつ|さんれつ|true
さー|さあ|true
さ中|さいちゅう|false
さ来年|さらいねん|false
さ来月|さらいげつ|false
さ来週|さらいしゅう|false
さ迷う|さまよう|false
ざ|ざ|true
ざい|ざい|true
ざいかい|ざいかい|true
ざいがい|ざいがい|true
ざいがいこうかん|ざいがいこうかん|true
ざいがく|ざいがく|true
ざいきょう|ざいきょう|true
ざいげん|ざいげん|true
ざいこ|ざいこ|true
ざいさん|ざいさん|true
ざいしつ|ざいしつ|true
ざいしょく|ざいしょく|true
ざいじゅう|ざいじゅう|true
ざいせい|ざいせい|true
ざいせいとうゆうし|ざいせいとうゆうし|true
ざいせいなん|ざいせいなん|true
ざいせき|ざいせき|true
ざいたく|ざいたく|true
ざいだん|ざいだん|true
ざいだんほうじん|ざいだんほうじん|true
ざいにち|ざいにち|true
ざいにん|ざいにん|true
ざいばつ|ざいばつ|true
ざいべい|ざいべい|true
ざいむ|ざいむ|true
ざいむかん|ざいむかん|true
ざいもく|ざいもく|true
ざいや|ざいや|true
ざいらい|ざいらい|true
ざいりゅう|ざいりゅう|true
ざいりょう|ざいりょう|true
ざしき|ざしき|true
ざせき|ざせき|true
ざせつ|ざせつ|true
ざぜん|ざぜん|true
ざだんかい|ざだんかい|true
ざちょう|ざちょう|true
ざっか|ざっか|true
ざっきょ|ざっきょ|true
ざっし|ざっし|true
ざっそう|ざっそう|true
ざっと|ざっと|true
ざっとう|ざっとう|true
ざつ|ざつ|true
ざつおん|ざつおん|true
ざつだん|ざつだん|true
ざつぼくりん|ぞうきばやし|false
ざぶとん|ざぶとん|true
ざらざら|ザラザラ|true
ざり|じゃり|false
ざりがに|ザリガニ|false
ざれる|たわむれる|false
ざわざわ|ざわざわ|true
ざわめく|ざわめく|true
ざんぎゃく|ざんぎゃく|true
ざんぎょう|ざんぎょう|true
ざんこく|ざんこく|true
ざんしょ|ざんしょ|true
ざんしん|ざんしん|true
ざんそん|ざんぞん|false
ざんぞん|ざんぞん|true
ざんだか|ざんだか|true
ざんてい|ざんてい|true
ざんにん|ざんにん|true
ざんねん|ざんねん|true
ざんぱい|ざんぱい|true
ざんりゅう|ざんりゅう|true
ざんるい|ざんるい|true
し|し|true
し|しょく|false
し|み|false
しあい|しあい|true
しあがり|しあがり|true
しあげ|しあげ|true
しあげる|しあげる|true
しあさって|しあさって|true
しあわせ|しあわせ|true
しあん|しあん|true
しい|にょう|false
しいか|しいか|true
しいく|しいく|true
しいたけ|しいたけ|true
しいたげる|しいたげる|true
しいて|しいて|true
しいと|しゅうと|false
しいとめ|しゅうとめ|false
しいる|しいる|true
しいれ|しいれ|true
しいれる|しいれる|true
しいん|しいん|true
しうと|しゅうと|false
しうとめ|しゅうとめ|false
しうんてん|しうんてん|true
しえい|しえい|true
しえいちかてつ|しえいちかてつ|true
しえん|しえん|true
しお|しお|true
しおあじ|しおあじ|true
しおからい|しおからい|true
しおくり|しおくり|true
しおた|えんでん|false
しおだ|えんでん|false
しおどき|しおどき|true
しおみ|しおあじ|false
しおみず|しおみず|true
しおれる|しおれる|true
しか|しいか|true
しか|しか|true
しか|めばな|false
しかい|しかい|true
しかいし|しかいし|true
しかいしゃ|しかいしゃ|true
しかえいせいし|しかえいせいし|true
しかく|しかく|true
しかくい|しかくい|true
しかけ|しかけ|true
しかける|しかける|true
しかし|しかし|true
しかして|そして|false
しかた|しかた|true
しかたがない|しかたがない|true
しかたない|しかたない|true
しかつ|しかつ|true
しかない|しかない|true
しかも|しかも|true
しかる|しかる|true
しかん|しかん|true
しか無い|しかない|false
しがい|しがい|true
しがいせん|しがいせん|true
しがいち|しがいち|true
しがく|しがく|true
しがつ|しがつ|true
しがん|しがん|true
しき|しき|true
しき|しきい|false
しきい|しきい|true
しきいち|いきち|true
しきい値|いきち|true
しききん|しききん|true
しきぎょう|しきぎょう|true
しきさい|しきさい|true
しきし|しきし|true
しきしゃ|しきしゃ|true
しきじ|しきじ|true
しきじょう|しきじょう|true
しきそ|しきそ|true
しきち|しきち|true
しきちょう|しきちょう|true
しきてん|しきてん|true
しきぶ|しきぶ|true
しきぶとん|しきぶとん|true
しきべつ|しきべつ|true
しきみ|しきい|false
しきゅう|しきゅう|true
しきょ|しきょ|true
しきょう|しきょう|true
しきょく|しきょく|true
しきり|しきり|true
しきりに|しきりに|true
しきん|しきん|true
しきんぐり|しきんぐり|true
しきんせき|しきんせき|true
しきんちょうたつ|しきんちょうたつ|true
しぎ|しぎ|true
しぎかい|しぎかい|true
しぎょう|しぎょう|true
しぎょう|しこう|false
しぎょう|しっこう|false
しく|しく|true
しくじる|しくじる|true
しくみ|しくみ|true
しぐう|よすみ|false
しぐさ|しぐさ|true
しぐれ|しぐれ|true
しけい|しけい|true
しけいしゅう|しけいしゅう|true
しけん|しけん|true
しけんじょう|しけんじょう|true
しけんてき|しけんてき|true
しげき|しげき|true
しげる|しげる|true
しげん|しげん|true
しげんエネルギーちょう|しげんエネルギーちょう|true
しこう|しこう|true
しこう|せこう|false
しこうさくご|しこうさくご|true
しこく|しこく|true
しこみ|しこみ|true
しこめ|しゅうじょ|false
しご|しご|true
しごと|しごと|true
しごとちゅう|しごとちゅう|true
しごとはじめ|しごとはじめ|true
しごとば|しごとば|true
しさ|しさ|true
しさく|しさく|true
しさつ|しさつ|true
しさん|しさん|true
しざい|しざい|true
しし|しし|true
しし|しじ|false
しし|ちち|false
しし|にょう|false
ししきゅう|ししきゅう|true
ししつ|ししつ|true
ししゃ|ししゃ|true
ししゃごにゅう|ししゃごにゅう|true
ししゅう|ししゅう|true
ししゅつ|ししゅつ|true
ししゅんき|ししゅんき|true
ししょ|ししょ|true
ししょう|ししょう|true
ししょうしゃ|ししょうしゃ|true
ししょく|ししょく|true
ししょく|むらさきいろ|false
ししょばこ|ししょばこ|true
ししん|ししん|true
しじ|しじ|true
しじつ|しじつ|true
しじゅう|しじゅう|true
しじゅう|よんじゅう|false
しじゅうそう|しじゅうそう|true
しじゅく|しじゅく|true
しじょ|しじょ|true
しじょう|しじょう|true
しじょうちょうさ|しじょうちょうさ|true
しじん|しじん|true
しすう|しすう|true
しすぎる|しすぎる|true
しする|しする|true
しずおか|しずおか|true
しずか|しずか|true
しずく|しずく|true
しずけさ|しずけさ|true
しずまる|しずまる|true
しずむ|しずむ|true
しずめる|しずめる|true
しせい|しせい|true
しせいかつ|しせいかつ|true
しせき|しせき|true
しせつ|しせつ|true
しせん|しせん|true
しせん|よんせん|false
しぜん|しぜん|true
しぜんかい|しぜんかい|true
しぜんかがく|しぜんかがく|true
しぜんかんきょう|しぜんかんきょう|true
しぜんこうえん|しぜんこうえん|true
しそう|しそう|true
しそく|しそく|true
しそん|しそん|true
しぞく|しぞく|true
しぞく|しりぞく|false
した|した|true
したい|したい|true
したう|したう|true
したうけ|したうけ|true
したうち|したうち|true
したがう|したがう|true
したがえる|したがえる|true
したがき|したがき|true
したがって|したがって|true
したぎ|したぎ|true
したく|したく|true
したくちびる|したくちびる|true
したしい|したしい|true
したしみ|したしみ|true
したしむ|したしむ|true
したしらべ|したしらべ|true
したじ|したじ|true
したじき|したじき|true
したっぱら|したっぱら|true
したて|したて|true
したてなげ|したてなげ|true
したてる|したてる|true
したで|したて|false
したね|したね|true
したび|したび|true
したまち|したまち|true
したみ|したみ|true
しだい|しだい|true
しだいに|しだいに|true
しだし|しだし|true
しだん|しだん|true
しち|しち|true
しちがつ|しちがつ|true
しちごさん|しちごさん|true
しちしちにち|しちしちにち|true
しちじ|しちじ|true
しちじゅう|しちじゅう|true
しちせき|たなばた|false
しちふくじん|しちふくじん|true
しちゃく|しちゃく|true
しちや|しちや|true
しちゅう|しちゅう|true
しちょう|しちょう|true
しちょうしゃ|しちょうしゃ|true
しちょうそん|しちょうそん|true
しちょうりつ|しちょうりつ|true
しちらい|しつれい|false
しっかく|しっかく|true
しっかし|しかし|false
しっかり|しっかり|true
しっかん|しっかん|true
しっき|しっき|true
しっき|しっけ|false
しっきゃく|しっきゃく|true
しっけ|しっけ|true
しっけい|しっけい|true
しっこう|しっこう|true
しっこういいん|しっこういいん|true
しっこうぶ|しっこうぶ|true
しっこうゆうよ|しっこうゆうよ|true
しっこく|しっこく|true
しっさく|しっさく|true
しっしん|しっしん|true
しっせき|しっせき|true
しっそ|しっそ|true
しっそう|しっそう|true
しっそく|しっそく|true
しったい|しったい|true
しっち|しっち|true
しっつい|しっつい|true
しってのとおり|しってのとおり|true
しってん|しってん|true
しっと|しっと|true
しっぱい|しっぱい|true
しっぱいだん|しっぱいだん|true
しっぴつ|しっぴつ|true
しっぷう|しっぷう|true
しっぺい|しっぺい|true
しっぽ|しっぽ|true
しつ|しつ|true
しつい|しつい|true
しつぎ|しつぎ|true
しつぎょう|しつぎょう|true
しつけ|しつけ|true
しつげん|しつげん|true
しつこい|しつこい|true
しつちょう|しつちょう|true
しつっこい|しつこい|false
しつづける|しつづける|true
しつてき|しつてき|true
しつど|しつど|true
しつない|しつない|true
しつないがく|しつないがく|true
しつぼう|しつぼう|true
しつむ|しつむ|true
しつめい|しつめい|true
しつもん|しつもん|true
しつもんをする|しつもんをする|true
しつらい|しつれい|false
しつりょう|しつりょう|true
しつれい|しつれい|true
しつれいしました|しつれいしました|true
しつれいします|しつれいします|true
しつれん|しつれん|true
して|して|true
してい|しちょう|false
してい|してい|true
してき|してき|true
してつ|してつ|true
してん|してん|true
してんちょう|してんちょう|true
しと|しと|true
しと|にょう|false
しとしと|しとしと|true
しとやか|しとやか|true
しとる|しめる|false
しどう|しどう|true
しどうしゃ|しどうしゃ|true
しな|しな|true
しない|しない|true
しないのではないか|しないのではないか|true
しなぎれ|しなぎれ|true
しなめ|ひんもく|false
しなもの|しなもの|true
しなやか|しなやか|true
しなん|しなん|true
しにせ|しにせ|true
しにたい|しにたい|true
しにん|しにん|true
しぬ|しぬ|true
しのぐ|しのぐ|true
しのぶ|しのぶ|true
しはい|しはい|true
しはいてき|しはいてき|true
しはいにん|しはいにん|true
しはす|しわす|false
しはつ|しはつ|true
しはらい|しはらい|true
しはらいほうほう|しはらいほうほう|true
しはらう|しはらう|true
しはん|しはん|true
しはんき|しはんき|true
しば|しば|true
しばい|しばい|true
しばいごや|しばいごや|true
しばくさ|しばくさ|true
しばしば|しばしば|true
しばふ|しばふ|true
しばらく|しばらく|true
しばりくび|しばりくび|true
しばる|しばる|true
しひ|しひ|true
しひょう|しひょう|true
しびと|しにん|false
しびれる|しびれる|true
しふく|しふく|true
しぶ|しぶ|true
しぶい|しぶい|true
しぶつ|しぶつ|true
しぶつら|じゅうめん|false
しぶづら|じゅうめん|false
しぶや|しぶや|true
しぶる|しぶる|true
しぶんしょ|しぶんしょ|true
しへい|しへい|true
しほう|しほう|true
しほうさいばん|しほうさいばん|true
しほん|しほん|true
しほん|よんほん|false
しほんか|しほんか|true
しほんきん|しほんきん|true
しほんしゅぎ|しほんしゅぎ|true
しぼ|しぼ|true
しぼう|しぼう|true
しぼうしゃ|しぼうしゃ|true
しぼうりつ|しぼうりつ|true
しぼむ|しぼむ|true
しぼり|しぼり|true
しぼりこむ|しぼりこむ|true
しぼり込む|しぼりこむ|false
しぼる|しぼる|true
しま|しま|true
しまい|しまい|true
しまう|しまう|true
しまぐに|しまぐに|true
しまじま|しまじま|true
しまった|しまった|true
しまつ|しまつ|true
しまね|しまね|true
しまる|しまる|true
しみ|しみ|true
しみじみ|しみじみ|true
しみる|しみる|true
しみん|しみん|true
しみんけん|しみんけん|true
しみんしゃかい|しみんしゃかい|true
しめ|しめ|true
しめい|しめい|true
しめいてはい|しめいてはい|true
しめきり|しめきり|true
しめきる|しめきる|true
しめし|しめし|true
しめす|しめす|true
しめだす|しめだす|true
しめっぽい|しめっぽい|true
しめつけ|しめつけ|true
しめる|しめる|true
しめん|しめん|true
しめ出す|しめだす|false
しも|しも|true
しもき|しもき|true
しもはんき|しもはんき|true
しもはんしん|かはんしん|false
しもふり|しもふり|true
しもん|しもん|true
しゃ|しゃ|true
しゃい|しゃい|true
しゃいん|しゃいん|true
しゃおく|しゃおく|true
しゃか|しゃか|true
しゃかい|しゃかい|true
しゃかいうんどう|しゃかいうんどう|true
しゃかいか|しゃかいか|true
しゃかいかがく|しゃかいかがく|true
しゃかいがく|しゃかいがく|true
しゃかいきょういく|しゃかいきょういく|true
しゃかいしほん|しゃかいしほん|true
しゃかいしゅぎ|しゃかいしゅぎ|true
しゃかいじぎょう|しゃかいじぎょう|true
しゃかいじん|しゃかいじん|true
しゃかいせい|しゃかいせい|true
しゃかいてき|しゃかいてき|true
しゃかいとう|しゃかいとう|true
しゃかいふくし|しゃかいふくし|true
しゃかいふっき|しゃかいふっき|true
しゃかいほけん|しゃかいほけん|true
しゃかいほけんちょう|しゃかいほけんちょう|true
しゃかいほしょう|しゃかいほしょう|true
しゃかいめん|しゃかいめん|true
しゃかいもんだい|しゃかいもんだい|true
しゃがい|しゃがい|true
しゃがむ|しゃがむ|true
しゃきゅう|さきゅう|false
しゃく|しゃく|true
しゃくじん|しゃくじん|true
しゃくち|しゃくち|true
しゃくど|しゃくど|true
しゃくはち|しゃくはち|true
しゃくほう|しゃくほう|true
しゃくめい|しゃくめい|true
しゃくや|しゃくや|true
しゃけ|さけ|false
しゃけん|しゃけん|true
しゃげき|しゃげき|true
しゃこ|しゃこ|true
しゃこう|しゃこう|true
しゃこうてき|しゃこうてき|true
しゃこく|しゃこく|true
しゃさい|しゃさい|true
しゃさつ|しゃさつ|true
しゃざい|しゃざい|true
しゃしゅ|しゃしゅ|true
しゃしょう|しゃしょう|true
しゃしん|しゃしん|true
しゃしんか|しゃしんか|true
しゃしんさつえい|しゃしんさつえい|true
しゃしんしゅう|しゃしんしゅう|true
しゃじ|さじ|false
しゃじく|しゃじく|true
しゃせい|しゃせい|true
しゃせつ|しゃせつ|true
しゃせん|しゃせん|true
しゃそう|しゃそう|true
しゃたい|しゃたい|true
しゃたく|しゃたく|true
しゃだん|しゃだん|true
しゃだんき|しゃだんき|true
しゃだんほうじん|しゃだんほうじん|true
しゃちゅう|しゃちゅう|true
しゃちょう|しゃちょう|true
しゃっか|しゃくや|false
しゃっかん|しゃっかん|true
しゃっきょく|せっきょく|false
しゃっきん|しゃっきん|true
しゃっくり|しゃっくり|true
しゃてい|しゃてい|true
しゃどう|しゃどう|true
しゃない|しゃない|true
しゃぶしゃぶ|しゃぶしゃぶ|true
しゃべち|さべつ|false
しゃべつ|さべつ|false
しゃべる|しゃべる|true
しゃぼんだま|シャボンだま|false
しゃぼん玉|シャボンだま|false
しゃみせん|しゃみせん|true
しゃみんとう|しゃみんとう|true
しゃめい|しゃめい|true
しゃめん|しゃめん|true
しゃよう|しゃよう|true
しゃりょう|しゃりょう|true
しゃりん|しゃりん|true
しゃれ|しゃれ|true
しゃれい|しゃれい|true
しゃれる|しゃれる|true
しや|しや|true
しやく|しやく|true
しやくしょ|しやくしょ|true
しやわせ|しあわせ|false
しゅ|しゅ|true
しゅ|しゅう|false
しゅい|しゅい|true
しゅいん|しゅいん|true
しゅう|しゅう|true
しゅうあく|しゅうあく|true
しゅうあけ|しゅうあけ|true
しゅうい|しゅうい|true
しゅういつ|しゅういつ|true
しゅういん|しゅういん|true
しゅうえき|しゅうえき|true
しゅうえん|しゅうえん|true
しゅうか|しゅうか|true
しゅうかい|しゅうかい|true
しゅうかく|しゅうかく|true
しゅうかつ|しゅうかつ|true
しゅうかん|しゅうかん|true
しゅうかんし|しゅうかんし|true
しゅうがく|しゅうがく|true
しゅうがくりょこう|しゅうがくりょこう|true
しゅうき|しゅうき|true
しゅうきゅう|しゅうきゅう|true
しゅうきょう|しゅうきょう|true
しゅうきょく|しゅうきょく|true
しゅうきん|しゅうきん|true
しゅうぎ|しゅうぎ|true
しゅうぎいん|しゅうぎいん|true
しゅうぎょう|しっこう|false
しゅうぎょう|しゅうぎょう|true
しゅうけい|しゅうけい|true
しゅうけつ|しゅうけつ|true
しゅうげき|しゅうげき|true
しゅうこう|しゅうこう|true
しゅうごう|しゅうごう|true
しゅうさい|しゅうさい|true
しゅうさく|しゅうさく|true
しゅうさん|しゅうさん|true
しゅうし|しゅうし|true
しゅうしかてい|しゅうしかてい|true
しゅうしふ|しゅうしふ|true
しゅうしゅう|しゅうしゅう|true
しゅうしゅく|しゅうしゅく|true
しゅうしょく|しゅうしょく|true
しゅうしん|しゅうしん|true
しゅうじ|しゅうじ|true
しゅうじつ|しゅうじつ|true
しゅうじゃく|しゅうちゃく|false
しゅうじょ|しゅうじょ|true
しゅうじん|しゅうじん|true
しゅうせい|あきばれ|false
しゅうせい|しゅうせい|true
しゅうせいふ|しゅうせいふ|true
しゅうせき|しゅうせき|true
しゅうせん|しゅうせん|true
しゅうぜん|しゅうぜん|true
しゅうそ|しゅうそ|true
しゅうそく|しゅうそく|true
しゅうたい|しゅうたい|true
しゅうたいせい|しゅうたいせい|true
しゅうだん|しゅうだん|true
しゅうち|しゅうち|true
しゅうちゃく|しゅうちゃく|true
しゅうちゃくえき|しゅうちゃくえき|true
しゅうちゅう|しゅうちゅう|true
しゅうちゅうごうう|しゅうちゅうごうう|true
しゅうちゅうりょく|しゅうちゅうりょく|true
しゅうてい|しゅうてい|true
しゅうてん|しゅうてん|true
しゅうでん|しゅうでん|true
しゅうと|しゅうと|true
しゅうと|しゅうとめ|false
しゅうとう|しゅうとう|true
しゅうとく|しゅうとく|true
しゅうとめ|しゅうとめ|true
しゅうどう|しゅうどう|true
しゅうどういん|しゅうどういん|true
しゅうない|しゅうない|true
しゅうにゅう|しゅうにゅう|true
しゅうにん|しゅうにん|true
しゅうねん|しゅうねん|true
しゅうのう|しゅうのう|true
しゅうは|しゅうは|true
しゅうはすう|しゅうはすう|true
しゅうばん|しゅうばん|true
しゅうひょう|しゅうひょう|true
しゅうふう|あきかぜ|false
しゅうふく|しゅうふく|true
しゅうぶん|しゅうぶん|true
しゅうへん|しゅうへん|true
しゅうまつ|しゅうまつ|true
しゅうめい|しゅうめい|true
しゅうもん|しゅうもん|true
しゅうやく|しゅうやく|true
しゅうゆう|しゅうゆう|true
しゅうよう|しゅうよう|true
しゅうようじょ|しゅうようじょ|true
しゅうらく|しゅうらく|true
しゅうり|しゅうり|true
しゅうりょう|しゅうりょう|true
しゅうりょうご|しゅうりょうご|true
しゅうれん|しゅうれん|true
しゅうろう|しゅうろう|true
しゅうろく|しゅうろく|true
しゅうわい|しゅうわい|true
しゅえい|しゅえい|true
しゅえん|しゅえん|true
しゅかん|しゅかん|true
しゅかんてき|しゅかんてき|true
しゅがん|しゅがん|true
しゅき|しゅき|true
しゅぎ|しゅぎ|true
しゅぎしゃ|しゅぎしゃ|true
しゅぎょう|しっこう|false
しゅぎょう|しゅうぎょう|false
しゅぎょう|しゅぎょう|true
しゅぎょく|しゅぎょく|true
しゅく|かゆ|false
しゅくえき|しゅくえき|true
しゅくが|しゅくが|true
しゅくしゃ|しゅくしゃ|true
しゅくしゃく|しゅくしゃく|true
しゅくしょう|しゅくしょう|true
しゅくじ|しゅくじ|true
しゅくじつ|しゅくじつ|true
しゅくじょ|しゅくじょ|true
しゅくず|しゅくず|true
しゅくせい|しゅくせい|true
しゅくだい|しゅくだい|true
しゅくてき|しゅくてき|true
しゅくでん|しゅくでん|true
しゅくとく|しゅくとく|true
しゅくはい|しゅくはい|true
しゅくはく|しゅくはく|true
しゅくふ|おじ|false
しゅくふく|しゅくふく|true
しゅくぼ|おば|false
しゅくめい|しゅくめい|true
しゅくん|しゅくん|true
しゅけい|しゅけい|true
しゅけいきょく|しゅけいきょく|true
しゅけん|しゅけん|true
しゅこう|しゅこう|true
しゅご|しゅご|true
しゅさ|しゅさ|true
しゅさい|しゅさい|true
しゅざい|しゅざい|true
しゅざん|しゅざん|true
しゅし|しゅし|true
しゅしゃ|しゅしゃ|true
しゅしゅつ|ゆしゅつ|false
しゅしょう|しゅしょう|true
しゅしょく|しゅしょく|true
しゅしん|しゅしん|true
しゅじい|しゅじい|true
しゅじく|しゅじく|true
しゅじゅ|しゅじゅ|true
しゅじゅつ|しゅじゅつ|true
しゅじん|しゅじん|true
しゅじんこう|しゅじんこう|true
しゅすい|しゅすい|true
しゅずつ|しゅじゅつ|false
しゅせい|しゅせい|true
しゅせき|しゅせき|true
しゅせん|しゅせん|true
しゅぜい|しゅぜい|true
しゅぜいきょく|しゅぜいきょく|true
しゅそく|てあし|false
しゅぞう|しゅぞう|true
しゅぞく|しゅぞく|true
しゅたい|しゅたい|true
しゅたいてき|しゅたいてき|true
しゅたる|しゅたる|true
しゅだい|しゅだい|true
しゅだん|しゅだん|true
しゅちゅう|しゅちゅう|true
しゅちょう|しゅちょう|true
しゅっか|しゅっか|true
しゅっきん|しゅっきん|true
しゅっけつ|しゅっけつ|true
しゅっこう|しゅっこう|true
しゅっこく|しゅっこく|true
しゅっさん|しゅっさん|true
しゅっし|しゅっし|true
しゅっしゃ|しゅっしゃ|true
しゅっしょ|しゅっしょ|true
しゅっしょう|しゅっしょう|true
しゅっしん|しゅっしん|true
しゅっしんしゃ|しゅっしんしゃ|true
しゅっしんち|しゅっしんち|true
しゅっせ|しゅっせ|true
しゅっせい|しゅっしょう|true
しゅっせい|しゅっせい|true
しゅっせき|しゅっせき|true
しゅっせきしゃ|しゅっせきしゃ|true
しゅっそう|しゅっそう|true
しゅったい|しゅったい|true
しゅっちょう|しゅっちょう|true
しゅっちょうじょ|しゅっちょうじょ|true
しゅってい|しゅってい|true
しゅってん|しゅってん|true
しゅっとう|しゅっとう|true
しゅっぱつ|しゅっぱつ|true
しゅっぱん|しゅっぱん|true
しゅっぱんしゃ|しゅっぱんしゃ|true
しゅっぱんぶつ|しゅっぱんぶつ|true
しゅっぴ|しゅっぴ|true
しゅっぴん|しゅっぴん|true
しゅつえん|しゅつえん|true
しゅつがん|しゅつがん|true
しゅつげき|しゅつげき|true
しゅつげん|しゅつげん|true
しゅつごく|しゅっこく|false
しゅつごく|しゅつごく|true
しゅつじょう|しゅつじょう|true
しゅつじん|しゅつじん|true
しゅつだい|しゅつだい|true
しゅつど|しゅつど|true
しゅつどう|しゅつどう|true
しゅつにゅう|しゅつにゅう|true
しゅつば|しゅつば|true
しゅつばい|つゆあけ|false
しゅつぼつ|しゅつぼつ|true
しゅつらい|しゅったい|false
しゅつりょく|しゅつりょく|true
しゅつるい|しゅつるい|true
しゅてん|さかだな|false
しゅと|しゅと|true
しゅとう|しゅとう|true
しゅとく|しゅとく|true
しゅとけん|しゅとけん|true
しゅとして|しゅとして|true
しゅどう|しゅどう|true
しゅどうけん|しゅどうけん|true
しゅにゅう|ゆにゅう|false
しゅにん|しゅにん|true
しゅのう|しゅのう|true
しゅのうぶ|しゅのうぶ|true
しゅはん|しゅはん|true
しゅひつ|しゅひつ|true
しゅび|しゅび|true
しゅふ|しゅふ|true
しゅふく|しゅうふく|false
しゅべつ|しゅべつ|true
しゅほう|しゅほう|true
しゅぼう|しゅぼう|true
しゅみ|しゅみ|true
しゅもく|しゅもく|true
しゅやく|しゅやく|true
しゅよう|しゅよう|true
しゅり|しゅうり|false
しゅりゅう|しゅりゅう|true
しゅりょう|しゅりょう|true
しゅりょく|しゅりょく|true
しゅるい|しゅるい|true
しゅるいほうふ|しゅるいほうふ|true
しゅろう|しょうろう|false
しゅわ|しゅわ|true
しゅわん|しゅわん|true
しゅん|しゅん|true
しゅんえい|しゅんえい|true
しゅんかしゅうとう|しゅんかしゅうとう|true
しゅんかん|しゅんかん|true
しゅんき|しゅんき|true
しゅんじ|しゅんじ|true
しゅんじゅう|しゅんじゅう|true
しゅんそく|しゅんそく|true
しゅんとう|しゅんとう|true
しゅんぶん|しゅんぶん|true
しゆう|しゆう|true
しょ|しょ|true
しょいん|しょいん|true
しょう|しょう|true
しょう|せい|false
しょう|せおう|false
しょう|てのひら|false
しょう|みことのり|false
しょうあく|しょうあく|true
しょうい|しょうい|true
しょういん|しょういん|true
しょうう|こさめ|false
しょうえん|しょうえん|true
しょうおく|こや|false
しょうか|しょうか|true
しょうか|せいか|false
しょうかい|しょうかい|true
しょうかいしゃ|しょうかいしゃ|true
しょうかいぶん|しょうかいぶん|true
しょうかき|しょうかき|true
しょうかく|しょうかく|true
しょうかん|しょうかん|true
しょうが|しょうか|false
しょうが|しょうが|true
しょうがい|しょうがい|true
しょうがいきょういく|しょうがいきょういく|true
しょうがいしゃ|しょうがいしゃ|true
しょうがい者|しょうがいしゃ|false
しょうがく|しょうがく|true
しょうがくきん|しょうがくきん|true
しょうがくせい|しょうがくせい|true
しょうがっきん|しょうがくきん|false
しょうがっこう|しょうがっこう|true
しょうがつ|しょうがつ|true
しょうがない|しょうがない|true
しょうが無い|しょうがない|false
しょうきぼ|しょうきぼ|true
しょうきゃく|しょうきゃく|true
しょうきゅう|しょうきゅう|true
しょうきょ|しょうきょ|true
しょうきょく|しょうきょく|true
しょうきょくてき|しょうきょくてき|true
しょうきん|しょうきん|true
しょうぎ|しょうぎ|true
しょうぎだおし|しょうぎだおし|true
しょうぎょう|しょうぎょう|true
しょうぐん|しょうぐん|true
しょうけん|しょうけん|true
しょうげき|しょうげき|true
しょうげん|しょうげん|true
しょうこ|しょうこ|true
しょうこう|しょうこう|true
しょうこう|しょうもう|false
しょうこうかいぎしょ|しょうこうかいぎしょ|true
しょうこうぐん|しょうこうぐん|true
しょうこく|しょうこく|true
しょうこん|きずあと|false
しょうこん|しょうこん|true
しょうご|しょうご|true
しょうごう|しょうごう|true
しょうさ|しょうさ|true
しょうさい|しょうさい|true
しょうさっし|しょうさっし|true
しょうさん|しょうさん|true
しょうし|しょうし|true
しょうし|せいし|false
しょうしゃ|しょうしゃ|true
しょうしゅう|しょうしゅう|true
しょうしょ|しょうしょ|true
しょうしょう|しょうしょう|true
しょうしん|しょうしん|true
しょうじ|しょうじ|true
しょうじ|しょうじん|false
しょうじ|しょうに|false
しょうじ|せいし|false
しょうじき|しょうじき|true
しょうじゅう|しょうじゅう|true
しょうじゅつ|しょうじゅつ|true
しょうじゅん|しょうじゅん|true
しょうじょ|しょうじょ|true
しょうじょう|しょうじょう|true
しょうじょう|しょうせい|false
しょうじょう|せいじょう|false
しょうじる|しょうじる|true
しょうじん|しょうしん|false
しょうじん|しょうじん|true
しょうすう|しょうすう|true
しょうすういけん|しょうすういけん|true
しょうすうてん|しょうすうてん|true
しょうする|しょうする|true
しょうず|あずき|false
しょうずる|しょうずる|true
しょうせい|しょうせい|true
しょうせつ|しょうせつ|true
しょうせつか|しょうせつか|true
しょうせん|しょうせん|true
しょうせんきょく|しょうせんきょく|true
しょうそ|しょうそ|true
しょうそう|しょうそう|true
しょうそく|しょうそく|true
しょうそくすじ|しょうそくすじ|true
しょうそこ|しょうそく|false
しょうぞう|しょうぞう|true
しょうたい|しょうたい|true
しょうたく|しょうたく|true
しょうだい|しょうたい|false
しょうだく|しょうだく|true
しょうだん|しょうだん|true
しょうち|しょうち|true
しょうち|ぬまち|false
しょうちゅう|しょうちゅう|true
しょうちゅうがくせい|しょうちゅうがくせい|true
しょうちょう|しょうちょう|true
しょうちょうてき|しょうちょうてき|true
しょうてん|しょうてん|true
しょうてんがい|しょうてんがい|true
しょうとう|こがたな|false
しょうとう|こじま|false
しょうとう|しょうとう|true
しょうとう|せいとう|false
しょうとつ|しょうとつ|true
しょうどう|しょうどう|true
しょうどう|せいどう|false
しょうどく|しょうどく|true
しょうに|しょうに|true
しょうにか|しょうにか|true
しょうにびょう|しょうにびょう|true
しょうにゅうどう|しょうにゅうどう|true
しょうにん|しょうにん|true
しょうねん|しょうねん|true
しょうねんば|しょうねんば|true
しょうはい|しょうはい|true
しょうばい|しょうばい|true
しょうばつ|しょうばつ|true
しょうひ|しょうひ|true
しょうひざい|しょうひざい|true
しょうひしゃ|しょうひしゃ|true
しょうひぜい|しょうひぜい|true
しょうひょう|しょうひょう|true
しょうひん|しょうひん|true
しょうひんけん|しょうひんけん|true
しょうひんめい|しょうひんめい|true
しょうび|ばら|false
しょうふ|しょうふ|true
しょうふく|しょうふく|true
しょうぶ|しょうぶ|true
しょうぶん|しょうぶん|true
しょうへい|しょうへい|true
しょうへき|しょうへき|true
しょうべん|しょうべん|true
しょうほう|しょうほう|true
しょうほん|しょうほん|true
しょうぼう|しょうぼう|true
しょうぼうしゃ|しょうぼうしゃ|true
しょうぼうしょ|しょうぼうしょ|true
しょうぼうちょう|しょうぼうちょう|true
しょうみ|しょうみ|true
しょうみきげん|しょうみきげん|true
しょうむ|しょうむ|true
しょうめい|しょうめい|true
しょうめいしょ|しょうめいしょ|true
しょうめつ|しょうめつ|true
しょうめん|しょうめん|true
しょうもう|しょうもう|true
しょうもうひん|しょうもうひん|true
しょうゆ|しょうゆ|true
しょうゆう|しょうゆ|false
しょうよ|しょうよ|true
しょうよう|しょうよう|true
しょうらい|しょうらい|true
しょうらいせい|しょうらいせい|true
しょうらいぞう|しょうらいぞう|true
しょうらいてき|しょうらいてき|true
しょうり|しょうり|true
しょうりつ|しょうりつ|true
しょうりゃく|しょうりゃく|true
しょうりょう|しょうりょう|true
しょうりょく|しょうりょく|true
しょうれい|しょうれい|true
しょうろう|しょうろう|true
しょうろく|しょうろく|true
しょうわ|しょうわ|true
しょうわくせい|しょうわくせい|true
しょうエネルギー|しょうエネルギー|true
しょう油|しょうゆ|false
しょえん|しょえん|true
しょか|しょか|true
しょかい|しょかい|true
しょかつ|しょかつ|true
しょかん|しょかん|true
しょき|しょき|true
しょきかん|しょきかん|true
しょききょく|しょききょく|true
しょきひよう|しょきひよう|true
しょきゅう|しょきゅう|true
しょく|しょく|true
しょく|ぞく|false
しょく|たく|false
しょくいん|しょくいん|true
しょくえん|しょくえん|true
しょくぎょう|しょくぎょう|true
しょくご|しょくご|true
しょくざい|しょくざい|true
しょくしゅ|しょくしゅ|true
しょくじ|しょくじ|true
しょくじゅ|しょくじゅ|true
しょくせいかつ|しょくせいかつ|true
しょくたく|しょくたく|true
しょくちゅうどく|しょくちゅうどく|true
しょくどう|しょくどう|true
しょくにく|しょくにく|true
しょくにん|しょくにん|true
しょくのう|しょくのう|true
しょくはつ|しょくはつ|true
しょくば|しょくば|true
しょくばい|しょくばい|true
しょくひ|しょくひ|true
しょくひん|しょくひん|true
しょくひんてんかぶつ|しょくひんてんかぶつ|true
しょくぶつ|しょくぶつ|true
しょくぶつえん|しょくぶつえん|true
しょくぼう|しょくぼう|true
しょくみんち|しょくみんち|true
しょくむ|しょくむ|true
しょくもつ|しょくもつ|true
しょくよう|しょくよう|true
しょくよく|しょくよく|true
しょくりょう|しょくりょう|true
しょくりょうちょう|しょくりょうちょう|true
しょくりょうひん|しょくりょうひん|true
しょくりん|しょくりん|true
しょくれき|しょくれき|true
しょくん|しょくん|true
しょくパン|しょくパン|true
しょぐう|しょぐう|true
しょけい|しょけい|true
しょけん|しょけん|true
しょこく|しょこく|true
しょさい|しょさい|true
しょざい|しょざい|true
しょざいち|しょざいち|true
しょしがく|しょしがく|true
しょしき|しょしき|true
しょしゅつ|しょしゅつ|true
しょしょ|ところどころ|false
しょしん|しょしん|true
しょしんしゃ|しょしんしゃ|true
しょしんしゃむけ|しょしんしゃむけ|true
しょじ|しょじ|true
しょじつ|しょにち|false
しょじゃく|しょせき|false
しょじゅん|しょじゅん|true
しょじょ|しょじょ|true
しょせき|しょせき|true
しょせん|しょせん|true
しょぞう|しょぞう|true
しょぞく|しょぞく|true
しょたい|しょたい|true
しょたいめん|しょたいめん|true
しょだい|しょだい|true
しょち|しょち|true
しょちゅう|しょちゅう|true
しょちゅうみまい|しょちゅうみまい|true
しょちょう|しょちょう|true
しょっかく|しょっかく|true
しょっかんほう|しょっかんほう|true
しょっき|しょっき|true
しょっけん|しょっけん|true
しょっちゅう|しょっちゅう|true
しょてい|しょてい|true
しょてん|しょてん|true
しょとう|しょとう|true
しょとく|しょとく|true
しょとくぜい|しょとくぜい|true
しょどう|しょどう|true
しょにち|しょにち|true
しょにんきゅう|しょにんきゅう|true
しょねん|しょねん|true
しょはん|しょはん|true
しょばつ|しょばつ|true
しょひょう|しょひょう|true
しょぶん|しょぶん|true
しょほ|しょほ|true
しょほう|しょほう|true
しょほうせん|しょほうせん|true
しょぼう|しょぼう|true
しょみん|しょみん|true
しょみんてき|しょみんてき|true
しょむ|しょむ|true
しょめい|しょめい|true
しょめん|しょめん|true
しょもつ|しょもつ|true
しょゆう|しょゆう|true
しょゆうけん|しょゆうけん|true
しょゆうしゃ|しょゆうしゃ|true
しょよう|しょよう|true
しょり|しょり|true
しょるい|しょるい|true
しょろう|しょろう|true
しょんべん|しょうべん|false
しょんぼり|しょんぼり|true
しょんもり|しょんぼり|false
しよう|えだは|false
しよう|しよう|true
しようがない|しょうがない|false
しようが無い|しょうがない|false
しようしゃ|しようしゃ|true
しようずみ|しようずみ|true
しようとする|しようとする|true
しようにん|しようにん|true
しようりょう|しようりょう|true
しらかば|しらかば|true
しらかみ|しらが|false
しらかみ|はくし|false
しらかんば|しらかば|false
しらが|しらが|true
しらぎく|しらぎく|true
しらじ|しろじ|false
しらずしらず|しらずしらず|true
しらせ|しらせ|true
しらせる|しらせる|true
しらないうちに|しらないうちに|true
しらは|しらは|true
しらびと|しろうと|false
しらべ|しらべ|true
しらべる|しらべる|true
しらよね|はくまい|false
しらんかお|しらんかお|true
しり|しり|true
しりあい|しりあい|true
しりあう|しりあう|true
しりお|しっぽ|false
しりぞく|しりぞく|true
しりつ|しりつ|true
しりゅう|しりゅう|true
しりょう|しりょう|true
しりょく|しりょく|true
しる|しる|true
しるし|しるし|true
しるす|しるす|true
しれい|しれい|true
しれいかん|しれいかん|true
しれいぶ|しれいぶ|true
しれる|しれる|true
しれん|しれん|true
しろ|しろ|true
しろい|しろい|true
しろいろ|しろいろ|true
しろうと|しろうと|true
しろうま|はくば|false
しろかみ|しらが|false
しろきぬ|はくい|false
しろぎぬ|はくい|false
しろくま|しろくま|true
しろくろ|しろくろ|true
しろごめ|はくまい|false
しろじ|しろじ|true
しろと|しろうと|false
しろぼし|しろぼし|true
しろみ|しろみ|true
しろバイ|しろバイ|true
しわ|しわ|true
しわざ|しわざ|true
しわす|しわす|true
しわぶき|せき|false
しん|しん|true
しん|ね|false
しんあい|しんあい|true
しんい|しんい|true
しんえい|しんえい|true
しんか|しんか|true
しんかい|しんかい|true
しんかぶ|しんかぶ|true
しんから|こころから|false
しんかん|しんかん|true
しんかんせん|しんかんせん|true
しんがい|しんがい|true
しんがいねん|しんがいねん|true
しんがお|しんがお|true
しんがく|しんがく|true
しんがた|しんがた|true
しんがたコロナウイルスかんせんしょう|しんがたコロナウイルスかんせんしょう|true
しんがっき|しんがっき|true
しんき|しんき|true
しんきゅう|しんきゅう|true
しんきょ|しんきょ|true
しんきょう|しんきょう|true
しんきょく|しんきょく|true
しんきん|しんきん|true
しんきんかん|しんきんかん|true
しんぎ|しんぎ|true
しんく|しんく|true
しんくう|しんくう|true
しんぐ|しんぐ|true
しんけい|しんけい|true
しんけいしつ|しんけいしつ|true
しんけん|しんけん|true
しんげき|しんげき|true
しんげん|しんげん|true
しんこう|しんこう|true
しんこく|しんこく|true
しんこくか|しんこくか|true
しんこん|しんこん|true
しんご|しんご|true
しんごう|しんごう|true
しんごうき|しんごうき|true
しんさ|しんさ|true
しんさい|しんさい|true
しんさく|しんさく|true
しんさつ|しんさつ|true
しんさん|しんさん|true
しんし|おやこ|false
しんし|しんし|true
しんし|ふりこ|false
しんしき|しんしき|true
しんしきょうてい|しんしきょうてい|true
しんしつ|しんしつ|true
しんしゃ|しんしゃ|true
しんしゅく|しんしゅく|true
しんしゅつ|しんしゅつ|true
しんしゅん|しんしゅん|true
しんしょ|しんしょ|true
しんしょう|しんしょう|true
しんしょうしゃ|しんしょうしゃ|true
しんしょうひん|しんしょうひん|true
しんしょく|しんしょく|true
しんしん|しんしん|true
しんしんこうじゃく|しんしんこうじゃく|true
しんじち|しんじつ|false
しんじつ|しんじつ|true
しんじゃ|しんじゃ|true
しんじゅ|しんじゅ|true
しんじゅう|しんじゅう|true
しんじょう|しんじょう|true
しんじる|しんじる|true
しんじん|しんしん|false
しんじん|しんじん|true
しんすい|しんすい|true
しんずい|しんずい|true
しんずる|しんずる|true
しんせい|しんせい|true
しんせいかつ|しんせいかつ|true
しんせいじ|しんせいじ|true
しんせいじん|しんせいじん|true
しんせいひん|しんせいひん|true
しんせかい|しんせかい|true
しんせき|しんせき|true
しんせつ|しんせつ|true
しんせん|しんせん|true
しんぜん|しんぜん|true
しんそう|しんそう|true
しんそつ|しんそつ|true
しんぞう|しんぞう|true
しんぞうびょう|しんぞうびょう|true
しんぞく|しんぞく|true
しんたい|しんたい|true
しんたいうかがい|しんたいうかがい|true
しんたいしょうがいしゃ|しんたいしょうがいしゃ|true
しんたく|しんたく|true
しんたん|しんたん|true
しんだい|しんたい|false
しんだい|しんだい|true
しんだん|しんだん|true
しんちく|しんちく|true
しんちくマンション|しんちくマンション|true
しんちゃく|しんちゃく|true
しんちゅう|しんちゅう|true
しんちょう|しんちょう|true
しんちょく|しんちょく|true
しんちんたいしゃ|しんちんたいしゃ|true
しんぢゅう|しんじゅう|false
しんて|あらて|false
しんてい|しんたい|false
しんてい|しんてい|true
しんてん|しんてん|true
しんでん|しんでん|true
しんと|しんと|true
しんとう|しんとう|true
しんど|しんど|true
しんどい|しんどい|true
しんどう|しんとう|false
しんどう|しんどう|true
しんにち|しんにち|true
しんにゅう|しんにゅう|true
しんにん|しんにん|true
しんねん|しんねん|true
しんの|しんの|true
しんはつばい|しんはつばい|true
しんばし|しんばし|true
しんばん|しんぱん|false
しんぱ|しんぱ|true
しんぱい|しんぱい|true
しんぱん|しんぱん|true
しんぱんがいしゃ|しんぱんがいしゃ|true
しんびょう|しんみょう|false
しんぴ|しんぴ|true
しんぴてき|しんぴてき|true
しんぴん|しんぴん|true
しんふぜん|しんふぜん|true
しんぶん|しんぶん|true
しんぶんがみ|しんぶんし|false
しんぶんきじ|しんぶんきじ|true
しんぶんし|しんぶんし|true
しんぶんしゃ|しんぶんしゃ|true
しんぷ|しんぷ|true
しんぷう|かみかぜ|false
しんぷう|しんぷう|true
しんぷく|しんぷく|true
しんぺん|しんぺん|true
しんぼう|しんぼう|true
しんぼく|しんぼく|true
しんぽ|しんぽ|true
しんぽう|しんぽう|true
しんまい|しんまい|true
しんみつ|しんみつ|true
しんみょう|しんみょう|true
しんめ|しんめ|true
しんもん|しんもん|true
しんや|しんや|true
しんやく|しんやく|true
しんゆう|しんゆう|true
しんよ|みこし|false
しんよう|しんよう|true
しんようきんこ|しんようきんこ|true
しんようくみあい|しんようくみあい|true
しんらい|しんらい|true
しんらいせい|しんらいせい|true
しんり|しんり|true
しんりがく|しんりがく|true
しんりてき|しんりてき|true
しんりゃく|しんりゃく|true
しんりょう|しんりょう|true
しんりょうしょ|しんりょうじょ|false
しんりょうじょ|しんりょうじょ|true
しんりょく|しんりょく|true
しんりん|しんりん|true
しんるい|しんるい|true
しんろ|しんろ|true
しんろう|しんろう|true
しんわ|しんわ|true
し出し|しだし|false
し好|しこう|false
し手|して|false
し掛ける|しかける|false
し方がない|しかたがない|false
し続ける|しつづける|true
し過ぎる|しすぎる|true
じ|じ|true
じあい|じあい|true
じい|じい|true
じい|そふ|false
じいさん|じいさん|true
じいっと|じっと|false
じいん|じいん|true
じう|しぐれ|false
じえい|じえい|true
じえいかん|じえいかん|true
じえいぎょう|じえいぎょう|true
じえいたい|じえいたい|true
じか|じか|true
じかい|じかい|true
じかく|じかく|true
じかつ|じかつ|true
じかに|じかに|true
じかよう|じかよう|true
じかん|じかん|true
じかんぎれ|じかんぎれ|true
じかんたい|じかんたい|true
じかんわり|じかんわり|true
じが|じが|true
じがぞう|じがぞう|true
じき|しょく|false
じき|じき|true
じきしょうそう|じきしょうそう|true
じきに|じきに|true
じきゅう|じきゅう|true
じきょう|じきょう|true
じきょく|じきょく|true
じぎ|じぎ|true
じぎょう|じぎょう|true
じぎょう|ちけい|false
じぎょうしょ|じぎょうしょ|true
じく|じく|true
じけい|じけい|true
じけつ|じけつ|true
じけん|じけん|true
じげん|じげん|true
じこ|じこ|true
じこう|じこう|true
じこかんり|じこかんり|true
じこく|じこく|true
じこくひょう|じこくひょう|true
じこしほん|じこしほん|true
じこしょうかい|じこしょうかい|true
じご|じご|true
じごく|じごく|true
じさ|じさ|true
じさく|じさく|true
じさつ|じさつ|true
じさん|じさん|true
じざい|じざい|true
じしつ|じしつ|true
じしゃ|じしゃ|true
じしゃく|じしゃく|true
じしゅ|じしゅ|true
じしゅう|じしゅう|true
じしゅく|じしゅく|true
じしゅてき|じしゅてき|true
じしょ|じしょ|true
じしょう|じしょう|true
じしょく|じしょく|true
じしん|じしん|true
じじ|じじ|true
じじ|そふ|false
じじつ|じじつ|true
じじつじょう|じじつじょう|true
じじつむこん|じじつむこん|true
じじゅう|じじゅう|true
じじょ|じじょ|true
じじょう|じじょう|true
じじょう|じば|false
じじょでん|じじょでん|true
じす|じす|true
じすい|じすい|true
じすう|じすう|true
じせい|じせい|true
じせき|じしゃく|false
じせき|じせき|true
じせつ|じせつ|true
じせん|じせん|true
じぜん|じぜん|true
じそく|じそく|true
じそん|じそん|true
じぞう|じぞう|true
じぞく|じぞく|true
じぞくてき|じぞくてき|true
じた|じた|true
じたい|じたい|true
じたく|じたく|true
じだい|じだい|true
じだいげき|じだいげき|true
じだいさくご|じだいさくご|true
じだん|じだん|true
じち|じち|true
じち|じつ|false
じちけん|じちけん|true
じちたい|じちたい|true
じちょう|じちょう|true
じっか|じっか|true
じっかん|じっかん|true
じっきょう|じっきょう|true
じっくり|じっくり|true
じっけい|じっけい|true
じっけん|じっけん|true
じっけんしつ|じっけんしつ|true
じっこう|じっこう|true
じっさい|じっさい|true
じっさいは|じっさいは|true
じっし|じっし|true
じっしつ|じっしつ|true
じっしつてき|じっしつてき|true
じっしゅう|じっしゅう|true
じっしょう|じっしょう|true
じっすう|じっすう|true
じっせい|じっせい|true
じっせき|じっせき|true
じっせん|じっせん|true
じっそう|じっそう|true
じったい|じったい|true
じったいちょうさ|じったいちょうさ|true
じっち|じっち|true
じってい|じってい|true
じっと|じっと|true
じっぴ|じっぴ|true
じつ|じつ|true
じつえん|じつえん|true
じつぎ|じつぎ|true
じつぎょう|じつぎょう|true
じつぎょうか|じつぎょうか|true
じつげん|じつげん|true
じつざい|じつざい|true
じつじょう|じつじょう|true
じつぞう|じつぞう|true
じつだん|じつだん|true
じつに|じつに|true
じつは|じつは|true
じつぶつ|じつぶつ|true
じつむ|じつむ|true
じつめい|じつめい|true
じつよう|じつよう|true
じつようてき|じつようてき|true
じつり|じつり|true
じつりょく|じつりょく|true
じつりょくこうし|じつりょくこうし|true
じつれい|じつれい|true
じつわ|じつわ|true
じづめ|じづめ|true
じてん|じてん|true
じてんしゃ|じてんしゃ|true
じでん|じでん|true
じでんしゃ|じてんしゃ|false
じどう|じどう|true
じどうか|じどうか|true
じどうしゃ|じどうしゃ|true
じどうてき|じどうてき|true
じどうはんばいき|じどうはんばいき|true
じなん|じなん|true
じにん|じにん|true
じぬし|じぬし|true
じはく|じはく|true
じはだ|じはだ|true
じはつ|じはつ|true
じはつてき|じはつてき|true
じはん|じはん|true
じはんき|じはんき|true
じば|じば|true
じばん|じばん|true
じひ|じひ|true
じひつ|じひつ|true
じひょう|じひょう|true
じびか|じびか|true
じびき|じびき|true
じびょう|じびょう|true
じふ|じふ|true
じぶん|じぶん|true
じぶんじしん|じぶんじしん|true
じぶんで|じぶんで|true
じへいしょう|じへいしょう|true
じへん|じへん|true
じほう|じほう|true
じぼく|じもく|false
じまえ|じまえ|true
じまく|じまく|true
じまん|じまん|true
じみ|じみ|true
じみち|じみち|true
じみん|じみん|true
じみんとう|じみんとう|true
じむ|じむ|true
じむいん|じむいん|true
じむかん|じむかん|true
じむきょく|じむきょく|true
じむしつ|じむしつ|true
じむしょ|じむしょ|true
じむじかん|じむじかん|true
じむてき|じむてき|true
じむとうきょく|じむとうきょく|true
じめい|じめい|true
じめじめ|じめじめ|true
じめつ|じめつ|true
じめん|じめん|true
じもく|じもく|true
じもと|じもと|true
じもん|じもん|true
じゃ|じゃあ|true
じゃ|へび|false
じゃあ|じゃあ|true
じゃあまた|ではまた|false
じゃう|ちゃう|true
じゃがいも|じゃがいも|true
じゃが芋|じゃがいも|true
じゃが薯|じゃがいも|false
じゃく|じゃく|true
じゃくしゃ|じゃくしゃ|true
じゃくたい|じゃくたい|true
じゃくてん|じゃくてん|true
じゃくねん|じゃくねん|true
じゃくねん|せきぜん|false
じゃぐち|じゃぐち|true
じゃこう|だこう|false
じゃっかん|じゃっかん|true
じゃどう|じゃどう|true
じゃない|じゃない|true
じゃないか|じゃないか|true
じゃのめ|じゃのめ|true
じゃぶじゃぶ|じゃぶじゃぶ|true
じゃま|じゃま|true
じゃまた|ではまた|false
じゃり|じゃり|true
じゃんけん|じゃんけん|true
じゃん拳|じゃんけん|false
じゃ口|じゃぐち|false
じゃ無い|じゃない|false
じゃ無いか|じゃないか|true
じゅう|けもの|false
じゅう|じゅう|true
じゅうあつ|じゅうあつ|true
じゅうい|じゅうい|true
じゅういち|じゅういち|true
じゅういちがつ|じゅういちがつ|true
じゅういちにち|じゅういちにち|true
じゅうおう|じゅうおう|true
じゅうおく|じゅうおく|true
じゅうか|おもに|false
じゅうかさんぜい|じゅうかさんぜい|true
じゅうがつ|じゅうがつ|true
じゅうき|じゅうき|true
じゅうきゅう|じゅうきゅう|true
じゅうきょ|じゅうきょ|true
じゅうぎょういん|じゅうぎょういん|true
じゅうくにち|じゅうくにち|true
じゅうぐん|じゅうぐん|true
じゅうけいてい|いとこ|false
じゅうげき|じゅうげき|true
じゅうこう|じゅうこう|true
じゅうこうぎょう|じゅうこうぎょう|true
じゅうご|じゅうご|true
じゅうごにち|じゅうごにち|true
じゅうさつ|じゅうさつ|true
じゅうさん|じゅうさん|true
じゅうさんにち|じゅうさんにち|true
じゅうし|じゅうし|true
じゅうしち|じゅうなな|false
じゅうしちにち|じゅうしちにち|true
じゅうしまい|いとこ|false
じゅうしょ|じゅうしょ|true
じゅうしょう|じゅうしょう|true
じゅうしょく|じゅうしょく|true
じゅうしん|じゅうしん|true
じゅうじ|じゅうじ|true
じゅうじか|じゅうじか|true
じゅうじつ|じゅうじつ|true
じゅうじろ|じゅうじろ|true
じゅうせい|じゅうせい|true
じゅうせき|じゅうせき|true
じゅうせん|じゅうせん|true
じゅうそう|じゅうそう|true
じゅうそく|じゅうそく|true
じゅうぞく|じゅうぞく|true
じゅうたい|じゅうたい|true
じゅうたく|じゅうたく|true
じゅうたくがい|じゅうたくがい|true
じゅうたくち|じゅうたくち|true
じゅうたん|じゅうたん|true
じゅうだい|じゅうだい|true
じゅうだん|じゅうだん|true
じゅうちん|じゅうちん|true
じゅうてん|じゅうてん|true
じゅうてんてき|じゅうてんてき|true
じゅうでん|じゅうでん|true
じゅうとう|じゅうとう|true
じゅうど|じゅうど|true
じゅうどう|じゅうどう|true
じゅうなな|じゅうなな|true
じゅうななにち|じゅうしちにち|false
じゅうなん|じゅうなん|true
じゅうに|じゅうに|true
じゅうにがつ|じゅうにがつ|true
じゅうににち|じゅうににち|true
じゅうにぶん|じゅうにぶん|true
じゅうにん|じゅうにん|true
じゅうはち|じゅうはち|true
じゅうはちにち|じゅうはちにち|true
じゅうはちばん|じゅうはちばん|true
じゅうばこ|じゅうばこ|true
じゅうびょう|じゅうびょう|true
じゅうふく|ちょうふく|true
じゅうぶん|じゅうぶん|true
じゅうほう|ちょうほう|false
じゅうまん|じゅうまん|true
じゅうみん|じゅうみん|true
じゅうみんぜい|じゅうみんぜい|true
じゅうみんひょう|じゅうみんひょう|true
じゅうめん|じゅうめん|true
じゅうやく|じゅうやく|true
じゅうゆ|じゅうゆ|true
じゅうよう|じゅうよう|true
じゅうようし|じゅうようし|true
じゅうようせい|じゅうようせい|true
じゅうようぶんかざい|じゅうようぶんかざい|true
じゅうよっか|じゅうよっか|true
じゅうよん|じゅうし|false
じゅうらい|じゅうらい|true
じゅうりょう|じゅうりょう|true
じゅうりょく|じゅうりょく|true
じゅうろく|じゅうろく|true
じゅうろくにち|じゅうろくにち|true
じゅえき|じゅえき|true
じゅがく|じゅがく|true
じゅきゅう|じゅきゅう|true
じゅきょう|じゅきょう|true
じゅぎょう|じゅぎょう|true
じゅぎょうさんかん|じゅぎょうさんかん|true
じゅぎょうちゅう|じゅぎょうちゅう|true
じゅぎょうりょう|じゅぎょうりょう|true
じゅく|じゅく|true
じゅくご|じゅくご|true
じゅくすい|じゅくすい|true
じゅくせい|じゅくせい|true
じゅくち|じゅくち|true
じゅくちょう|じゅくちょう|true
じゅくれん|じゅくれん|true
じゅけい|じゅけい|true
じゅけん|じゅけん|true
じゅこう|じゅこう|true
じゅこうりょう|じゅこうりょう|true
じゅごん|ジュゴン|false
じゅし|じゅし|true
じゅしょう|じゅしょう|true
じゅしょうしき|じゅしょうしき|true
じゅしん|じゅしん|true
じゅしんき|じゅしんき|true
じゅじゅ|じゅじゅ|true
じゅず|じゅず|true
じゅせい|じゅせい|true
じゅせいらん|じゅせいらん|true
じゅぞう|じゅぞう|true
じゅたい|じゅたい|true
じゅたく|じゅたく|true
じゅだく|じゅだく|true
じゅちゅう|じゅちゅう|true
じゅっかい|じゅっかい|true
じゅつ|じゅつ|true
じゅつご|じゅつご|true
じゅどう|じゅどう|true
じゅどうてき|じゅどうてき|true
じゅなん|じゅなん|true
じゅひ|じゅひ|true
じゅみょう|じゅみょう|true
じゅもく|じゅもく|true
じゅよ|じゅよ|true
じゅよう|じゅよう|true
じゅらく|しゅうらく|false
じゅり|じゅり|true
じゅりつ|じゅりつ|true
じゅりょう|じゅりょう|true
じゅれい|じゅれい|true
じゅわき|じゅわき|true
じゅん|じゅん|true
じゅんい|じゅんい|true
じゅんえき|じゅんえき|true
じゅんおう|じゅんのう|false
じゅんかい|じゅんかい|true
じゅんかつゆ|じゅんかつゆ|true
じゅんかん|じゅんかん|true
じゅんかんき|じゅんかんき|true
じゅんきゅう|じゅんきゅう|true
じゅんきょ|じゅんきょ|true
じゅんきん|じゅんきん|true
じゅんぎょう|じゅんぎょう|true
じゅんけっしょう|じゅんけっしょう|true
じゅんこう|じゅんこう|true
じゅんさ|じゅんさ|true
じゅんし|じゅんし|true
じゅんしゅ|じゅんしゅ|true
じゅんしょく|じゅんしょく|true
じゅんじ|じゅんじ|true
じゅんじゅんに|じゅんじゅんに|true
じゅんじょ|じゅんじょ|true
じゅんじょう|じゅんじょう|true
じゅんじる|じゅんじる|true
じゅんすい|じゅんすい|true
じゅんずる|じゅんずる|true
じゅんちょう|じゅんちょう|true
じゅんとう|じゅんとう|true
じゅんど|じゅんど|true
じゅんなん|じゅんなん|true
じゅんに|じゅんに|true
じゅんねん|うるうどし|false
じゅんのう|じゅんのう|true
じゅんばん|じゅんばん|true
じゅんび|じゅんび|true
じゅんぶんがく|じゅんぶんがく|true
じゅんれい|じゅんれい|true
じゅんろ|じゅんろ|true
じゆう|じゆう|true
じゆうか|じゆうか|true
じゆうがた|じゆうがた|true
じゆうけいざい|じゆうけいざい|true
じゆうしゅぎ|じゆうしゅぎ|true
じょい|じょい|true
じょう|じょう|true
じょうい|うわぎ|false
じょうい|じょうい|true
じょういん|じょういん|true
じょうえい|じょうえい|true
じょうえつ|じょうえつ|true
じょうえん|じょうえん|true
じょうおう|じょおう|false
じょうか|じょうか|true
じょうかく|じょうかく|true
じょうかく|じょうきゃく|false
じょうかそう|じょうかそう|true
じょうかまち|じょうかまち|true
じょうかん|じょうかん|true
じょうがい|じょうがい|true
じょうき|じょうき|true
じょうきげん|じょうきげん|true
じょうきゃく|じょうきゃく|true
じょうきゅう|じょうきゅう|true
じょうきょう|じょうきょう|true
じょうきょうほうこく|じょうきょうほうこく|true
じょうきん|じょうきん|true
じょうぎ|じょうぎ|true
じょうくう|じょうくう|true
じょうけい|じょうけい|true
じょうけん|じょうけん|true
じょうけんつき|じょうけんつき|true
じょうげ|じょうげ|true
じょうげん|じょうげん|true
じょうこう|じょうこう|true
じょうこく|じょうこく|true
じょうざい|じょうざい|true
じょうし|じょうし|true
じょうしき|じょうしき|true
じょうしきてき|じょうしきてき|true
じょうしゃ|じょうしゃ|true
じょうしゃけん|じょうしゃけん|true
じょうしゅ|じょうしゅ|true
じょうしゅ|じょうず|false
じょうしゅう|じょうしゅう|true
じょうしょ|じょうちょ|true
じょうしょう|じょうしょう|true
じょうしん|うわくちびる|false
じょうしん|じょうしん|true
じょうじ|じょうじ|true
じょうじゅ|じょうじゅ|true
じょうじゅう|ていじゅう|false
じょうじゅん|じょうじゅん|true
じょうじょう|じょうじょう|true
じょうじる|じょうじる|true
じょうすい|じょうすい|true
じょうすう|ていすう|false
じょうず|じょうず|true
じょうずる|じょうずる|true
じょうせい|じょうせい|true
じょうせつ|じょうせつ|true
じょうそう|じょうそう|true
じょうぞう|じょうぞう|true
じょうたい|じょうたい|true
じょうたつ|じょうたつ|true
じょうだん|じょうだん|true
じょうちゅう|じょうちゅう|true
じょうちょ|じょうちょ|true
じょうて|じょうず|false
じょうでん|じょうでん|true
じょうと|じょうと|true
じょうとう|じょうとう|true
じょうど|じょうど|true
じょうどしんしゅう|じょうどしんしゅう|true
じょうない|じょうない|true
じょうにん|じょうにん|true
じょうにんいいんかい|じょうにんいいんかい|true
じょうねつ|じょうねつ|true
じょうはつ|じょうはつ|true
じょうはんしん|じょうはんしん|true
じょうば|じょうば|true
じょうひん|じょうひん|true
じょうぶ|じょうぶ|true
じょうぶん|じょうぶん|true
じょうほ|じょうほ|true
じょうほう|じょうほう|true
じょうほうかしゃかい|じょうほうかしゃかい|true
じょうほうさんぎょう|じょうほうさんぎょう|true
じょうほうしょり|じょうほうしょり|true
じょうほうぶ|じょうほうぶ|true
じょうみゃく|じょうみゃく|true
じょうむ|じょうむ|true
じょうむいん|じょうむいん|true
じょうもん|じょうもん|true
じょうやく|じょうやく|true
じょうよう|じょうよう|true
じょうようかんじ|じょうようかんじ|true
じょうようしゃ|じょうようしゃ|true
じょうよきん|じょうよきん|true
じょうり|じょうり|true
じょうり|ぞうり|false
じょうりく|じょうりく|true
じょうりゅう|じょうりゅう|true
じょうれい|じょうれい|true
じょうれい|ていれい|false
じょうれん|じょうれん|true
じょえん|じょえん|true
じょおう|じょおう|true
じょがい|じょがい|true
じょがっこう|じょがっこう|true
じょきょ|じょきょ|true
じょきょうじゅ|じょきょうじゅ|true
じょきょく|じょきょく|true
じょきん|じょきん|true
じょく|はじ|false
じょくん|じょくん|true
じょげん|じょげん|true
じょこう|じょこう|true
じょごん|じょげん|false
じょさんぷ|じょさんぷ|true
じょし|じょし|true
じょしこう|じょしこう|true
じょしこうせい|じょしこうせい|true
じょしだい|じょしだい|true
じょしゅ|じょしゅ|true
じょじ|じょじ|true
じょじし|じょじし|true
じょじゅつ|じょじゅつ|true
じょじょう|じょじょう|true
じょじょに|じょじょに|true
じょせい|じょせい|true
じょせいてき|じょせいてき|true
じょせき|じょせき|true
じょせつ|じょせつ|true
じょそう|じょそう|true
じょちゅう|じょちゅう|true
じょばん|じょばん|true
じょぶん|じょぶん|true
じょまく|じょまく|true
じょめい|じょめい|true
じょやく|じょやく|true
じょゆう|じょゆう|true
じょりゅう|じょりゅう|true
じょりょく|じょりょく|true
じょれつ|じょれつ|true
じよう|じよう|true
じらい|じらい|true
じりき|じりき|true
じりつ|じりつ|true
じりつしんけい|じりつしんけい|true
じりゅう|じりゅう|true
じりょう|ちりょう|false
じりょく|じりき|false
じれい|じれい|true
じれいしゅう|じれいしゅう|true
じろん|じろん|true
じわじわ|ジワジワ|false
じん|じん|true
じんい|じんい|true
じんいてき|じんいてき|true
じんいん|じんいん|true
じんえい|じんえい|true
じんえい|ひとかげ|false
じんかく|じんかく|true
じんぎ|じんぎ|true
じんぐう|じんぐう|true
じんけん|じんけん|true
じんけんひ|じんけんひ|true
じんけんようご|じんけんようご|true
じんこう|じんこう|true
じんこうえいせい|じんこうえいせい|true
じんこうこきゅう|じんこうこきゅう|true
じんこうてき|じんこうてき|true
じんこつ|じんこつ|true
じんざい|じんざい|true
じんしゃ|じんじゃ|false
じんしゅ|じんしゅ|true
じんしん|じんしん|true
じんじ|じんじ|true
じんじいどう|じんじいどう|true
じんじいん|じんじいん|true
じんじゃ|じんじゃ|true
じんじょう|じんじょう|true
じんせい|じんせい|true
じんせいかん|じんせいかん|true
じんせん|じんせん|true
じんそく|じんそく|true
じんぞう|じんぞう|true
じんたい|じんたい|true
じんだい|じんだい|true
じんち|じんち|true
じんちゅう|じんちゅう|true
じんつう|じんつう|true
じんてき|じんてき|true
じんとう|じんとう|true
じんどう|じんどう|true
じんどうしゅぎ|じんどうしゅぎ|true
じんどうてき|じんどうてき|true
じんぶつ|じんぶつ|true
じんぶん|じんぶん|true
じんぶんかがく|じんぶんかがく|true
じんみゃく|じんみゃく|true
じんみん|じんみん|true
じんみんげん|じんみんげん|true
じんみんせんせん|じんみんせんせん|true
じんめい|じんめい|true
じんもく|ひとめ|false
じんもん|じんぶん|false
じんもん|じんもん|true
じんよう|じんよう|true
じんりきしゃ|じんりきしゃ|true
じんりょく|じんりょく|true
じんるい|じんるい|true
じんるいがく|じんるいがく|true
じーっと|じっと|false
じーと|じっと|false
す|す|true
すいい|すいい|true
すいいき|すいいき|true
すいえい|すいえい|true
すいおん|すいおん|true
すいか|すいか|true
すいがい|すいがい|true
すいがら|すいがら|true
すいき|みずけ|false
すいぎゅう|すいぎゅう|true
すいぎん|すいぎん|true
すいけい|すいけい|true
すいげん|すいげん|true
すいこう|すいこう|true
すいこむ|すいこむ|true
すいさい|みずぎわ|false
すいさいが|すいさいが|true
すいさん|すいさん|true
すいさんぎょう|すいさんぎょう|true
すいさんちょう|すいさんちょう|true
すいさんぶつ|すいさんぶつ|true
すいし|すいし|true
すいしつ|すいしつ|true
すいしゃ|すいしゃ|true
すいしょう|すいしょう|true
すいしょうかんきょう|すいしょうかんきょう|true
すいしん|すいしん|true
すいじ|すいじ|true
すいじゃく|すいじゃく|true
すいじゅん|すいじゅん|true
すいじょう|すいじょう|true
すいじょうき|すいじょうき|true
すいせい|すいせい|true
すいせん|すいせん|true
すいそ|すいそ|true
すいそう|すいそう|true
すいそく|すいそく|true
すいぞくかん|すいぞくかん|true
すいぞっかん|すいぞくかん|false
すいたい|すいたい|true
すいちゅう|すいちゅう|true
すいちょう|みずとり|false
すいちょく|すいちょく|true
すいてい|すいてい|true
すいてき|すいてき|true
すいでん|すいでん|true
すいとう|すいとう|true
すいどう|すいどう|true
すいどうすい|すいどうすい|true
すいはんき|すいはんき|true
すいばく|すいばく|true
すいぶん|すいぶん|true
すいへい|すいへい|true
すいへいせん|すいへいせん|true
すいへん|みずべ|false
すいほう|すいほう|true
すいぼくが|すいぼくが|true
すいみん|すいみん|true
すいめん|すいめん|true
すいよう|すいよう|true
すいようせい|すいようせい|true
すいようび|すいようび|true
すいり|すいり|true
すいりしょうせつ|すいりしょうせつ|true
すいりょう|すいりょう|true
すいりょく|すいりょく|true
すいろ|すいろ|true
すいろん|すいろん|true
すい星|すいせい|false
すう|すう|true
すうおくねん|すうおくねん|true
すうかい|すうかい|true
すうかげつ|すうかげつ|true
すうがく|すうがく|true
すうこ|すうこ|true
すうこう|すうこう|true
すうじ|すうじ|true
すうじかん|すうじかん|true
すうじく|すうじく|true
すうじつ|すうじつ|true
すうじゅう|すうじゅう|true
すうせん|すうせん|true
すうち|すうち|true
すうっと|すっと|false
すうにん|すうにん|true
すうねん|すうねん|true
すうねんまえ|すうねんまえ|true
すうはい|すうはい|true
すうひゃく|すうひゃく|true
すうふん|すうふん|true
すうまん|すうまん|true
すうりょう|すうりょう|true
すえ|すえ|true
すえおき|すえおき|true
すえっこ|すえっこ|true
すえつける|すえつける|true
すえに|すえに|true
すえひろ|すえひろ|true
すえる|すえる|true
すえ置き|すえおき|false
すかさず|すかさず|true
すが|すげ|false
すがお|すがお|true
すがすがしい|すがすがしい|true
すがた|すがた|true
すがる|すがる|true
すき|すき|true
すききらい|すききらい|true
すきずき|すきずき|true
すきとおる|すきとおる|true
すきま|すきま|true
すきやき|すきやき|true
すき嫌い|すききらい|false
すき焼|すきやき|false
すき焼き|すきやき|true
すき間|すきま|false
すぎ|すぎ|true
すぎょう|しゅぎょう|false
すぎる|すぎる|true
すく|すく|true
すくい|すくい|true
すくう|すくう|true
すくない|すくない|true
すくなからず|すくなからず|true
すくなくとも|すくなくとも|true
すくも|でいたん|false
すくわれる|すくわれる|true
すぐ|すぐ|true
すぐさま|すぐさま|true
すぐそば|すぐそば|true
すぐに|すぐに|true
すぐれる|すぐれる|true
すぐ側|すぐそば|true
すぐ様|すぐさま|false
すけっと|すけっと|true
すげ|すげ|true
すげい|すげー|false
すげぇ|すげー|false
すげえ|すげー|false
すげー|すげー|true
すこし|すこし|true
すこしずつ|すこしずつ|true
すこしづつ|すこしずつ|false
すこしも|すこしも|true
すこやか|すこやか|true
すごい|すごい|true
すごす|すごす|true
すさまじい|すさまじい|true
すし|すし|true
すじ|すじ|true
すじがき|すじがき|true
すじちがい|すじちがい|true
すじみち|すじみち|true
すじ違い|すじちがい|false
すすみ|すすみ|true
すすむ|すすむ|true
すすめ|すすめ|true
すすめる|すすめる|true
すず|すず|true
すずかぜ|りょうふう|false
すずしい|すずしい|true
すずむ|すずむ|true
すずめ|すずめ|true
すそ|すそ|true
すだち|すだち|true
すっかり|すっかり|true
すっきり|すっきり|true
すっげぇ|すげー|false
すっげえ|すげー|false
すっげー|すげー|false
すっごい|すっごい|true
すっと|すっと|true
すっぱい|すっぱい|true
すっぽり|すっぽり|true
すてき|すてき|true
すてご|すてご|true
すてる|すてる|true
すでに|すでに|true
すな|すな|true
すなお|すなお|true
すなどけい|すなどけい|true
すなどる|あさる|false
すなはま|すなはま|true
すなわち|すなわち|true
すね|すね|true
すのもの|すのもの|true
すばやい|すばやい|true
すばらしい|すばらしい|true
すべき|すべき|true
すべて|すべて|true
すべらか|なめらか|false
すべりだい|すべりだい|true
すべり台|すべりだい|false
すべる|すべる|true
すま|すみ|false
すまい|すまい|true
すまい|すもう|false
すまいとり|すもうとり|false
すまう|すまう|true
すましがお|すましがお|true
すまし顔|すましがお|true
すます|すます|true
すませる|すませる|true
すまない|すまない|true
すみ|さんみ|false
すみ|すみ|true
すみえ|すみえ|true
すみきる|すみきる|true
すみここち|すみごこち|false
すみごこち|すみごこち|true
すみずみ|すみずみ|true
すみません|すみません|true
すみやか|すみやか|true
すむ|すむ|true
すもう|すもう|true
すもうとり|すもうとり|true
すやすや|すやすや|true
すやつ|そいつ|false
すら|すら|true
すらすら|スラスラ|true
すり|しゅうり|false
すり|すり|true
すりきず|すりきず|true
すり傷|すりきず|false
する|する|true
する|そる|false
すると|すると|true
するどい|するどい|true
するべき|するべき|true
すれすれ|すれすれ|true
すれば|すれば|true
すわり|すわり|true
すわりこみ|すわりこみ|true
すわる|すわる|true
すんか|すんか|true
すんげぇ|すげー|false
すんげえ|すげー|false
すんげー|すげー|false
すんごい|すっごい|true
すんぜん|すんぜん|true
すんだん|すんだん|true
すんばらしい|すばらしい|false
すんぽう|すんぽう|true
す可き|すべき|false
す早い|すばやい|false
す速い|すばやい|false
ず|ず|true
ずい|ずいい|false
ずいい|ずいい|true
ずいいち|ずいいち|true
ずいいつ|ずいいち|false
ずいいん|ずいいん|true
ずいしょ|ずいしょ|true
ずいじ|ずいじ|true
ずいひつ|ずいひつ|true
ずいぶん|ずいぶん|true
ずい分|ずいぶん|false
ずうずうしい|ずうずうしい|true
ずうち|あたまうち|false
ずうっと|ずっと|false
ずかい|ずかい|true
ずかん|ずかん|true
ずがら|ずがら|true
ずきずき|ずきずき|true
ずくてつ|せんてつ|false
ずけい|ずけい|true
ずさん|ずさん|true
ずざん|ずさん|false
ずし|ずし|true
ずしき|ずしき|true
ずしょ|としょ|false
ずしょかん|としょかん|false
ずじょう|ずじょう|true
ずず|じゅず|false
ずっと|ずっと|true
ずっぽし|すっぽり|false
ずっぽり|すっぽり|false
ずつ|ずつ|true
ずつう|ずつう|true
ずのう|ずのう|true
ずはん|ずはん|true
ずばり|ズバリ|true
ずひょう|ずひょう|true
ずめん|ずめん|true
ずらす|ずらす|true
ずらり|ずらり|true
ずるい|ずるい|true
ずるずる|ずるずる|true
ずれる|ずれる|true
ずん|じゅん|false
ずーずーしい|ずうずうしい|false
ずーっと|ずっと|true
せ|せ|true
せい|せい|true
せい|まつりごと|false
せいあつ|せいあつ|true
せいあん|せいあん|true
せいい|せいい|true
せいいき|せいいき|true
せいいく|せいいく|true
せいいっぱい|せいいっぱい|true
せいうん|せいうん|true
せいえい|せいえい|true
せいえき|せいえき|true
せいえん|せいえん|true
せいおう|せいおう|true
せいか|いけばな|false
せいか|せいか|true
せいかい|せいかい|true
せいかがく|せいかがく|true
せいかく|せいかく|true
せいかつ|せいかつ|true
せいかつひ|せいかつひ|true
せいかん|せいかん|true
せいかんたい|せいかんたい|true
せいがく|せいがく|true
せいがん|せいがん|true
せいき|せいき|true
せいきまつ|せいきまつ|true
せいきゅう|せいきゅう|true
せいきゅうけん|せいきゅうけん|true
せいきゅうしょ|せいきゅうしょ|true
せいきょ|せいきょ|true
せいきょう|せいきょう|true
せいきょういく|せいきょういく|true
せいきょく|せいきょく|true
せいぎ|せいぎ|true
せいぎょ|せいぎょ|true
せいけい|せいけい|true
せいけいげか|せいけいげか|true
せいけつ|せいけつ|true
せいけん|せいけん|true
せいげん|せいげん|true
せいこう|せいこう|true
せいご|せいご|true
せいごう|せいごう|true
せいさい|せいさい|true
せいさく|せいさく|true
せいさくひ|せいさくひ|true
せいさん|せいさん|true
せいさんしゃ|せいさんしゃ|true
せいさんせい|せいさんせい|true
せいざ|せいざ|true
せいざん|せいざん|true
せいし|せいし|true
せいしき|せいしき|true
せいしきめいしょう|せいしきめいしょう|true
せいしつ|せいしつ|true
せいしゅ|せいしゅ|true
せいしゅく|せいしゅく|true
せいしゅん|せいしゅん|true
せいしょ|せいしょ|true
せいしょう|せいしょう|true
せいしょうねん|せいしょうねん|true
せいしょく|あおいろ|false
せいしょく|せいしょく|true
せいしょくしゃ|せいしょくしゃ|true
せいしん|せいしん|true
せいしんか|せいしんか|true
せいしんしょうがい|せいしんしょうがい|true
せいしんてき|せいしんてき|true
せいしんはくじゃく|せいしんはくじゃく|true
せいじ|せいじ|true
せいじか|せいじか|true
せいじつ|せいじつ|true
せいじてき|せいじてき|true
せいじはん|せいじはん|true
せいじゃく|せいじゃく|true
せいじゅく|せいじゅく|true
せいじょう|せいじょう|true
せいじょうか|せいじょうか|true
せいじょうき|せいじょうき|true
せいじりょく|せいじりょく|true
せいじん|せいじん|true
せいじんびょう|せいじんびょう|true
せいすい|せいすい|true
せいすう|せいすう|true
せいする|せいする|true
せいず|せいず|true
せいせい|せいせい|true
せいせき|せいせき|true
せいせん|せいせん|true
せいぜい|せいぜい|true
せいぜん|せいぜん|true
せいそう|せいそう|true
せいそうけん|せいそうけん|true
せいそく|せいそく|true
せいそくち|せいそくち|true
せいぞう|せいぞう|true
せいぞろい|せいぞろい|true
せいぞん|せいぞん|true
せいたい|せいたい|true
せいたいがく|せいたいがく|true
せいたいけい|せいたいけい|true
せいたく|せいたく|true
せいたけ|せたけ|false
せいたん|せいたん|true
せいだい|せいだい|true
せいち|せいち|true
せいちょう|せいちょう|true
せいつう|せいつう|true
せいてい|せいてい|true
せいてき|せいてき|true
せいてつ|せいてつ|true
せいてつしょ|せいてつじょ|false
せいてつじょ|せいてつじょ|true
せいてん|せいてん|true
せいでん|せいてん|false
せいと|せいと|true
せいとう|せいとう|true
せいとうせいじ|せいとうせいじ|true
せいとうぼうえい|せいとうぼうえい|true
せいとん|せいとん|true
せいど|せいど|true
せいどう|せいどう|true
せいどく|せいどく|true
せいなん|せいなん|true
せいねん|せいねん|true
せいねんがっぴ|せいねんがっぴ|true
せいねんだん|せいねんだん|true
せいのう|せいのう|true
せいは|せいは|true
せいはんたい|せいはんたい|true
せいひ|せいひ|true
せいひん|せいひん|true
せいび|せいび|true
せいびょう|せいびょう|true
せいふ|せいふ|true
せいふう|にしかぜ|false
せいふく|せいふく|true
せいぶ|せいぶ|true
せいぶつ|せいぶつ|true
せいぶつがく|せいぶつがく|true
せいぶん|せいぶん|true
せいへき|せいへき|true
せいへん|せいへん|true
せいべつ|せいべつ|true
せいほ|せいほ|true
せいほう|せいほう|true
せいほうけい|せいほうけい|true
せいぼ|せいぼ|true
せいまい|せいまい|true
せいみつ|せいみつ|true
せいむ|せいむ|true
せいむじかん|せいむじかん|true
せいめい|せいめい|true
せいめいほけん|せいめいほけん|true
せいめいりょく|せいめいりょく|true
せいもん|せいもん|true
せいやく|せいやく|true
せいゆじょ|せいゆじょ|true
せいよう|せいよう|true
せいようじん|せいようじん|true
せいよく|せいよく|true
せいり|せいり|true
せいりがく|せいりがく|true
せいりつ|せいりつ|true
せいりゅう|せいりゅう|true
せいりょう|せいりょう|true
せいりょく|せいりょく|true
せいれい|せいれい|true
せいれき|せいれき|true
せいれつ|せいれつ|true
せいれん|せいれん|true
せいろん|せいろん|true
せいろん|よろん|false
せえ|せい|false
せおう|せおう|true
せおよぎ|せおよぎ|true
せかい|せかい|true
せかいいさん|せかいいさん|true
せかいいち|せかいいち|true
せかいかくち|せかいかくち|true
せかいかっこく|せかいかっこく|true
せかいかん|せかいかん|true
せかいぎんこう|せかいぎんこう|true
せかいじゅう|せかいじゅう|true
せかいたいせん|せかいたいせん|true
せかいてき|せかいてき|true
せかす|せかす|true
せかせか|せかせか|true
せがたかい|せがたかい|true
せがむ|せがむ|true
せが高い|せがたかい|false
せき|せき|true
せきえい|せきえい|true
せきかん|せっかん|false
せきがいせん|せきがいせん|true
せきぐん|せきぐん|true
せきさい|せきさい|true
せきさん|せきさん|true
せきざい|せきざい|true
せきしつ|せきしつ|true
せきしょく|あかいろ|true
せきじつ|ゆうひ|false
せきじょう|せきじょう|true
せきずい|せきずい|true
せきせつ|せきせつ|true
せきぜん|せきぜん|true
せきたん|せきたん|true
せきとり|せきとり|true
せきどう|せきどう|true
せきにん|せきにん|true
せきにんかん|せきにんかん|true
せきにんしゃ|せきにんしゃ|true
せきにんをもつ|せきにんをもつ|true
せきはい|せきはい|true
せきはん|せきはん|true
せきひ|せきひ|true
せきぶつ|せきぶつ|true
せきむ|せきむ|true
せきむ|ゆうぎり|false
せきめん|せきめん|true
せきゆ|せきゆ|true
せきり|せきり|true
せきわけ|せきわけ|true
せぎん|せぎん|true
せけん|せけん|true
せこう|しこう|false
せこう|せこう|true
せしゅう|せしゅう|true
せすじ|せすじ|true
せず|せず|true
せずに|せずに|true
せそう|せそう|true
せたい|せたい|true
せたけ|せたけ|true
せだい|せだい|true
せちがい|さつがい|false
せっかい|せっかい|true
せっかく|せっかく|true
せっかち|せっかち|true
せっかん|せっかん|true
せっき|あかはた|false
せっき|せっき|true
せっきょう|いしばし|false
せっきょう|せっきょう|true
せっきょく|せっきょく|true
せっきょくてき|せっきょくてき|true
せっきん|せっきん|true
せっく|せっく|true
せっけい|せっけい|true
せっけん|せっけん|true
せっし|せっし|true
せっしゅ|せっしゅ|true
せっしょう|せっしょう|true
せっしょく|せっしょく|true
せっする|せっする|true
せっせと|せっせと|true
せっせん|せっせん|true
せっそう|せっそう|true
せっそく|せっそく|true
せったい|せったい|true
せっち|せっち|true
せっちゃく|せっちゃく|true
せっちゅう|せっちゅう|true
せってい|せってい|true
せっていかのう|せっていかのう|true
せってん|せってん|true
せっとう|せっとう|true
せっとく|せっとく|true
せっとくりょく|せっとくりょく|true
せっぱく|せっぱく|true
せっぱん|せっぱん|true
せっぷく|せっぷく|true
せつ|せつ|true
せつがい|さつがい|false
せつげん|せつげん|true
せつじつ|せつじつ|true
せつじょく|せつじょく|true
せつぞく|せつぞく|true
せつだん|せつだん|true
せつど|せつど|true
せつな|せつな|true
せつない|せつない|true
せつび|せつび|true
せつぼう|せつぼう|true
せつめい|せつめい|true
せつめいしょ|せつめいしょ|true
せつもん|せつもん|true
せつやく|せつやく|true
せつり|せつり|true
せつりつ|せつりつ|true
せつれつ|せつれつ|true
せと|せと|true
せとぎわ|せとぎわ|true
せともの|せともの|true
せなか|せなか|true
せばまる|せばまる|true
せばめる|せばめる|true
せばんごう|せばんごう|true
せび|せみ|false
せびろ|せびろ|true
せぼね|せぼね|true
せまい|せまい|true
せまる|せまる|true
せみ|せみ|true
せめ|せめ|true
せめて|せめて|true
せめる|せめる|true
せもたれ|せもたれ|true
せりあい|せりあい|true
せりあう|せりあう|true
せる|せまる|false
せる|せる|true
せろん|よろん|true
せわ|せわ|true
せわにん|せわにん|true
せん|せん|true
せんい|せんい|true
せんいき|せんいき|true
せんいん|せんいん|true
せんえん|せんえん|true
せんえんさつ|せんえんさつ|true
せんおう|せんおう|true
せんか|せんか|true
せんかい|せんかい|true
せんかん|せんかん|true
せんきゅうひゃくねんだい|せんきゅうひゃくねんだい|true
せんきょ|せんきょ|true
せんきょう|せんきょう|true
せんきょう|ふなばし|false
せんきょうし|せんきょうし|true
せんきょうんどう|せんきょうんどう|true
せんきょけん|せんきょけん|true
せんきょせん|せんきょせん|true
せんきょにん|せんきょにん|true
せんぎょ|せんぎょ|true
せんぎょう|せんぎょう|true
せんく|せんく|true
せんけい|おうぎがた|true
せんけつ|せんけつ|true
せんけん|せんけん|true
せんげつ|せんげつ|true
せんげん|せんげん|true
せんこう|せんこう|true
せんこく|せんこく|true
せんご|せんご|true
せんごく|せんごく|true
せんさい|せんさい|true
せんざい|せんざい|true
せんし|せんし|true
せんしつ|せんしつ|true
せんしゃ|せんしゃ|true
せんしゅ|せんしゅ|true
せんしゅう|せんしゅう|true
せんしゅうらく|せんしゅうらく|true
せんしゅけん|せんしゅけん|true
せんしゅつ|せんしゅつ|true
せんしゅぼうえい|せんしゅぼうえい|true
せんしゅむら|せんしゅむら|true
せんしょう|せんしょう|true
せんしょく|せんしょく|true
せんしょくたい|せんしょくたい|true
せんしん|せんしん|true
せんしんこく|せんしんこく|true
せんじ|せんじ|true
せんじつ|せんじつ|true
せんじゃ|せんじゃ|true
せんじゅう|せんじゅう|true
せんじゅつ|せんじゅつ|true
せんじょう|せんじょう|true
せんじょうざい|せんじょうざい|true
せんじん|せんじん|true
せんす|せんす|true
せんすい|せんすい|true
せんすいかん|せんすいかん|true
せんせい|せんせい|true
せんせき|せんせき|true
せんせん|せんせん|true
せんぜん|せんぜん|true
せんそう|せんそう|true
せんそく|はだし|false
せんぞ|せんぞ|true
せんぞく|せんぞく|true
せんたい|せんたい|true
せんたく|せんたく|true
せんたくかもく|せんたくかもく|true
せんたくき|せんたくき|true
せんたくし|せんたくし|true
せんたくもの|せんたくもの|true
せんたくもん|せんたくもの|false
せんたっき|せんたくき|false
せんたん|せんたん|true
せんだい|せんだい|true
せんだく|せんたく|false
せんだって|せんだって|true
せんち|せんち|true
せんちゃく|せんちゃく|true
せんちゅう|せんちゅう|true
せんちょう|せんちょう|true
せんて|せんて|true
せんてい|せんてい|true
せんてつ|せんてつ|true
せんてんてき|せんてんてき|true
せんでん|せんでん|true
せんと|せんと|true
せんとう|せんとう|true
せんとうき|せんとうき|true
せんど|せんど|true
せんどう|せんどう|true
せんどう|やまみち|false
せんにゅう|せんにゅう|true
せんにゅうかん|せんにゅうかん|true
せんにん|せんにん|true
せんぬき|せんぬき|true
せんねん|せんねん|true
せんのう|せんのう|true
せんばい|せんばい|true
せんばつ|せんばつ|true
せんぱい|せんぱい|true
せんぱく|せんぱく|true
せんぱつ|せんぱつ|true
せんぱん|せんぱん|true
せんびん|ふなびん|false
せんぴ|せんぴ|true
せんぷう|せんぷう|true
せんぷうき|せんぷうき|true
せんぷく|せんぷく|true
せんべい|せんべい|true
せんべつ|せんべつ|true
せんぼつ|せんぼつ|true
せんぽう|せんぽう|true
せんむ|せんむ|true
せんめい|せんめい|true
せんめん|せんめん|true
せんめんき|せんめんき|true
せんめんじょ|せんめんじょ|true
せんもん|せんもん|true
せんもんい|せんもんい|true
せんもんか|せんもんか|true
せんもんがっこう|せんもんがっこう|true
せんもんてき|せんもんてき|true
せんもんてん|せんもんてん|true
せんゆう|せんゆう|true
せんよう|せんよう|true
せんり|せんり|true
せんりつ|せんりつ|true
せんりゃく|せんりゃく|true
せんりゅう|せんりゅう|true
せんりょう|せんりょう|true
せんりょく|せんりょく|true
せんれい|せんれい|true
せんれつ|せんれつ|true
せんれん|せんれん|true
せんろ|せんろ|true
ぜ|ぜ|true
ぜい|ぜい|true
ぜいいん|ぜんいん|false
ぜいかん|ぜいかん|true
ぜいがく|ぜいがく|true
ぜいきん|ぜいきん|true
ぜいこみ|ぜいこみ|true
ぜいしゅう|ぜいしゅう|true
ぜいじゃく|ぜいじゃく|true
ぜいせい|ぜいせい|true
ぜいたく|ぜいたく|true
ぜいひき|ぜいびき|false
ぜいびき|ぜいびき|true
ぜいほう|ぜいほう|true
ぜいむ|ぜいむ|true
ぜいむしょ|ぜいむしょ|true
ぜいりし|ぜいりし|true
ぜいりつ|ぜいりつ|true
ぜい弱|ぜいじゃく|false
ぜく|ぜっく|false
ぜせい|ぜせい|true
ぜっきょう|ぜっきょう|true
ぜっく|ぜっく|true
ぜっこう|ぜっこう|true
ぜっこうちょう|ぜっこうちょう|true
ぜっさん|ぜっさん|true
ぜっせん|ぜっせん|true
ぜったい|ぜったい|true
ぜったいてき|ぜったいてき|true
ぜったいに|ぜったいに|true
ぜっちょう|ぜっちょう|true
ぜつえん|ぜつえん|true
ぜつだい|ぜつだい|true
ぜつぼう|ぜつぼう|true
ぜつみょう|ぜつみょう|true
ぜつめつ|ぜつめつ|true
ぜにん|ぜにん|true
ぜひ|ぜひ|true
ぜひぜひ|ぜひぜひ|true
ぜひとも|ぜひとも|true
ぜん|ぜん|true
ぜんあく|ぜんあく|true
ぜんい|ぜんい|true
ぜんいき|ぜんいき|true
ぜんいん|ぜんいん|true
ぜんえい|ぜんえい|true
ぜんかい|ぜんかい|true
ぜんがく|ぜんがく|true
ぜんき|ぜんき|true
ぜんきょく|ぜんきょく|true
ぜんけん|ぜんけん|true
ぜんげん|ぜんげん|true
ぜんこう|ぜんこう|true
ぜんこく|ぜんこく|true
ぜんこくてき|ぜんこくてき|true
ぜんご|ぜんご|true
ぜんしゃ|ぜんしゃ|true
ぜんしゅう|ぜんしゅう|true
ぜんしょう|ぜんしょう|true
ぜんしょうせん|ぜんしょうせん|true
ぜんしん|ぜんしん|true
ぜんじ|ぜんじ|true
ぜんじ|ぜんち|false
ぜんじつ|ぜんじつ|true
ぜんじん|ぜんじん|true
ぜんせい|ぜんせい|true
ぜんせかい|ぜんせかい|true
ぜんせん|ぜんせん|true
ぜんぜん|ぜんぜん|true
ぜんそう|ぜんそう|true
ぜんそく|ぜんそく|true
ぜんそくりょく|ぜんそくりょく|true
ぜんたい|ぜんたい|true
ぜんたいしゅぎ|ぜんたいしゅぎ|true
ぜんたいてき|ぜんたいてき|true
ぜんだいみもん|ぜんだいみもん|true
ぜんち|ぜんち|true
ぜんちょう|ぜんちょう|true
ぜんっぜん|ぜんぜん|false
ぜんてい|ぜんてい|true
ぜんてん|ぜんてん|true
ぜんでら|ぜんでら|true
ぜんと|ぜんと|true
ぜんど|ぜんど|true
ぜんにちせい|ぜんにちせい|true
ぜんにっぽん|ぜんにほん|false
ぜんにほん|ぜんにほん|true
ぜんねん|ぜんねん|true
ぜんねんど|ぜんねんど|true
ぜんはん|ぜんはん|true
ぜんはんせん|ぜんはんせん|true
ぜんぱい|ぜんぱい|true
ぜんぱん|ぜんはん|false
ぜんぱん|ぜんぱん|true
ぜんぱんせん|ぜんはんせん|false
ぜんぶ|ぜんぶ|true
ぜんぶん|ぜんぶん|true
ぜんべい|ぜんべい|true
ぜんぼう|ぜんぼう|true
ぜんぽう|ぜんぽう|true
ぜんまい|ばね|false
ぜんめつ|ぜんめつ|true
ぜんめん|ぜんめん|true
ぜんめんてき|ぜんめんてき|true
ぜんもんどう|ぜんもんどう|true
ぜんや|ぜんや|true
ぜんやく|ぜんやく|true
ぜんやさい|ぜんやさい|true
ぜんよう|ぜんよう|true
ぜんりゃく|ぜんりゃく|true
ぜんりょう|ぜんりょう|true
ぜんりょく|ぜんりょく|true
ぜんりん|ぜんりん|true
ぜんれい|ぜんれい|true
ぜんれき|ぜんれき|true
ぜん息|ぜんそく|false
そ|そ|true
そ〜|そう|false
そあく|そあく|true
そあん|そあん|true
そいじゃ|それじゃ|false
そいつ|そいつ|true
そいでもって|そんでもって|false
そぅ|そう|false
そう|こと|false
そう|さゆう|false
そう|せい|false
そう|そう|true
そう|みさお|false
そう|も|false
そうあたり|そうあたり|true
そうあん|そうあん|true
そうい|そうい|true
そういう|そういう|true
そういえば|そういえば|true
そういった|そういった|true
そういん|そういん|true
そうおう|そうおう|true
そうおん|そうおん|true
そうか|くさばな|false
そうか|そうか|true
そうか|そうけ|false
そうかい|そうかい|true
そうかいや|そうかいや|true
そうかがっかい|そうかがっかい|true
そうかつ|そうかつ|true
そうかん|そうかん|true
そうかんかんけい|そうかんかんけい|true
そうがく|そうがく|true
そうがんきょう|そうがんきょう|true
そうき|そうき|true
そうきちりょう|そうきちりょう|true
そうきゅう|そうきゅう|true
そうきん|そうきん|true
そうぎ|そうぎ|true
そうぎょう|そうぎょう|true
そうぐう|そうぐう|true
そうけ|そうけ|true
そうけい|そうけい|true
そうけっさん|そうけっさん|true
そうけん|そうけん|true
そうげい|そうげい|true
そうげん|そうげん|true
そうこ|そうこ|true
そうこう|そうこう|true
そうこうしているうちに|そうこうしているうちに|true
そうこうしている内に|そうこうしているうちに|true
そうご|そうご|true
そうごう|そうごう|true
そうごうてき|そうごうてき|true
そうごぎんこう|そうごぎんこう|true
そうごこうりゅう|そうごこうりゅう|true
そうごん|そうごん|true
そうさ|そうさ|true
そうさい|そうさい|true
そうさかん|そうさかん|true
そうさく|そうさく|true
そうさつ|そうさい|false
そうざい|そうざい|true
そうし|そうし|true
そうし|ふたご|false
そうしき|そうしき|true
そうした|そうした|true
そうしたら|そうしたら|true
そうしつ|そうしつ|true
そうして|そうして|true
そうしゃ|そうしゃ|true
そうしゅつ|そうしゅつ|true
そうしゅん|そうしゅん|true
そうしょ|そうしょ|true
そうしょく|そうしょく|true
そうしん|そうしん|true
そうじ|しょうじん|false
そうじ|そうじ|true
そうじき|そうじき|true
そうじしょく|そうじしょく|true
そうじゅう|そうじゅう|true
そうじゅく|そうじゅく|true
そうじょう|そうじょう|true
そうじん|しょうじん|false
そうすい|そうすい|true
そうすう|そうすう|true
そうすると|そうすると|true
そうすれば|そうすれば|true
そうせいじ|そうせいじ|true
そうせつ|そうせつ|true
そうせんきょ|そうせんきょ|true
そうぜい|そうぜい|true
そうぜん|そうぜん|true
そうそう|そうそう|true
そうぞう|そうぞう|true
そうぞうしい|そうぞうしい|true
そうぞうてき|そうぞうてき|true
そうぞうりょく|そうぞうりょく|true
そうぞく|そうぞく|true
そうぞくぜい|そうぞくぜい|true
そうたい|そうたい|true
そうたいてき|そうたいてき|true
そうだ|そうだ|true
そうだい|そうだい|true
そうだつ|そうだつ|true
そうだん|そうだん|true
そうだんしょ|そうだんじょ|false
そうだんじょ|そうだんじょ|true
そうだんやく|そうだんやく|true
そうち|そうち|true
そうちゃく|そうちゃく|true
そうちょう|そうちょう|true
そうっと|そっと|false
そうてい|そうてい|true
そうてん|そうてん|true
そうです|そうです|true
そうですが|そうですが|true
そうですね|そうですね|true
そうでん|そうでん|true
そうとう|そうとう|true
そうとく|そうとく|true
そうどう|そうどう|true
そうどういん|そうどういん|true
そうなると|そうなると|true
そうなん|そうなん|true
そうにゅう|そうにゅう|true
そうねん|そうねん|true
そうば|そうば|true
そうひょう|そうひょう|true
そうび|そうび|true
そうび|ばら|false
そうふ|そうふ|true
そうべつ|そうべつ|true
そうべつかい|そうべつかい|true
そうほう|そうほう|true
そうほんざん|そうほんざん|true
そうむ|そうむ|true
そうむきょく|そうむきょく|true
そうむぶ|そうむぶ|true
そうもく|くさき|true
そうゆう|そういう|false
そうらん|そうらん|true
そうり|そうり|true
そうりだいじん|そうりだいじん|true
そうりつ|そうりつ|true
そうりふ|そうりふ|true
そうりょ|そうりょ|true
そうりょう|そうりょう|true
そうりょうじ|そうりょうじ|true
そうりょく|そうりょく|true
そうるい|そうるい|true
そうれつ|そうれつ|true
そうろん|そうろん|true
そうわ|そうわ|true
そう言う|そういう|true
そう言えば|そういえば|true
そう言った|そういった|true
そう身|そうしん|false
そう類|そうるい|false
そえる|そえる|true
そえん|そえん|true
そお|そう|false
そおお|そう|false
そおっと|そっと|false
そかい|そかい|true
そかく|そかく|true
そがい|そがい|true
そく|しょく|false
そくい|そくい|true
そくざ|そくざ|true
そくざに|そくざに|true
そくし|そくし|true
そくしん|そくしん|true
そくじ|そくじ|true
そくじつ|そくじつ|true
そくする|そくする|true
そくせい|そくせい|true
そくせき|あしあと|false
そくせき|そくせき|true
そくせんりょく|そくせんりょく|true
そくたつ|そくたつ|true
そくたつびん|そくたつびん|true
そくてい|そくてい|true
そくど|そくど|true
そくばい|そくばい|true
そくばく|そくばく|true
そくほう|そくほう|true
そくめん|そくめん|true
そくりょう|そくりょう|true
そくりょく|そくりょく|true
そこ|そこ|true
そこいれ|そこいれ|true
そこう|そこう|true
そこうち|そこうち|true
そこく|そこく|true
そこぢから|そこぢから|true
そこで|そこで|true
そこなう|そこなう|true
そこね|そこね|true
そこねる|そこねる|true
そこらへん|そこらへん|true
そこら辺|そこらへん|true
そざい|そざい|true
そし|そし|true
そしき|そしき|true
そしきてき|そしきてき|true
そしたら|そしたら|true
そしつ|そしつ|true
そして|そして|true
そしな|そしな|true
そしょう|そしょう|true
そしょく|そしき|false
そじょう|そじょう|true
そせい|そせい|true
そせき|そせき|true
そせん|そせん|true
そぜい|そぜい|true
そそぎこむ|そそぎこむ|true
そそぎ込む|そそぎこむ|false
そそぐ|そそぐ|true
そそっかしい|そそっかしい|true
そそのかす|そそのかす|true
そそられる|そそられる|true
そだ|そうだ|false
そだい|そだい|true
そだち|そだち|true
そだつ|そだつ|true
そだてる|そだてる|true
そち|そち|true
そちら|そちら|true
そっ|そう|false
そっか|そっか|true
そっき|そっき|true
そっきゅう|そっきゅう|true
そっきょう|そっきょう|true
そっきん|そっきん|true
そっくり|そっくり|true
そっこう|そっこう|true
そっこうじょ|そっこうじょ|true
そっこく|そっこく|true
そっせん|そっせん|true
そっち|そちら|true
そっちょく|そっちょく|true
そって|そって|true
そっと|そっと|true
そつい|そつい|true
そつう|そつう|true
そつぎょう|そつぎょう|true
そつぎょうご|そつぎょうご|true
そつぎょうしき|そつぎょうしき|true
そつぎょうせい|そつぎょうせい|true
そで|そで|true
そと|そと|true
そとかべ|がいへき|false
そとがわ|そとがわ|true
そとぐに|がいこく|false
そとづけ|そとづけ|true
そとづら|がいめん|false
そとで|がいしゅつ|false
そとぼり|そとぼり|true
そとみ|がいけん|false
そなえ|そなえ|true
そなえつける|そなえつける|true
そなえる|そなえる|true
そなわる|そなわる|true
その|その|true
そのうえ|そのうえ|true
そのうち|そのうち|true
そのうちに|そのうちに|true
そのた|そのほか|false
そのなか|そのなか|true
そのへん|そのへん|true
そのほか|そのほか|true
そのまま|そのまま|true
そのまんま|そのまま|false
そのもの|そのもの|true
そのよう|そのよう|true
その上|そのうえ|true
その中|そのなか|true
その他|そのほか|true
その儘|そのまま|false
その内|そのうち|true
その内に|そのうちに|true
その外|そのほか|true
その様|そのよう|true
その物|そのもの|true
その辺|そのへん|true
そば|そば|true
そばむぎ|そば|false
そばや|そばや|true
そば屋|そばや|false
そひん|そしな|false
そびえる|そびえる|true
そびょう|そびょう|true
そふ|そふ|true
そふぼ|そふぼ|true
そぶ|そふ|false
そぼ|そぼ|true
そぼう|そぼう|true
そぼく|そぼく|true
そぼろ|そぼろ|true
そまつ|そまつ|true
そまむぎ|そば|false
そまる|そまる|true
そむく|そむく|true
そめ|そめ|true
そめる|そめる|true
そもそも|そもそも|true
そや|そや|true
そやつ|そいつ|false
そよかぜ|そよかぜ|true
そよ風|そよかぜ|true
そら|そら|true
そらす|そらす|true
そり|かみそり|false
そりゅうし|そりゅうし|true
そる|そる|true
それ|それ|true
それから|それから|true
それじゃ|それじゃ|true
それじゃあ|それじゃ|true
それぞれ|それぞれ|true
それっぽい|それっぽい|true
それで|それで|true
それでいて|それでいて|true
それでは|それでは|true
それでも|それでも|true
それでもって|そんでもって|false
それとも|それとも|true
それなら|それなら|true
それに|それに|true
それにしても|それにしても|true
それはさておき|それはさておき|true
それほど|それほど|true
それより|それより|true
それら|それら|true
それる|それる|true
それ程|それほど|true
それ等|それら|false
そろう|そろう|true
そろえる|そろえる|true
そろそろ|そろそろ|true
そろばん|そろばん|true
そわそわ|そわそわ|true
そん|その|false
そん|そん|true
そん|むら|false
そんえき|そんえき|true
そんかい|そんかい|true
そんがい|そんがい|true
そんがいばいしょう|そんがいばいしょう|true
そんがいほけん|そんがいほけん|true
そんぎかい|そんぎかい|true
そんけい|そんけい|true
そんげん|そんげん|true
そんざい|そんざい|true
そんしつ|そんしつ|true
そんしょう|そんしょう|true
そんじゃ|それじゃ|false
そんする|そんする|true
そんぞく|そんぞく|true
そんたく|そんたく|true
そんちょう|そんちょう|true
そんでもって|そんでもって|true
そんとく|そんとく|true
そんな|そんな|true
そんなこんな|そんなこんな|true
そんななか|そんななか|true
そんなに|そんなに|true
そんな中|そんななか|true
そんぱい|そんぱい|true
そんぼう|そんぼう|true
そんみん|そんみん|true
そんりつ|そんりつ|true
そー|そう|false
そーいう|そういう|false
そーう|そう|false
そーお|そう|false
そーっと|そっと|false
そーゆー|そういう|false
ぞ|ぞ|true
ぞい|ぞい|true
ぞう|ぞう|true
ぞういん|ぞういん|true
ぞうえき|ぞうえき|true
ぞうお|ぞうお|true
ぞうか|ぞうか|true
ぞうがく|ぞうがく|true
ぞうき|ぞうき|true
ぞうきばやし|ぞうきばやし|true
ぞうきょう|ぞうきょう|true
ぞうきん|ぞうきん|true
ぞうけい|ぞうけい|true
ぞうげ|ぞうげ|true
ぞうげん|ぞうげん|true
ぞうご|ぞうご|true
ぞうさつ|ぞうさつ|true
ぞうさん|ぞうさん|true
ぞうし|ぞうし|true
ぞうしゅう|ぞうしゅう|true
ぞうしゅうわい|ぞうしゅうわい|true
ぞうしょ|ぞうしょ|true
ぞうしょう|ぞうしょう|true
ぞうしょく|ぞうしょく|true
ぞうしん|ぞうしん|true
ぞうすい|ぞうすい|true
ぞうせい|ぞうせい|true
ぞうせつ|ぞうせつ|true
ぞうせん|ぞうせん|true
ぞうぜい|ぞうぜい|true
ぞうだい|ぞうだい|true
ぞうてい|ぞうてい|true
ぞうとう|ぞうとう|true
ぞうに|ぞうに|true
ぞうはつ|ぞうはつ|true
ぞうはん|ぞうはん|true
ぞうよ|ぞうよ|true
ぞうり|ぞうり|true
ぞうわい|ぞうわい|true
ぞく|ぞく|true
ぞくご|ぞくご|true
ぞくしゅつ|ぞくしゅつ|true
ぞくしん|ぞくしん|true
ぞくする|ぞくする|true
ぞくぞく|ぞくぞく|true
ぞくへん|ぞくへん|true
ぞっこう|ぞっこう|true
ぞろぞろ|ぞろぞろ|true
ぞんざい|ぞんざい|true
ぞんじ|ぞんじ|true
ぞんじる|ぞんじる|true
ぞんぶん|ぞんぶん|true
た|た|true
たい|たい|true
たい|タイ|false
たい|タイ|true
たいあん|たいあん|true
たいい|たいい|true
たいいく|たいいく|true
たいいくかん|たいいくかん|true
たいいん|たいいん|true
たいう|おおあめ|false
たいえき|たいえき|true
たいおう|たいおう|true
たいおん|たいおん|true
たいおんけい|たいおんけい|true
たいか|たいか|true
たいかい|たいかい|true
たいかく|たいかく|true
たいかん|たいかん|true
たいが|たいが|true
たいがい|たいがい|true
たいがいじゅせい|たいがいじゅせい|true
たいがく|たいがく|true
たいがん|たいがん|true
たいき|たいき|true
たいきゃく|たいきゃく|true
たいきゅう|たいきゅう|true
たいきゅうせい|たいきゅうせい|true
たいきょ|たいきょ|true
たいきょく|たいきょく|true
たいきん|たいきん|true
たいぎ|たいぎ|true
たいぎめいぶん|たいぎめいぶん|true
たいく|たいいく|false
たいくかん|たいいくかん|false
たいくつ|たいくつ|true
たいぐう|たいぐう|true
たいけい|たいけい|true
たいけつ|たいけつ|true
たいけん|たいけん|true
たいこ|たいこ|true
たいこう|たいこう|true
たいこく|たいこく|true
たいさ|たいさ|true
たいさい|ていさい|false
たいさく|たいさく|true
たいざい|たいざい|true
たいざいちゅう|たいざいちゅう|true
たいざん|たいざん|true
たいし|たいし|true
たいしかん|たいしかん|true
たいした|たいした|true
たいしつ|たいしつ|true
たいして|たいして|true
たいしゃ|たいしゃ|true
たいしゃく|たいしゃく|true
たいしゅう|たいしゅう|true
たいしゅうぶんがく|たいしゅうぶんがく|true
たいしょ|たいしょ|true
たいしょう|たいしょう|true
たいしょうてき|たいしょうてき|true
たいしょうりょうほう|たいしょうりょうほう|true
たいしょく|たいしょく|true
たいじ|たいじ|true
たいじゅう|たいじゅう|true
たいじょう|たいじょう|true
たいじん|たいじん|true
たいする|たいする|true
たいせい|おおごえ|false
たいせい|たいせい|true
たいせいよう|たいせいよう|true
たいせき|たいせき|true
たいせち|たいせつ|false
たいせつ|おおゆき|false
たいせつ|たいせつ|true
たいせん|おおぶね|false
たいせん|たいせん|true
たいぜい|おおぜい|false
たいそう|たいそう|true
たいだ|たいだ|true
たいだん|たいだん|true
たいち|たいち|true
たいちゅう|たいちゅう|true
たいちょう|たいちょう|true
たいてい|たいてい|true
たいとう|たいとう|true
たいとく|たいとく|true
たいど|たいど|true
たいどう|たいどう|true
たいどう|だいどう|false
たいない|たいない|true
たいにち|たいにち|true
たいにん|たいにん|true
たいねつ|たいねつ|true
たいのう|たいのう|true
たいは|たいは|true
たいはい|たいはい|true
たいはいてき|たいはいてき|true
たいはん|たいはん|true
たいばつ|たいばつ|true
たいばん|たいばん|true
たいひ|たいひ|true
たいびょう|たいびょう|true
たいふう|たいふう|true
たいへいよう|たいへいよう|true
たいへいようせんそう|たいへいようせんそう|true
たいへん|たいへん|true
たいべい|たいべい|true
たいべつ|たいべつ|true
たいほ|たいほ|true
たいほう|たいほう|true
たいぼう|たいぼう|true
たいぼく|たいぼく|true
たいま|たいま|true
たいまん|たいまん|true
たいめ|たいめん|false
たいめん|たいめん|true
たいやく|たいやく|true
たいよ|たいよ|true
たいよう|たいよう|true
たいようけい|たいようけい|true
たいようでんち|たいようでんち|true
たいら|たいら|true
たいりく|たいりく|true
たいりくだな|たいりくだな|true
たいりつ|たいりつ|true
たいりょう|たいりょう|true
たいりょく|たいりょく|true
たいろん|たいろん|true
たいわ|たいわ|true
たいわん|たいわん|true
たい肥|たいひ|false
たうえ|たうえ|true
たえず|たえず|true
たえまなく|たえまなく|true
たえる|たえる|true
たおす|たおす|true
たおれ|たおれ|true
たおれる|たおれる|true
たか|たか|true
たかい|たかい|true
たかく|たかく|true
たかくてき|たかくてき|true
たかさ|たかさ|true
たかせ|たかせ|true
たかだい|たかだい|true
たかなみ|たかなみ|true
たかね|こうおん|false
たかね|たかね|true
たかひく|こうてい|false
たかまり|たかまり|true
たかまる|たかまる|true
たかめる|たかめる|true
たから|たから|true
たからか|たからか|true
たからくじ|たからくじ|true
たからもの|たからもの|true
たかる|たかる|true
たかーい|たかい|false
たがい|たがい|true
たがいちがい|たがいちがい|true
たがいに|たがいに|true
たがく|たがく|true
たがやす|たがやす|true
たがる|たがる|true
たき|たき|true
たき|たけ|false
たきがわ|たきがわ|true
たきぎ|まき|false
たきぐち|たきぐち|true
たきだし|たきだし|true
たき木|まき|false
たく|たく|true
たくいつ|たくいつ|true
たくえつ|たくえつ|true
たくさん|たくさん|true
たくしょく|たくしょく|true
たくじしょ|たくじしょ|true
たくじょう|たくじょう|true
たくす|たくす|true
たくせん|たくせん|true
たくち|たくち|true
たくはい|たくはい|true
たくはいびん|たくはいびん|true
たくほん|たくほん|true
たくま|たくま|true
たくましい|たくましい|true
たくみ|たくみ|true
たくらみ|たくらみ|true
たくらむ|たくらむ|true
たくわえる|たくわえる|true
たけ|きのこ|false
たけ|たけ|true
たけのこ|たけのこ|true
たけばやし|ちくりん|false
たげんてき|たげんてき|true
たこ|たこ|true
たこく|たこく|true
たこやき|たこやき|true
たこ焼|たこやき|false
たこ焼き|たこやき|true
たさい|たさい|true
たさつ|たさつ|true
たしか|たしか|true
たしかめる|たしかめる|true
たしざん|たしざん|true
たしつ|たしつ|true
たしゃ|たしゃ|true
たしょう|たしょう|true
たし算|たしざん|false
たじゅう|たじゅう|true
たす|たす|true
たすう|たすう|true
たすうけつ|たすうけつ|true
たすかる|たすかる|true
たすけ|たすけ|true
たすけあい|たすけあい|true
たすけあう|たすけあう|true
たすける|たすける|true
たずさえる|たずさえる|true
たずさわる|たずさわる|true
たずねびと|たずねびと|true
たずねる|たずねる|true
たせん|たせん|true
たそがれ|たそがれ|true
たたかい|たたかい|true
たたかう|たたかう|true
たたき|たたき|true
たたく|たたく|true
たたずむ|たたずむ|true
たたみ|たたみ|true
たたむ|たたむ|true
ただ|ただ|true
ただい|ただい|true
ただいま|ただいま|true
ただし|ただし|true
ただしい|ただしい|true
ただす|ただす|true
ただちに|ただちに|true
ただよう|ただよう|true
ただ今|ただいま|false
たち|たち|true
たちあい|たちあい|true
たちあがり|たちあがり|true
たちあがる|たちあがる|true
たちあげる|たちあげる|true
たちいり|たちいり|true
たちいりきんし|たちいりきんし|true
たちおうじょう|たちおうじょう|true
たちぎえ|たちぎえ|true
たちさる|たちさる|true
たちとまる|たちどまる|false
たちどまる|たちどまる|true
たちなおり|たちなおり|true
たちなおる|たちなおる|true
たちのき|たちのき|true
たちのく|たちのく|true
たちば|たちば|true
たちばな|たちばな|true
たちばなし|たちばなし|true
たちまち|たちまち|true
たちよみ|たちよみ|true
たちよる|たちよる|true
たち上がる|たちあがる|false
たち上げる|たちあげる|false
たっかーい|たかい|false
たっきゅう|たっきゅう|true
たっきゅうびん|たっきゅうびん|true
たっけー|たかい|false
たっしゃ|たっしゃ|true
たっする|たっする|true
たっせい|たっせい|true
たった|たった|true
たって|たって|true
たっとい|とうとい|true
たっとぶ|とうとぶ|true
たっぴつ|たっぴつ|true
たっぷり|たっぷり|true
たつ|たつ|true
たつ|りゅう|false
たつじん|たつじん|true
たつまき|たつまき|true
たつ巻|たつまき|false
たづな|たづな|true
たて|たて|true
たてかえる|たてかえる|true
たてがき|たてがき|true
たてこむ|たてこむ|true
たてつく|たてつく|true
たてつづけ|たてつづけ|true
たてなおす|たてなおす|true
たてふだ|たてふだ|true
たてまえ|たてまえ|true
たてもの|たてもの|true
たてよこ|たてよこ|true
たてる|たてる|true
たて突く|たてつく|false
たて続け|たてつづけ|false
たとい|たとえ|false
たとえ|たとえ|true
たとえば|たとえば|true
たとえる|たとえる|true
たどりつく|たどりつく|true
たどり着く|たどりつく|true
たどる|たどる|true
たな|たな|true
たなあげ|たなあげ|true
たなごころ|てのひら|false
たなばた|たなばた|true
たなん|たなん|true
たに|たに|true
たにあい|たにま|false
たにがわ|たにがわ|true
たにそこ|たにぞこ|false
たにぞこ|たにぞこ|true
たにま|たにま|true
たにん|たにん|true
たにんごと|ひとごと|false
たぬき|たぬき|true
たね|たね|true
たのしい|たのしい|true
たのしみ|たのしみ|true
たのしむ|たのしむ|true
たのみ|たのみ|true
たのむ|たのむ|true
たのもしい|たのもしい|true
たは|たは|true
たは|だは|false
たはた|たはた|true
たはたけ|たはた|false
たはつ|たはつ|true
たば|たば|true
たばこ|タバコ|true
たばねる|たばねる|true
たひと|たびびと|false
たび|たび|true
たびかず|どすう|false
たびさき|たびさき|true
たびたび|たびたび|true
たびだつ|たびだつ|true
たびと|たびびと|false
たびに|たびに|true
たびびと|たびびと|true
たび人|たびびと|false
たぶん|たぶん|true
たべあるき|たべあるき|true
たべすぎる|たべすぎる|true
たべもの|たべもの|true
たべる|たべる|true
たほう|たほう|true
たぼう|たぼう|true
たま|たま|true
たま|たましい|false
たまご|たまご|true
たまごがた|らんけい|true
たまざん|しゅざん|false
たましい|たましい|true
たましずめ|ちんこん|false
たまたま|たまたま|true
たまに|たまに|true
たまねぎ|たまねぎ|true
たまむしいろ|たまむしいろ|true
たまらない|たまらない|true
たまる|たまる|true
たみ|たみ|true
ため|ため|true
ためいき|ためいき|true
ためし|ためし|true
ためす|ためす|true
ために|ために|true
ためらう|ためらう|true
ためる|ためる|true
ためん|ためん|true
ため息|ためいき|true
たもくてき|たもくてき|true
たもちあい|もちあい|false
たもつ|たもつ|true
たやす|たやす|true
たやすい|たやすい|true
たゆむ|たるむ|false
たよう|たよう|true
たようか|たようか|true
たようせい|たようせい|true
たより|たより|true
たよりない|たよりない|true
たよる|たよる|true
たら|たら|true
たらす|たらす|true
たらたら|たらたら|true
たり|たり|true
たりょう|たりょう|true
たりる|たりる|true
たる|たる|true
たるい|だるい|false
たるむ|たるむ|true
たれ|たれ|true
たれまく|たれまく|true
たれる|たれる|true
たわむれ|たわむれ|true
たわむれる|たわむれる|true
たわら|たわら|true
たん|きも|false
たん|たん|true
たんい|たんい|true
たんいつ|たんいつ|true
たんか|たんか|true
たんがん|たんがん|true
たんき|たんき|true
たんきかん|たんきかん|true
たんきだいがく|たんきだいがく|true
たんきゅう|たんきゅう|true
たんきょり|たんきょり|true
たんけん|たんけん|true
たんけんたい|たんけんたい|true
たんこう|たんこう|true
たんこうぼん|たんこうぼん|true
たんご|たんご|true
たんさ|たんさ|true
たんさく|たんさく|true
たんさん|たんさん|true
たんざく|たんざく|true
たんしゅく|たんしゅく|true
たんしょ|たんしょ|true
たんしん|たんしん|true
たんしんふにん|たんしんふにん|true
たんじかん|たんじかん|true
たんじゃく|たんざく|false
たんじゅう|たんじゅう|true
たんじゅん|たんじゅん|true
たんじょう|たんじょう|true
たんじょうび|たんじょうび|true
たんす|たんす|true
たんすい|たんすい|true
たんすう|たんすう|true
たんせい|たんせい|true
たんせき|たんせき|true
たんそ|たんそ|true
たんそく|たんそく|true
たんたん|たんたん|true
たんだい|たんだい|true
たんち|たんち|true
たんちょ|たんしょ|false
たんちょう|たんちょう|true
たんてい|たんてい|true
たんてき|たんてき|true
たんでん|たんでん|true
たんとう|たんとう|true
たんとうしゃ|たんとうしゃ|true
たんどく|たんどく|true
たんなる|たんなる|true
たんに|たんに|true
たんにん|たんにん|true
たんねん|たんねん|true
たんのう|たんのう|true
たんぱ|たんぱ|true
たんぱく|たんぱく|true
たんぱくしつ|たんぱくしつ|true
たんぱく質|たんぱくしつ|true
たんび|たび|false
たんびに|たびに|false
たんぺん|たんぺん|true
たんぼ|たんぼ|true
たんぼう|たんぼう|true
たんぽ|たんぽ|true
たんぽぽ|たんぽぽ|true
たんまつ|たんまつ|true
たんまつき|たんまつき|true
たんめい|たんめい|true
たんよく|どんよく|false
たんらく|たんらく|true
たんれん|たんれん|true
たん白質|たんぱくしつ|false
た易い|たやすい|false
だ|だ|true
だあれ|だれ|false
だい|だい|true
だいい|たいい|false
だいいち|だいいち|true
だいいちぎ|だいいちぎ|true
だいいちにんしゃ|だいいちにんしゃ|true
だいいっせい|だいいっせい|true
だいいっせん|だいいっせん|true
だいいっぽ|だいいっぽ|true
だいうちゅう|だいうちゅう|true
だいかいてん|だいかいてん|true
だいかぞく|だいかぞく|true
だいかん|だいかん|true
だいかんげい|だいかんげい|true
だいがえ|だいたい|false
だいがく|だいがく|true
だいがくいん|だいがくいん|true
だいがくいんせい|だいがくいんせい|true
だいがくしんがく|だいがくしんがく|true
だいがくせい|だいがくせい|true
だいきぎょう|だいきぎょう|true
だいきぼ|だいきぼ|true
だいきらい|だいきらい|true
だいきん|だいきん|true
だいぎ|だいぎ|true
だいぎし|だいぎし|true
だいく|だいく|true
だいこ|だいこん|false
だいこう|だいこう|true
だいこうひょう|だいこうひょう|true
だいこくばしら|だいこくばしら|true
だいこん|だいこん|true
だいさ|たいさ|false
だいさんごく|だいさんごく|true
だいさんしゃ|だいさんしゃ|true
だいざい|だいざい|true
だいし|だいし|true
だいしぜん|だいしぜん|true
だいしゃ|だいしゃ|true
だいしゅうごう|だいしゅうごう|true
だいしょう|たいしょう|false
だいしょう|だいしょう|true
だいしんさい|だいしんさい|true
だいじ|だいじ|true
だいじけん|だいじけん|true
だいじだい|おおじだい|false
だいじょうぶ|だいじょうぶ|true
だいじょぶ|だいじょうぶ|false
だいじょーぶ|だいじょうぶ|false
だいじん|だいじん|true
だいすき|だいすき|true
だいする|だいする|true
だいず|だいず|true
だいせいこう|だいせいこう|true
だいぜんてい|だいぜんてい|true
だいそつ|だいそつ|true
だいたい|だいたい|true
だいたすう|だいたすう|true
だいたん|だいたん|true
だいだ|だいだ|true
だいだい|だいだい|true
だいだいいろ|だいだいいろ|true
だいだいてき|だいだいてき|true
だいだい色|だいだいいろ|false
だいち|だいち|true
だいちゅうもく|だいちゅうもく|true
だいちょう|だいちょう|true
だいちょうきん|だいちょうきん|true
だいとう|だいとう|true
だいとうりょう|だいとうりょう|true
だいとし|だいとし|true
だいどう|だいどう|true
だいどうみゃく|だいどうみゃく|true
だいどこ|だいどころ|false
だいどころ|だいどころ|true
だいなし|だいなし|true
だいに|だいに|true
だいにじせかいたいせん|だいにじせかいたいせん|true
だいにん|だいにん|true
だいのう|だいのう|true
だいひょう|だいひょう|true
だいひょうさく|だいひょうさく|true
だいひょうてき|だいひょうてき|true
だいぶ|だいぶ|true
だいぶつ|だいぶつ|true
だいぶぶん|だいぶぶん|true
だいぶん|だいぶ|true
だいべん|だいべん|true
だいほん|だいほん|true
だいぼしゅう|だいぼしゅう|true
だいみょう|だいみょう|true
だいめ|だいめ|true
だいめい|だいめい|true
だいめいし|だいめいし|true
だいもんじ|おおもじ|false
だいやく|だいやく|true
だいよう|だいよう|true
だいり|だいり|true
だいりせき|だいりせき|true
だいりてん|だいりてん|true
だいりにん|だいりにん|true
だえん|だえん|true
だえんけい|だえんけい|true
だか|たか|false
だかい|だかい|true
だから|だから|true
だが|だが|true
だがし|だがし|true
だがしや|だがしや|true
だがっき|だがっき|true
だきあう|だきあう|true
だきゅう|だきゅう|true
だきょう|だきょう|true
だき合う|だきあう|false
だく|だく|true
だくひ|だくひ|true
だくぼく|でこぼこ|false
だくりゅう|だくりゅう|true
だけ|たけ|false
だけ|だけ|true
だけつ|だけつ|true
だけでなく|だけでなく|true
だけど|だけど|true
だけども|だけども|true
だけれども|だけれども|true
だげき|だげき|true
だこう|だこう|true
ださんてき|ださんてき|true
だし|だし|true
だしゃ|だしゃ|true
だしん|だしん|true
だじゅん|だじゅん|true
だす|だす|true
だすう|だすう|true
だせい|だせい|true
だせき|だせき|true
だせん|だせん|true
だたい|だたい|true
だっかい|だっかい|true
だっかん|だっかん|true
だっきゃく|だっきゃく|true
だっけ|だっけ|true
だっこ|だっこ|true
だっしゅ|だっしゅ|true
だっしゅつ|だっしゅつ|true
だっすい|だっすい|true
だっする|だっする|true
だっせん|だっせん|true
だっそう|だっそう|true
だった|だった|true
だったい|だったい|true
だったら|だったら|true
だって|だって|true
だっぴ|だっぴ|true
だつい|だつい|true
だついしょ|だついじょ|false
だついじょ|だついじょ|true
だつえ|だつい|false
だつさんしん|だつさんしん|true
だつぜい|だつぜい|true
だつらく|だつらく|true
だつりゅう|だつりゅう|true
だて|だて|true
だてらに|だてらに|true
だてん|だてん|true
だとう|だとう|true
だの|だの|true
だは|だは|true
だぶだぶ|だぶだぶ|true
だぼく|だぼく|true
だます|だます|true
だまる|だまる|true
だめ|だめ|true
だより|たより|false
だら|たら|false
だらく|だらく|true
だらけ|だらけ|true
だらしない|だらしない|true
だらし無い|だらしない|false
だらだら|だらだら|true
だり|たり|false
だりつ|だりつ|true
だりょく|だりょく|true
だるい|だるい|true
だるま|だるま|true
だれ|たれ|false
だれ|だれ|true
だれか|だれか|true
だれでも|だれでも|true
だれにでも|だれにでも|true
だれにも|だれにも|true
だれも|だれも|true
だろ|だろう|false
だろう|だろう|true
だろうか|だろうか|true
だん|だん|true
だんあつ|だんあつ|true
だんいん|だんいん|true
だんかい|だんかい|true
だんがい|だんがい|true
だんがん|だんがん|true
だんけつ|だんけつ|true
だんげん|だんげん|true
だんこ|だんこ|true
だんこう|だんこう|true
だんこう|だんごう|false
だんごう|だんごう|true
だんし|だんし|true
だんしゃく|だんしゃく|true
だんしょう|だんしょう|true
だんじ|だんじ|true
だんじき|だんじき|true
だんじて|だんじて|true
だんじょ|だんじょ|true
だんじょう|だんじょう|true
だんすい|だんすい|true
だんせい|だんせい|true
だんせいてき|だんせいてき|true
だんぜつ|だんぜつ|true
だんぜん|だんぜん|true
だんそう|だんそう|true
だんそんじょひ|だんそんじょひ|true
だんぞく|だんぞく|true
だんたい|だんたい|true
だんだん|だんだん|true
だんち|だんち|true
だんちょう|だんちょう|true
だんてい|だんてい|true
だんとう|だんとう|true
だんどう|だんどう|true
だんどり|だんどり|true
だんな|だんな|true
だんねつ|だんねつ|true
だんねん|だんねん|true
だんぺん|だんぺん|true
だんぼう|だんぼう|true
だんめん|だんめん|true
だんやく|だんやく|true
だんゆう|だんゆう|true
だんらく|だんらく|true
だんりゅう|だんりゅう|true
だんりょく|だんりょく|true
だんろ|だんろ|true
だんわ|だんわ|true
だんトツ|ダントツ|false
だんボール|だんボール|true
だーめ|だめ|false
だーれ|だれ|false
だ円|だえん|false
だ円形|だえんけい|false
ち|せん|false
ち|ち|true
ち|ちち|false
ちあん|ちあん|true
ちい|ちい|true
ちいき|ちいき|true
ちいきしゃかい|ちいきしゃかい|true
ちいさい|ちいさい|true
ちいさいころ|ちいさいころ|true
ちいさな|ちいさな|true
ちぇ|チェッ|false
ちぇっ|チェッ|false
ちえ|ちえ|true
ちえん|ちえん|true
ちか|ちか|true
ちかい|ちかい|true
ちかう|ちかう|true
ちかく|ちかく|true
ちかくへんどう|ちかくへんどう|true
ちかごろ|ちかごろ|true
ちかしつ|ちかしつ|true
ちかすい|ちかすい|true
ちかずく|ちかづく|false
ちかぢか|ちかぢか|true
ちかって|ちかって|true
ちかづき|ちかづき|true
ちかづく|ちかづく|true
ちかづける|ちかづける|true
ちかてつ|ちかてつ|true
ちかどう|ちかどう|true
ちかみち|ちかみち|true
ちかめ|きんがん|false
ちかよせる|ちかよせる|true
ちかよる|ちかよる|true
ちから|ちから|true
ちからいっぱい|ちからいっぱい|true
ちからぞえ|ちからぞえ|true
ちからだめし|ちからだめし|true
ちからづよい|ちからづよい|true
ちからもち|ちからもち|true
ちかん|ちかん|true
ちがい|ちがい|true
ちがいない|ちがいない|true
ちがう|ちがう|true
ちき|ちき|true
ちきしょう|ちくしょう|false
ちきゅう|ちきゅう|true
ちきゅうおんだんか|ちきゅうおんだんか|true
ちきゅうぎ|ちきゅうぎ|true
ちきゅうじょう|ちきゅうじょう|true
ちぎょ|ちぎょ|true
ちぎる|ちぎる|true
ちぎれる|ちぎれる|true
ちく|ちく|true
ちくいち|ちくいち|true
ちくいつ|ちくいち|false
ちくさん|ちくさん|true
ちくざい|ちくざい|true
ちくしょう|ちくしょう|true
ちくじ|ちくじ|true
ちくせき|ちくせき|true
ちくでんち|ちくでんち|true
ちくとう|しない|false
ちくび|ちくび|true
ちくり|ちくり|true
ちくりん|ちくりん|true
ちぐはぐ|ちぐはぐ|true
ちけい|ちけい|true
ちけん|ちけん|true
ちこく|ちこく|true
ちさい|ちさい|true
ちし|ちし|true
ちしき|ちしき|true
ちしきじん|ちしきじん|true
ちしつ|ちしつ|true
ちしま|ちしま|true
ちしまれっとう|ちしまれっとう|true
ちしゅ|くも|false
ちしりょう|ちしりょう|true
ちじ|ちじ|true
ちじむ|ちぢむ|false
ちじょう|ちじょう|true
ちじょく|ちじょく|true
ちじん|ちじん|true
ちすい|ちすい|true
ちず|ちず|true
ちせい|ちせい|true
ちせつ|ちせつ|true
ちそう|ちそう|true
ちたい|ちたい|true
ちち|ちち|true
ちちおや|ちちおや|true
ちちかた|ちちかた|true
ちちくび|ちくび|false
ちちはは|ふぼ|false
ちちゅ|くも|false
ちちゅう|くも|false
ちちゅう|ちちゅう|true
ちちゅうかい|ちちゅうかい|true
ちぢまる|ちぢまる|true
ちぢみ|ちぢみ|true
ちぢむ|ちぢむ|true
ちぢめる|ちぢめる|true
ちぢれる|ちぢれる|true
ちっ|チェッ|false
ちっそ|ちっそ|true
ちっそく|ちっそく|true
ちっとも|ちっとも|true
ちつじょ|ちつじょ|true
ちてき|ちてき|true
ちてん|ちてん|true
ちどり|ちどり|true
ちなみに|ちなみに|true
ちのう|ちのう|true
ちはい|ちはい|true
ちば|ちば|true
ちばん|じばん|false
ちひょう|ちひょう|true
ちび|ちび|true
ちぶさ|ちぶさ|true
ちへいせん|ちへいせん|true
ちほう|ちほう|true
ちほうぎかい|ちほうぎかい|true
ちほうぎょうせい|ちほうぎょうせい|true
ちほうこうきょうだんたい|ちほうこうきょうだんたい|true
ちほうこうむいん|ちほうこうむいん|true
ちほうじち|ちほうじち|true
ちほうじちたい|ちほうじちたい|true
ちほうぜい|ちほうぜい|true
ちほうぶんけん|ちほうぶんけん|true
ちまた|ちまた|true
ちみつ|ちみつ|true
ちめい|ちめい|true
ちめいしょう|ちめいしょう|true
ちめいてき|ちめいてき|true
ちゃ|ちゃ|true
ちゃいろ|ちゃいろ|true
ちゃう|ちゃう|true
ちゃうか|ちゃうか|true
ちゃかっしょく|ちゃかっしょく|true
ちゃく|ちゃく|true
ちゃく|ふえ|false
ちゃくい|ちゃくい|true
ちゃくえ|ちゃくい|false
ちゃくし|ちゃくし|true
ちゃくしゅ|ちゃくしゅ|true
ちゃくしゅつ|ちゃくしゅつ|true
ちゃくしょく|ちゃくしょく|true
ちゃくじつ|ちゃくじつ|true
ちゃくせき|ちゃくせき|true
ちゃくち|ちゃくち|true
ちゃくちゃく|ちゃくちゃく|true
ちゃくふく|ちゃくふく|true
ちゃくぶく|ちゃくふく|false
ちゃくぼく|ちゃくふく|false
ちゃくもく|ちゃくもく|true
ちゃくよう|ちゃくよう|true
ちゃくりく|ちゃくりく|true
ちゃしつ|ちゃしつ|true
ちゃっこう|ちゃっこう|true
ちゃどう|さどう|false
ちゃのま|ちゃのま|true
ちゃのゆ|ちゃのゆ|true
ちゃや|ちゃや|true
ちゃわん|ちゃわん|true
ちゃん|ちち|false
ちゃん|ちゃん|true
ちゃんと|ちゃんと|true
ちゃ色|ちゃいろ|false
ちゅう|ちゅう|true
ちゅうい|ちゅうい|true
ちゅういぶかい|ちゅういぶかい|true
ちゅういほう|ちゅういほう|true
ちゅうえつ|ちゅうえつ|true
ちゅうおう|ちゅうおう|true
ちゅうおうしゅうけん|ちゅうおうしゅうけん|true
ちゅうか|ちゅうか|true
ちゅうかい|ちゅうかい|true
ちゅうかがい|ちゅうかがい|true
ちゅうかく|ちゅうかく|true
ちゅうかじんみんきょうわこく|ちゅうかじんみんきょうわこく|true
ちゅうかりょうり|ちゅうかりょうり|true
ちゅうかん|ちゅうかん|true
ちゅうかん|ひるま|false
ちゅうがえり|ちゅうがえり|true
ちゅうがく|ちゅうがく|true
ちゅうがくせい|ちゅうがくせい|true
ちゅうがた|ちゅうがた|true
ちゅうがっこう|ちゅうがっこう|true
ちゅうき|ちゅうき|true
ちゅうきゅう|ちゅうきゅう|true
ちゅうきょう|ちゅうきょう|true
ちゅうぎ|ちゅうぎ|true
ちゅうけい|ちゅうけい|true
ちゅうけん|ちゅうけん|true
ちゅうげん|ちゅうげん|true
ちゅうこ|ちゅうこ|true
ちゅうこう|ちゅうこう|true
ちゅうこく|ちゅうこく|true
ちゅうこく|ちゅうごく|false
ちゅうこしゃ|ちゅうこしゃ|true
ちゅうごく|ちゅうごく|true
ちゅうごくご|ちゅうごくご|true
ちゅうごくじん|ちゅうごくじん|true
ちゅうさ|ちゅうさ|true
ちゅうさい|ちゅうさい|true
ちゅうさんかいきゅう|ちゅうさんかいきゅう|true
ちゅうざい|ちゅうざい|true
ちゅうし|ちゅうし|true
ちゅうし|なかゆび|false
ちゅうしつ|ちゅうしつ|true
ちゅうしゃ|ちゅうしゃ|true
ちゅうしゃく|ちゅうしゃく|true
ちゅうしゃじょう|ちゅうしゃじょう|true
ちゅうしゅつ|ちゅうしゅつ|true
ちゅうしょう|ちゅうしょう|true
ちゅうしょうきぎょう|ちゅうしょうきぎょう|true
ちゅうしょうてき|ちゅうしょうてき|true
ちゅうしょく|ちゅうしょく|true
ちゅうしん|ちゅうしん|true
ちゅうしんぶ|ちゅうしんぶ|true
ちゅうじ|ちゅうじ|true
ちゅうじえん|ちゅうじえん|true
ちゅうじく|ちゅうじく|true
ちゅうじつ|ちゅうじつ|true
ちゅうじゅん|ちゅうじゅん|true
ちゅうじょう|ちゅうじょう|true
ちゅうすう|ちゅうすう|true
ちゅうせい|ちゅうせい|true
ちゅうせいし|ちゅうせいし|true
ちゅうせん|ちゅうせん|true
ちゅうぜつ|ちゅうぜつ|true
ちゅうぜん|ちゅうぜん|true
ちゅうそつ|ちゅうそつ|true
ちゅうぞう|ちゅうぞう|true
ちゅうたい|ちゅうたい|true
ちゅうだん|ちゅうだん|true
ちゅうちょ|ちゅうちょ|true
ちゅうと|ちゅうと|true
ちゅうとう|ちゅうとう|true
ちゅうとはんぱ|ちゅうとはんぱ|true
ちゅうとん|ちゅうとん|true
ちゅうどう|ちゅうどう|true
ちゅうどく|ちゅうどく|true
ちゅうなんべい|ちゅうなんべい|true
ちゅうにち|ちゅうにち|true
ちゅうにゅう|ちゅうにゅう|true
ちゅうにん|なこうど|false
ちゅうねん|ちゅうねん|true
ちゅうはん|ひるめし|false
ちゅうばん|ちゅうばん|true
ちゅうふく|ちゅうふく|true
ちゅうぶ|ちゅうぶ|true
ちゅうぶる|ちゅうこ|false
ちゅうぼう|ちゅうぼう|true
ちゅうもく|ちゅうもく|true
ちゅうもん|ちゅうもん|true
ちゅうや|ちゅうや|true
ちゅうりつ|ちゅうりつ|true
ちゅうりゃく|ちゅうりゃく|true
ちゅうりゅう|ちゅうりゅう|true
ちゅうわ|ちゅうわ|true
ちゅうハイ|チューハイ|false
ちゅう房|ちゅうぼう|false
ちゆ|ちゆ|true
ちょ|ちょ|true
ちょいと|ちょっと|false
ちょう|ちょう|true
ちょうい|ちょうい|true
ちょういん|ちょういん|true
ちょうえき|ちょうえき|true
ちょうえつ|ちょうえつ|true
ちょうおんそく|ちょうおんそく|true
ちょうおんぱ|ちょうおんぱ|true
ちょうか|ちょうか|true
ちょうかい|ちょうかい|true
ちょうかく|ちょうかく|true
ちょうかん|ちょうかん|true
ちょうき|ちょうき|true
ちょうきてき|ちょうきてき|true
ちょうきゅう|ちょうきゅう|true
ちょうきょう|ちょうきょう|true
ちょうきょり|ちょうきょり|true
ちょうきん|ちょうきん|true
ちょうぎかい|ちょうぎかい|true
ちょうけし|ちょうけし|true
ちょうこう|じゅうこう|false
ちょうこう|ちょうこう|true
ちょうこく|ちょうこく|true
ちょうさ|ちょうさ|true
ちょうざ|ちょうじゃ|false
ちょうざい|ちょうざい|true
ちょうし|ちょうし|true
ちょうしゃ|ちょうしゃ|true
ちょうしゃ|ちょうじゃ|false
ちょうしゅ|ちょうしゅ|true
ちょうしゅう|ちょうしゅう|true
ちょうしょ|ちょうしょ|true
ちょうしょう|しょうせい|false
ちょうしょく|ちょうしょく|true
ちょうしん|ちょうしん|true
ちょうじ|ちょうじ|true
ちょうじ|ていし|false
ちょうじかん|ちょうじかん|true
ちょうじゃ|ちょうじゃ|true
ちょうじゃく|あさゆう|false
ちょうじゅ|ちょうじゅ|true
ちょうじゅう|ちょうじゅう|true
ちょうじょ|ちょうじょ|true
ちょうじょう|ちょうじょう|true
ちょうじん|ちょうじん|true
ちょうせい|ちょうせい|true
ちょうせき|あさゆう|false
ちょうせつ|ちょうせつ|true
ちょうせん|ちょうせん|true
ちょうせんはんとう|ちょうせんはんとう|true
ちょうせんみんしゅしゅぎじんみんきょうわこく|ちょうせんみんしゅしゅぎじんみんきょうわこく|true
ちょうぜい|ちょうぜい|true
ちょうそ|ちょうそ|true
ちょうそん|ちょうそん|true
ちょうぞう|ちょうぞう|true
ちょうたつ|ちょうたつ|true
ちょうたん|ちょうたん|true
ちょうだ|ちょうだ|true
ちょうだい|ちょうだい|true
ちょうだのれつ|ちょうだのれつ|true
ちょうちょ|ちょうちょう|false
ちょうちょう|ちょうちょう|true
ちょうてい|ちょうてい|true
ちょうてん|ちょうてん|true
ちょうでん|ちょうでん|true
ちょうでんどう|ちょうでんどう|true
ちょうとうは|ちょうとうは|true
ちょうとっきゅう|ちょうとっきゅう|true
ちょうど|ちょうど|true
ちょうない|ちょうない|true
ちょうなん|ちょうなん|true
ちょうにく|とりにく|false
ちょうにん|ちょうにん|true
ちょうはつ|ちょうはつ|true
ちょうはつてき|ちょうはつてき|true
ちょうばつ|ちょうばつ|true
ちょうふ|ちょうふ|true
ちょうふく|ちょうふく|true
ちょうへい|ちょうへい|true
ちょうへん|ちょうへん|true
ちょうほう|ちょうほう|true
ちょうほうけい|ちょうほうけい|true
ちょうほんにん|ちょうほんにん|true
ちょうぼ|ちょうぼ|true
ちょうぼう|ちょうぼう|true
ちょうみりょう|ちょうみりょう|true
ちょうみん|ちょうみん|true
ちょうめ|ちょうめ|true
ちょうもん|ちょうもん|true
ちょうやく|ちょうやく|true
ちょうり|ちょうり|true
ちょうりゅう|ちょうりゅう|true
ちょうるい|ちょうるい|true
ちょうれい|ちょうれい|true
ちょうろう|ちょうろう|true
ちょうわ|ちょうわ|true
ちょき|チョキ|false
ちょきん|ちょきん|true
ちょく|ちょく|true
ちょく|みことのり|true
ちょくえい|ちょくえい|true
ちょくげき|ちょくげき|true
ちょくご|ちょくご|true
ちょくし|ちょくし|true
ちょくしん|ちょくしん|true
ちょくせつ|ちょくせつ|true
ちょくせつせんきょ|ちょくせつせんきょ|true
ちょくせつぜい|ちょくせつぜい|true
ちょくせつてき|ちょくせつてき|true
ちょくせん|ちょくせん|true
ちょくぜん|ちょくぜん|true
ちょくぞく|ちょくぞく|true
ちょくちょく|ちょくちょく|true
ちょくつう|ちょくつう|true
ちょくめん|ちょくめん|true
ちょくれつ|ちょくれつ|true
ちょさく|ちょさく|true
ちょさくけん|ちょさくけん|true
ちょしゃ|ちょしゃ|true
ちょしょ|ちょしょ|true
ちょすい|ちょすい|true
ちょすいち|ちょすいち|true
ちょせん|しょせん|false
ちょぞう|ちょぞう|true
ちょちく|ちょちく|true
ちょっか|ちょっか|true
ちょっかく|ちょっかく|true
ちょっかつ|ちょっかつ|true
ちょっかん|ちょっかん|true
ちょっきゅう|ちょっきゅう|true
ちょっけい|ちょっけい|true
ちょっこう|ちょっこう|true
ちょっこうびん|ちょっこうびん|true
ちょっと|ちょっと|true
ちょっぴり|ちょっぴり|true
ちょと|ちょっと|false
ちょびっと|ちょびっと|true
ちょびと|ちょびっと|true
ちょぴり|ちょっぴり|false
ちょめい|ちょめい|true
ちょーだい|ちょうだい|false
ちよ|ちよ|true
ちらかす|ちらかす|true
ちらかる|ちらかる|true
ちらし|ちらし|true
ちらす|ちらす|true
ちらちら|ちらちら|true
ちらっと|ちらっと|true
ちらと|ちらっと|false
ちらばる|ちらばる|true
ちらり|チラリ|false
ちり|ちり|true
ちりがみ|ちりがみ|true
ちりし|ちりがみ|false
ちりじょうほうシステム|ちりじょうほうシステム|true
ちりとり|ちりとり|true
ちりょう|ちりょう|true
ちりょうほう|ちりょうほう|true
ちり取|ちりとり|false
ちり取り|ちりとり|true
ちり紙|ちりがみ|true
ちる|ちる|true
ちん|ちん|true
ちんあげ|ちんあげ|true
ちんあつ|ちんあつ|true
ちんか|ちんか|true
ちんきん|ちんぎん|false
ちんぎん|ちんぎん|true
ちんこん|ちんこん|true
ちんしゃ|ちんしゃ|true
ちんしゃく|ちんしゃく|true
ちんじゅ|ちんじゅ|true
ちんじゅつ|ちんじゅつ|true
ちんじょう|ちんじょう|true
ちんせい|ちんせい|true
ちんたい|ちんたい|true
ちんちゃく|ちんちゃく|true
ちんちょう|ちんちょう|true
ちんちん|ちんちん|true
ちんつうざい|ちんつうざい|true
ちんぴら|チンピラ|false
ちんぴん|ちんぴん|true
ちんぷ|ちんぷ|true
ちんぷんかんぷん|ちんぷんかんぷん|true
ちんぼつ|ちんぼつ|true
ちんみ|ちんみ|true
ちんもく|ちんもく|true
ちんれつ|ちんれつ|true
ぢ|じ|false
ぢゃない|じゃない|false
ぢゃ無い|じゃない|false
ぢゅう|じゅう|false
ぢょうじゃく|あさゆう|false
ったい|たい|false
ったら|たら|true
って|って|true
ってことは|ってことは|true
っぱなし|っぱなし|true
っぽい|っぽい|true
っ放し|っぱなし|false
つい|つい|true
ついか|ついか|true
ついかりょうきん|ついかりょうきん|true
ついきゅう|ついきゅう|true
ついげき|ついげき|true
ついしん|ついしん|true
ついじ|ついじ|true
ついずい|ついずい|true
ついせき|ついせき|true
ついたち|ついたち|true
ついちょう|ついちょう|true
ついて|ついて|true
ついていく|ついていく|true
ついている|ついてる|true
ついてくる|ついてくる|true
ついてゆく|ついていく|false
ついてる|ついてる|true
ついて来る|ついてくる|false
ついて行く|ついていく|true
ついで|ついで|true
ついでに|ついでに|true
ついとう|ついとう|true
ついとつ|ついとつ|true
ついに|ついに|true
ついほう|ついほう|true
ついやす|ついやす|true
ついらく|ついらく|true
ついり|つゆいり|false
つう|つう|true
つういん|つういん|true
つうか|つうか|true
つうかん|つうかん|true
つうがく|つうがく|true
つうきん|つうきん|true
つうこう|つうこう|true
つうこうどめ|つうこうどめ|true
つうこく|つうこく|true
つうこん|つうこん|true
つうさん|つうさん|true
つうさんしょう|つうさんしょう|true
つうしょう|つうしょう|true
つうしん|つうしん|true
つうしんえいせい|つうしんえいせい|true
つうしんしゃ|つうしんしゃ|true
つうしんはんばい|つうしんはんばい|true
つうしんもう|つうしんもう|true
つうじ|つうじ|true
つうじょう|つうじょう|true
つうじる|つうじる|true
つうぞくてき|つうぞくてき|true
つうたつ|つうたつ|true
つうだつ|つうたつ|false
つうち|つうち|true
つうちょう|つうちょう|true
つうねん|つうねん|true
つうはん|つうはん|true
つうほう|つうほう|true
つうや|つや|false
つうやく|つうやく|true
つうよう|つうよう|true
つうれい|つうれい|true
つうれつ|つうれつ|true
つうろ|つうろ|true
つうわ|つうわ|true
つえ|つえ|true
つか|つか|true
つかい|つかい|true
つかいかた|つかいかた|true
つかいすて|つかいすて|true
つかいずて|つかいすて|false
つかいみち|つかいみち|true
つかいわけ|つかいわけ|true
つかう|つかう|true
つかえる|つかえる|true
つかさどる|つかさどる|true
つかねる|たばねる|false
つかのま|つかのま|true
つかの間|つかのま|true
つかまえる|つかまえる|true
つかまる|つかまる|true
つかむ|つかむ|true
つかる|つかる|true
つかれ|つかれ|true
つかれはてる|つかれはてる|true
つかれる|つかれる|true
つき|つき|true
つき|つくえ|false
つきあい|つきあい|true
つきあう|つきあう|true
つきあげる|つきあげる|true
つきあたり|つきあたり|true
つきあたる|つきあたる|true
つきさす|つきさす|true
つきずえ|げつまつ|false
つきそい|つきそい|true
つきづき|つきづき|true
つきなみ|つきなみ|true
つきぬける|つきぬける|true
つきのうさぎ|つきのうさぎ|true
つきはじめ|つきはじめ|true
つきひ|つきひ|true
つきみ|つきみ|true
つきやま|つきやま|true
つきよ|つきよ|true
つきる|つきる|true
つき上げる|つきあげる|false
つき刺す|つきさす|false
つき合い|つきあい|false
つき合う|つきあう|false
つき当たり|つきあたり|false
つぎ|つぎ|true
つぎこむ|つぎこむ|true
つぎつぎ|つぎつぎ|true
つぎつぎに|つぎつぎに|true
つぎのように|つぎのように|true
つぎはぎ|つぎはぎ|true
つぎ込む|つぎこむ|false
つく|つく|true
つくえ|つくえ|true
つくす|つくす|true
つくずく|つくづく|false
つくだ|つくだ|true
つくつく|つくづく|false
つくづく|つくづく|true
つくばる|うずくまる|false
つくよ|つきよ|false
つくり|つくり|true
つくりあげる|つくりあげる|true
つくりだす|つくりだす|true
つくりばなし|つくりばなし|true
つくりわらい|つくりわらい|true
つくり上げる|つくりあげる|false
つくり出す|つくりだす|false
つくる|つくる|true
つくろう|つくろう|true
つぐ|つぐ|true
つぐない|つぐない|true
つぐなう|つぐなう|true
つぐのう|つぐなう|false
つけ|つけ|true
つけくわえる|つけくわえる|true
つけこむ|つけこむ|true
つけたす|つけたす|true
つけね|つけね|true
つけもの|つけもの|true
つける|つける|true
つけ加える|つけくわえる|false
つけ根|つけね|false
つけ足す|つけたす|false
つけ込む|つけこむ|true
つげる|つげる|true
つごう|つごう|true
つごもり|みそか|false
つし|つち|false
つじ|つじ|true
つじかぜ|せんぷう|false
つじつま|つじつま|true
つじ風|せんぷう|false
つたう|つたう|true
つたえる|つたえる|true
つたわる|つたわる|true
つち|つち|true
つちかう|つちかう|true
つっかえる|つかえる|false
つっこむ|つっこむ|true
つっぱり|つっぱり|true
つっぱる|つっぱる|true
つつ|つつ|true
つつい|つつい|true
つつく|つつく|true
つつしむ|つつしむ|true
つつじ|つつじ|true
つつみ|つつみ|true
つつみがみ|つつみがみ|true
つつみこむ|つつみこむ|true
つつむ|つつむ|true
つづき|つづき|true
つづく|つづく|true
つづける|つづける|true
つづみ|つづみ|true
つづら|くず|false
つづり|つづり|true
つづる|つづる|true
つとめ|つとめ|true
つとめさき|つとめさき|true
つとめて|つとめて|true
つとめる|つとめる|true
つど|つど|true
つどい|つどい|true
つどう|つどう|true
つな|つな|true
つながり|つながり|true
つながる|つながる|true
つなぐ|つなぐ|true
つなひき|つなひき|true
つなみ|つなみ|true
つなわたり|つなわたり|true
つなわち|すなわち|false
つな引き|つなひき|false
つな渡り|つなわたり|false
つね|つね|true
つねに|つねに|true
つの|つの|true
つのる|つのる|true
つば|つば|true
つばき|つば|false
つばき|つばき|true
つばくら|つばめ|false
つばくらめ|つばめ|false
つばくろ|つばめ|false
つばさ|つばさ|true
つばめ|つばめ|true
つび|つぶ|false
つぶ|つぶ|true
つぶじょう|りゅうじょう|false
つぶす|つぶす|true
つぶやく|つぶやく|true
つぶる|つぶる|true
つぶれる|つぶれる|true
つべたい|つめたい|false
つぼ|つぶ|false
つぼ|つぼ|true
つぼみ|つぼみ|true
つま|つま|true
つまこ|さいし|false
つまさき|つまさき|true
つまずく|つまずく|true
つまづく|つまずく|false
つまみ|つまみ|true
つまむ|つまむ|true
つまようじ|つまようじ|true
つまらせる|つまらせる|true
つまらない|つまらない|true
つまらねー|つまらない|false
つまり|つまり|true
つまる|つまる|true
つまんない|つまんない|true
つまんね|つまんない|false
つまんねー|つまんない|false
つま先|つまさき|true
つま楊枝|つまようじ|false
つみ|つみ|true
つみかさね|つみかさね|true
つみかさねる|つみかさねる|true
つみこむ|つみこむ|true
つみたて|つみたて|true
つみたてきん|つみたてきん|true
つみ重ね|つみかさね|false
つみ重ねる|つみかさねる|false
つむ|つむ|true
つむぐ|つむぐ|true
つむじかぜ|せんぷう|false
つむじ風|せんぷう|false
つむる|つぶる|true
つめ|つめ|true
つめきり|つめきり|true
つめこむ|つめこむ|true
つめたい|つめたい|true
つめる|つめる|true
つめ込む|つめこむ|false
つもり|つもり|true
つもる|つもる|true
つや|つや|true
つやつや|つやつや|true
つゆ|しる|false
つゆ|つゆ|true
つゆあけ|つゆあけ|true
つゆいり|つゆいり|true
つよい|つよい|true
つよき|つよき|true
つよさ|つよさ|true
つよまる|つよまる|true
つよみ|つよみ|true
つよめる|つよめる|true
つら|つら|true
つらい|つらい|true
つらなる|つらなる|true
つらぬきとおす|つらぬきとおす|true
つらぬき通す|つらぬきとおす|false
つらぬく|つらぬく|true
つらねる|つらねる|true
つり|つり|true
つりあい|つりあい|true
つりあう|つりあう|true
つりせん|つりせん|true
つりばり|つりばり|true
つりぼり|つりぼり|true
つり合う|つりあう|false
つり針|つりばり|false
つり銭|つりせん|false
つる|つる|true
つるぎ|けん|false
つるす|つるす|true
つるつる|つるつる|true
つれ|つれ|true
つれさる|つれさる|true
つれていく|つれていく|true
つれてくる|つれてくる|true
つれてゆく|つれていく|false
つれて来る|つれてくる|false
つれて行く|つれていく|false
つれる|つれる|true
つわり|つわり|true
つんどく|つんどく|true
つん読|つんどく|false
づき|つき|false
づつ|ずつ|true
づるづる|ずるずる|false
づれ|づれ|true
づれる|ずれる|false
て|って|true
て|て|true
てあし|てあし|true
てあたりしだい|てあたりしだい|true
てあて|てあて|true
てあらい|てあらい|true
てい|おとうと|false
ていあん|ていあん|true
ていいん|ていいん|true
ていいん|てんいん|false
ていえん|ていえん|true
ていおん|ていおん|true
ていか|ていか|true
ていかかく|ていかかく|true
ていかん|ていかん|true
ていがく|ていがく|true
ていがくねん|ていがくねん|true
ていき|ていき|true
ていきあつ|ていきあつ|true
ていきけん|ていきけん|true
ていきこうどく|ていきこうどく|true
ていきてき|ていきてき|true
ていきびん|ていきびん|true
ていきゅう|ていきゅう|true
ていきゅうび|ていきゅうび|true
ていきょう|ていきょう|true
ていきょうしゃ|ていきょうしゃ|true
ていきよきん|ていきよきん|true
ていぎ|ていぎ|true
ていけい|ていけい|true
ていけつ|ていけつ|true
ていげん|ていげん|true
ていこう|ていこう|true
ていこく|ていこく|true
ていこくしゅぎ|ていこくしゅぎ|true
ていさい|ていさい|true
ていさつ|ていさつ|true
ていし|ていし|true
ていし|でし|false
ていしゃ|ていしゃ|true
ていしゅ|ていしゅ|true
ていしゅつ|ていしゅつ|true
ていしょう|ていしょう|true
ていしょく|ていしょく|true
ていじ|ていじ|true
ていじせい|ていじせい|true
ていじゅう|ていじゅう|true
ていすいじゅん|ていすいじゅん|true
ていすう|ていすう|true
ていせい|ていせい|true
ていせつ|ていせつ|true
ていせん|ていせん|true
ていそ|ていそ|true
ていたい|ていたい|true
ていたく|ていたく|true
ていち|ていち|true
ていちゃく|ていちゃく|true
ていちょう|ていちょう|true
ていでん|ていでん|true
ていとう|ていとう|true
ていとうけん|ていとうけん|true
ていど|ていど|true
ていない|ていない|true
ていねい|ていねい|true
ていねん|ていねん|true
ていはく|ていはく|true
ていばん|ていばん|true
ていひょう|ていひょう|true
ていへん|ていへん|true
ていぼう|ていぼう|true
ていまい|ていまい|true
ていめい|ていめい|true
ていやく|ていやく|true
ていらく|ていらく|true
ていり|ていり|true
ていりつ|ていりつ|true
ていりゅう|ていりゅう|true
ていりゅうしょ|ていりゅうじょ|false
ていりゅうじょ|ていりゅうじょ|true
ていりょう|ていりょう|true
ていりょうきん|ていりょうきん|true
ていれ|ていれ|true
ていれい|ていれい|true
てうす|てうす|true
ておくれ|ておくれ|true
ておち|ておち|true
てかず|てすう|false
てがかり|てがかり|true
てがき|てがき|true
てがける|てがける|true
てがた|てがた|true
てがたい|てがたい|true
てがみ|てがみ|true
てがら|てがら|true
てがる|てがる|true
てき|てき|true
てきい|てきい|true
てきおう|てきおう|true
てきかく|てきかく|true
てきぎ|てきぎ|true
てきこく|てきこく|true
てきごう|てきごう|true
てきしつ|てきしつ|true
てきしゅつ|ちゃくしゅつ|false
てきしゅつ|てきしゅつ|true
てきじ|てきじ|true
てきする|てきする|true
てきせい|てきせい|true
てきせつ|てきせつ|true
てきたい|てきたい|true
てきちゅう|てきちゅう|true
てきとう|てきとう|true
てきど|てきど|true
てきはつ|てきはつ|true
てきほう|てきほう|true
てきよう|てきよう|true
てきりょう|てきりょう|true
てきれい|てきれい|true
てきれいき|てきれいき|true
てぎわ|てぎわ|true
てぎわよく|てぎわよく|true
てくてく|てくてく|true
てくび|てくび|true
てぐさり|てじょう|false
てぐち|てぐち|true
てごたえ|てごたえ|true
てごろ|てごろ|true
てごわい|てごわい|true
てさぐり|てさぐり|true
てさげ|てさげ|true
てじな|てじな|true
てじゅん|てじゅん|true
てじょう|てじょう|true
てすう|てすう|true
てすうりょう|てすうりょう|true
てすり|てすり|true
てせい|てせい|true
てだすけ|てだすけ|true
てだて|てだて|true
てちょう|てちょう|true
てっかい|てっかい|true
てっかく|てきかく|false
てっかく|てきかく|true
てっきょ|てっきょ|true
てっきょう|てっきょう|true
てっきり|てっきり|true
てっきん|てっきん|true
てっこう|てっこう|true
てっこく|てきこく|false
てっこつ|てっこつ|true
てっしゅう|てっしゅう|true
てっする|てっする|true
てっせい|てっせい|true
てったい|てったい|true
てってい|てってい|true
てっていてき|てっていてき|true
てっぱい|てっぱい|true
てっぱん|てっぱん|true
てっぺい|てっぺい|true
てっぺい|てっぺん|false
てっぺん|てっぺん|true
てっぽう|てっぽう|true
てつ|てつ|true
てつがく|てつがく|true
てつじん|てつじん|true
てつせい|てっせい|false
てつだい|てつだい|true
てつだう|てつだう|true
てつづき|てつづき|true
てつどう|てつどう|true
てつぼう|てつぼう|true
てつや|てつや|true
てづくり|てづくり|true
てて|ちち|false
てておや|ちちおや|false
ててはは|ふぼ|false
てとり|てとり|true
てなおし|てなおし|true
てにいれる|てにいれる|true
てにはいる|てにはいる|true
てにもつ|てにもつ|true
てぬき|てぬき|true
てぬぐい|てぬぐい|true
てのひら|てのひら|true
てはい|てはい|true
てはじめ|てはじめ|true
てばなし|てばなし|true
てばやい|てばやい|true
てびかえ|てびかえ|true
てびき|てびき|true
てびきしょ|てびきしょ|true
てぶくろ|てぶくろ|true
てぶり|てぶり|true
てへん|てっぺん|false
てほん|てほん|true
てま|てま|true
てまえ|てまえ|true
てまねき|てまねき|true
てもち|てもち|true
てもと|てもと|true
てら|てら|true
てらす|てらす|true
てる|てる|true
てれる|てれる|true
てわけ|てわけ|true
てわたす|てわたす|true
てん|つくだ|false
てん|てん|true
てんい|てんい|true
てんいん|てんいん|true
てんおうせい|てんのうせい|false
てんか|てんか|true
てんかい|てんかい|true
てんかぶつ|てんかぶつ|true
てんかん|てんかん|true
てんが|てんか|false
てんが|でんか|false
てんき|てんき|true
てんきょ|てんきょ|true
てんきよほう|てんきよほう|true
てんきん|てんきん|true
てんぐ|てんぐ|true
てんけい|てんけい|true
てんけいてき|てんけいてき|true
てんけん|てんけん|true
てんげ|てんか|false
てんこ|てんこ|true
てんこう|てんこう|true
てんこく|てんごく|false
てんごく|てんごく|true
てんさ|てんさ|true
てんさい|てんさい|true
てんさく|てんさく|true
てんざい|てんざい|true
てんし|てんし|true
てんしゅ|てんしゅ|true
てんしゅつ|てんしゅつ|true
てんしょく|てんしょく|true
てんしん|てんしん|true
てんじ|てんじ|true
てんじかい|てんじかい|true
てんじゅ|てんじゅ|true
てんじょう|てんじょう|true
てんじる|てんじる|true
てんじん|てんじん|true
てんすう|てんすう|true
てんせい|てんせい|true
てんせん|てんせん|true
てんそう|てんそう|true
てんたい|てんたい|true
てんち|てんち|true
てんちょう|てんちょう|true
てんてき|てんてき|true
てんてん|てんてん|true
てんとう|てんとう|true
てんない|てんない|true
てんにん|てんにん|true
てんねん|てんねん|true
てんねんおんせん|てんねんおんせん|true
てんねんきねんぶつ|てんねんきねんぶつ|true
てんねんとう|てんねんとう|true
てんねんガス|てんねんガス|true
てんのう|てんのう|true
てんのうせい|てんのうせい|true
てんのうへいか|てんのうへいか|true
てんばい|てんばい|true
てんぷ|ちょうふ|false
てんぷ|てんぷ|true
てんぷく|てんぷく|true
てんぷら|てんぷら|true
てんぼう|てんぼう|true
てんぽ|てんぽ|true
てんまんぐう|てんまんぐう|true
てんめい|てんめい|true
てんめつ|てんめつ|true
てんもん|てんもん|true
てんもんがく|てんもんがく|true
てんもんだい|てんもんだい|true
てんやく|てんやく|true
てんよう|てんよう|true
てんらく|てんらく|true
てんらんかい|てんらんかい|true
てんり|てんり|true
で|で|true
であい|であい|true
であう|であう|true
であし|であし|true
であります|であります|true
である|である|true
でいしょう|どろぬま|false
でいすい|でいすい|true
でいたん|でいたん|true
でいり|でいり|true
でいりぐち|でいりぐち|true
でおくれる|でおくれる|true
でかい|でかい|true
でかける|でかける|true
でかせぎ|でかせぎ|true
でかた|でかた|true
でき|でき|true
できあがり|できあがり|true
できあがる|できあがる|true
できごと|できごと|true
できだか|できだか|true
できる|できる|true
できるだけ|できるだけ|true
できるだけはやく|できるだけはやく|true
できるだけ早く|できるだけはやく|true
でき上がり|できあがり|false
でき上がる|できあがる|false
でき事|できごと|false
でき高|できだか|false
でぐち|でぐち|true
でけぇ|でかい|false
でけえ|でかい|false
でけー|でかい|false
でこぼこ|でこぼこ|true
でございます|でございます|true
でさえ|でさえ|true
でし|でし|true
でしいり|でしいり|true
でしかない|でしかない|true
でしょ|でしょう|true
でしょう|でしょう|true
でしょうか|でしょうか|true
です|です|true
ですか|ですか|true
ですから|ですから|true
ですが|ですが|true
ですぎる|ですぎる|true
でたらめ|でたらめ|true
でっかい|でかい|true
でっけぇ|でかい|false
でっけえ|でかい|false
でっけー|でかい|false
でつぞう|ねつぞう|false
でないと|でなければ|true
でなおし|でなおし|true
でなければ|でなければ|true
でなければいけない|でなければならない|false
でなければならない|でなければならない|true
でなければならぬ|でなければならない|false
では|では|true
ではいり|でいり|false
ではない|ではない|true
ではないか|ではないか|true
ではまた|ではまた|true
では無い|ではない|false
では無いか|ではないか|true
でばん|でばん|true
でぶ|デブ|false
でまえ|でまえ|true
でむかえ|でむかえ|true
でむかえる|でむかえる|true
でむく|でむく|true
でも|でも|true
でもある|でもある|true
でもない|でもない|true
でも無い|でもない|false
でる|でる|true
でんあつ|でんあつ|true
でんえん|でんえん|true
でんおん|でんえん|false
でんか|でんか|true
でんき|でんき|true
でんきせいひん|でんきせいひん|true
でんきつうしん|でんきつうしん|true
でんきゅう|でんきゅう|true
でんきょく|でんきょく|true
でんげき|でんげき|true
でんげん|でんげん|true
でんげんかいはつ|でんげんかいはつ|true
でんげんケーブル|でんげんケーブル|true
でんこう|でんこう|true
でんごん|でんごん|true
でんし|でんし|true
でんしぶひん|でんしぶひん|true
でんしゃ|でんしゃ|true
でんしょう|でんしょう|true
でんしん|でんしん|true
でんしメール|でんしメール|true
でんじしゃく|でんじしゃく|true
でんせつ|でんせつ|true
でんせん|でんせん|true
でんせんびょう|でんせんびょう|true
でんそう|でんそう|true
でんたく|でんたく|true
でんたつ|でんたつ|true
でんち|でんち|true
でんちぎれ|でんちぎれ|true
でんちゅう|でんちゅう|true
でんつうだい|でんつうだい|true
でんてつ|でんてつ|true
でんとう|でんとう|true
でんとうてき|でんとうてき|true
でんとうぶんか|でんとうぶんか|true
でんどう|でんどう|true
でんばた|たはた|false
でんぱ|でんぱ|true
でんぱた|たはた|false
でんぴょう|でんぴょう|true
でんぼ|たんぼ|false
でんぽ|たんぼ|false
でんぽう|でんぽう|true
でんりゅう|でんりゅう|true
でんりょく|でんりょく|true
でんわ|でんわ|true
でんわき|でんわき|true
でんわちょう|でんわちょう|true
でんわばんごう|でんわばんごう|true
で御座います|でございます|true
と|じゅう|false
と|そと|false
と|と|true
とい|とい|true
といあわせ|といあわせ|true
といあわせる|といあわせる|true
という|という|true
ということは|ということは|true
ということはない|ということはない|true
というもの|というもの|true
という物|というもの|false
といえば|といえば|true
といっても|といっても|true
といや|とんや|false
とう|かたな|false
とう|とう|true
とうあ|とうあ|true
とうあん|とうあん|true
とういつ|とういつ|true
とういつかん|とういつかん|true
とういん|とういん|true
とうえい|とうえい|true
とうおう|とうおう|true
とうか|とうか|true
とうかい|とうかい|true
とうかく|とうかく|true
とうかつ|とうかつ|true
とうかん|とうかん|true
とうがらし|とうがらし|true
とうき|とうき|true
とうきゅう|とうきゅう|true
とうきょう|とうきょう|true
とうきょうしょうけんとりひきしょ|とうきょうしょうけんとりひきじょ|false
とうきょうしょうけんとりひきじょ|とうきょうしょうけんとりひきじょ|true
とうきょく|とうきょく|true
とうぎ|とうぎ|true
とうぐう|とうぐう|true
とうけい|とうきょう|false
とうけい|とうけい|true
とうけつ|とうけつ|true
とうけん|とうけん|true
とうげ|とうげ|true
とうげい|とうげい|true
とうこう|とうこう|true
とうこつ|とうこつ|true
とうごう|とうごう|true
とうごく|しまぐに|false
とうさい|とうさい|true
とうさく|とうさく|true
とうさん|とうさん|true
とうざい|とうざい|true
とうし|とうし|true
とうししんたく|とうししんたく|true
とうしつ|とうしつ|true
とうしゃ|とうしゃ|true
とうしゅ|とうしゅ|true
とうしゅせん|とうしゅせん|true
とうしょ|とうしょ|true
とうしょく|だいだいいろ|false
とうしん|とうしん|true
とうじ|とうじ|true
とうじ|とうち|false
とうじき|とうじき|true
とうじしゃ|とうじしゃ|true
とうじつ|とうじつ|true
とうじょう|とうじょう|true
とうじょうじんぶつ|とうじょうじんぶつ|true
とうじる|とうじる|true
とうすい|とうすい|true
とうせい|とうせい|true
とうせき|とうせき|true
とうせん|とうせん|true
とうぜん|とうぜん|true
とうそう|とうそう|true
とうぞく|とうぞく|true
とうたつ|とうたつ|true
とうだい|とうだい|true
とうち|とうち|true
とうちゃく|とうちゃく|true
とうちょう|とうちょう|true
とうちょく|とうちょく|true
とうてい|とうてい|true
とうてん|とうてん|true
とうと|とうと|true
とうとい|とうとい|true
とうとう|とうとう|true
とうとつ|とうとつ|true
とうとぶ|とうとぶ|true
とうどり|とうどり|true
とうない|とうない|true
とうなん|とうなん|true
とうにゅう|とうにゅう|true
とうにょうびょう|とうにょうびょう|true
とうにん|とうにん|true
とうの|とうの|true
とうは|とうは|true
とうはつ|とうはつ|true
とうばん|とうばん|true
とうひ|とうひ|true
とうひょう|とうひょう|true
とうひょうしょ|とうひょうしょ|true
とうひょうじょ|とうひょうしょ|false
とうひょうばこ|とうひょうばこ|true
とうひん|とうひん|true
とうびょう|とうびょう|true
とうふ|とうふ|true
とうぶ|とうぶ|true
とうぶん|とうぶん|true
とうべん|とうべん|true
とうほう|とうほう|true
とうほく|とうほく|true
とうほん|とうほん|true
とうぼう|とうぼう|true
とうみん|とうみん|true
とうむ|とうむ|true
とうめい|とうめい|true
とうめん|とうめん|true
とうもろこし|とうもろこし|true
とうやく|とうやく|true
とうゆ|とうゆ|true
とうゆうし|とうゆうし|true
とうよ|とうよ|true
とうよう|とうよう|true
とうらい|とうらい|true
とうらく|とうらく|true
とうり|とうり|true
とうりゃく|とうりゃく|true
とうりゅうもん|とうりゅうもん|true
とうるい|とうるい|true
とうろく|とうろく|true
とうろくしゃ|とうろくしゃ|true
とうろくしょうひょう|とうろくしょうひょう|true
とうろくばんごう|とうろくばんごう|true
とうろん|とうろん|true
とうわく|とうわく|true
とえい|とえい|true
とお|じゅう|true
とおあさ|とおあさ|true
とおい|とおい|true
とおか|とおか|true
とおく|とおく|true
とおざかる|とおざかる|true
とおし|とおし|true
とおす|とおす|true
とおやま|えんざん|false
とおり|とおり|true
とおりすぎる|とおりすぎる|true
とおり過ぎる|とおりすぎる|false
とおる|とおる|true
とか|とか|true
とかい|とかい|true
とかく|とかく|true
とかす|とかす|true
とかり|ほこ|false
とがめる|とがめる|true
とがる|とがる|true
とき|とき|true
ときおり|ときおり|true
ときとして|ときとして|true
ときどき|ときどき|true
ときには|ときには|true
ときはかねなり|ときはかねなり|true
ときほぐす|ときほぐす|true
ときより|ときおり|false
とぎ|とぎ|true
とぎれる|とぎれる|true
とく|とく|true
とくい|とくい|true
とくいさき|とくいさき|true
とくぎ|とくぎ|true
とくさく|とくさく|true
とくさん|とくさん|true
とくし|とくし|true
とくしか|とくしか|true
とくしつ|とくしつ|true
とくしゃ|とくしゃ|true
とくしゅ|とくしゅ|true
とくしゅう|とくしゅう|true
とくしゅほうじん|とくしゅほうじん|true
とくしょ|どくしょ|false
とくしょく|とくしょく|true
とくじゅ|とくじゅ|true
とくする|とくする|true
とくせい|とくせい|true
とくせつ|とくせつ|true
とくせん|とくせん|true
とくそう|とくそう|true
とくそく|とくそく|true
とくだい|とくだい|true
とくだん|とくだん|true
とくちょう|とくちょう|true
とくてい|とくてい|true
とくてん|とくてん|true
とくとく|とくとく|true
とくに|とくに|true
とくはいん|とくはいん|true
とくばい|とくばい|true
とくひつ|とくひつ|true
とくひょう|とくひょう|true
とくべつ|とくべつ|true
とくべつかかく|とくべつかかく|true
とくべつく|とくべつく|true
とくほん|とくほん|true
とくめい|とくめい|true
とくやく|とくやく|true
とくゆう|とくゆう|true
とくれい|とくれい|true
とぐ|とぐ|true
とぐち|とぐち|true
とけい|とけい|true
とけこむ|とけこむ|true
とける|とける|true
とけ込む|とけこむ|false
とげ|とげ|true
とげる|とげる|true
とこ|とこ|true
とこ|ところ|false
とこう|とこう|true
とこのま|とこのま|true
とこや|とこや|true
ところ|ところ|true
ところが|ところが|true
ところで|ところで|true
ところどころ|ところどころ|true
ところを|ところを|true
とこを|ところを|false
とざす|とざす|true
とざん|とざん|true
とし|とし|true
としあけ|としあけ|true
としうえ|としうえ|true
としおとこ|としおとこ|true
としがしら|ねんとう|false
としけいかく|としけいかく|true
としごろ|としごろ|true
としした|としした|true
としつき|としつき|true
として|として|true
としても|としても|true
としとった|としとった|true
としどし|ねんねん|false
としぶ|としぶ|true
としょ|としょ|true
としょかん|としょかん|true
としょしつ|としょしつ|true
としより|としより|true
としをとる|としをとる|true
としん|としん|true
としガス|としガス|true
とじこめる|とじこめる|true
とじこもる|とじこもる|true
とじまり|とじまり|true
とじょう|とじょう|true
とじょうこく|とじょうこく|true
とじる|とじる|true
とする|とする|true
とすると|とすると|true
とすれば|とすれば|true
とせい|とせい|true
とそう|とそう|true
とたん|とたん|true
とたんに|とたんに|true
とだえる|とだえる|true
とだな|とだな|true
とち|とち|true
とちがら|とちがら|true
とちゅう|とちゅう|true
とちょう|とちょう|true
とっかん|とっかん|true
とっき|とっき|true
とっきゅう|とっきゅう|true
とっきょ|とっきょ|true
とっきょちょう|とっきょちょう|true
とっくに|とっくに|true
とっくん|とっくん|true
とっけん|とっけん|true
とっこうたい|とっこうたい|true
とっこうやく|とっこうやく|true
とっさに|とっさに|true
とっしゅつ|とっしゅつ|true
とっしん|とっしん|true
とって|とって|true
とっても|とても|false
とっぱ|とっぱ|true
とっぱん|とっぱん|true
とっぱんいんさつ|とっぱんいんさつ|true
とっぷう|とっぷう|true
とつおう|でこぼこ|false
とつぐ|とつぐ|true
とつじょ|とつじょ|true
とつぜん|とつぜん|true
とつにゅう|とつにゅう|true
とても|とても|true
ととのう|ととのう|true
ととのえる|ととのえる|true
ととのった|ととのった|true
とどうふけん|とどうふけん|true
とどく|とどく|true
とどけ|とどけ|true
とどけで|とどけで|true
とどける|とどける|true
とどまる|とどまる|true
とどめなく|とめどなく|false
とどめる|とどめる|true
とない|とない|true
となえる|となえる|true
となかい|トナカイ|false
となったら|となったら|true
となり|となり|true
となりあう|となりあう|true
となりあわせ|となりあわせ|true
となり合う|となりあう|false
となり合わせ|となりあわせ|false
となる|となる|true
となると|となると|true
となれば|となれば|true
とにかく|とにかく|true
とのさま|とのさま|true
とは|とは|true
とはいうものの|とはいうものの|true
とはかぎらない|とはかぎらない|true
とは言うものの|とはいうものの|true
とは限らない|とはかぎらない|true
とばし|とばし|true
とばす|とばす|true
とびあがる|とびあがる|true
とびおりる|とびおりる|true
とびかう|とびかう|true
とびきり|とびきり|true
とびこみ|とびこみ|true
とびこむ|とびこむ|true
とびだし|とびだし|true
とびだす|とびだす|true
とびち|とびち|true
とびひ|とびひ|true
とびら|とびら|true
とび上がる|とびあがる|false
とび上る|とびあがる|false
とび下りる|とびおりる|false
とび交う|とびかう|false
とび出し|とびだし|false
とび出す|とびだす|false
とび降りる|とびおりる|false
とふ|とふ|true
とぶ|とぶ|true
とぶらう|とむらう|false
とほ|とほ|true
とほう|とほう|true
とぼける|とぼける|true
とぼしい|とぼしい|true
とぼす|ともす|false
とまどい|とまどい|true
とまどう|とまどう|true
とまり|とまり|true
とまる|とまる|true
とみ|とみ|true
とみん|とみん|true
とむ|とむ|true
とむらう|とむらう|true
とめがね|とめがね|true
とめどなく|とめどなく|true
とめど無く|とめどなく|false
とめる|とめる|true
とめ金|とめがね|false
とも|とも|true
ともあれ|ともあれ|true
ともえ|ともえ|true
ともかく|ともかく|true
ともかせぎ|ともかせぎ|true
ともしい|とぼしい|false
ともす|ともす|true
ともだおれ|ともだおれ|true
ともだち|ともだち|true
ともども|ともども|true
ともなう|ともなう|true
ともに|ともに|true
ともばたらき|ともばたらき|true
とも倒れ|ともだおれ|false
とも有れ|ともあれ|false
とゆう|という|false
とら|とら|true
とらい|とらい|true
とらえる|とらえる|true
とらわれる|とらわれる|true
とり|とり|true
とり|にわとり|false
とりあえず|とりあえず|true
とりあげる|とりあげる|true
とりあつかい|とりあつかい|true
とりあつかいちゅうい|とりあつかいちゅうい|true
とりあつかう|とりあつかう|true
とりい|とりい|true
とりいれる|とりいれる|true
とりえ|とりえ|true
とりかえす|とりかえす|true
とりかえる|とりかえる|true
とりかかる|とりかかる|true
とりかこむ|とりかこむ|true
とりかた|とりかた|true
とりきめ|とりきめ|true
とりきめる|とりきめる|true
とりくち|とりくち|true
とりくみ|とりくみ|true
とりくむ|とりくむ|true
とりけし|とりけし|true
とりけす|とりけす|true
とりこみ|とりこみ|true
とりこむ|とりこむ|true
とりこわし|とりこわし|true
とりさげ|とりさげ|true
とりしまり|とりしまり|true
とりしまりほう|とりしまりほう|true
とりしまりやく|とりしまりやく|true
とりしまりやくかい|とりしまりやくかい|true
とりしまる|とりしまる|true
とりしらべ|とりしらべ|true
とりそろえる|とりそろえる|true
とりたて|とりたて|true
とりだす|とりだす|true
とりつ|とりつ|true
とりつぎ|とりつぎ|true
とりつぐ|とりつぐ|true
とりにく|とりにく|true
とりのこす|とりのこす|true
とりのぞく|とりのぞく|true
とりはからい|とりはからい|true
とりはずす|とりはずす|true
とりひき|とりひき|true
とりひきさき|とりひきさき|true
とりまく|とりまく|true
とりまとめる|とりまとめる|true
とりもどす|とりもどす|true
とりょう|とりょう|true
とりよせる|とりよせる|true
とりわけ|とりわけ|true
とり上げる|とりあげる|false
とり入れる|とりいれる|false
とり出す|とりだす|false
とり囲む|とりかこむ|false
とり戻す|とりもどす|false
とり扱う|とりあつかう|false
とり残す|とりのこす|false
とり立て|とりたて|false
とり組み|とりくみ|false
とり肉|とりにく|false
とり込み|とりこみ|false
とり除く|とりのぞく|false
とる|とる|true
とれる|とれる|true
とろ|とろ|true
とろう|とろう|true
とんかつ|とんカツ|false
とんがらし|とうがらし|false
とんがる|とがる|false
とんだ|とんだ|true
とんでもない|とんでもない|true
とんでも無い|とんでもない|false
とんとん|とんとん|true
とんにく|ぶたにく|false
とんぼ|とんぼ|true
とんぼう|とんぼ|false
とんや|とんや|true
とんよく|どんよく|false
とんカツ|とんカツ|true
と言う|という|true
と言うことは|ということは|true
と言うことはない|ということはない|true
と言うもの|というもの|true
と言う事は|ということは|false
と言う物|というもの|false
と言えば|といえば|true
と言っても|といっても|true
ど|と|false
ど|ど|true
どあい|どあい|true
どう|どう|true
どうあげ|どうあげ|true
どうい|どうい|true
どういう|どういう|true
どういたしまして|どういたしまして|true
どういつ|どういつ|true
どういん|どういん|true
どうおん|どうおん|true
どうか|どうか|true
どうかせん|どうかせん|true
どうかん|どうかん|true
どうが|どうが|true
どうがん|どうがん|true
どうき|どうき|true
どうきゅう|どうきゅう|true
どうきゅうせい|どうきゅうせい|true
どうきょ|どうきょ|true
どうきょう|どうきょう|true
どうきょく|どうきょく|true
どうぎ|どうぎ|true
どうぎご|どうぎご|true
どうぎてきせきにん|どうぎてきせきにん|true
どうぎょう|どうぎょう|true
どうくつ|どうくつ|true
どうぐ|どうぐ|true
どうけつ|ほらあな|false
どうけん|どうけん|true
どうげつ|どうげつ|true
どうこう|どうこう|true
どうこく|どうこく|true
どうさ|どうさ|true
どうさつ|どうさつ|true
どうざん|どうざん|true
どうし|どうし|true
どうしたの|どうしたの|true
どうしつ|どうしつ|true
どうして|どうして|true
どうしても|どうしても|true
どうしゃ|どうしゃ|true
どうしゅ|どうしゅ|true
どうしょう|どうしょう|true
どうしょうもない|どうしようもない|false
どうしょくぶつ|どうしょくぶつ|true
どうしようもない|どうしようもない|true
どうしようも無い|どうしようもない|false
どうしん|どうしん|true
どうじ|どうじ|true
どうじき|どうじき|true
どうじだい|どうじだい|true
どうじつ|どうじつ|true
どうじに|どうじに|true
どうじょう|どうじょう|true
どうじる|どうじる|true
どうじん|どうじん|true
どうすう|どうすう|true
どうせ|どうせ|true
どうせい|どうせい|true
どうせいあい|どうせいあい|true
どうせき|どうせき|true
どうせん|どうせん|true
どうぜん|どうぜん|true
どうそう|どうそう|true
どうそうかい|どうそうかい|true
どうぞ|どうぞ|true
どうぞう|どうぞう|true
どうたい|どうたい|true
どうち|どうち|true
どうちょう|どうちょう|true
どうてい|みちのり|false
どうてん|どうてん|true
どうでもいい|どうでもいい|true
どうでもよい|どうでもいい|false
どうでも良い|どうでもいい|true
どうとう|どうとう|true
どうとく|どうとく|true
どうどう|どうどう|true
どうにか|どうにか|true
どうにもならない|どうにもならない|true
どうにゅう|どうにゅう|true
どうにん|どうじん|false
どうねん|どうねん|true
どうはん|どうはん|true
どうはんが|どうはんが|true
どうばんが|どうはんが|false
どうびょう|どうびょう|true
どうふう|どうふう|true
どうぶつ|どうぶつ|true
どうぶつえん|どうぶつえん|true
どうほう|どうほう|true
どうぼう|どうほう|false
どうみゃく|どうみゃく|true
どうみゃくこうか|どうみゃくこうか|true
どうみょう|どうめい|false
どうめい|どうめい|true
どうも|どうも|true
どうもありがとう|どうもありがとう|true
どうも有り難う|どうもありがとう|false
どうも有難う|どうもありがとう|true
どうや|どうや|true
どうやら|どうやら|true
どうよう|どうよう|true
どうらん|どうらん|true
どうり|どうり|true
どうり|どおり|false
どうりつ|どうりつ|true
どうりょう|どうりょう|true
どうりょく|どうりょく|true
どうるい|どうるい|true
どうれつ|どうれつ|true
どうろ|どうろ|true
どうわ|どうわ|true
どう仕様もない|どうしようもない|false
どう仕様も無い|どうしようもない|false
どう致しまして|どういたしまして|true
どう言う|どういう|false
どおじ|とち|false
どおり|どおり|true
どき|どき|true
どきっと|ドキッと|false
どきどき|ドキドキ|true
どきょう|どきょう|true
どきんどきん|ドキドキ|false
どく|とく|false
どく|どく|true
どくえん|どくえん|true
どくがく|どくがく|true
どくさい|どくさい|true
どくさつ|どくさつ|true
どくしゃ|どくしゃ|true
どくしょ|どくしょ|true
どくしょう|どくしょう|true
どくしん|どくしん|true
どくじ|どくじ|true
どくせい|どくせい|true
どくせん|どくせん|true
どくぜつ|どくぜつ|true
どくそう|どくそう|true
どくそうてき|どくそうてき|true
どくだん|どくだん|true
どくとく|どくとく|true
どくほん|とくほん|false
どくぼう|どくぼう|true
どくやく|どくやく|true
どくりつ|どくりつ|true
どくりつこく|どくりつこく|true
どくガス|どくガス|true
どける|どける|true
どけんや|どけんや|true
どこ|どこ|true
どこか|どこか|true
どこにも|どこにも|true
どこにもない|どこにもない|true
どこにも無い|どこにもない|false
どこまでも|どこまでも|true
どごう|どごう|true
どさ|どしゃ|false
どし|どうし|false
どしたの|どうしたの|false
どしどし|どしどし|true
どしゃ|どしゃ|true
どしゃぶり|どしゃぶり|true
どしゃ降り|どしゃぶり|false
どじ|とち|false
どじょう|どじょう|true
どじん|どじん|true
どすう|どすう|true
どせい|どせい|true
どせき|どせき|true
どそく|どそく|true
どたばた|どたばた|true
どたんば|どたんば|true
どたん場|どたんば|false
どだい|どだい|true
どち|とち|false
どちら|どちら|true
どちらかというと|どちらかというと|true
どちらかと言うと|どちらかというと|true
どちらでもない|どちらでもない|true
どちらにせよ|どちらにせよ|true
どちらも|どちらも|true
どっか|どこか|false
どっきどき|ドキドキ|false
どっきんほう|どっきんほう|true
どっち|どちら|true
どっちも|どちらも|true
どっと|どっと|true
どて|どて|true
どとう|どとう|true
どどん|ドドン|false
どどーん|ドドン|false
どなた|どなた|true
どなたか|どなたか|true
どなたでも|どなたでも|true
どなりこむ|どなりこむ|true
どなり込む|どなりこむ|false
どなる|どなる|true
どにち|どにち|true
どの|どの|true
どのくらい|どのくらい|true
どのぐらい|どのくらい|true
どのへん|どのへん|true
どのよう|どのよう|true
どのように|どのように|true
どの位|どのくらい|true
どの様|どのよう|true
どの様に|どのように|true
どの辺|どのへん|true
どひょう|どひょう|true
どひょうぎわ|どひょうぎわ|true
どぶ|どぶ|true
どべい|どべい|true
どぼく|どぼく|true
どま|どま|true
ども|ども|true
どもる|どもる|true
どよう|どよう|true
どようび|どようび|true
どよめく|どよめく|true
どらむすこ|どらむすこ|true
どら息子|どらむすこ|false
どりょく|どりょく|true
どれ|どれ|true
どれい|どれい|true
どれくらい|どれくらい|true
どれぐらい|どれくらい|false
どれだけ|どれだけ|true
どれでも|どれでも|true
どれどれ|どれどれ|true
どれ位|どれくらい|true
どろ|どろ|true
どろどろ|どろどろ|true
どろぬま|どろぬま|true
どろぼう|どろぼう|true
どろぼー|どろぼう|false
どん|どんぶり|false
どんか|どんか|true
どんかん|どんかん|true
どんき|どんき|true
どんぐり|どんぐり|true
どんどん|どんどん|true
どんな|どんな|true
どんなに|どんなに|true
どんぶり|どんぶり|true
どんよう|わかば|false
どんよく|どんよく|true
どーして|どうして|false
な|しち|false
な|な|true
なぁ|な|false
なあ|しち|false
なあ|な|true
ない|ない|true
ないか|ないか|true
ないかい|ないかい|true
ないかく|ないかく|true
ないかくかんぼう|ないかくかんぼう|true
ないかくふ|ないかくふ|true
ないかくほうせいきょく|ないかくほうせいきょく|true
ないがい|ないがい|true
ないき|ないき|true
ないこう|ないこう|true
ないこうてき|ないこうてき|true
ないし|ないし|true
ないし|ないじ|false
ないしゅっけつ|ないしゅっけつ|true
ないしょ|ないしょ|true
ないしょう|ないしょ|false
ないしょく|ないしょく|true
ないしん|ないしん|true
ないじ|ないじ|true
ないじつ|ないじつ|true
ないじゅ|ないじゅ|true
ないじょう|ないじょう|true
ないせい|ないせい|true
ないせん|ないせん|true
ないそう|ないそう|true
ないそく|うちがわ|false
ないぞう|ないぞう|true
ないだく|ないだく|true
ないてい|ないてい|true
ないといけない|ないといけない|true
ないといけません|ないといけません|true
ないと行けない|ないといけない|false
ないと行けません|ないといけません|false
ないない|うちうち|false
ないのではないか|しないのではないか|false
ないぶ|ないぶ|true
ないぶんぴ|ないぶんぴ|true
ないぶんぴつ|ないぶんぴ|false
ないほう|ないほう|true
ないまく|うちまく|true
ないむ|ないむ|true
ないめん|ないめん|true
ないや|ないや|true
ないやしゅ|ないやしゅ|true
ないよう|ないよう|true
ないらん|ないらん|true
ないりく|ないりく|true
なう|ナウ|false
なえ|なえ|true
なえぎ|なえぎ|true
なえどこ|なえどこ|true
なえる|なえる|true
なお|なお|true
なおかつ|なおかつ|true
なおさら|なおさら|true
なおざり|なおざり|true
なおし|なおし|true
なおす|なおす|true
なおる|なおる|true
なお且つ|なおかつ|false
なお更|なおさら|false
なか|なか|true
なかがい|なかがい|true
なかじま|なかじま|true
なかつぎ|なかつぎ|true
なかでも|なかでも|true
なかなおり|なかなおり|true
なかなか|なかなか|true
なかにも|なかにも|true
なかにわ|なかにわ|true
なかば|なかば|true
なかま|なかま|true
なかまいり|なかまいり|true
なかまたち|なかまたち|true
なかみ|なかみ|true
なかゆび|なかゆび|true
なかよく|なかよく|true
なかよし|なかよし|true
ながあめ|ながあめ|true
ながい|ながい|true
ながいあいだ|ながいあいだ|true
ながいき|ながいき|true
ながい間|ながいあいだ|false
ながうた|ながうた|true
ながさ|ながさ|true
ながさき|ながさき|true
ながし|ながし|true
ながす|ながす|true
ながそで|ながそで|true
ながつづき|ながつづき|true
ながねん|ながねん|true
ながばなし|ながばなし|true
ながびく|ながびく|true
ながめ|ながあめ|false
ながめ|ながめ|true
ながめる|ながめる|true
ながもち|ながもち|true
ながや|ながや|true
ながら|ながら|true
ながらく|ながらく|true
ながらも|ながらも|true
ながれ|ながれ|true
ながれこむ|ながれこむ|true
ながれぼし|ながれぼし|true
ながれる|ながれる|true
ながれ星|ながれぼし|false
ながーい|ながい|false
なき|なき|true
なきがお|なきがお|true
なきがら|なきがら|true
なきごえ|なきごえ|true
なきゃいけない|なきゃいけない|true
なき声|なきごえ|false
なぎさ|なぎさ|true
なく|なく|true
なくす|なくす|true
なくちゃいけない|なくちゃいけない|true
なくてはいけない|なくてはいけない|true
なくてはいけません|なくてはいけません|true
なくてはならない|なくてはならない|true
なくなる|なくなる|true
なぐさめる|なぐさめる|true
なぐりこみ|なぐりこみ|true
なぐる|なぐる|true
なけばならない|なければならない|false
なければいけない|なければならない|true
なければいけません|なければならない|false
なければならない|なければならない|true
なければならぬ|なければならない|false
なければなりません|なければならない|true
なげ|なげ|true
なげかわしい|なげかわしい|true
なげき|なげき|true
なげく|なげく|true
なげこむ|なげこむ|true
なげだす|なげだす|true
なげる|なげる|true
なげー|ながい|false
なこうど|なこうど|true
なことば|めいし|false
なごむ|なごむ|true
なごや|なごや|true
なごやか|なごやか|true
なごり|なごり|true
なごり|よは|false
なごりおしい|なごりおしい|true
なごろ|よは|false
なさい|なさい|true
なさけ|なさけ|true
なさけない|なさけない|true
なさけぶかい|なさけぶかい|true
なさそう|なさそう|true
なさる|なさる|true
なざし|なざし|true
なし|なし|true
なしとげる|なしとげる|true
なしには|なしには|true
なし遂げる|なしとげる|false
なじむ|なじむ|true
なす|なす|true
なすび|なす|false
なずらえる|なぞらえる|false
なぜ|なぜ|true
なぜか|なぜか|true
なぜなら|なぜなら|true
なぜならば|なぜならば|true
なぞ|なぞ|true
なぞなぞ|なぞなぞ|true
なぞらえる|なぞらえる|true
なたね|なたね|true
なだ|なだ|true
なだ|なみだ|false
なだかい|なだかい|true
なだめる|なだめる|true
なだれ|なだれ|true
なっがい|ながい|false
なっさけない|なさけない|false
なっとう|なっとう|true
なっとく|なっとく|true
なつ|なつ|true
なつかしい|なつかしい|true
なつかしむ|なつかしむ|true
なつき|かき|false
なつじかん|なつじかん|true
なつば|なつば|true
なつばしょ|なつばしょ|true
なつばて|なつばて|true
なつもの|なつもの|true
なつやすみ|なつやすみ|true
なづける|なづける|true
なでる|なでる|true
など|など|true
なな|しち|true
なながつ|しちがつ|false
ななじゅう|しちじゅう|false
ななそ|しちじゅう|false
ななつ|ななつ|true
なななぬか|しちしちにち|false
なななのか|しちしちにち|false
ななめ|ななめ|true
なに|なに|true
なにか|なにか|true
なにかと|なにかと|true
なにげない|なにげない|true
なにげなく|なにげなく|true
なにごと|なにごと|true
なにしろ|なにしろ|true
なにそつ|なにとぞ|false
なにとぞ|なにとぞ|true
なにとなく|なんとなく|false
なになのか|なんなのか|true
なにびと|なにびと|true
なにぶん|なにぶん|true
なにも|なにも|true
なにもの|なにもの|true
なにやら|なにやら|true
なにより|なにより|true
なにら|なんら|false
なにわ|なにわ|true
なにをかくそう|なにをかくそう|true
なにを隠そう|なにをかくそう|false
なぬか|なのか|false
なのか|なのか|true
なのだ|なのだ|true
なのです|なんです|true
なのめ|ななめ|false
なのり|なのり|true
なのりでる|なのりでる|true
なのる|なのる|true
なびく|なびく|true
なふだ|なふだ|true
なべ|なべ|true
なま|なま|true
なまいき|なまいき|true
なまえ|なまえ|true
なまぐさい|なまぐさい|true
なまけもの|なまけもの|true
なまける|なまける|true
なまけ者|なまけもの|false
なまちゅうけい|なまちゅうけい|true
なまなましい|なまなましい|true
なまぬるい|なまぬるい|true
なまり|なまり|true
なまる|にぶる|false
なま臭い|なまぐさい|false
なみ|なみ|true
なみき|なみき|true
なみた|なみだ|false
なみだ|なみだ|true
なみだぐましい|なみだぐましい|true
なみだごえ|なみだごえ|true
なむら|ぎょぐん|false
なめらか|なめらか|true
なめる|なめる|true
なや|なや|true
なやます|なやます|true
なやみ|なやみ|true
なやむ|なやむ|true
なら|なら|true
ならう|ならう|true
ならす|ならす|true
ならない|ならない|true
ならぬ|ならない|false
ならば|なら|true
ならび|ならび|true
ならびかえる|ならびかえる|true
ならびに|ならびに|true
ならぶ|ならぶ|true
ならべる|ならべる|true
ならん|ならない|false
なり|なり|true
なりきん|なりきん|true
なりたつ|なりたつ|true
なりに|なりに|true
なりません|ならない|false
なりゆき|なりゆき|true
なり行き|なりゆき|false
なる|なる|true
なると|なると|true
なるべく|なるべく|true
なるほど|なるほど|true
なる程|なるほど|false
なれ|なれ|true
なれなれしい|なれなれしい|true
なれる|なれる|true
なわ|なわ|true
なわとび|なわとび|true
なわばり|なわばり|true
なわ張り|なわばり|false
なん|なん|true
なんい|なんい|true
なんか|かぼちゃ|false
なんか|なにか|true
なんか|なんか|true
なんかい|なんかい|true
なんかん|なんかん|true
なんきょく|なんきょく|true
なんきん|なんきん|true
なんこう|なんこう|true
なんこつ|なんこつ|true
なんさい|なんさい|true
なんしき|なんしき|true
なんしょく|なんしょく|true
なんじ|なんじ|true
なんじかん|なんじかん|true
なんじゃく|なんじゃく|true
なんじゅう|なんじゅう|true
なんせい|なんせい|true
なんぜん|なんぜん|true
なんだ|なのだ|true
なんだ|なみだ|false
なんだい|なんだい|true
なんだか|なんだか|true
なんだかだ|なんだかんだ|false
なんだかんだ|なんだかんだ|true
なんちゃくりく|なんちゃくりく|true
なんちょう|なんちょう|true
なんて|なんて|true
なんてん|なんてん|true
なんで|なんで|true
なんです|なんです|true
なんでも|なんでも|true
なんと|なんと|true
なんという|なんという|true
なんというか|なんというか|true
なんとう|なんとう|true
なんとか|なんとか|true
なんとなく|なんとなく|true
なんとも|なんとも|true
なんともいえない|なんともいえない|true
なんとも言えない|なんともいえない|true
なんとゆう|なんという|false
なんと言うか|なんというか|false
なんど|なんど|true
なんどきでも|いつでも|false
なんどでも|なんどでも|true
なんなく|なんなく|true
なんなのか|なんなのか|true
なんにち|なんにち|true
なんにも|なんにも|true
なんにょ|だんじょ|false
なんにん|なんにん|true
なんにんか|なんにんか|true
なんねん|なんねん|true
なんばん|なんばん|true
なんぱ|ナンパ|false
なんひょうよう|なんひょうよう|true
なんびと|なにびと|false
なんびゃく|なんびゃく|true
なんびょう|なんびょう|true
なんぴと|なにびと|false
なんぴょうよう|なんひょうよう|false
なんぶ|なんぶ|true
なんぷん|なんぷん|true
なんべい|なんべい|true
なんべん|なんべん|true
なんぼく|なんぼく|true
なんぼくもんだい|なんぼくもんだい|true
なんぽう|なんぽう|true
なんみん|なんみん|true
なんも|なにも|false
なんもん|なんもん|true
なんら|なんら|true
なー|な|true
に|に|true
にあい|にあい|true
にあう|にあう|true
にあげ|にあげ|true
にあたっては|にあたっては|true
にあって|にあっては|false
にあっては|にあっては|true
にいがた|にいがた|true
にいさん|にいさん|true
にいちゃん|にいちゃん|true
にいん|にいん|true
にえる|にえる|true
におい|におい|true
において|において|true
におう|におう|true
における|における|true
にかい|にかい|true
にかいだて|にかいだて|true
にかぎって|にかぎって|true
にかけて|にかけて|true
にかよう|にかよう|true
にかんして|にかんして|true
にがい|にがい|true
にがお|にがお|true
にがおえ|にがおえ|true
にがす|にがす|true
にがつ|にがつ|true
にがて|にがて|true
にがみ|にがみ|true
にがわらい|にがわらい|true
にき|にき|true
にきび|にきび|true
にぎやか|にぎやか|true
にぎらす|にぎらす|true
にぎり|にぎり|true
にぎりしめる|にぎりしめる|true
にぎりずし|にぎりずし|true
にぎりめし|にぎりめし|true
にぎり寿司|にぎりずし|true
にぎり飯|にぎりめし|false
にぎり鮨|にぎりずし|false
にぎる|にぎる|true
にぎわう|にぎわう|true
にく|にく|true
にくい|にくい|true
にくがん|にくがん|true
にくげん|にくがん|false
にくしみ|にくしみ|true
にくしょく|にくしょく|true
にくしん|にくしん|true
にくじき|にくしょく|false
にくせい|にくせい|true
にくたい|にくたい|true
にくたいてき|にくたいてき|true
にくはく|にくはく|true
にくひつ|にくひつ|true
にくむ|にくむ|true
にくや|にくや|true
にくらしい|にくらしい|true
にくわえて|にくわえて|true
にぐう|にぐう|true
にぐん|にぐん|true
にげ|にげ|true
にげあし|にげあし|true
にげきる|にげきる|true
にげだす|にげだす|true
にげみち|にげみち|true
にげる|にげる|true
にげ出す|にげだす|false
にこにこ|ニコニコ|true
にこむ|にこむ|true
にこやか|にこやか|true
にこり|にっこり|false
にごう|にごう|true
にごす|にごす|true
にごる|にごる|true
にさいして|にさいして|true
にさんかたんそ|にさんかたんそ|true
にし|にし|true
にしかぜ|にしかぜ|true
にしがた|せいほう|false
にしがわ|にしがわ|true
にしき|にしき|true
にしぐち|にしぐち|true
にしたがって|にしたがって|true
にしても|にしても|true
にしにっぽん|にしにほん|false
にしにほん|にしにほん|true
にしみなみ|せいなん|false
にしゃたくいつ|にしゃたくいつ|true
にしドイツ|にしドイツ|true
にじ|にじ|true
にじっさい|はたち|false
にじっせいき|にじっせいき|true
にじむ|にじむ|true
にじゅう|にじゅう|true
にじゅういちにち|にじゅういちにち|true
にじゅうきゅうにち|にじゅうくにち|false
にじゅうくにち|にじゅうくにち|true
にじゅうごにち|にじゅうごにち|true
にじゅうさんにち|にじゅうさんにち|true
にじゅうしちにち|にじゅうしちにち|true
にじゅうそう|にじゅうそう|true
にじゅうななにち|にじゅうしちにち|false
にじゅうにち|はつか|false
にじゅうににち|にじゅうににち|true
にじゅうはちにち|にじゅうはちにち|true
にじゅうよじかんせい|にじゅうよじかんせい|true
にじゅうよっか|にじゅうよっか|true
にじゅうよにち|にじゅうよっか|false
にじゅうよんにち|にじゅうよっか|false
にじゅうろくにち|にじゅうろくにち|true
にじゅっさい|はたち|false
にじゅっせいき|にじっせいき|false
にせ|にせ|true
にせい|にせい|true
にせもの|にせもの|true
にせもん|にせもの|false
にせる|にせる|true
にせ物|にせもの|false
にそう|にそう|true
にたいして|にたいして|true
にたいする|にたいする|true
にだい|にだい|true
にち|にち|true
にちじ|にちじ|true
にちじょう|にちじょう|true
にちじょうせいかつ|にちじょうせいかつ|true
にちにち|ひび|false
にちべい|にちべい|true
にちぼつ|にちぼつ|true
にちや|にちや|true
にちよう|にちよう|true
にちようひん|にちようひん|true
にちようび|にちようび|true
にっか|にっか|true
にっかん|にっかん|true
にっき|にっき|true
にっきゅう|にっきゅう|true
にっけい|にっけい|true
にっこう|にっこう|true
にっこうよく|にっこうよく|true
にっこり|にっこり|true
にっさん|にっさん|true
にっし|にっし|true
にっしつ|にゅうしつ|false
にっしょう|にっしょう|true
にっしょく|にっしょく|true
にっすう|にっすう|true
にっちゅう|にっちゅう|true
にってい|にってい|true
にっぽう|にっぽう|true
にっぽん|にほん|true
にっぽんいち|にほんいち|false
にっぽんぎんこう|にっぽんぎんこう|true
にっぽんこくみん|にほんこくみん|false
にっぽんご|にほんご|false
にっぽんじゅう|にほんじゅう|false
にっぽんじん|にほんじん|false
にっぽんとう|にほんとう|false
にっぽんはつ|にほんはつ|false
について|について|true
につめる|につめる|true
にづくり|にづくり|true
にて|にて|true
にとって|にとって|true
にど|にど|true
にどと|にどと|true
にどね|にどね|true
にないて|にないて|true
にない手|にないて|false
になう|になう|true
になると|になると|true
ににん|ふたり|false
ににんさんきゃく|ににんさんきゃく|true
ににんまえ|ににんまえ|true
にのつぎ|にのつぎ|true
には|には|true
にばん|にばん|true
にひゃく|にひゃく|true
にひゃくとおか|にひゃくとおか|true
にひゃくはつか|にひゃくはつか|true
にふだ|にふだ|true
にぶ|にぶ|true
にぶい|にぶい|true
にぶる|にぶる|true
にぶん|にぶん|true
にほん|にほん|true
にほんいち|にほんいち|true
にほんかい|にほんかい|true
にほんが|にほんが|true
にほんがくじゅつかいぎ|にほんがくじゅつかいぎ|true
にほんきぎょう|にほんきぎょう|true
にほんぎんこう|にっぽんぎんこう|false
にほんけいざい|にほんけいざい|true
にほんこくみん|にほんこくみん|true
にほんご|にほんご|true
にほんし|にほんし|true
にほんしき|にほんしき|true
にほんしゃかい|にほんしゃかい|true
にほんしゅ|にほんしゅ|true
にほんじゅう|にほんじゅう|true
にほんじん|にほんじん|true
にほんせい|にほんせい|true
にほんせいふ|にほんせいふ|true
にほんぜんこく|にほんぜんこく|true
にほんだて|にほんだて|true
にほんとう|にほんとう|true
にほんはつ|にほんはつ|true
にほんりょうり|にほんりょうり|true
にまい|にまい|true
にまいじた|にまいじた|true
にまいめ|にまいめ|true
にむけて|にむけて|true
にも|にも|true
にもかかわらず|にもかかわらず|true
にもつ|にもつ|true
にもの|にもの|true
にも拘らず|にもかかわらず|true
にも拘わらず|にもかかわらず|false
にも関らず|にもかかわらず|false
にも関わらず|にもかかわらず|true
にゃあ|にゃー|false
にゃあご|にゃー|false
にゃお|にゃー|false
にゃー|にゃー|true
にやす|にやす|true
にやにや|ニヤニヤ|true
にゅういん|にゅういん|true
にゅうえん|にゅうえん|true
にゅうか|にゅうか|true
にゅうかい|にゅうかい|true
にゅうかく|にゅうかく|true
にゅうかんりょう|にゅうかんりょう|true
にゅうがく|にゅうがく|true
にゅうがくしけん|にゅうがくしけん|true
にゅうきょ|にゅうきょ|true
にゅうきん|にゅうきん|true
にゅうこう|にゅうこう|true
にゅうこく|にゅうこく|true
にゅうこくかんりきょく|にゅうこくかんりきょく|true
にゅうごく|にゅうこく|false
にゅうさつ|にゅうさつ|true
にゅうし|にゅうし|true
にゅうしつ|にゅうしつ|true
にゅうしゃ|にゅうしゃ|true
にゅうしゅ|にゅうしゅ|true
にゅうしょ|にゅうしょ|true
にゅうしょう|にゅうしょう|true
にゅうしょく|にゅうしょく|true
にゅうじ|にゅうじ|true
にゅうじょう|にゅうじょう|true
にゅうじょうけん|にゅうじょうけん|true
にゅうせいひん|にゅうせいひん|true
にゅうせき|にゅうせき|true
にゅうせん|にゅうせん|true
にゅうだん|にゅうだん|true
にゅうてん|にゅうてん|true
にゅうとう|にゅうとう|true
にゅうねん|にゅうねん|true
にゅうばい|つゆいり|true
にゅうぼう|ちぶさ|false
にゅうぼう|にょうぼう|false
にゅうまく|にゅうまく|true
にゅうもん|にゅうもん|true
にゅうようじ|にゅうようじ|true
にゅうよく|にゅうよく|true
にゅうりょく|にゅうりょく|true
にゅうわ|にゅうわ|true
にょう|にょう|true
にょうさん|にょうさん|true
にょうぼ|にょうぼう|false
にょうぼう|にょうぼう|true
にょおう|じょおう|false
にょしょう|じょせい|false
にょじつ|にょじつ|true
によって|によって|true
によってことなる|によってことなる|true
によって異なる|によってことなる|true
による|による|true
によると|によると|true
にらむ|にらむ|true
にりゅう|にりゅう|true
にりんしゃ|にりんしゃ|true
にる|にる|true
にるい|にるい|true
にるいしゅ|にるいしゅ|true
にるいだ|にるいだ|true
にわ|にわ|true
にわか|にわか|true
にわかに|にわかに|true
にわき|にわき|true
にわたって|にわたって|true
にわとり|にわとり|true
にわり|にわり|true
にん|じん|false
にん|にん|true
にんい|にんい|true
にんか|にんか|true
にんき|にんき|true
にんきのある|にんきのある|true
にんきもの|にんきもの|true
にんぎょう|にんぎょう|true
にんげん|にんげん|true
にんげんかんけい|にんげんかんけい|true
にんげんこくほう|にんげんこくほう|true
にんげんせい|にんげんせい|true
にんげんぞう|にんげんぞう|true
にんげんてき|にんげんてき|true
にんげんドック|にんげんドック|true
にんさんぷ|にんさんぷ|true
にんしき|にんしき|true
にんしょう|にんしょう|true
にんしん|にんしん|true
にんじゃ|にんじゃ|true
にんじゅ|にんずう|false
にんじょう|にんじょう|true
にんじん|にんじん|true
にんず|にんずう|false
にんずう|にんずう|true
にんせん|じんせん|false
にんそう|にんそう|true
にんたい|にんたい|true
にんち|にんち|true
にんちしょう|にんちしょう|true
にんてい|にんてい|true
にんどう|じんどう|false
にんにく|にんにく|true
にんぷ|にんぷ|true
にんまえ|にんまえ|true
にんむ|にんむ|true
にんめい|にんめい|true
に亘って|にわたって|false
に依って|によって|false
に依る|による|true
に依ると|によると|false
に加えて|にくわえて|true
に取って|にとって|true
に向けて|にむけて|true
に因って|によって|false
に因る|による|false
に対して|にたいして|true
に対する|にたいする|true
に對して|にたいして|false
に對する|にたいする|false
に就いて|について|false
に就て|について|false
に当たっては|にあたっては|true
に従って|にしたがって|true
に拠る|による|false
に於いて|において|false
に於ける|における|false
に於て|において|false
に渡って|にわたって|true
に関しちゃ|にかんして|false
に関して|にかんして|true
に限って|にかぎって|true
に際して|にさいして|true
ぬいめ|ぬいめ|true
ぬう|ぬう|true
ぬかす|ぬかす|true
ぬかる|ぬかる|true
ぬき|ぬき|true
ぬきとおす|つらぬきとおす|false
ぬく|ぬく|true
ぬくまる|あたたまる|false
ぬくもり|ぬくもり|true
ぬぐ|ぬぐ|true
ぬぐう|ぬぐう|true
ぬけだす|ぬけだす|true
ぬける|ぬける|true
ぬけ出す|ぬけだす|false
ぬし|ぬし|true
ぬすみ|ぬすみ|true
ぬすむ|ぬすむ|true
ぬの|ぬの|true
ぬのじ|ぬのじ|true
ぬま|ぬま|true
ぬまた|ぬまた|true
ぬまだ|ぬまた|false
ぬまち|ぬまち|true
ぬめり|ぬめり|true
ぬらす|ぬらす|true
ぬりかえる|ぬりかえる|true
ぬる|ぬる|true
ぬるい|ぬるい|true
ぬるぬる|ヌルヌル|true
ぬれる|ぬれる|true
ね|ね|true
ねあがり|ねあがり|true
ねあげ|ねあげ|true
ねいき|ねいき|true
ねいろ|ねいろ|true
ねうち|ねうち|true
ねぇ|ね|false
ねえ|ね|false
ねえさん|ねえさん|true
ねかす|ねかす|true
ねかせる|ねかせる|true
ねがい|ねがい|true
ねがう|ねがう|true
ねがえり|ねがえり|true
ねがえる|ねがえる|true
ねがお|ねがお|true
ねがわくは|ねがわくは|true
ねぎ|ねぎ|true
ねぎる|ねぎる|true
ねぐるしい|ねぐるしい|true
ねこ|ねこ|true
ねこじた|ねこじた|true
ねこぜ|ねこぜ|true
ねころぶ|ねころぶ|true
ねごと|ねごと|true
ねさがり|ねさがり|true
ねさげ|ねさげ|true
ねざす|ねざす|true
ねじ|ネジ|false
ねすごす|ねすごす|true
ねずみ|ネズミ|true
ねぞう|ねぞう|true
ねた|ねた|true
ねたむ|ねたむ|true
ねだい|しんだい|false
ねだる|ねだる|true
ねだん|ねだん|true
ねっき|ねっき|true
ねっきょう|ねっきょう|true
ねっこ|ねっこ|true
ねっしん|ねっしん|true
ねっする|ねっする|true
ねっせん|ねっせん|true
ねったい|ねったい|true
ねったいぎょ|ねったいぎょ|true
ねっちゅう|ねっちゅう|true
ねっとう|ねっとう|true
ねつ|ねつ|true
ねつい|ねつい|true
ねつく|ねつく|true
ねつぞう|ねつぞう|true
ねつびょう|ねつびょう|true
ねつべん|ねつべん|true
ねつれつ|ねつれつ|true
ねつ造|ねつぞう|false
ねづよい|ねづよい|true
ねとぼける|ねぼける|false
ねとまり|ねとまり|true
ねどこ|ねどこ|true
ねばつち|ねんど|false
ねばならない|なければならない|false
ねばならぬ|なければならない|false
ねばなりません|なければならない|false
ねばねば|ねばねば|true
ねばり|ねばり|true
ねばりづよい|ねばりづよい|true
ねばり強い|ねばりづよい|false
ねばる|ねばる|true
ねびえ|ねびえ|true
ねびき|ねびき|true
ねぶそく|ねぶそく|true
ねぶたい|ねむたい|false
ねぶり|ねむり|false
ねぶる|ねむる|false
ねほりはほり|ねほりはほり|true
ねぼう|ねぼう|true
ねぼける|ねぼける|true
ねまき|ねまき|true
ねまわし|ねまわし|true
ねむい|ねむい|true
ねむけ|ねむけ|true
ねむたい|ねむたい|true
ねむり|ねむり|true
ねむる|ねむる|true
ねらい|ねらい|true
ねらう|ねらう|true
ねり|ねり|true
ねる|ねる|true
ねん|ねん|true
ねんいり|ねんいり|true
ねんかい|ねんかい|true
ねんかん|ねんかん|true
ねんが|ねんが|true
ねんがく|ねんがく|true
ねんがじょう|ねんがじょう|true
ねんがっぴ|ねんがっぴ|true
ねんがん|ねんがん|true
ねんきん|ねんきん|true
ねんげつ|としつき|true
ねんこう|ねんこう|true
ねんこうじょれつ|ねんこうじょれつ|true
ねんご|ねんご|true
ねんごう|ねんごう|true
ねんさん|ねんさん|true
ねんざ|ねんざ|true
ねんし|ねんし|true
ねんしゅう|ねんしゅう|true
ねんしょ|ねんしょ|true
ねんしょう|ねんしょう|true
ねんじ|ねんじ|true
ねんじゅう|ねんじゅう|true
ねんじゅうむきゅう|ねんじゅうむきゅう|true
ねんすう|ねんすう|true
ねんせい|ねんせい|true
ねんだい|ねんだい|true
ねんちゃく|ねんちゃく|true
ねんちゅう|ねんじゅう|false
ねんちょう|ねんちょう|true
ねんぢゅう|ねんじゅう|false
ねんとう|ねんとう|true
ねんど|ねんど|true
ねんない|ねんない|true
ねんねん|ねんねん|true
ねんのため|ねんのため|true
ねんぱい|ねんぱい|true
ねんぴ|ねんぴ|true
ねんぴょう|ねんぴょう|true
ねんぶつ|ねんぶつ|true
ねんぷ|ねんぷ|true
ねんぽう|ねんぽう|true
ねんまく|ねんまく|true
ねんまつ|ねんまつ|true
ねんらい|ねんらい|true
ねんりき|ねんりき|true
ねんりつ|ねんりつ|true
ねんりょう|ねんりょう|true
ねんりん|ねんりん|true
ねんれい|ねんれい|true
ねんれいそう|ねんれいそう|true
ねー|ね|false
の|の|true
のう|のう|true
のうえん|のうえん|true
のうか|のうか|true
のうかんき|のうかんき|true
のうがく|のうがく|true
のうがくぶ|のうがくぶ|true
のうきょう|のうきょう|true
のうきん|のうきん|true
のうぎょう|のうぎょう|true
のうぎょうきょうどうくみあい|のうぎょうきょうどうくみあい|true
のうこう|のうこう|true
のうこん|のうこん|true
のうさぎょう|のうさぎょう|true
のうさくぶつ|のうさくぶつ|true
のうさくもつ|のうさくぶつ|false
のうさん|のうさん|true
のうさんぶつ|のうさんぶつ|true
のうし|のうし|true
のうしゅく|のうしゅく|true
のうしゅっけつ|のうしゅっけつ|true
のうしょう|のうしょう|true
のうじょう|のうじょう|true
のうせい|のうせい|true
のうぜい|のうぜい|true
のうそっちゅう|のうそっちゅう|true
のうそん|のうそん|true
のうたん|のうたん|true
のうち|のうち|true
のうちかいかく|のうちかいかく|true
のうど|のうど|true
のうどう|のうどう|true
のうどうてき|のうどうてき|true
のうにゅう|のうにゅう|true
のうは|のうは|true
のうふ|のうふ|true
のうほう|のうほう|true
のうみん|のうみん|true
のうむ|のうむ|true
のうめん|のうめん|true
のうやく|のうやく|true
のうり|のうり|true
のうりつ|のうりつ|true
のうりょく|のうりょく|true
のうりん|のうりん|true
のうれん|のれん|false
のがす|のがす|true
のがれる|のがれる|true
のき|のき|true
のきさき|のきさき|true
のきなみ|のきなみ|true
のく|どく|true
のける|のける|true
のこぎり|のこぎり|true
のこす|のこす|true
のこったぶん|のこったぶん|true
のこらず|のこらず|true
のこり|のこり|true
のこる|のこる|true
のし|のし|true
のずえ|のずえ|true
のせる|のせる|true
のぞいて|のぞいて|true
のぞく|のぞく|true
のぞましい|のぞましい|true
のぞみ|のぞみ|true
のぞむ|のぞむ|true
のたびに|のたびに|true
のたんびに|のたびに|false
のだ|のだ|true
のち|のち|true
のちのち|のちのち|true
のっとり|のっとり|true
のっとる|のっとる|true
ので|ので|true
のです|のです|true
のど|のど|true
のどか|のどか|true
のなか|のなか|true
のに|のに|true
ののしる|ののしる|true
のはら|のはら|true
のばす|のばす|true
のばなし|のばなし|true
のび|のび|true
のびなやむ|のびなやむ|true
のびのび|のびのび|true
のびやか|のびやか|true
のびりつ|のびりつ|true
のびる|のびる|true
のべ|のべ|true
のべる|のべる|true
のぼせる|のぼせる|true
のぼり|のぼり|true
のぼりおり|のぼりくだり|false
のぼりくだり|のぼりくだり|true
のぼりざか|のぼりざか|true
のぼり坂|のぼりざか|false
のぼる|のぼる|true
のみ|のみ|true
のみかい|のみかい|true
のみこむ|のみこむ|true
のみと|のど|false
のみど|のど|false
のみみず|のみみず|true
のみもの|のみもの|true
のみ込む|のみこむ|false
のむ|のむ|true
のやま|のやま|true
のり|のり|true
のりおくれる|のりおくれる|true
のりおり|のりおり|true
のりかえ|のりかえ|true
のりかえる|のりかえる|true
のりき|のりき|true
のりきる|のりきる|true
のりくみいん|のりくみいん|true
のりこえる|のりこえる|true
のりこし|のりこし|true
のりこす|のりこす|true
のりこむ|のりこむ|true
のりだす|のりだす|true
のりば|のりば|true
のりまわす|のりまわす|true
のりもの|のりもの|true
のり出す|のりだす|false
のり気|のりき|false
のり込む|のりこむ|false
のる|のる|true
のれん|のれん|true
のろい|のろい|true
のろう|のろう|true
のろのろ|のろのろ|true
のろま|のろま|true
のんき|のんき|true
のんど|のど|false
のんびり|のんびり|true
のんれん|のれん|false
のん気|のんき|false
の度に|のたびに|true
は|は|true
は|はね|false
はあく|はあく|true
はい|はい|true
はいあん|はいあん|true
はいいろ|はいいろ|true
はいいん|はいいん|true
はいえん|はいえん|true
はいかん|はいかん|true
はいき|はいき|true
はいきぶつ|はいきぶつ|true
はいきゅう|はいきゅう|true
はいきょ|はいきょ|true
はいきガス|はいきガス|true
はいぎょう|はいぎょう|true
はいく|はいく|true
はいぐうしゃ|はいぐうしゃ|true
はいけい|はいけい|true
はいけっかく|はいけっかく|true
はいけん|はいけん|true
はいこう|はいこう|true
はいご|はいご|true
はいごう|はいごう|true
はいざい|はいざい|true
はいざら|はいざら|true
はいし|はいし|true
はいしゃ|はいしゃ|true
はいしゃく|はいしゃく|true
はいしゅつ|はいしゅつ|true
はいしん|はいしん|true
はいじょ|はいじょ|true
はいじん|はいじん|true
はいすい|はいすい|true
はいせき|はいせき|true
はいせん|はいせん|true
はいぜつ|はいぜつ|true
はいそ|はいそ|true
はいそう|はいそう|true
はいそうさき|はいそうさき|true
はいぞく|はいぞく|true
はいた|はいた|true
はいたい|はいたい|true
はいたしゅぎ|はいたしゅぎ|true
はいたつ|はいたつ|true
はいだつ|はいたつ|false
はいち|はいち|true
はいでん|はいでん|true
はいとう|はいとう|true
はいにち|はいにち|true
はいにん|はいにん|true
はいび|はいび|true
はいふ|はいふ|true
はいぶん|はいぶん|true
はいほん|はいほん|true
はいぼく|はいぼく|true
はいやく|はいやく|true
はいゆう|はいゆう|true
はいりくち|いりぐち|false
はいりぐち|いりぐち|false
はいりこむ|はいりこむ|true
はいりょ|はいりょ|true
はいる|はいる|true
はいれつ|はいれつ|true
はう|はう|true
はえ|はえ|true
はえぬき|はえぬき|true
はえる|はえる|true
はえー|はやい|false
はおり|はおり|true
はか|はか|true
はかあな|ぼけつ|false
はかい|はかい|true
はかいし|ぼせき|false
はかく|はかく|true
はかせ|はかせ|true
はかた|はかた|true
はかち|ぼち|false
はかどる|はかどる|true
はかない|はかない|true
はかま|はかま|true
はかまいり|はかまいり|true
はかり|はかり|true
はかりしれない|はかりしれない|true
はかり知れない|はかりしれない|false
はかる|はかる|true
はがき|はがき|true
はがす|はがす|true
はがね|はがね|true
はがゆい|はがゆい|true
はがれる|はがれる|true
はき|はき|true
はきけ|はきけ|true
はきげ|はきけ|false
はきだす|はきだす|true
はきふるし|はきふるし|true
はきもの|はきもの|true
はきゅう|はきゅう|true
はきょく|はきょく|true
はき出す|はきだす|false
はき物|はきもの|false
はぎ|すね|false
はぎ|はぎ|true
はぎれ|はぎれ|true
はく|はく|true
はく|ひゃく|false
はくあい|はくあい|true
はくい|はくい|true
はくえ|はくい|false
はくがい|はくがい|true
はくがく|はくがく|true
はくげき|はくげき|true
はくげきほう|はくげきほう|true
はくさい|はくさい|true
はくし|はくし|true
はくしゃ|はくしゃ|true
はくしゃく|はくしゃく|true
はくしゅ|はくしゅ|true
はくしょ|はくしょ|true
はくしょく|しろいろ|false
はくじゃく|はくじゃく|true
はくじょう|はくじょう|true
はくじん|はくじん|true
はくせん|はくせん|true
はくちゅう|はくちゅう|true
はくちょう|はくちょう|true
はくないしょう|はくないしょう|true
はくねつ|はくねつ|true
はくはつ|しらが|true
はくば|はくば|true
はくふ|おじ|false
はくぶつ|はくぶつ|true
はくぶつかん|はくぶつかん|true
はくぼ|おば|false
はくまい|はくまい|true
はくらい|はくらい|true
はくらんかい|はくらんかい|true
はくりょく|はくりょく|true
はぐ|はぐ|true
はぐくむ|はぐくむ|true
はぐるま|はぐるま|true
はぐれる|はぐれる|true
はけん|はけん|true
はげ|はげ|true
はげしい|はげしい|true
はげまし|はげまし|true
はげます|はげます|true
はげみ|はげみ|true
はげむ|はげむ|true
はげる|はげる|true
はこ|はこ|true
はこび|はこび|true
はこぶ|はこぶ|true
はごたえ|はごたえ|true
はごろも|はごろも|true
はさき|はさき|true
はさま|はざま|false
はさまる|はさまる|true
はさみ|はさみ|true
はさみうち|はさみうち|true
はさむ|はさむ|true
はさん|はさん|true
はざま|はざま|true
はし|くちばし|false
はし|はし|true
はしご|はしご|true
はしたない|はしたない|true
はしゃ|はしゃ|true
はしゃぐ|はしゃぐ|true
はしゅ|とって|false
はしゅつしょ|はしゅつじょ|false
はしゅつじょ|はしゅつじょ|true
はしら|はしら|true
はしり|はしり|true
はしりがき|はしりがき|true
はしりたかとび|はしりたかとび|true
はしりだす|はしりだす|true
はしりはばとび|はしりはばとび|true
はしりまわる|はしりまわる|true
はしる|はしる|true
はしわたし|はしわたし|true
はじ|はし|false
はじ|はじ|true
はじく|はじく|true
はじさらし|はじさらし|true
はじしらず|はじしらず|true
はじまり|はじまり|true
はじまる|はじまる|true
はじめ|はじめ|true
はじめて|はじめて|true
はじめに|はじめに|true
はじめまして|はじめまして|true
はじめる|はじめる|true
はじらう|はじらう|true
はじる|はじる|true
はす|はす|true
はず|はず|true
はずかしい|はずかしい|true
はずす|はずす|true
はずみ|はずみ|true
はずむ|はずむ|true
はずれ|はずれ|true
はずれる|はずれる|true
はせい|はせい|true
はそん|はそん|true
はた|たこ|false
はた|にじゅう|false
はた|はた|true
はた|はたけ|false
はたあげ|はたあげ|true
はたいろ|はたいろ|true
はたき|はたき|true
はたけ|はたけ|true
はたして|はたして|true
はたじるし|はたじるし|true
はたす|はたす|true
はたち|はたち|true
はたらかせる|はたらかせる|true
はたらき|はたらき|true
はたらきかける|はたらきかける|true
はたらきぐち|はたらきぐち|true
はたらきざかり|はたらきざかり|true
はたらきて|はたらきて|true
はたらきもの|はたらきもの|true
はたらく|はたらく|true
はたん|はたん|true
はだ|はだ|true
はだいろ|はだいろ|true
はだえ|はだ|false
はだか|はだか|true
はだぎ|はだぎ|true
はだぎぬ|はだぎ|false
はださむい|はださむい|true
はだざむい|はださむい|false
はだざわり|はだざわり|true
はだし|はだし|true
はだ色|はだいろ|false
はだ触り|はだざわり|false
はち|はち|true
はちうえ|はちうえ|true
はちがつ|はちがつ|true
はちじゅう|はちじゅう|true
はちす|はす|false
はちぶおんぷ|はちぶおんぷ|true
はちまき|はちまき|true
はちまん|はちまん|true
はちみつ|はちみつ|true
はちゅうるい|はちゅうるい|true
はちょう|はちょう|true
はち蜜|はちみつ|false
はっか|はっか|true
はっかく|はっかく|true
はっかん|はっかん|true
はっき|はっき|true
はっきゅう|はっきゅう|true
はっきり|はっきり|true
はっきん|はっきん|true
はっくつ|はっくつ|true
はっけっきゅう|はっけっきゅう|true
はっけつびょう|はっけつびょう|true
はっけん|はっけん|true
はっこう|はっこう|true
はっこつ|はっこつ|true
はっさん|はっさん|true
はっしゃ|はっしゃ|true
はっしょう|はっしょう|true
はっしょうち|はっしょうち|true
はっしん|はっしん|true
はっする|はっする|true
はっせい|はっせい|true
はっそう|はっそう|true
はっそく|ほっそく|false
はったつ|はったつ|true
はっちゃく|はっちゃく|true
はっちゅう|はっちゅう|true
はっちょう|はっちょう|true
はってん|はってん|true
はってんとじょうこく|はってんとじょうこく|true
はっぱ|はっぱ|true
はっぴょう|はっぴょう|true
はっぴょうかい|はっぴょうかい|true
はっぽう|はっぽう|true
はっぽうスチロール|はっぽうスチロール|true
はっやい|はやい|false
はっやーい|はやい|false
はっ着|はっちゃく|false
はっ酵|はっこう|false
はつ|はつ|true
はつあん|はつあん|true
はついく|はついく|true
はつうり|はつうり|true
はつえん|はつえん|true
はつえんとう|はつえんとう|true
はつおん|はつおん|true
はつか|はつか|true
はつが|はつが|true
はつげん|はつげん|true
はつげんけん|はつげんけん|true
はつこい|はつこい|true
はつたいめん|しょたいめん|false
はつちょうせん|はつちょうせん|true
はつでん|はつでん|true
はつでんき|はつでんき|true
はつでんしょ|はつでんしょ|true
はつどう|はつどう|true
はつなつ|しょか|false
はつねつ|はつねつ|true
はつばい|はつばい|true
はつばしょ|はつばしょ|true
はつびょう|はつびょう|true
はつぶたい|はつぶたい|true
はつみつ|はちみつ|false
はつめい|はつめい|true
はつもうで|はつもうで|true
はつゆき|はつゆき|true
はつゆめ|はつゆめ|true
はつれい|はつれい|true
はつ恋|はつこい|false
はて|はて|true
はてしない|はてしない|true
はてる|はてる|true
はで|はで|true
はと|はと|true
はとば|はとば|true
はどめ|はどめ|true
はな|はし|false
はな|はな|true
はないき|はないき|true
はながた|はながた|true
はながみ|はながみ|true
はながめ|かびん|false
はなさき|はなさき|true
はなざかり|はなざかり|true
はなし|はなし|true
はなしあい|はなしあい|true
はなしあう|はなしあう|true
はなしかける|はなしかける|true
はなしかた|はなしかた|true
はなしことば|はなしことば|true
はなしこむ|はなしこむ|true
はなしごえ|はなしごえ|true
はなじ|はなぢ|false
はなす|はなす|true
はなぞの|はなぞの|true
はなたば|はなたば|true
はなぢ|はなぢ|true
はなつ|はなつ|true
はなはだ|はなはだ|true
はなはだしい|はなはだしい|true
はなばなしい|はなばなしい|true
はなび|はなび|true
はなびたいかい|はなびたいかい|true
はなびら|はなびら|true
はなみ|はなみ|true
はなみず|はなみず|true
はなみち|はなみち|true
はなむこ|はなむこ|true
はなや|はなや|true
はなやか|はなやか|true
はなよめ|はなよめ|true
はなれる|はなれる|true
はなわ|はなわ|true
はな水|はなみず|false
はね|はね|true
はねあがる|はねあがる|true
はねる|はねる|true
はね上がる|はねあがる|false
はは|ぎぼ|false
はは|はは|true
ははおや|ははおや|true
ははかた|ははかた|true
ははこ|ぼし|false
はば|はば|true
はばつ|はばつ|true
はばひろい|はばひろい|true
はばむ|はばむ|true
はびこる|はびこる|true
はぶく|はぶく|true
はへい|はへい|true
はへん|はへん|true
はま|はま|true
はまき|はまき|true
はまべ|はまべ|true
はままつ|はままつ|true
はまる|ハマる|false
はみがき|はみがき|true
はみだす|はみだす|true
はみ出す|はみだす|true
はむかう|はむかう|true
はめ|はめ|true
はめつ|はめつ|true
はめる|はめる|true
はもの|はもの|true
はもん|はもん|true
はや|はや|true
はやい|はやい|true
はやおき|はやおき|true
はやく|はやく|true
はやくち|はやくち|true
はやぐち|はやくち|false
はやさ|はやさ|true
はやし|はやし|true
はやす|はやす|true
はやせ|はやせ|true
はやて|しっぷう|false
はやね|はやね|true
はやばや|はやばや|true
はやびけ|はやびけ|true
はやぶさ|はやぶさ|true
はやまる|はやまる|true
はやめる|はやめる|true
はやる|はやる|true
はやーい|はやい|false
はら|はら|true
はらい|はらい|true
はらいこむ|はらいこむ|true
はらいた|ふくつう|false
はらいっぱい|はらいっぱい|true
はらいもどし|はらいもどし|true
はらいもどす|はらいもどす|true
はらう|はらう|true
はらから|どうほう|false
はらす|はらす|true
はらっぱ|はらっぱ|true
はらはら|ハラハラ|false
はらむ|はらむ|true
はらん|はらん|true
はらんばんじょう|はらんばんじょう|true
はり|はり|true
はりがね|はりがね|true
はりがみ|はりがみ|true
はりきる|はりきる|true
はりだす|はりだす|true
はりつける|はりつける|true
はり出す|はりだす|false
はり紙|はりがみ|false
はる|はる|true
はるあき|しゅんじゅう|false
はるか|はるか|true
はるさき|はるさき|true
はるばしょ|はるばしょ|true
はるやすみ|はるやすみ|true
はれ|はれ|true
はれつ|はれつ|true
はれる|はれる|true
はろう|はろう|true
はわたり|はわたり|true
はん|はん|true
はんい|はんい|true
はんえい|はんえい|true
はんおう|はんのう|false
はんかがい|はんかがい|true
はんかん|はんかん|true
はんかんはんみん|はんかんはんみん|true
はんが|はんが|true
はんがく|はんがく|true
はんき|はんき|true
はんきょう|はんきょう|true
はんぎゃく|はんぎゃく|true
はんけい|はんけい|true
はんけつ|はんけつ|true
はんけん|はんけん|true
はんげき|はんげき|true
はんげつ|はんつき|false
はんげん|はんげん|true
はんこ|はんこ|true
はんこう|はんこう|true
はんさよう|はんさよう|true
はんざい|はんざい|true
はんざいしゃ|はんざいしゃ|true
はんざつ|はんざつ|true
はんしゃ|はんしゃ|true
はんしゃてき|はんしゃてき|true
はんしゅ|はんしゅ|true
はんしゅう|はんしゅう|true
はんしゅつ|はんしゅつ|true
はんしょう|はんしょう|true
はんしょく|はんしょく|true
はんしん|はんしん|true
はんじ|はんじ|true
はんじつ|はんにち|false
はんじゅく|はんじゅく|true
はんじょう|はんじょう|true
はんすう|はんすう|true
はんする|はんする|true
はんせい|はんせい|true
はんせん|はんせん|true
はんそう|はんそう|true
はんそく|はんそく|true
はんそで|はんそで|true
はんたい|はんたい|true
はんたいがわ|はんたいがわ|true
はんたいせい|はんたいせい|true
はんだん|はんだん|true
はんちょう|はんちょう|true
はんつき|はんつき|true
はんてい|はんてい|true
はんてん|はんてん|true
はんとう|はんとう|true
はんとし|はんとし|true
はんどう|はんどう|true
はんどうたい|はんどうたい|true
はんにち|はんにち|true
はんにゅう|はんにゅう|true
はんにん|はんにん|true
はんね|はんね|true
はんねん|はんとし|true
はんのう|はんのう|true
はんはん|はんはん|true
はんばい|はんばい|true
はんばいいん|はんばいいん|true
はんぱ|はんぱ|true
はんぱつ|はんぱつ|true
はんぶん|はんぶん|true
はんぷ|はんぷ|true
はんぷく|はんぷく|true
はんべい|はんべい|true
はんめい|はんめい|true
はんめん|はんめん|true
はんも|はんも|true
はんもんてん|パンムンジョム|false
はんよう|はんよう|true
はんらく|はんらく|true
はんらん|はんらん|true
はんりょ|はんりょ|true
はんれい|はんれい|true
はんろ|はんろ|true
はんろん|はんろん|true
はん濫|はんらん|false
はブラシ|はブラシ|true
はーい|はい|false
はーーい|はい|false
は虫類|はちゅうるい|false
ば|ば|true
ば|わ|false
ばぁちゃん|ばあちゃん|false
ばあい|ばあい|true
ばあさん|ばあさん|true
ばあちゃん|ばあちゃん|true
ばい|ばい|true
ばいう|つゆ|true
ばいか|ばいか|true
ばいかい|ばいかい|true
ばいきゃく|ばいきゃく|true
ばいきん|ばいきん|true
ばいこくど|ばいこくど|true
ばいしゃく|ばいしゃく|true
ばいしゅう|ばいしゅう|true
ばいしゅん|ばいしゅん|true
ばいしゅんふ|ばいしゅんふ|true
ばいしょう|ばいしょう|true
ばいしょうきん|ばいしょうきん|true
ばいしん|ばいしん|true
ばいぞう|ばいぞう|true
ばいたい|ばいたい|true
ばいてん|ばいてん|true
ばいばい|ばいばい|true
ばいよう|ばいよう|true
ばいりつ|ばいりつ|true
ばい菌|ばいきん|true
ばか|ばか|true
ばからしい|ばからしい|true
ばかり|ばかり|true
ばかりか|ばかりか|true
ばく|はく|false
ばくおん|ばくおん|true
ばくが|ばくが|true
ばくげき|ばくげき|true
ばくしょう|ばくしょう|true
ばくぜん|ばくぜん|true
ばくだい|ばくだい|true
ばくだん|ばくだん|true
ばくちく|ばくちく|true
ばくは|ばくは|true
ばくはつ|ばくはつ|true
ばくふ|ばくふ|true
ばくまつ|ばくまつ|true
ばくやく|ばくやく|true
ばくりょう|ばくりょう|true
ばくろ|ばくろ|true
ばく大|ばくだい|false
ばく然|ばくぜん|false
ばけがく|かがく|false
ばけもの|ばけもの|true
ばけもん|ばけもの|false
ばける|ばける|true
ばけん|ばけん|true
ばしゃ|ばしゃ|true
ばしゅ|うまぬし|false
ばしょ|ばしょ|true
ばじゅつ|ばじゅつ|true
ばたばた|バタバタ|false
ばたん|バタン|false
ばち|ばち|true
ばちがい|ばちがい|true
ばっかり|ばかり|false
ばっきん|ばっきん|true
ばっくん|ばつぐん|false
ばっさい|ばっさい|true
ばっすい|ばっすい|true
ばっする|ばっする|true
ばっそく|ばっそく|true
ばってん|ばってん|true
ばっぽんてき|ばっぽんてき|true
ばつ|ばつ|true
ばつぐん|ばつぐん|true
ばてる|ばてる|true
ばぬし|うまぬし|false
ばね|ばね|true
ばば|そぼ|false
ばば|ばば|true
ばめん|ばめん|true
ばら|ばら|true
ばらいろ|バラいろ|true
ばらす|ばらす|true
ばらばら|バラバラ|false
ばらまく|ばらまく|true
ばら撒く|ばらまく|true
ばら色|バラいろ|false
ばら蒔く|ばらまく|false
ばり|にょう|false
ばり|ばり|true
ばりき|ばりき|true
ばりばり|ばりばり|true
ばれる|ばれる|true
ばん|はん|false
ばん|ばん|true
ばんいち|まんいち|false
ばんいつ|まんいち|false
ばんぐみ|ばんぐみ|true
ばんけん|ばんけん|true
ばんこう|ばんこう|true
ばんこく|ばんこく|true
ばんこん|ばんこん|true
ばんごう|ばんごう|true
ばんごはん|ばんごはん|true
ばんざい|ばんざい|true
ばんしゃく|ばんしゃく|true
ばんじ|ばんじ|true
ばんじん|ばんにん|true
ばんぜん|ばんぜん|true
ばんそう|ばんそう|true
ばんち|ばんち|true
ばんづけ|ばんづけ|true
ばんて|ばんて|true
ばんにん|ばんにん|true
ばんねん|ばんねん|true
ばんのう|ばんのう|true
ばんめ|ばんめ|true
ばんゆう|ばんゆう|true
ばんり|ばんり|true
ばんりょ|はんりょ|false
ばーさん|ばあさん|false
ばーちゃん|ばあちゃん|false
ぱ|わ|false
ぱあ|パー|false
ぱかん|ぽかん|false
ぱさぱさ|パサパサ|false
ぱちぱち|パチパチ|false
ぱちんこ|パチンコ|false
ぱっと|パッと|true
ぱらぱら|ぱらぱら|true
ぱらぱら|パラパラ|false
ぱー|パー|false
ひ|いしぶみ|false
ひ|ひ|true
ひ|ひと|false
ひあい|ひあい|true
ひあたり|ひあたり|true
ひい|ひと|false
ひいき|ひいき|true
ひいでる|ひいでる|true
ひえ|ひえ|true
ひえこむ|ひえこむ|true
ひえしょう|ひえしょう|true
ひえる|ひえる|true
ひかえ|ひかえ|true
ひかえしつ|ひかえしつ|true
ひかえめ|ひかえめ|true
ひかえる|ひかえる|true
ひかえ目|ひかえめ|false
ひかく|ひかく|true
ひかくてき|ひかくてき|true
ひかげ|ひかげ|true
ひかず|にっすう|false
ひかり|ひかり|true
ひかりかがやく|ひかりかがやく|true
ひかる|ひかる|true
ひかれる|ひかれる|true
ひかん|ひかん|true
ひかんてき|ひかんてき|true
ひがい|ひがい|true
ひがいしゃ|ひがいしゃ|true
ひがえり|ひがえり|true
ひがさ|ひがさ|true
ひがし|ひがし|true
ひがしかた|とうほう|false
ひがしがた|とうほう|false
ひがしがわ|ひがしがわ|true
ひがしきた|とうほく|false
ひがしぐち|ひがしぐち|true
ひがしにし|とうざい|false
ひがしみなみ|とうなん|false
ひがた|ひがた|true
ひがみ|ひがみ|true
ひがむ|ひがむ|true
ひがわり|ひがわり|true
ひがん|ひがん|true
ひき|ひき|true
ひきあい|ひきあい|true
ひきあげ|ひきあげ|true
ひきあげしゃ|ひきあげしゃ|true
ひきあげる|ひきあげる|true
ひきいる|ひきいる|true
ひきうけ|ひきうけ|true
ひきうける|ひきうける|true
ひきおこす|ひきおこす|true
ひきかえ|ひきかえ|true
ひきかえす|ひきかえす|true
ひきがね|ひきがね|true
ひきこもり|ひきこもり|true
ひきさく|ひきさく|true
ひきさげ|ひきさげ|true
ひきさげる|ひきさげる|true
ひきざん|ひきざん|true
ひきしまる|ひきしまる|true
ひきしめ|ひきしめ|true
ひきしめる|ひきしめる|true
ひきずる|ひきずる|true
ひきだし|ひきだし|true
ひきだす|ひきだす|true
ひきつぎ|ひきつぎ|true
ひきつぐ|ひきつぐ|true
ひきつける|ひきつける|true
ひきつづき|ひきつづき|true
ひきつる|ひきつる|true
ひきとめる|ひきとめる|true
ひきとり|ひきとり|true
ひきとる|ひきとる|true
ひきどき|ひきどき|true
ひきにく|ひきにく|true
ひきぬく|ひきぬく|true
ひきのばし|ひきのばし|true
ひきのばす|ひきのばす|true
ひきはなす|ひきはなす|true
ひきもどす|ひきもどす|true
ひきゅう|ひきゅう|true
ひきょう|ひきょう|true
ひきわけ|ひきわけ|true
ひきわたし|ひきわたし|true
ひきわたす|ひきわたす|true
ひき上げる|ひきあげる|false
ひき付ける|ひきつける|false
ひき止める|ひきとめる|false
ひき留める|ひきとめる|false
ひき算|ひきざん|false
ひき肉|ひきにく|false
ひき起こす|ひきおこす|false
ひき起す|ひきおこす|false
ひぎしゃ|ひぎしゃ|true
ひく|ひく|true
ひくい|ひくい|true
ひくつ|ひくつ|true
ひくめる|ひくめる|true
ひぐち|ひぐち|true
ひぐれ|ひぐれ|true
ひけつ|ひけつ|true
ひけめ|ひけめ|true
ひけ目|ひけめ|false
ひげ|ひげ|true
ひげき|ひげき|true
ひこう|ひこう|true
ひこうかい|ひこうかい|true
ひこうき|ひこうき|true
ひこうし|ひこうし|true
ひこうしき|ひこうしき|true
ひこうじょう|ひこうじょう|true
ひこうせん|ひこうせん|true
ひこく|ひこく|true
ひこくにん|ひこくにん|true
ひごうほう|ひごうほう|true
ひごろ|ひごろ|true
ひさい|ひさい|true
ひさいしゃ|ひさいしゃ|true
ひさしい|ひさしい|true
ひさしぶり|ひさしぶり|true
ひさびさ|ひさびさ|true
ひさん|ひさん|true
ひざ|ひざ|true
ひざし|ひざし|true
ひざまずく|ひざまずく|true
ひざまづく|ひざまずく|false
ひし|あれこれ|false
ひしひし|ひしひし|true
ひしゃ|ひしゃ|true
ひしゃたい|ひしゃたい|true
ひしょ|ひしょ|true
ひじ|ひじ|true
ひじゅう|ひじゅう|true
ひじゅん|ひじゅん|true
ひじょう|ひじょう|true
ひじょうきん|ひじょうきん|true
ひじょうぐち|ひじょうぐち|true
ひじょうしき|ひじょうしき|true
ひじょうに|ひじょうに|true
ひそう|ひそう|true
ひそか|ひそか|true
ひそひそ|ヒソヒソ|true
ひそむ|ひそむ|true
ひたい|ひたい|true
ひたす|ひたす|true
ひたすら|ひたすら|true
ひたる|ひたる|true
ひたん|ひたん|true
ひだい|ひだい|true
ひだね|ひだね|true
ひだり|ひだり|true
ひだりあし|ひだりあし|true
ひだりうえ|ひだりうえ|true
ひだりうで|さわん|false
ひだりがわ|ひだりがわ|true
ひだりきき|ひだりきき|true
ひだりっかわ|ひだりがわ|false
ひだりて|ひだりて|true
ひだりまえ|ひだりまえ|true
ひち|しち|false
ひっかかる|ひっかかる|true
ひっかける|ひっかける|true
ひっき|ひっき|true
ひっきしけん|ひっきしけん|true
ひっきようぐ|ひっきようぐ|true
ひっくい|ひくい|false
ひっくりかえる|ひっくりかえる|true
ひっくりがえる|ひっくりかえる|false
ひっくり返る|ひっくりかえる|true
ひっけい|ひっけい|true
ひっけん|ひっけん|true
ひっこし|ひっこし|true
ひっこす|ひっこす|true
ひっこむ|ひっこむ|true
ひっし|ひっし|true
ひっしになって|ひっしになって|true
ひっしゃ|ひっしゃ|true
ひっしゅ|ひっす|false
ひっしゅう|ひっしゅう|true
ひっしょう|ひっしょう|true
ひっす|ひっす|true
ひっすう|ひっす|false
ひっすじょうけん|ひっすじょうけん|true
ひっせき|ひっせき|true
ひっそり|ひっそり|true
ひっちゃく|ひっちゃく|true
ひっつく|ひっつく|true
ひってき|ひってき|true
ひっとう|ひっとう|true
ひっぱる|ひっぱる|true
ひっ越し|ひっこし|false
ひっ越す|ひっこす|false
ひつ|ふで|false
ひつう|ひつう|true
ひつぎ|かん|false
ひつけやく|ひつけやく|true
ひつじ|ひつじ|true
ひつじゅ|ひつじゅ|true
ひつじゅひん|ひつじゅひん|true
ひつじゅん|ひつじゅん|true
ひつぜん|ひつぜん|true
ひつぜんてき|ひつぜんてき|true
ひつどく|ひつどく|true
ひつにょうき|ひにょうき|false
ひつめい|ひつめい|true
ひつよう|ひつよう|true
ひつようせい|ひつようせい|true
ひづけ|ひづけ|true
ひてい|ひてい|true
ひてつきんぞく|ひてつきんぞく|true
ひでぇ|ひどい|false
ひでえ|ひどい|false
ひでんか|ひでんか|true
ひでー|ひどい|false
ひと|たにん|false
ひと|ひと|true
ひとあし|ひとあし|true
ひとあじちがう|ひとあじちがう|true
ひとあんしん|ひとあんしん|true
ひといき|ひといき|true
ひといちばい|ひといちばい|true
ひとえ|ひとえ|true
ひとかげ|ひとかげ|true
ひとがら|ひとがら|true
ひとくち|ひとくち|true
ひとこと|ひとこと|true
ひとごころ|じんしん|false
ひとごと|ひとごと|true
ひとごみ|ひとごみ|true
ひとごろし|ひとごろし|true
ひとさしゆび|ひとさしゆび|true
ひとさま|ひとさま|true
ひとしい|ひとしい|true
ひとしな|いっぴん|false
ひとじち|ひとじち|true
ひとすじ|ひとすじ|true
ひとすみ|いちぐう|false
ひとたち|ひとたち|true
ひとたび|いちど|false
ひとだかり|ひとだかり|true
ひとだんらく|いちだんらく|false
ひとちがい|ひとちがい|true
ひとつ|ひとつ|true
ひとつき|ひとつき|true
ひとつひとつ|ひとつひとつ|true
ひとづま|ひとづま|true
ひとで|ひとで|true
ひととおり|ひととおり|true
ひととき|ひととき|true
ひととし|いちねん|false
ひととせ|いちねん|false
ひとどおり|ひとどおり|true
ひとなか|ひとなか|true
ひとなみ|ひとなみ|true
ひとにぎり|ひとにぎり|true
ひとばん|ひとばん|true
ひとばんじゅう|ひとばんじゅう|true
ひとびと|ひとびと|true
ひとまえ|ひとまえ|true
ひとまく|ひとまく|true
ひとまず|ひとまず|true
ひとまわり|ひとまわり|true
ひとみ|ひとみ|true
ひとみしり|ひとみしり|true
ひとむかし|ひとむかし|true
ひとめ|ひとめ|true
ひとや|いちや|false
ひとやすみ|ひとやすみ|true
ひとよ|いちや|false
ひとり|ひとり|true
ひとりあるき|ひとりあるき|true
ひとりぐらし|ひとりぐらし|true
ひとりごと|ひとりごと|true
ひとりじめ|ひとりじめ|true
ひとりたび|ひとりたび|true
ひとりっこ|ひとりっこ|true
ひとりっ子|ひとりっこ|false
ひとりで|ひとりで|true
ひとりでに|ひとりでに|true
ひとりひとり|ひとりひとり|true
ひとりびとり|ひとりひとり|false
ひとりまえ|いちにんまえ|false
ひとりむすこ|ひとりむすこ|true
ひとりむすめ|ひとりむすめ|true
ひとり一人|ひとりひとり|false
ひとり占め|ひとりじめ|false
ひとり娘|ひとりむすめ|false
ひとり息子|ひとりむすこ|false
ひとり旅|ひとりたび|false
ひとり暮し|ひとりぐらし|false
ひとり暮らし|ひとりぐらし|false
ひとり歩き|ひとりあるき|true
ひとり言|ひとりごと|true
ひと事|ひとごと|false
ひと休み|ひとやすみ|false
ひと先ず|ひとまず|false
ひと口|ひとくち|false
ひと味ちがう|ひとあじちがう|false
ひと味違う|ひとあじちがう|false
ひと回り|ひとまわり|false
ひと安心|ひとあんしん|false
ひと幕|ひとまく|false
ひと度|いちど|false
ひと息|ひといき|false
ひと握り|ひとにぎり|false
ひと昔|ひとむかし|false
ひと時|ひととき|true
ひと晩|ひとばん|false
ひと晩中|ひとばんじゅう|false
ひと月|ひとつき|false
ひと条|ひとすじ|false
ひと段落|いちだんらく|false
ひと目|ひとめ|false
ひと筋|ひとすじ|false
ひと言|ひとこと|false
ひと足|ひとあし|false
ひと通り|ひととおり|false
ひどい|ひどい|true
ひどく|ひどく|true
ひどり|ひどり|true
ひな|ひな|true
ひなた|ひなた|true
ひなまつり|ひなまつり|true
ひなん|ひなん|true
ひなんみん|ひなんみん|true
ひな祭|ひなまつり|false
ひな祭り|ひなまつり|true
ひにく|ひにく|true
ひにち|ひにち|true
ひにひに|ひにひに|true
ひにょうき|ひにょうき|true
ひにん|ひにん|true
ひねる|ひねる|true
ひのいり|ひのいり|true
ひのえ|へい|false
ひので|ひので|true
ひのまる|ひのまる|true
ひのめ|ひのめ|true
ひはん|ひはん|true
ひはんてき|ひはんてき|true
ひばく|ひばく|true
ひばち|ひばち|true
ひばな|ひばな|true
ひばり|ひばり|true
ひひょう|ひひょう|true
ひび|ひび|true
ひびき|ひびき|true
ひびく|ひびく|true
ひふ|ひふ|true
ひふか|ひふか|true
ひふく|ひふく|true
ひふびょう|ひふびょう|true
ひぶん|ひぶん|true
ひへい|ひへい|true
ひほけんしゃ|ひほけんしゃ|true
ひぼう|ひぼう|true
ひま|ひま|true
ひまがない|ひまがない|true
ひましに|ひましに|true
ひまつぶし|ひまつぶし|true
ひまん|ひまん|true
ひみつ|ひみつ|true
ひむかし|ひがし|false
ひめ|ひめ|true
ひめい|ひめい|true
ひめぎみ|ひめぎみ|true
ひめる|ひめる|true
ひめん|ひめん|true
ひも|ひも|true
ひゃく|ひゃく|true
ひゃくえんショップ|ひゃくえんショップ|true
ひゃくおく|ひゃくおく|true
ひゃくしょう|ひゃくしょう|true
ひゃくじゅうきゅうばん|ひゃくじゅうきゅうばん|true
ひゃくとおばん|ひゃくとおばん|true
ひゃくはちじゅうど|ひゃくはちじゅうど|true
ひゃくまん|ひゃくまん|true
ひゃっかじてん|ひゃっかじてん|true
ひゃっかてん|ひゃっかてん|true
ひゃっきん|ひゃっきん|true
ひや|ひや|true
ひやあせ|ひやあせ|true
ひやかす|ひやかす|true
ひやく|ひやく|true
ひやけ|ひやけ|true
ひやけどめ|ひやけどめ|true
ひやす|ひやす|true
ひややか|ひややか|true
ひゆ|ひゆ|true
ひょう|たわら|false
ひょう|ひょう|true
ひょうか|ひょうか|true
ひょうが|ひょうが|true
ひょうき|ひょうき|true
ひょうぎ|ひょうぎ|true
ひょうぎいん|ひょうぎいん|true
ひょうけいさん|ひょうけいさん|true
ひょうけつ|ひょうけつ|true
ひょうげん|ひょうげん|true
ひょうこう|ひょうこう|true
ひょうご|ひょうご|true
ひょうさつ|ひょうさつ|true
ひょうざん|ひょうざん|true
ひょうし|ひょうし|true
ひょうしき|ひょうしき|true
ひょうしょう|ひょうしょう|true
ひょうしょうじょう|ひょうしょうじょう|true
ひょうじ|ひょうじ|true
ひょうじゅん|ひょうじゅん|true
ひょうじゅんご|ひょうじゅんご|true
ひょうじゅんてき|ひょうじゅんてき|true
ひょうじょう|ひょうじょう|true
ひょうする|ひょうする|true
ひょうだい|ひょうだい|true
ひょうちゃく|ひょうちゃく|true
ひょうてき|ひょうてき|true
ひょうてんか|ひょうてんか|true
ひょうでん|ひょうでん|true
ひょうはく|ひょうはく|true
ひょうはくざい|ひょうはくざい|true
ひょうばん|ひょうばん|true
ひょうほん|ひょうほん|true
ひょうめい|ひょうめい|true
ひょうめん|ひょうめん|true
ひょうり|ひょうり|true
ひょうりゅう|ひょうりゅう|true
ひょうろう|ひょうろう|true
ひょうろん|ひょうろん|true
ひょうろんか|ひょうろんか|true
ひょっとしたら|ひょっとしたら|true
ひょっとして|ひょっとして|true
ひょっとすると|ひょっとすると|true
ひよう|ひよう|true
ひよこ|ひよこ|true
ひよっこ|ひよこ|false
ひより|ひより|true
ひらおよぎ|ひらおよぎ|true
ひらがな|ひらがな|true
ひらき|ひらき|true
ひらきなおる|ひらきなおる|true
ひらく|ひらく|true
ひらける|ひらける|true
ひらたい|ひらたい|true
ひらち|へいち|false
ひらひら|ひらひら|true
ひらび|へいじつ|false
ひらまく|ひらまく|true
ひらめく|ひらめく|true
ひら仮名|ひらがな|false
ひりつ|ひりつ|true
ひりょう|ひりょう|true
ひる|ひる|true
ひるがえす|ひるがえす|true
ひるがえる|ひるがえる|true
ひるこ|えびす|false
ひるごはん|ひるごはん|true
ひるさがり|ひるさがり|true
ひるすぎ|ひるすぎ|true
ひるね|ひるね|true
ひるはん|ひるめし|false
ひるま|ひるま|true
ひるまえ|ひるまえ|true
ひるめし|ひるめし|true
ひるやすみ|ひるやすみ|true
ひれい|ひれい|true
ひれき|ひれき|true
ひれつ|ひれつ|true
ひれん|ひれん|true
ひろい|ひろい|true
ひろいもの|ひろいもの|true
ひろう|ひろう|true
ひろうえん|ひろうえん|true
ひろがり|ひろがり|true
ひろがる|ひろがる|true
ひろげる|ひろげる|true
ひろさ|ひろさ|true
ひろしま|ひろしま|true
ひろば|ひろば|true
ひろびろ|ひろびろ|true
ひろまり|ひろまり|true
ひろまる|ひろまる|true
ひろめく|ひらめく|false
ひろめる|ひろめる|true
ひわ|ひわ|true
ひん|ひん|true
ひんい|ひんい|true
ひんかく|ひんかく|true
ひんかく|ひんきゃく|false
ひんがし|ひがし|false
ひんきゃく|ひんきゃく|true
ひんけつ|ひんけつ|true
ひんこん|ひんこん|true
ひんし|ひんし|true
ひんしつ|ひんしつ|true
ひんしゅ|ひんしゅ|true
ひんじゃく|ひんじゃく|true
ひんせい|ひんせい|true
ひんそう|ひんそう|true
ひんど|ひんど|true
ひんぱつ|ひんぱつ|true
ひんぱん|ひんぱん|true
ひんぷ|ひんぷ|true
ひんめい|ひんめい|true
ひんもく|ひんもく|true
ひフか|ひふか|false
び|び|true
びいしき|びいしき|true
びか|びか|true
びかびか|ピカピカ|false
びがく|びがく|true
びくびく|びくびく|true
びこう|びこう|true
びさい|びさい|true
びしょう|びしょう|true
びしょぬれ|びしょぬれ|true
びしょびしょ|びしょびしょ|true
びしょ濡れ|びしょぬれ|true
びしん|びしん|true
びじゅつ|びじゅつ|true
びじゅつかん|びじゅつかん|true
びじゅつてん|びじゅつてん|true
びじょ|びじょ|true
びじれいく|びじれいく|true
びじん|びじん|true
びじん|みじん|false
びせいぶつ|びせいぶつ|true
びそく|はないき|false
びちく|びちく|true
びちょびちょ|びしょびしょ|false
びっくり|びっくり|true
びっしょり|びっしょり|true
びっしり|びっしり|true
びてん|びてん|true
びどう|びどう|true
びねつ|びねつ|true
びはく|びはく|true
びふう|そよかぜ|false
びぼう|びぼう|true
びぼうじん|みぼうじん|false
びみょう|びみょう|true
びゃくい|はくい|false
びゃくえ|はくい|false
びょう|びょう|true
びょういん|びょういん|true
びょうき|びょうき|true
びょうく|びょうく|true
びょうし|びょうし|true
びょうしつ|びょうしつ|true
びょうしゃ|びょうしゃ|true
びょうしょう|びょうしょう|true
びょうじゃく|びょうじゃく|true
びょうじょう|びょうじょう|true
びょうそく|びょうそく|true
びょうとう|びょうとう|true
びょうどう|びょうどう|true
びょうにん|びょうにん|true
びょうぶ|びょうぶ|true
びょうめい|びょうめい|true
びょうよみ|びょうよみ|true
びょうり|びょうり|true
びよう|びよう|true
びよういん|びよういん|true
びようし|びようし|true
びりびり|ビリビリ|true
びりょう|びりょう|true
びわ|びわ|true
びわこ|びわこ|true
びわ湖|びわこ|false
びん|びん|true
びんかん|びんかん|true
びんぎ|べんぎ|false
びんじょう|びんじょう|true
びんせん|びんせん|true
びんそく|びんそく|true
びんづめ|びんづめ|true
びんぼう|びんぼう|true
びんぼうにん|びんぼうにん|true
びんわん|びんわん|true
びん詰|びんづめ|false
びん詰め|びんづめ|false
ぴかぴか|ピカピカ|true
ぴたり|ぴったり|false
ぴっかぴか|ピカピカ|false
ぴったし|ぴったり|false
ぴったり|ぴったり|true
ぴょんぴょん|ぴょんぴょん|true
ぴりぴり|ぴりぴり|true
ぴんぴん|ぴんぴん|true
ぴーまん|ピーマン|false
ふ|に|false
ふ|ぬの|false
ふ|ふ|true
ふあん|ふあん|true
ふあんてい|ふあんてい|true
ふい|ふい|true
ふいに|ふいに|true
ふいんき|ふんいき|false
ふいん気|ふんいき|false
ふう|に|false
ふう|ふう|true
ふうう|ふうう|true
ふううん|ふううん|true
ふうかく|ふうかく|true
ふうき|ふうき|true
ふうけい|ふうけい|true
ふうさ|ふうさ|true
ふうし|ふうし|true
ふうしゃ|ふしゃ|false
ふうしゅう|ふうしゅう|true
ふうしょ|ふうしょ|true
ふうじて|ふうじて|true
ふうじゃ|かぜ|false
ふうじょう|ふぜい|false
ふうじる|ふうじる|true
ふうせん|ふうせん|true
ふうそく|ふうそく|true
ふうぞく|ふうぞく|true
ふうたろう|プータロー|false
ふうちょう|ふうちょう|true
ふうとう|ふうとう|true
ふうど|ふうど|true
ふうふ|ふうふ|true
ふうぶつし|ふうぶつし|true
ふうみ|ふうみ|true
ふうりゅう|ふうりゅう|true
ふうりょく|ふうりょく|true
ふうりん|ふうりん|true
ふうわり|ふわり|false
ふうん|ふうん|true
ふうん|ふん|false
ふえ|ふえ|true
ふえる|ふえる|true
ふおん|ふおん|true
ふか|ふか|true
ふかい|ふかい|true
ふかかい|ふかかい|true
ふかくじつ|ふかくじつ|true
ふかけつ|ふかけつ|true
ふかさ|ふかさ|true
ふかしん|ふかしん|true
ふかす|ふかす|true
ふかのう|ふかのう|true
ふかひ|ふかひ|true
ふかぶん|ふかぶん|true
ふかまる|ふかまる|true
ふかみ|ふかみ|true
ふかめる|ふかめる|true
ふかんぜん|ふかんぜん|true
ふきげん|ふきげん|true
ふきこむ|ふきこむ|true
ふきそ|ふきそ|true
ふきそく|ふきそく|true
ふきだす|ふきだす|true
ふきだまり|ふきだまり|true
ふきつ|ふきつ|true
ふきでもの|ふきでもの|true
ふきとぶ|ふきとぶ|true
ふきゅう|ふきゅう|true
ふきょう|ふきょう|true
ふきょう|ふこう|false
ふきょうわおん|ふきょうわおん|true
ふきん|ふきん|true
ふきんこう|ふきんこう|true
ふく|ふく|true
ふくいん|ふくいん|true
ふくえき|ふくえき|true
ふくおか|ふくおか|true
ふくぎょう|ふくぎょう|true
ふくけん|ふっけん|false
ふくげん|ふくげん|true
ふくごう|ふくごう|true
ふくさよう|ふくさよう|true
ふくさんぶつ|ふくさんぶつ|true
ふくざつ|ふくざつ|true
ふくざつさ|ふくざつさ|true
ふくし|ふくし|true
ふくしゃ|ふくしゃ|true
ふくしゃちょう|ふくしゃちょう|true
ふくしゅう|ふくしゅう|true
ふくしょう|ふくしょう|true
ふくしょく|ふくしょく|true
ふくしん|ふくしん|true
ふくじゅう|ふくじゅう|true
ふくすう|ふくすう|true
ふくすけ|ふくすけ|true
ふくせい|ふくせい|true
ふくせん|ふくせん|true
ふくそう|ふくそう|true
ふくそうひん|ふくそうひん|true
ふくだい|ふくだい|true
ふくち|ふくし|false
ふくちじ|ふくちじ|true
ふくちょう|ふくちょう|true
ふくつ|ふくつ|true
ふくつう|ふくつう|true
ふくとう|ふくとう|true
ふくはんのう|ふくはんのう|true
ふくぶ|ふくぶ|true
ふくへい|ふくへい|true
ふくみ|ふくみ|true
ふくむ|ふくむ|true
ふくめる|ふくめる|true
ふくめん|ふくめん|true
ふくよう|ふくよう|true
ふくらます|ふくらます|true
ふくらむ|ふくらむ|true
ふくり|ふくり|true
ふくりこうせい|ふくりこうせい|true
ふくれる|ふくれる|true
ふくろ|ふくろ|true
ふくろう|ふくろう|true
ふくろこうじ|ふくろこうじ|true
ふけい|ふけい|true
ふけいき|ふけいき|true
ふけつ|ふけつ|true
ふける|ふける|true
ふけん|ふけん|true
ふけんこう|ふけんこう|true
ふげん|ふげん|true
ふこう|ふこう|true
ふこうへい|ふこうへい|true
ふこく|ふこく|true
ふごう|ふごう|true
ふごうかく|ふごうかく|true
ふごうり|ふごうり|true
ふさ|ふさ|true
ふさい|ふさい|true
ふさがる|ふさがる|true
ふさく|ふさく|true
ふさぐ|ふさぐ|true
ふさわしい|ふさわしい|true
ふざい|ふざい|true
ふざいしゃとうひょう|ふざいしゃとうひょう|true
ふざける|ふざける|true
ふし|ふし|true
ふしあわせ|ふしあわせ|true
ふしぎ|ふしぎ|true
ふしぜん|ふしぜん|true
ふしまつ|ふしまつ|true
ふしめ|ふしめ|true
ふしゃ|ふしゃ|true
ふしょう|ふしょう|true
ふしょうじ|ふしょうじ|true
ふしょく|ふしょく|true
ふしん|ふしん|true
ふしんせつ|ふしんせつ|true
ふしんにん|ふしんにん|true
ふじ|ふじ|true
ふじさん|ふじさん|true
ふじちゃく|ふじちゃく|true
ふじみ|ふじみ|true
ふじやま|ふじさん|false
ふじゅうぶん|ふじゅうぶん|true
ふじゅん|ふじゅん|true
ふじゆう|ふじゆう|true
ふじょ|ふじょ|true
ふじょ|みこ|false
ふじょう|ふじょう|true
ふじょうり|ふじょうり|true
ふじょし|ふじょし|true
ふじょぼうこう|ふじょぼうこう|true
ふじん|ふじん|true
ふじんか|ふじんか|true
ふすま|ふすま|true
ふせ|ふせ|true
ふせい|ふせい|true
ふせいみゃく|ふせいみゃく|true
ふせいりつ|ふせいりつ|true
ふせき|ふせき|true
ふせぐ|ふせぐ|true
ふせつ|ふせつ|true
ふせる|ふせる|true
ふせん|ふせん|true
ふぜい|ふぜい|true
ふぜん|ふぜん|true
ふそうおう|ふそうおう|true
ふそく|ふそく|true
ふぞく|ふぞく|true
ふた|に|false
ふた|ふた|true
ふたい|ふたい|true
ふたいてん|ふたいてん|true
ふたえ|にじゅう|true
ふたおや|りょうしん|false
ふたがる|ふさがる|false
ふたご|ふたご|true
ふたしか|ふたしか|true
ふたたび|ふたたび|true
ふたつ|ふたつ|true
ふたつめ|ふたつめ|true
ふたなぬか|ふたなぬか|true
ふたなのか|ふたなぬか|false
ふたば|ふたば|true
ふたり|ふたり|true
ふたりとも|ふたりとも|true
ふたん|ふたん|true
ふた子|ふたご|false
ふだ|ふだ|true
ふだん|ふだん|true
ふだんぎ|ふだんぎ|true
ふだん着|ふだんぎ|false
ふち|ふち|true
ふちじ|ふちじ|true
ふちゃく|ふちゃく|true
ふちゅうい|ふちゅうい|true
ふちょう|ふちょう|true
ふちん|ふちん|true
ふっかつ|ふっかつ|true
ふっかーつ|ふっかつ|false
ふっき|ふうき|false
ふっき|ふっき|true
ふっきゅう|ふっきゅう|true
ふっけん|ふっけん|true
ふっこう|ふっこう|true
ふっこく|ふっこく|true
ふっしき|ふっしょく|false
ふっしょく|ふっしょく|true
ふっとう|ふっとう|true
ふつ|ふつ|true
ふつう|ふつう|true
ふつうせんきょ|ふつうせんきょ|true
ふつうよきん|ふつうよきん|true
ふつか|ふつか|true
ふつご|ふつご|true
ふつごう|ふつごう|true
ふつぶん|ふつぶん|true
ふつりあい|ふつりあい|true
ふてい|ふてい|true
ふてき|ふてき|true
ふてきせつ|ふてきせつ|true
ふてきとう|ふてきとう|true
ふで|ふで|true
ふであと|ひっせき|false
ふでがしら|ひっとう|false
ふと|ふと|true
ふとい|ふとい|true
ふとう|ふとう|true
ふとうめい|ふとうめい|true
ふとく|ふとく|true
ふとくい|ふとくい|true
ふところ|ふところ|true
ふとじ|ふとじ|true
ふとっぱら|ふとっぱら|true
ふともも|ふともも|true
ふとりじし|ふとりじし|true
ふとる|ふとる|true
ふとん|ふとん|true
ふどう|ふどう|true
ふどうさん|ふどうさん|true
ふどうさんや|ふどうさんや|true
ふどうひょう|ふどうひょう|true
ふなおさ|せんちょう|false
ふなか|ふなか|true
ふなたび|ふなたび|true
ふなで|ふなで|true
ふなぬし|せんしゅ|false
ふなはし|ふなばし|false
ふなばし|ふなばし|true
ふなびん|ふなびん|true
ふなよい|ふなよい|true
ふなれ|ふなれ|true
ふにん|ふにん|true
ふにんき|ふにんき|true
ふね|ふね|true
ふねんぶつ|ふねんぶつ|true
ふのう|ふのう|true
ふはい|ふはい|true
ふはつ|ふはつ|true
ふばらい|ふばらい|true
ふひつよう|ふひつよう|true
ふひょう|ふひょう|true
ふび|ふび|true
ふびょうどう|ふびょうどう|true
ふふく|ふふく|true
ふぶき|ふぶき|true
ふぶんりつ|ふぶんりつ|true
ふへい|ふへい|true
ふへん|ふへん|true
ふへんてき|ふへんてき|true
ふへんふとう|ふへんふとう|true
ふべん|ふべん|true
ふほう|ふほう|true
ふほんい|ふほんい|true
ふぼ|ふぼ|true
ふまえる|ふまえる|true
ふまん|ふまん|true
ふみ|ふみ|true
ふみえ|ふみえ|true
ふみきり|ふみきり|true
ふみきる|ふみきる|true
ふみた|ふだ|false
ふみん|ふみん|true
ふみんしょう|ふみんしょう|true
ふむ|ふむ|true
ふめい|ふめい|true
ふめん|ふめん|true
ふもう|ふもう|true
ふもと|ふもと|true
ふもん|ふもん|true
ふやす|ふやす|true
ふゆ|ふゆ|true
ふゆう|ふゆう|true
ふゆかい|ふゆかい|true
ふゆば|ふゆば|true
ふゆもの|ふゆもの|true
ふゆやすみ|ふゆやすみ|true
ふよ|ふよ|true
ふよう|ふよう|true
ふようい|ふようい|true
ふらふら|ふらふら|true
ふり|ふり|true
ふりえき|ふりえき|true
ふりかえ|ふりかえ|true
ふりかえる|ふりかえる|true
ふりがな|ふりがな|true
ふりきる|ふりきる|true
ふりこ|ふりこ|true
ふりこみ|ふりこみ|true
ふりこむ|ふりこむ|true
ふりだし|ふりだし|true
ふりつ|ふりつ|true
ふりつけ|ふりつけ|true
ふりはば|しんぷく|false
ふりまわす|ふりまわす|true
ふりむく|ふりむく|true
ふりゅう|ふうりゅう|false
ふりょ|ふりょ|true
ふりょう|ふりょう|true
ふりょうひん|ふりょうひん|true
ふりん|ふりん|true
ふり仮名|ふりがな|false
ふり切る|ふりきる|false
ふり返る|ふりかえる|false
ふる|ふる|true
ふるい|ふるい|true
ふるう|ふるう|true
ふるえる|ふるえる|true
ふるぎ|ふるぎ|true
ふるくさい|ふるくさい|true
ふるさと|ふるさと|true
ふるす|ふるす|true
ふるって|ふるって|true
ふるほん|ふるほん|true
ふるほんや|ふるほんや|true
ふるぼん|ふるほん|false
ふるまい|ふるまい|true
ふるまう|ふるまう|true
ふる里|ふるさと|false
ふれあい|ふれあい|true
ふれあう|ふれあう|true
ふれる|ふれる|true
ふれ合い|ふれあい|false
ふろ|ふろ|true
ふろうしゃ|ふろうしゃ|true
ふろく|ふろく|true
ふろしき|ふろしき|true
ふろば|ふろば|true
ふろや|ふろや|true
ふろ場|ふろば|false
ふわ|ふわ|true
ふわたり|ふわたり|true
ふわふわ|ふわふわ|true
ふわり|ふわり|true
ふん|ふん|true
ふんいき|ふんいき|true
ふんい気|ふんいき|false
ふんえん|ふんえん|true
ふんか|ふんか|true
ふんかん|ふんかん|true
ふんがい|ふんがい|true
ふんき|ふんき|true
ふんきゅう|ふんきゅう|true
ふんさい|ふんさい|true
ふんしつ|ふんしつ|true
ふんしゃ|ふんしゃ|true
ふんしゅつ|ふんしゅつ|true
ふんしょく|ふんしょく|true
ふんじん|ぶんしん|false
ふんすい|ふんすい|true
ふんそう|ふんそう|true
ふんだ|ふだ|false
ふんとう|ふんとう|true
ふんばる|ふんばる|true
ふんぱつ|ふんぱつ|true
ふんべつ|ふんべつ|true
ふんぼ|ふんぼ|true
ふんまつ|ふんまつ|true
ふんわり|ふんわり|true
ふん囲気|ふんいき|false
ふーわり|ふわり|false
ふーん|ふん|false
ぶ|ぶ|true
ぶあい|ぶあい|true
ぶい|ぶい|true
ぶいん|ぶいん|true
ぶおんな|しゅうじょ|false
ぶか|ぶか|true
ぶかい|ぶかい|true
ぶかつ|ぶかつ|true
ぶかぶか|ぶかぶか|true
ぶがく|ぶがく|true
ぶき|ぶき|true
ぶき|まいひめ|false
ぶきみ|ぶきみ|true
ぶきょく|ぶきょく|true
ぶきよう|ぶきよう|true
ぶぎょう|ぶぎょう|true
ぶし|ぶし|true
ぶしゅ|ぶしゅ|true
ぶしょ|ぶしょ|true
ぶしょう|ぶしょう|true
ぶじ|ぶじ|true
ぶじょく|ぶじょく|true
ぶすう|ぶすう|true
ぶそう|ぶそう|true
ぶぞく|ぶぞく|true
ぶた|ぶた|true
ぶたい|ぶたい|true
ぶたいうら|ぶたいうら|true
ぶたにく|ぶたにく|true
ぶた肉|ぶたにく|false
ぶちきれ|ぶちぎれ|false
ぶちぎれ|ぶちぎれ|true
ぶちょう|ぶちょう|true
ぶちキレ|ぶちぎれ|false
ぶちギレ|ぶちぎれ|false
ぶち切れ|ぶちぎれ|false
ぶっか|ぶっか|true
ぶっかしすう|ぶっかしすう|true
ぶっきょう|ぶっきょう|true
ぶっきらぼう|ぶっきらぼう|true
ぶっきら棒|ぶっきらぼう|true
ぶっけん|ぶっけん|true
ぶっさん|ぶっさん|true
ぶっし|ぶっし|true
ぶっしつ|ぶっしつ|true
ぶっしつてき|ぶっしつてき|true
ぶっしょう|ぶっしょう|true
ぶっそう|ぶっそう|true
ぶったい|ぶったい|true
ぶっつかる|ぶつかる|false
ぶってき|ぶってき|true
ぶっぱん|ぶっぱん|true
ぶっぴん|ぶっぴん|true
ぶつ|ぶつ|true
ぶつかる|ぶつかる|true
ぶつぎ|ぶつぎ|true
ぶつける|ぶつける|true
ぶつぞう|ぶつぞう|true
ぶつだん|ぶつだん|true
ぶつぶつ|ぶつぶつ|true
ぶつり|ぶつり|true
ぶつりがく|ぶつりがく|true
ぶつりてき|ぶつりてき|true
ぶつりゅう|ぶつりゅう|true
ぶとう|ぶとう|true
ぶどう|ぶどう|true
ぶない|ぶない|true
ぶなん|ぶなん|true
ぶにん|ふじん|false
ぶにん|むじん|false
ぶひん|ぶひん|true
ぶぶん|ぶぶん|true
ぶぶんてき|ぶぶんてき|true
ぶべつ|ぶべつ|true
ぶも|ふぼ|false
ぶもん|ぶもん|true
ぶゆう|ぶゆう|true
ぶよう|ぶよう|true
ぶらく|ぶらく|true
ぶらさがる|ぶらさがる|true
ぶらさげる|ぶらさげる|true
ぶらぶら|ぶらぶら|true
ぶらんこ|ぶらんこ|true
ぶら下がる|ぶらさがる|true
ぶら下げる|ぶらさげる|true
ぶり|ぶり|true
ぶりょく|ぶりょく|true
ぶるぶる|ぶるぶる|true
ぶれい|ぶれい|true
ぶん|ぶん|true
ぶんか|ぶんか|true
ぶんかい|ぶんかい|true
ぶんかいさん|ぶんかいさん|true
ぶんかかい|ぶんかかい|true
ぶんかくんしょう|ぶんかくんしょう|true
ぶんかざい|ぶんかざい|true
ぶんかじん|ぶんかじん|true
ぶんかちょう|ぶんかちょう|true
ぶんかつ|ぶんかつ|true
ぶんかつばらい|ぶんかつばらい|true
ぶんかてき|ぶんかてき|true
ぶんがく|ぶんがく|true
ぶんがくしゃ|ぶんがくしゃ|true
ぶんき|ぶんき|true
ぶんきてん|ぶんきてん|true
ぶんきょう|ぶんきょう|true
ぶんぎょう|ぶんぎょう|true
ぶんぐ|ぶんぐ|true
ぶんけい|ぶんけい|true
ぶんけん|ぶんけん|true
ぶんげい|ぶんげい|true
ぶんこ|ぶんこ|true
ぶんこう|ぶんこう|true
ぶんご|ぶんご|true
ぶんさつ|ぶんさつ|true
ぶんさん|ぶんさん|true
ぶんし|ぶんし|true
ぶんしつ|ぶんしつ|true
ぶんしょ|ぶんしょ|true
ぶんしょう|ぶんしょう|true
ぶんしん|ぶんしん|true
ぶんじょ|ぶんしょ|false
ぶんじょう|ぶんじょう|true
ぶんすう|ぶんすう|true
ぶんせき|ぶんせき|true
ぶんたい|ぶんたい|true
ぶんたん|ぶんたん|true
ぶんだん|ぶんだん|true
ぶんちゅう|ぶんちゅう|true
ぶんちょう|かや|false
ぶんつう|ぶんつう|true
ぶんぱい|ぶんぱい|true
ぶんぴ|ぶんぴつ|true
ぶんぴつ|ぶんぴつ|true
ぶんぷ|ぶんぷ|true
ぶんべつ|ぶんべつ|true
ぶんぼ|ぶんぼ|true
ぶんぼうぐ|ぶんぼうぐ|true
ぶんぽう|ぶんぽう|true
ぶんみゃく|ぶんみゃく|true
ぶんみん|ぶんみん|true
ぶんめい|ぶんめい|true
ぶんめん|ぶんめん|true
ぶんや|ぶんや|true
ぶんらく|ぶんらく|true
ぶんり|ぶんり|true
ぶんりつ|ぶんりつ|true
ぶんりょう|ぶんりょう|true
ぶんるい|ぶんるい|true
ぶんれつ|ぶんれつ|true
ぷうたろう|プータロー|false
ぷんぷん|プンプン|false
ぷーたろう|プータロー|false
ぷー太郎|プータロー|false
へ|へ|true
へい|へい|true
へいあん|へいあん|true
へいいん|へいいん|true
へいえき|へいえき|true
へいおん|へいおん|true
へいか|へいか|true
へいかい|へいかい|true
へいがい|へいがい|true
へいき|へいき|true
へいきん|へいきん|true
へいきんてき|へいきんてき|true
へいきんてん|へいきんてん|true
へいぎん|へいきん|false
へいこう|へいこう|true
へいこうせん|へいこうせん|true
へいごう|へいごう|true
へいさ|へいさ|true
へいさつ|へいさつ|true
へいし|へいし|true
へいしゃ|へいしゃ|true
へいじ|へいじ|true
へいじつ|へいじつ|true
へいじょう|へいじょう|true
へいじょう|ピョンヤン|false
へいせい|へいせい|true
へいせつ|へいせつ|true
へいそく|へいそく|true
へいたい|へいたい|true
へいち|へいち|true
へいてん|へいてん|true
へいねん|へいねん|true
へいねんなみ|へいねんなみ|true
へいはつ|へいはつ|true
へいほう|へいほう|true
へいほうキロメートル|へいほうキロメートル|true
へいほうメートル|へいほうメートル|true
へいぼん|へいぼん|true
へいまく|へいまく|true
へいめん|へいめん|true
へいや|へいや|true
へいよう|へいよう|true
へいりつ|へいりつ|true
へいりょく|へいりょく|true
へいれつ|へいれつ|true
へいわ|へいわ|true
へがす|はがす|false
へき|かべ|false
へき|くせ|false
へきが|へきが|true
へきめん|へきめん|true
へぐ|はぐ|false
へこみ|くぼみ|true
へこむ|へこむ|true
へそ|へそ|true
へた|へた|true
へたくそ|へたくそ|true
へだたり|へだたり|true
へだたる|へだたる|true
へだて|へだて|true
へだてる|へだてる|true
へとへと|ヘトヘト|false
へどろ|ヘドロ|false
へな|ねんど|false
へなつち|ねんど|false
へび|へび|true
へみ|へび|false
へや|へや|true
へら|へら|true
へらす|へらす|true
へる|へる|true
へん|へん|true
へんい|へんい|true
へんか|へんか|true
へんかきゅう|へんかきゅう|true
へんかく|へんかく|true
へんかん|へんかん|true
へんきゃく|へんきゃく|true
へんきょう|へんきょう|true
へんきん|へんきん|true
へんけい|へんけい|true
へんけん|へんけん|true
へんこう|へんこう|true
へんこうとどけ|へんこうとどけ|true
へんさい|へんさい|true
へんさち|へんさち|true
へんしつ|へんしつ|true
へんしゃ|へんしゃ|true
へんしゅう|へんしゅう|true
へんしゅうしゃ|へんしゅうしゃ|true
へんしょく|へんしょく|true
へんしん|へんしん|true
へんじ|へんじ|true
へんじゃ|へんしゃ|false
へんじゅう|へんちょう|false
へんじょう|へんじょう|true
へんじん|へんじん|true
へんせい|へんせい|true
へんせん|へんせん|true
へんそう|へんそう|true
へんそく|へんそく|true
へんぞう|へんぞう|true
へんたい|へんたい|true
へんち|へんち|true
へんちょ|へんちょ|true
へんちょう|へんちょう|true
へんとう|へんとう|true
へんどう|へんどう|true
へんにゅう|へんにゅう|true
へんぴん|へんぴん|true
へんぼう|へんぼう|true
へんよう|へんよう|true
へんれき|へんれき|true
べい|べい|true
べいか|べいか|true
べいぐん|べいぐん|true
べいこく|べいこく|true
べいじん|べいじん|true
べいはん|べいはん|true
べき|べき|true
べきではない|べきではない|true
べきでは無い|べきではない|false
べたべた|ベタベタ|true
べち|べつ|false
べっかん|べっかん|true
べっきょ|べっきょ|true
べっこ|べっこ|true
べっさつ|べっさつ|true
べっしつ|べっしつ|true
べっそう|べっそう|true
べっと|べっと|true
べっとう|べつむね|false
べっぴょう|べっぴょう|true
べつ|べつ|true
べついん|べついん|true
べつじん|べつじん|true
べつに|べつに|true
べつにん|べつじん|false
べつべつ|べつべつ|true
べつみょう|べつめい|false
べつむね|べつむね|true
べつめい|べつめい|true
べつもんだい|べつもんだい|true
べに|くれない|true
べにうめ|こうばい|false
べろ|ベロ|false
べん|べん|true
べんかい|べんかい|true
べんがく|べんがく|true
べんきょう|べんきょう|true
べんきょうちゅう|べんきょうちゅう|true
べんぎ|べんぎ|true
べんけい|べんけい|true
べんご|べんご|true
べんごし|べんごし|true
べんごにん|べんごにん|true
べんさい|べんさい|true
べんしょう|べんしょう|true
べんじょ|べんじょ|true
べんぜつ|べんぜつ|true
べんとう|べんとう|true
べんぴ|べんぴ|true
べんむかん|べんむかん|true
べんめい|べんめい|true
べんり|べんり|true
べんりさ|べんりさ|true
べんろん|べんろん|true
ぺこぺこ|ぺこぺこ|true
ぺらぺら|ぺらぺら|true
ほ|ほ|true
ほあん|ほあん|true
ほいく|ほいく|true
ほいくえん|ほいくえん|true
ほいくしょ|ほいくしょ|true
ほいくじょ|ほいくしょ|false
ほう|ほう|true
ほうあん|ほうあん|true
ほうい|ほうい|true
ほういがく|ほういがく|true
ほうえい|ほうえい|true
ほうおう|ほうおう|true
ほうか|ほうか|true
ほうかい|ほうかい|true
ほうかご|ほうかご|true
ほうかつ|ほうかつ|true
ほうが|ほうが|true
ほうがい|ほうがい|true
ほうがいい|ほうがいい|true
ほうがく|ほうがく|true
ほうがくぶ|ほうがくぶ|true
ほうがよい|ほうがいい|true
ほうがん|ほうがん|true
ほうが良い|ほうがいい|true
ほうき|ほうき|true
ほうきゅう|ほうきゅう|true
ほうきょう|ほうきょう|true
ほうけんしゅぎ|ほうけんしゅぎ|true
ほうけんてき|ほうけんてき|true
ほうげき|ほうげき|true
ほうげん|ほうげん|true
ほうこ|ほうこ|true
ほうこう|ほうこう|true
ほうこうおんち|ほうこうおんち|true
ほうこく|ほうこく|true
ほうこくしょ|ほうこくしょ|true
ほうさく|ほうさく|true
ほうし|ほうし|true
ほうしき|ほうしき|true
ほうしゃ|ほうしゃ|true
ほうしゃせい|ほうしゃせい|true
ほうしゃせん|ほうしゃせん|true
ほうしゃのう|ほうしゃのう|true
ほうしゅう|ほうしゅう|true
ほうしゅつ|ほうしゅつ|true
ほうしょう|ほうしょう|true
ほうしょうきん|ほうしょうきん|true
ほうしょく|ほうしょく|true
ほうしん|ほうしん|true
ほうじる|ほうじる|true
ほうじん|ほうじん|true
ほうすい|ほうすい|true
ほうする|ほする|false
ほうせい|ほうせい|true
ほうせいきょく|ほうせいきょく|true
ほうせき|ほうせき|true
ほうそう|ほうそう|true
ほうそうかい|ほうそうかい|true
ほうそく|ほうそく|true
ほうたい|ほうたい|true
ほうだい|ほうだい|true
ほうだん|ほうだん|true
ほうち|ほうち|true
ほうちく|ほうちく|true
ほうちこく|ほうちこく|true
ほうちゅう|ほうちゅう|true
ほうちょう|ほうちょう|true
ほうてい|ほうてい|true
ほうていしき|ほうていしき|true
ほうてき|ほうてき|true
ほうどう|ほうどう|true
ほうどうきかん|ほうどうきかん|true
ほうどうじん|ほうどうじん|true
ほうにち|ほうにち|true
ほうにん|ほうにん|true
ほうねん|ほうねん|true
ほうのう|ほうのう|true
ほうび|ほうび|true
ほうふ|ほうふ|true
ほうふく|ほうふく|true
ほうぶる|ほうむる|false
ほうぶん|ほうぶん|true
ほうへい|ほうへい|true
ほうべい|ほうべい|true
ほうほう|ほうほう|true
ほうほうろん|ほうほうろん|true
ほうぼう|ほうぼう|true
ほうぼく|ほうぼく|true
ほうまん|ほうまん|true
ほうむ|ほうむ|true
ほうむしょう|ほうむしょう|true
ほうむる|ほうむる|true
ほうめん|ほうめん|true
ほうもつ|たからもの|true
ほうもん|ほうもん|true
ほうもんしゃ|ほうもんしゃ|true
ほうよう|ほうよう|true
ほうようりょく|ほうようりょく|true
ほうらく|ほうらく|true
ほうりつ|ほうりつ|true
ほうりつじむしょ|ほうりつじむしょ|true
ほうりゅう|ほうりゅう|true
ほうりょう|ほうりょう|true
ほうる|ほうる|true
ほうれい|ほうれい|true
ほうれんそう|ほうれんそう|true
ほうれん草|ほうれんそう|true
ほうろう|ほうろう|true
ほうわ|ほうわ|true
ほえる|ほえる|true
ほお|ほお|true
ほおえむ|ほほえむ|false
ほおん|ほおん|true
ほか|ほか|true
ほかく|ほかく|true
ほかに|ほかに|true
ほかにも|ほかにも|true
ほかん|ほかん|true
ほがらか|ほがらか|true
ほきだす|はきだす|false
ほきゅう|ほきゅう|true
ほきょう|ほきょう|true
ほき出す|はきだす|false
ほくい|ほくい|true
ほくおう|ほくおう|true
ほくじょう|ほくじょう|true
ほくせい|ほくせい|true
ほくそく|きたがわ|false
ほくたん|ほくたん|true
ほくとう|ほくとう|true
ほくふう|きたかぜ|false
ほくぶ|ほくぶ|true
ほくべい|ほくべい|true
ほくほくとう|ほくほくとう|true
ほくりく|ほくりく|true
ほくろ|ほくろ|true
ほけつ|ほけつ|true
ほけん|ほけん|true
ほけんきん|ほけんきん|true
ほけんしょ|ほけんじょ|true
ほけんじょ|ほけんじょ|true
ほけんふ|ほけんふ|true
ほげい|ほげい|true
ほこ|ほこ|true
ほこう|ほこう|true
ほこうえい|たんぽぽ|false
ほこうしゃ|ほこうしゃ|true
ほこうしゃてんごく|ほこうしゃてんごく|true
ほこさき|ほこさき|true
ほこり|ほこり|true
ほこる|ほこる|true
ほころびる|ほころびる|true
ほこ先|ほこさき|false
ほご|ほご|true
ほごしゃ|ほごしゃ|true
ほさ|ほさ|true
ほし|ほし|true
ほしい|ほしい|true
ほしうらない|ほしうらない|true
ほしがる|ほしがる|true
ほしぞら|ほしぞら|true
ほしゃく|ほしゃく|true
ほしゅ|ほしゅ|true
ほしゅう|ほしゅう|true
ほしゅてき|ほしゅてき|true
ほしゅとう|ほしゅとう|true
ほしょう|ほしょう|true
ほしょうきん|ほしょうきん|true
ほしょうつき|ほしょうつき|true
ほしょうにん|ほしょうにん|true
ほじ|ほじ|true
ほじゅう|ほじゅう|true
ほじょ|ほじょ|true
ほす|ほす|true
ほする|ほする|true
ほせい|ほせい|true
ほせいよさん|ほせいよさん|true
ほぜん|ほぜん|true
ほそい|ほそい|true
ほそう|ほそう|true
ほそく|ほそく|true
ほそながい|ほそながい|true
ほそぼそ|ほそぼそ|true
ほそる|ほそる|true
ほぞ|へそ|false
ほぞん|ほぞん|true
ほたる|ほたる|true
ほちょう|ほちょう|true
ほちょうき|ほちょうき|true
ほっかい|ほっかい|true
ほっかいどう|ほっかいどう|true
ほっかいどうかいはつちょうちょうかん|ほっかいどうかいはつちょうちょうかん|true
ほっきにん|ほっきにん|true
ほっきょく|ほっきょく|true
ほっきょくけん|ほっきょくけん|true
ほっこく|きたぐに|false
ほっさ|ほっさ|true
ほっし|ほうし|false
ほっする|ほっする|true
ほっそく|ほっそく|true
ほったん|ほったん|true
ほっと|ほっと|true
ほっといて|ほっといて|true
ほっといてくれ|ほっといてくれ|true
ほっぺた|ほっぺた|true
ほっぽう|ほっぽう|true
ほつねつ|はつねつ|false
ほとけ|ほとけ|true
ほとんど|ほとんど|true
ほど|ほど|true
ほどう|ほどう|true
ほどうきょう|ほどうきょう|true
ほどく|ほどく|true
ほどける|ほどける|true
ほどこす|ほどこす|true
ほどなく|ほどなく|true
ほね|ほね|true
ほねぬき|ほねぬき|true
ほのお|ほのお|true
ほのか|ほのか|true
ほのめかす|ほのめかす|true
ほぶね|はんせん|false
ほへい|ほへい|true
ほほ|ほお|true
ほほえむ|ほほえむ|true
ほほ笑む|ほほえむ|false
ほぼ|ほぼ|true
ほまれ|ほまれ|true
ほむら|ほのお|false
ほめる|ほめる|true
ほゆう|ほゆう|true
ほよう|ほよう|true
ほようしょ|ほようじょ|false
ほようじょ|ほようじょ|true
ほら|ほら|true
ほらあな|ほらあな|true
ほら穴|ほらあな|false
ほり|ほり|true
ほりえ|ほりえ|true
ほりかわ|ほりかわ|true
ほりゅう|ほりゅう|true
ほりょ|ほりょ|true
ほる|ほうる|false
ほる|ほる|true
ほれ|ほら|false
ほれる|ほれる|true
ほろびる|ほろびる|true
ほろぼす|ほろぼす|true
ほん|ほん|true
ほんあん|ほんあん|true
ほんい|ほんい|true
ほんいんぼう|ほんいんぼう|true
ほんかいぎ|ほんかいぎ|true
ほんかく|ほんかく|true
ほんかくか|ほんかくか|true
ほんかくてき|ほんかくてき|true
ほんかん|ほんかん|true
ほんがん|ほんがん|true
ほんき|ほんき|true
ほんきょ|ほんきょ|true
ほんぎょう|ほんぎょう|true
ほんけ|ほんけ|true
ほんけん|ほんけん|true
ほんこう|ほんこう|true
ほんこく|ほんごく|false
ほんごく|ほんごく|true
ほんごし|ほんごし|true
ほんざん|ほんざん|true
ほんし|ほんし|true
ほんしつ|ほんしつ|true
ほんしつてき|ほんしつてき|true
ほんしゃ|ほんしゃ|true
ほんしょ|ほんしょ|true
ほんしょう|ほんしょう|true
ほんしょく|ほんしょく|true
ほんしん|ほんしん|true
ほんじつ|ほんじつ|true
ほんじゃ|ほんしゃ|false
ほんじょうし|ほんちょうし|false
ほんすう|ほんすう|true
ほんせい|ほんしょう|false
ほんせき|ほんせき|true
ほんせん|ほんせん|true
ほんそう|ほんそう|true
ほんぞん|ほんぞん|true
ほんたい|ほんたい|true
ほんだい|ほんだい|true
ほんだな|ほんだな|true
ほんだな|ほんてん|false
ほんちょう|ほんちょう|true
ほんちょうし|ほんちょうし|true
ほんてん|ほんてん|true
ほんと|ほんとう|false
ほんとう|ほんとう|true
ほんとうに|ほんとうに|true
ほんとに|ほんとうに|false
ほんど|ほんど|true
ほんどう|ほんどう|true
ほんにん|ほんにん|true
ほんね|ほんね|true
ほんねん|ほんねん|true
ほんの|ほんの|true
ほんのう|ほんのう|true
ほんのすこし|ほんのすこし|true
ほんのり|ほんのり|true
ほんの少し|ほんのすこし|true
ほんば|ほんば|true
ほんばこ|ほんばこ|true
ほんばん|ほんばん|true
ほんぶ|ほんぶ|true
ほんぶん|ほんぶん|true
ほんぽう|ほんぽう|true
ほんみょう|ほんみょう|true
ほんめい|ほんみょう|false
ほんめい|ほんめい|true
ほんもの|ほんもの|true
ほんもん|ほんぶん|true
ほんや|ほんや|true
ほんやく|ほんやく|true
ほんよさん|ほんよさん|true
ほんらい|ほんらい|true
ほんらん|ほんらん|true
ほんりゅう|ほんりゅう|true
ほんりょう|ほんりょう|true
ほんるい|ほんるい|true
ほんるいだ|ほんるいだ|true
ほんろう|ほんろう|true
ぼいん|ぼいん|true
ぼう|う|false
ぼう|ぼう|true
ぼうえい|ぼうえい|true
ぼうえいしせつちょう|ぼうえいしせつちょう|true
ぼうえいちょう|ぼうえいちょう|true
ぼうえき|ぼうえき|true
ぼうえんきょう|ぼうえんきょう|true
ぼうおん|ぼうおん|true
ぼうか|ぼうか|true
ぼうかん|ぼうかん|true
ぼうがい|ぼうがい|true
ぼうきゃく|ぼうきゃく|true
ぼうきょ|ぼうきょ|true
ぼうぎゃく|ぼうぎゃく|true
ぼうぎょ|ぼうぎょ|true
ぼうくう|ぼうくう|true
ぼうけん|ぼうけん|true
ぼうげつ|もちづき|false
ぼうこう|ぼうこう|true
ぼうご|ぼうご|true
ぼうさい|ぼうさい|true
ぼうさん|ぼうさん|true
ぼうし|ぼうし|true
ぼうし|わきみ|false
ぼうしょく|ぼうしょく|true
ぼうじゅ|ぼうじゅ|true
ぼうすい|ぼうすい|true
ぼうず|ぼうず|true
ぼうせき|ぼうせき|true
ぼうせん|ぼうせん|true
ぼうそう|ぼうそう|true
ぼうそう|もうそう|false
ぼうだい|ぼうだい|true
ぼうだち|ぼうだち|true
ぼうだん|ぼうだん|true
ぼうちょう|ぼうちょう|true
ぼうっと|ぼーっと|false
ぼうと|ぼうと|true
ぼうとう|ぼうとう|true
ぼうどう|ぼうどう|true
ぼうねんかい|ぼうねんかい|true
ぼうはてい|ぼうはてい|true
ぼうはん|ぼうはん|true
ぼうはんカメラ|ぼうはんカメラ|true
ぼうふ|ぼうふ|true
ぼうふう|ぼうふう|true
ぼうふうう|ぼうふうう|true
ぼうぶら|かぼちゃ|false
ぼうめい|ぼうめい|true
ぼうらく|ぼうらく|true
ぼうりゃく|ぼうりゃく|true
ぼうりょく|ぼうりょく|true
ぼうりょくだん|ぼうりょくだん|true
ぼうれい|ぼうれい|true
ぼおっと|ぼーっと|false
ぼおん|ぼいん|false
ぼかす|ぼかす|true
ぼき|ぼき|true
ぼきん|ぼきん|true
ぼく|ぼく|true
ぼくし|ぼくし|true
ぼくじょう|ぼくじょう|true
ぼくそう|ぼくそう|true
ぼくたち|ぼくたち|true
ぼくちく|ぼくちく|true
ぼくめつ|ぼくめつ|true
ぼくや|ぼくや|true
ぼくら|ぼくら|true
ぼけ|ぼけ|true
ぼけつ|ぼけつ|true
ぼける|ぼける|true
ぼこう|ぼこう|true
ぼこく|ぼこく|true
ぼこくご|ぼこくご|true
ぼさち|ぼさつ|false
ぼさつ|ぼさつ|true
ぼさん|はかまいり|false
ぼし|ぼし|true
ぼしゅう|ぼしゅう|true
ぼせい|ぼせい|true
ぼせき|ぼせき|true
ぼたい|ぼたい|true
ぼたぼた|ポタポタ|false
ぼち|ぼち|true
ぼっき|ぼっき|true
ぼっしゅう|ぼっしゅう|true
ぼっちゃん|ぼっちゃん|true
ぼっとう|ぼっとう|true
ぼつ|ぼつ|true
ぼつご|ぼつご|true
ぼつらく|ぼつらく|true
ぼとぼと|ポタポタ|false
ぼにゅう|ぼにゅう|true
ぼや|ぼや|true
ぼやける|ぼやける|true
ぼやぼや|ぼやぼや|true
ぼれい|かき|false
ぼろぼろ|ボロボロ|true
ぼん|ぼん|true
ぼんおどり|ぼんおどり|true
ぼんさい|ぼんさい|true
ぼんじん|ぼんじん|true
ぼんず|ぼうず|false
ぼんち|ぼんち|true
ぼんにん|ぼんじん|false
ぼんのう|ぼんのう|true
ぼんやり|ぼんやり|true
ぼんよう|ぼんよう|true
ぼーっと|ぼーっと|true
ぽい|っぽい|false
ぽかぽか|ぽかぽか|true
ぽかん|ぽかん|true
ぽたぽた|ポタポタ|true
ぽっかぽか|ぽかぽか|false
ぽとぽと|ポタポタ|false
ぽんぽん|ポンポン|false
ま|ま|true
ま|まあ|false
まぁ|まあ|false
まあ|まあ|true
まあじゃん|マージャン|false
まあたらしい|まあたらしい|true
まあまあ|まあまあ|true
まい|まい|true
まいあさ|まいあさ|true
まいかい|まいかい|true
まいきょ|まいきょ|true
まいげつ|まいつき|true
まいご|まいご|true
まいしゅう|まいしゅう|true
まいじ|まいじ|true
まいすう|まいすう|true
まいそう|まいそう|true
まいぞう|まいぞう|true
まいちょう|まいあさ|false
まいつき|まいつき|true
まいとし|まいとし|true
まいど|まいど|true
まいにち|まいにち|true
まいにちのように|まいにちのように|true
まいねん|まいとし|true
まいばん|まいばん|true
まいひめ|まいひめ|true
まいぼつ|まいぼつ|true
まいる|まいる|true
まう|まう|true
まうえ|まうえ|true
まえ|まえ|true
まえうり|まえうり|true
まえうりけん|まえうりけん|true
まえおき|まえおき|true
まえがき|まえがき|true
まえがしら|まえがしら|true
まえがみ|まえがみ|true
まえがり|まえがり|true
まえだおし|まえだおし|true
まえにわ|ぜんてい|false
まえばらい|まえばらい|true
まえび|ぜんじつ|false
まえぶれ|まえぶれ|true
まえまえ|まえまえ|true
まえむき|まえむき|true
まえもって|まえもって|true
まかす|まかす|true
まかせる|まかせる|true
まかなう|まかなう|true
まがお|まがお|true
まがしら|めがしら|false
まがり|まがり|true
まがりかど|まがりかど|true
まがる|まがる|true
まき|まき|true
まきかえし|まきかえし|true
まきこむ|まきこむ|true
まきじゃく|まきじゃく|true
まきぞえ|まきぞえ|true
まきば|ぼくじょう|true
まき込む|まきこむ|false
まぎらす|まぎらす|true
まぎらわしい|まぎらわしい|true
まぎれもない|まぎれもない|true
まぎれも無い|まぎれもない|false
まぎれる|まぎれる|true
まぎわ|まぎわ|true
まく|まく|true
まくあけ|まくあけ|true
まくうち|まくうち|true
まくぎれ|まくぎれ|true
まくした|まくした|true
まくら|まくら|true
まくる|まくる|true
まぐち|まぐち|true
まぐれ|まぐれ|true
まぐろ|マグロ|true
まけ|まけ|true
まけいぬ|まけいぬ|true
まけこし|まけこし|true
まける|まける|true
まげる|まげる|true
まこころ|まごころ|false
まこと|まこと|true
まことに|まことに|true
まことにありがとうございます|まことにありがとうございます|true
まご|まご|true
まごころ|まごころ|true
まごまご|まごまご|true
まごむすめ|まごむすめ|true
まさか|まさか|true
まさつ|まさつ|true
まさに|まさに|true
まさる|まさる|true
まざる|まざる|true
まし|まし|true
ましかく|ましかく|true
まして|まして|true
ましょうか|ましょうか|true
ましょうめん|ましょうめん|true
ましろ|まっしろ|false
まじうる|まじえる|false
まじえる|まじえる|true
まじか|まぢか|false
まじめ|まじめ|true
まじゅつ|まじゅつ|true
まじょ|まじょ|true
まじり|まじり|true
まじる|まじる|true
まじわる|まじわる|true
ます|ます|true
ますい|ますい|true
ますます|ますます|true
まず|まず|true
まずい|まずい|true
まずしい|まずしい|true
ませんか|ませんか|true
まぜあわす|まぜあわす|true
まぜもの|まぜもの|true
まぜる|まぜる|true
まぜ物|まぜもの|false
また|また|true
またがる|またがる|true
またぐ|またぐ|true
またす|またす|true
またせる|またせる|true
またたく|またたく|true
またね|またね|true
または|または|true
またーり|まったり|false
まだ|まだ|true
まだしも|まだしも|true
まだたく|またたく|false
まだまだ|まだまだ|true
まだまだこれから|まだまだこれから|true
まち|まち|true
まちあい|まちあい|true
まちあいしつ|まちあいしつ|true
まちあわせ|まちあわせ|true
まちあわせばしょ|まちあわせばしょ|true
まちあわせる|まちあわせる|true
まちうける|まちうける|true
まちかど|まちかど|true
まちかねる|まちかねる|true
まちかまえる|まちかまえる|true
まちがい|まちがい|true
まちがいない|まちがいない|true
まちがう|まちがう|true
まちがえる|まちがえる|true
まちづくり|まちづくり|true
まちどうしい|まちどおしい|false
まちどおしい|まちどおしい|true
まちなか|まちなか|true
まちなみ|まちなみ|true
まちにん|ちょうにん|false
まちのぞむ|まちのぞむ|true
まちはずれ|まちはずれ|true
まちぶせ|まちぶせ|true
まちまち|まちまち|true
まちやくば|まちやくば|true
まぢか|まぢか|true
まっか|まっか|true
まっき|まっき|true
まっきてき|まっきてき|true
まっくら|まっくら|true
まっくろ|まっくろ|true
まっこう|まっこう|true
まっさいちゅう|まっさいちゅう|true
まっさお|まっさお|true
まっさき|まっさき|true
まっさつ|まっさつ|true
まっさなか|まっさいちゅう|false
まっしょう|まっしょう|true
まっしょうめん|ましょうめん|false
まっしろ|まっしろ|true
まっすぐ|まっすぐ|true
まったく|まったく|true
まったり|まったり|true
まったん|まったん|true
まっちゃ|まっちゃ|true
まっとう|まっとう|true
まっとうする|まっとうする|true
まっぷたつ|まっぷたつ|true
まっ先|まっさき|false
まっ暗|まっくら|false
まっ最中|まっさいちゅう|false
まっ白|まっしろ|false
まっ茶|まっちゃ|false
まっ赤|まっか|false
まっ青|まっさお|false
まっ黒|まっくろ|false
まつ|まつ|true
まつじつ|まつじつ|true
まつばやし|まつばやし|true
まつび|まつび|true
まつり|まつり|true
まつりごと|まつりごと|true
まつる|まつる|true
まてんろう|まてんろう|true
まで|まで|true
までなら|までなら|true
までも|までも|true
までもない|までもない|true
までも無い|までもない|false
まとまる|まとまる|true
まとめ|まとめ|true
まとめる|まとめる|true
まとも|まとも|true
まど|まど|true
まどぎわ|まどぎわ|true
まどぐち|まどぐち|true
まどり|まどり|true
まどわす|まどわす|true
まないた|まないた|true
まなこ|まなこ|true
まなざし|まなざし|true
まなつ|まなつ|true
まなぶ|まなぶ|true
まな板|まないた|true
まにあう|まにあう|true
まにあわせ|まにあわせ|true
まにあわせる|まにあわせる|true
まぬかれる|まぬがれる|false
まぬがれる|まぬがれる|true
まぬけ|まぬけ|true
まね|まね|true
まねき|まねき|true
まねく|まねく|true
まねし|おおし|false
まねる|まねる|true
まばたく|またたく|false
まばら|まばら|true
まひ|まひ|true
まふ|あさぬの|false
まふゆ|まふゆ|true
まぶしい|まぶしい|true
まぶた|まぶた|true
まほう|まほう|true
まほうびん|まほうびん|true
まぼしい|まぶしい|false
まぼろし|まぼろし|true
まま|まま|true
まみえ|まゆ|false
まめ|まめ|true
まめちしき|まめちしき|true
まめ知識|まめちしき|false
まもなく|まもなく|true
まもり|まもり|true
まもる|まもる|true
まやく|まやく|true
まゆ|まゆ|true
まゆげ|まゆげ|true
まゆ毛|まゆげ|false
まよい|まよい|true
まよう|まよう|true
まよなか|まよなか|true
まりょく|まりょく|true
まる|まる|true
まるい|まるい|true
まるがた|えんけい|false
まるがり|まるがり|true
まるごと|まるごと|true
まるた|まるた|true
まるっきり|まるっきり|true
まるで|まるで|true
まるばしら|えんちゅう|false
まるまる|まるまる|true
まるみ|まるみ|true
まるめこむ|まるめこむ|true
まるめる|まるめる|true
まれ|まれ|true
まろい|まるい|false
まろぶ|ころぶ|false
まわし|まわし|true
まわす|まわす|true
まわり|まわり|true
まわりみち|まわりみち|true
まわり道|まわりみち|false
まわる|まわる|true
まん|まん|true
まんいち|まんいち|true
まんいつ|まんいち|false
まんいん|まんいん|true
まんいんでんしゃ|まんいんでんしゃ|true
まんえつ|まんえつ|true
まんえん|まんえん|true
まんかい|まんかい|true
まんが|まんが|true
まんがいち|まんがいち|true
まんがいつ|まんがいち|false
まんがか|まんがか|true
まんが家|まんがか|false
まんき|まんき|true
まんきつ|まんきつ|true
まんげつ|まんげつ|true
まんさい|まんさい|true
まんざい|まんざい|true
まんざら|まんざら|true
まんじょう|まんじょう|true
まんじょういっち|まんじょういっち|true
まんせい|まんせい|true
まんせいてき|まんせいてき|true
まんせき|まんせき|true
まんぞく|まんぞく|true
まんぞくかん|まんぞくかん|true
まんだん|まんだん|true
まんちょう|まんちょう|true
まんてん|まんてん|true
まんなか|まんなか|true
まんにん|ばんにん|false
まんねん|まんねん|true
まんねんひつ|まんねんひつ|true
まんねんぴつ|まんねんひつ|false
まんねんふで|まんねんひつ|false
まんのう|ばんのう|false
まんぱい|まんぱい|true
まんびき|まんびき|true
まんぷく|まんぷく|true
まんま|まま|false
まんまる|まんまる|true
まんまん|まんまん|true
まんめん|まんめん|true
まんりょう|まんりょう|true
まんるい|まんるい|true
まん中|まんなか|false
まん丸|まんまる|false
まん延|まんえん|true
まー|まあ|true
まーじゃん|マージャン|false
ま上|まうえ|false
ま四角|ましかく|false
み|うみ|false
み|さん|true
み|み|true
みあい|みあい|true
みあげる|みあげる|true
みあたらない|みあたらない|true
みあたる|みあたる|true
みあわせる|みあわせる|true
みいだす|みいだす|true
みいはあ|ミーハー|false
みいる|みいる|true
みうける|みうける|true
みうごき|みうごき|true
みうしなう|みうしなう|true
みうち|みうち|true
みえ|みえ|true
みえかくれ|みえかくれ|true
みえがくれ|みえかくれ|false
みえる|みえる|true
みおくり|みおくり|true
みおくる|みおくる|true
みおとす|みおとす|true
みおぼえ|みおぼえ|true
みおろす|みおろす|true
みかい|みかい|true
みかいけつ|みかいけつ|true
みかえす|みかえす|true
みかえり|みかえり|true
みかぎる|みかぎる|true
みかく|みかく|true
みかけ|みかけ|true
みかける|みかける|true
みかずき|みかづき|false
みかた|みかた|true
みかづき|みかづき|true
みかど|みかど|true
みかん|みかん|true
みかんせい|みかんせい|true
みがき|みがき|true
みがく|みがく|true
みがら|みがら|true
みがる|みがる|true
みがわり|みがわり|true
みき|みき|true
みきり|みきり|true
みきりはっしゃ|みきりはっしゃ|true
みきわめる|みきわめる|true
みぎ|みぎ|true
みぎあし|みぎあし|true
みぎうえ|みぎうえ|true
みぎうで|みぎうで|true
みぎがわ|みぎがわ|true
みぎした|みぎした|true
みぎっかわ|みぎがわ|false
みぎて|みぎて|true
みぎクリック|みぎクリック|true
みくだす|みくだす|true
みくらべる|みくらべる|true
みぐるしい|みぐるしい|true
みけつ|みけつ|true
みこ|みこ|true
みこし|みこし|true
みことのり|みことのり|true
みこみ|みこみ|true
みこむ|みこむ|true
みこん|みこん|true
みごと|みごと|true
みさお|みさお|true
みさき|みさき|true
みささぎ|みささぎ|true
みしらぬ|みしらぬ|true
みじかい|みじかい|true
みじかうた|たんか|false
みじかめ|みじかめ|true
みじけー|みじかい|false
みじめ|みじめ|true
みじゅく|みじゅく|true
みじゅくじ|みじゅくじ|true
みじん|みじん|true
みじんぎり|みじんぎり|true
みじん切り|みじんぎり|true
みすい|みすい|true
みすごす|みすごす|true
みすてる|みすてる|true
みすみす|みすみす|true
みず|みず|true
みずあげ|みずあげ|true
みずいらず|みずいらず|true
みずいろ|みずいろ|true
みずうみ|みずうみ|true
みずから|みずから|true
みずぎ|みずぎ|true
みずぎわ|みずぎわ|true
みずくさい|みずくさい|true
みずぐち|みずぐち|true
みずぐるま|すいしゃ|false
みずけ|みずけ|true
みずしらず|みずしらず|true
みずたま|みずたま|true
みずとり|みずとり|true
みずどり|みずとり|false
みずびたし|みずびたし|true
みずべ|みずべ|true
みずまし|みずまし|true
みずみずしい|みずみずしい|true
みずわり|みずわり|true
みせ|みせ|true
みせいねん|みせいねん|true
みせいねんしゃ|みせいねんしゃ|true
みせかけ|みせかけ|true
みせさき|みせさき|true
みせば|みせば|true
みせびらかす|みせびらかす|true
みせびらき|みせびらき|true
みせる|みせる|true
みぜん|みぜん|true
みそ|さんじゅう|false
みそ|みそ|true
みそ|みそか|false
みそか|みそか|true
みそこなう|みそこなう|true
みそしる|みそしる|true
みそ汁|みそしる|false
みぞ|みぞ|true
みたい|みたい|true
みたす|みたす|true
みたところ|みたところ|true
みため|みため|true
みたり|さんにん|false
みだし|みだし|true
みだす|みいだす|false
みだす|みだす|true
みだれ|みだれ|true
みだれる|みだれる|true
みち|みち|true
みち|みつ|false
みちがえる|みちがえる|true
みちくさ|みちくさ|true
みちしお|まんちょう|false
みちじゅん|みちじゅん|true
みちすう|みちすう|true
みちすじ|みちすじ|true
みちのり|みちのり|true
みちばた|みちばた|true
みちびく|みちびく|true
みちる|みちる|true
みぢか|みぢか|true
みっか|みっか|true
みっこう|みっこう|true
みっしつ|みっしつ|true
みっしゅう|みっしゅう|true
みっせつ|みっせつ|true
みっちゃく|みっちゃく|true
みっつ|みっつ|true
みっともない|みっともない|true
みつ|みっつ|false
みつ|みつ|true
みつかる|みつかる|true
みつける|みつける|true
みつど|みつど|true
みつにゅうこく|みつにゅうこく|true
みつにゅうごく|みつにゅうこく|false
みつばい|みつばい|true
みつめる|みつめる|true
みつもり|みつもり|true
みつやく|みつやく|true
みつゆ|みつゆ|true
みつりょう|みつりょう|true
みつりん|みつりん|true
みてい|みてい|true
みとおし|みとおし|true
みとどける|みとどける|true
みとめ|みとめ|true
みとめいん|みとめいん|true
みとめる|みとめる|true
みどころ|みどころ|true
みどり|みどり|true
みどりいろ|みどりいろ|true
みどり色|みどりいろ|false
みな|みな|true
みなおし|みなおし|true
みなおす|みなおす|true
みなげ|みなげ|true
みなさま|みなさま|true
みなさん|みなさん|true
みなしご|こじ|false
みなし子|こじ|false
みなす|みなす|true
みなと|みなと|true
みなまたびょう|みなまたびょう|true
みなみ|みなみ|true
みなみがわ|みなみがわ|true
みなみぐち|みなみぐち|true
みなみにし|なんせい|false
みなみひがし|なんとう|false
みなみアフリカ|みなみアフリカ|true
みなも|すいめん|false
みなもと|みなもと|true
みならい|みならい|true
みならう|みならう|true
みなり|みなり|true
みなれる|みなれる|true
みなわ|すいほう|false
みな様|みなさま|false
みにくい|みにくい|true
みにつける|みにつける|true
みね|みね|true
みのう|みのう|true
みのうえ|みのうえ|true
みのがす|みのがす|true
みのしろきんようきゅう|みのしろきんようきゅう|true
みのまわり|みのまわり|true
みのり|みのり|true
みのる|みのる|true
みはか|みささぎ|false
みはっぴょう|みはっぴょう|true
みはなす|みはなす|true
みはらい|みはらい|true
みはらし|みはらし|true
みはらす|みはらす|true
みはり|みはり|true
みはる|みはる|true
みばえ|みばえ|true
みばらい|みはらい|false
みぶり|みぶり|true
みぶるい|みぶるい|true
みぶん|みぶん|true
みぶんしょうめいしょ|みぶんしょうめいしょ|true
みほん|みほん|true
みほんいち|みほんいち|true
みぼうじん|みぼうじん|true
みまい|みまい|true
みまう|みまう|true
みまもる|みまもる|true
みまん|みまん|true
みみ|みみ|true
みみざわり|みみざわり|true
みみもと|みみもと|true
みみより|みみより|true
みめい|みめい|true
みもと|みもと|true
みゃく|みゃく|true
みゃくはく|みゃくはく|true
みゃくらく|みゃくらく|true
みやげ|みやげ|true
みやこ|みやこ|true
みやぶる|みやぶる|true
みやま|みやま|true
みょう|みょう|true
みょうあさ|みょうちょう|false
みょうあん|みょうあん|true
みょうぎ|みょうぎ|true
みょうごにち|あさって|true
みょうしゅ|みょうしゅ|true
みょうじ|みょうじ|true
みょうじょう|みょうじょう|true
みょうちょう|みょうちょう|true
みょうにち|あした|true
みょうねん|みょうねん|true
みょうばん|みょうばん|true
みょうふく|めいふく|false
みょうみょうごにち|しあさって|false
みょうもく|めいもく|false
みより|みより|true
みらい|みらい|true
みりょう|みりょう|true
みりょく|みりょく|true
みりょくてき|みりょくてき|true
みる|みる|true
みるみる|みるみる|true
みれん|みれん|true
みわく|みわく|true
みわけ|みわけ|true
みわける|みわける|true
みわたす|みわたす|true
みんい|みんい|true
みんえい|みんえい|true
みんえいか|みんえいか|true
みんか|みんか|true
みんかん|みんかん|true
みんかんほうそう|みんかんほうそう|true
みんげい|みんげい|true
みんしゃとう|みんしゃとう|true
みんしゅ|みんしゅ|true
みんしゅう|みんしゅう|true
みんしゅく|みんしゅく|true
みんしゅこく|みんしゅこく|true
みんしゅしゅぎ|みんしゅしゅぎ|true
みんしゅてき|みんしゅてき|true
みんしゅとう|みんしゅとう|true
みんじ|みんじ|true
みんじゅ|みんじゅ|true
みんせい|みんせい|true
みんぞく|みんぞく|true
みんぞくしゅぎ|みんぞくしゅぎ|true
みんぞくじけつ|みんぞくじけつ|true
みんな|みな|true
みんぺい|みんぺい|true
みんぽう|みんぽう|true
みんよう|みんよう|true
みんわ|みんわ|true
みーはー|ミーハー|false
み山|みやま|false
む|む|true
む|ろく|false
むい|むい|true
むいか|むいか|true
むいしき|むいしき|true
むいみ|むいみ|true
むう|ろく|false
むうっと|ムッと|false
むえき|むえき|true
むえん|むえん|true
むかい|むかい|true
むかう|むかう|true
むかえ|むかえ|true
むかえうつ|むかえうつ|true
むかえる|むかえる|true
むかし|むかし|true
むかしのまま|むかしのまま|true
むかしばなし|むかしばなし|true
むかし話|むかしばなし|false
むかってひだり|むかってひだり|true
むかむか|ムカムカ|false
むかんけい|むかんけい|true
むかんしん|むかんしん|true
むかーし|むかし|false
むが|むが|true
むがい|むがい|true
むき|むき|true
むきげん|むきげん|true
むきず|むきず|true
むきぶつ|むきぶつ|true
むきめい|むきめい|true
むきゅう|むきゅう|true
むきりょく|むきりょく|true
むきん|むきん|true
むぎ|むぎ|true
むぎちゃ|むぎちゃ|true
むぎばたけ|むぎばたけ|true
むく|むく|true
むくいる|むくいる|true
むくち|むくち|true
むくみ|むくみ|true
むくわれる|むくわれる|true
むけ|むけ|true
むけい|むけい|true
むけいぶんかざい|むけいぶんかざい|true
むける|むける|true
むげん|むげん|true
むこ|むこ|true
むこう|むこう|true
むこうがわ|むこうがわ|true
むごん|むごん|true
むさく|むさく|true
むさべつ|むさべつ|true
むさぼる|むさぼる|true
むざい|むざい|true
むざん|むざん|true
むし|むし|true
むしあつい|むしあつい|true
むしかえす|むしかえす|true
むしかく|むしかく|true
むしば|むしば|true
むしばむ|むしばむ|true
むしゃ|むしゃ|true
むしゅうせい|むしゅうせい|true
むしょう|むしょう|true
むしょうに|むしょうに|true
むしょく|むしょく|true
むしょぞく|むしょぞく|true
むしよけ|むしよけ|true
むしろ|むしろ|true
むしん|むしん|true
むしんけい|むしんけい|true
むしパン|むしパン|true
むし暑い|むしあつい|false
むし歯|むしば|false
むじ|むじ|true
むじつ|むじつ|true
むじゃき|むじゃき|true
むじゅうりょう|むじゅうりょう|true
むじゅん|むじゅん|true
むじょう|むじょう|true
むじょうけん|むじょうけん|true
むじん|むじん|true
むじんぞう|むじんぞう|true
むす|むす|true
むすう|むすう|true
むすこ|むすこ|true
むすび|むすび|true
むすびつき|むすびつき|true
むすびつく|むすびつく|true
むすぶ|むすぶ|true
むすめ|むすめ|true
むすめむこ|むすめむこ|true
むずかしい|むずかしい|true
むせいげん|むせいげん|true
むせいふ|むせいふ|true
むせいぶつ|むせいぶつ|true
むせきにん|むせきにん|true
むせん|むせん|true
むせんまい|むせんまい|true
むせんラン|むせんラン|true
むぜい|むぜい|true
むそ|ろくじゅう|false
むそう|むそう|true
むぞうさ|むぞうさ|true
むだ|むだ|true
むだづかい|むだづかい|true
むだん|むだん|true
むち|むち|true
むちつじょ|むちつじょ|true
むちゃ|むちゃ|true
むちゃくちゃ|むちゃくちゃ|true
むちゅう|むちゅう|true
むっちゃ|むちゃ|false
むっつ|むっつ|true
むっつり|むっつり|true
むっと|ムッと|false
むつ|むっつ|false
むつかしい|むずかしい|false
むづかしい|むずかしい|false
むてき|むてき|true
むとうはそう|むとうはそう|true
むとうひょう|むとうひょう|true
むとくてん|むとくてん|true
むとどけ|むとどけ|true
むな|むね|false
むなぎ|うなぎ|false
むなしい|むなしい|true
むにん|むじん|false
むね|むね|true
むねん|むねん|true
むのう|むのう|true
むはい|むはい|true
むふう|むふう|true
むほう|むほう|true
むほうしゅう|むほうしゅう|true
むぼう|むぼう|true
むめ|うめ|false
むめい|むめい|true
むめんきょ|むめんきょ|true
むやみに|むやみに|true
むゆか|むいか|false
むよう|むよう|true
むよか|むいか|false
むよく|むよく|true
むら|むら|true
むらおさ|そんちょう|false
むらがる|むらがる|true
むらさき|むらさき|true
むらさきいろ|むらさきいろ|true
むらさき色|むらさきいろ|false
むらびと|むらびと|true
むり|むり|true
むりし|むりし|true
むりやり|むりやり|true
むりょう|むりょう|true
むりょく|むりょく|true
むりょくかん|むりょくかん|true
むれ|むれ|true
むれる|むれる|true
むろまち|むろまち|true
むろん|むろん|true
むーっと|ムッと|false
め|め|true
めあて|めあて|true
めい|めい|true
めいあん|めいあん|true
めいうん|めいうん|true
めいかい|めいかい|true
めいかく|めいかく|true
めいが|めいが|true
めいがら|めいがら|true
めいき|めいき|true
めいきゅう|めいきゅう|true
めいきょく|めいきょく|true
めいぎ|めいぎ|true
めいげつ|めいげつ|true
めいげん|めいげん|true
めいさい|めいさい|true
めいさく|めいさく|true
めいし|めいし|true
めいしゅ|めいしゅ|true
めいしょ|めいしょ|true
めいしょう|めいしょう|true
めいしん|めいしん|true
めいじ|めいじ|true
めいじつ|めいじつ|true
めいじる|めいじる|true
めいじん|めいじん|true
めいずる|めいずる|true
めいせい|めいせい|true
めいそう|めいそう|true
めいだい|めいだい|true
めいちゅう|めいちゅう|true
めいちょ|めいちょ|true
めいにち|めいにち|true
めいはく|めいはく|true
めいふく|めいふく|true
めいぶつ|めいぶつ|true
めいぶんか|めいぶんか|true
めいぼ|めいぼ|true
めいぼく|めんぼく|false
めいめい|めいめい|true
めいもく|めいもく|true
めいもん|めいもん|true
めいやく|めいやく|true
めいゆう|めいゆう|true
めいよ|めいよ|true
めいよしょく|めいよしょく|true
めいりょう|めいりょう|true
めいれい|めいれい|true
めいろ|めいろ|true
めいろう|めいろう|true
めいわく|めいわく|true
めいわくこうい|めいわくこうい|true
めい想|めいそう|false
めい福|めいふく|false
めうえ|めうえ|true
めかた|めかた|true
めがさめる|めがさめる|true
めがしら|めがしら|true
めがね|メガネ|true
めがみ|めがみ|true
めきめき|メキメキ|true
めく|めく|true
めくら|めくら|true
めくる|めくる|true
めぐすり|めぐすり|true
めぐまれる|めぐまれる|true
めぐみ|めぐみ|true
めぐむ|めぐむ|true
めぐりあう|めぐりあう|true
めぐり会う|めぐりあう|false
めぐり合う|めぐりあう|true
めぐり逢う|めぐりあう|false
めぐる|めぐる|true
めぐろ|めぐろ|true
めこ|さいし|false
めさき|めさき|true
めざす|めざす|true
めざまし|めざまし|true
めざましい|めざましい|true
めざましどけい|めざましどけい|true
めざめる|めざめる|true
めし|めし|true
めしあがる|めしあがる|true
めしうど|しゅうじん|false
めした|めした|true
めしゅうど|しゅうじん|false
めじるし|めじるし|true
めじろ|めじろ|true
めじろおし|めじろおし|true
めじろ押し|めじろおし|false
めす|めす|true
めずらしい|めずらしい|true
めだつ|めだつ|true
めだま|めだま|true
めだましょうひん|めだましょうひん|true
めちゃくちゃ|めちゃくちゃ|true
めちゃめちゃ|めちゃめちゃ|true
めっきり|めっきり|true
めった|めった|true
めったに|めったに|true
めっちゃくちゃ|めちゃくちゃ|false
めつき|めつき|true
めつぼう|めつぼう|true
めでたい|めでたい|true
めど|めど|true
めぬき|めぬき|true
めのまえ|めのまえ|true
めばえ|めばえ|true
めばな|めばな|true
めべり|めべり|true
めまい|めまい|true
めもり|めもり|true
めやす|めやす|true
めをとおす|めをとおす|true
めん|めす|false
めん|めん|true
めんえき|めんえき|true
めんかい|めんかい|true
めんきょ|めんきょ|true
めんきょしょう|めんきょしょう|true
めんしき|めんしき|true
めんしょく|めんしょく|true
めんじょ|めんじょ|true
めんじょう|めんじょう|true
めんする|めんする|true
めんせき|めんせき|true
めんせつ|めんせつ|true
めんぜい|めんぜい|true
めんだん|めんだん|true
めんどう|めんどう|true
めんどうくさい|めんどくさい|true
めんどくさい|めんどくさい|true
めんど臭い|めんどくさい|false
めんぷ|めんぷ|true
めんぼく|めんぼく|true
めんみつ|めんみつ|true
めんめん|めんめん|true
めんもく|めんぼく|true
も|おもて|false
も|も|true
もう|もう|true
もうい|もうい|true
もういちど|もういちど|true
もうかる|もうかる|true
もうがっこう|もうがっこう|true
もうけ|もうけ|true
もうける|もうける|true
もうこう|もうこう|true
もうしあげる|もうしあげる|true
もうしあわせ|もうしあわせ|true
もうしいれ|もうしいれ|true
もうしいれる|もうしいれる|true
もうしこみ|もうしこみ|true
もうしこみしょ|もうしこみしょ|true
もうしこむ|もうしこむ|true
もうしたて|もうしたて|true
もうしで|もうしで|true
もうしでる|もうしでる|true
もうしぶんない|もうしぶんない|true
もうしょ|もうしょ|true
もうしわけ|もうしわけ|true
もうしわけありません|もうしわけありません|true
もうしわけない|もうしわけない|true
もうじゅう|もうじゅう|true
もうじん|もうじん|true
もうす|もうす|true
もうすっかり|もうすっかり|true
もうそう|もうそう|true
もうだ|もうだ|true
もうちょう|もうちょう|true
もうてん|もうてん|true
もうどうけん|もうどうけん|true
もうひ|けがわ|false
もうひつ|もうひつ|true
もうふ|もうふ|true
もうまく|もうまく|true
もうもく|もうもく|true
もうら|もうら|true
もうれつ|もうれつ|true
もう一度|もういちど|true
もう１度|もういちど|false
もえあがる|もえあがる|true
もえる|もえる|true
もぉ|もう|false
もがく|もがく|true
もぎ|もぎ|true
もぎしけん|もぎしけん|true
もくげき|もくげき|true
もくさつ|もくさつ|true
もくざい|もくざい|true
もくじ|もくじ|true
もくせい|もくせい|true
もくぜん|もくぜん|true
もくそく|もくそく|true
もくぞう|もくぞう|true
もくたん|もくたん|true
もくちょう|もくちょう|true
もくてき|もくてき|true
もくてきち|もくてきち|true
もくと|めど|false
もくとう|もくとう|true
もくにん|もくにん|true
もくひょう|もくひょう|true
もくへん|もくへん|true
もくよう|もくよう|true
もくようび|もくようび|true
もくろく|もくろく|true
もぐ|もぐ|true
もけい|もけい|true
もさく|もさく|true
もし|もし|true
もしかしたら|もしかしたら|true
もしかして|もしかして|true
もしかすると|もしかすると|true
もしくは|もしくは|true
もしも|もしも|true
もしもし|もしもし|true
もしゅ|もしゅ|true
もしょう|もしょう|true
もじ|もじ|true
もじどおり|もじどおり|true
もす|もやす|false
もぞう|もぞう|true
もたらす|もたらす|true
もたれる|もたれる|true
もち|もち|true
もちあい|もちあい|true
もちあげる|もちあげる|true
もちあじ|もちあじ|true
もちいえ|もちいえ|true
もちいる|もちいる|true
もちかえり|もちかえり|true
もちかえる|もちかえる|true
もちかぶ|もちかぶ|true
もちこす|もちこす|true
もちこたえる|もちこたえる|true
もちこみ|もちこみ|true
もちこむ|もちこむ|true
もちだし|もちだし|true
もちだす|もちだす|true
もちづき|もちづき|true
もちなおす|もちなおす|true
もちぬし|もちぬし|true
もちまえ|もちまえ|true
もちまわり|もちまわり|true
もちもの|もちもの|true
もちや|もちいえ|false
もちろん|もちろん|true
もち月|もちづき|false
もち越す|もちこす|false
もっか|もっか|true
もっこう|もっこう|true
もったいない|もったいない|true
もって|もって|true
もっていく|もっていく|true
もってくる|もってくる|true
もってゆく|もっていく|false
もって来る|もってくる|false
もって行く|もっていく|false
もっと|もっと|true
もっとも|もっとも|true
もっともらしい|もっともらしい|true
もっぱら|もっぱら|true
もつ|たもつ|false
もつ|もつ|true
もつなべ|もつなべ|true
もつれる|もつれる|true
もつ鍋|もつなべ|true
もて|おもて|false
もてない|モテない|true
もてなし|もてなし|true
もてなす|もてなす|true
もてる|もてる|true
もと|もと|true
もとき|もとき|true
もときん|がんきん|false
もとづく|もとづく|true
もとめる|もとめる|true
もとも|もっとも|false
もともと|もともと|true
もとより|もとより|true
もどし|もどし|true
もどす|もどす|true
もどり|もどり|true
もどる|もどる|true
もの|もの|true
ものいい|ものいい|true
ものおき|ものおき|true
ものおと|ものおと|true
ものおぼえ|ものおぼえ|true
ものかげ|ものかげ|true
ものがたり|ものがたり|true
ものがたる|ものがたる|true
ものごころ|ものごころ|true
ものごし|ものごし|true
ものごと|ものごと|true
ものさし|ものさし|true
ものすごい|ものすごい|true
ものすっごい|ものすごい|false
ものすんごい|ものすごい|false
ものずき|ものずき|true
ものたりない|ものたりない|true
ものの|ものの|true
ものほし|ものほし|true
ものわかれ|ものわかれ|true
もの凄い|ものすごい|false
もの好き|ものずき|false
もの差し|ものさし|false
もの指し|ものさし|false
もの覚え|ものおぼえ|false
もの足りない|ものたりない|false
もはや|もはや|true
もはら|もっぱら|false
もはん|もはん|true
もふく|もふく|true
もほう|もほう|true
もみじ|もみじ|true
もむ|もむ|true
もめる|もめる|true
もめん|もめん|true
もも|もも|true
ももいろ|ももいろ|true
もも色|ももいろ|false
もやす|もやす|true
もよう|もよう|true
もよおし|もよおし|true
もよおす|もよおす|true
もより|もより|true
もらう|もらう|true
もらす|もらす|true
もらたす|もたらす|false
もり|もり|true
もりあがり|もりあがり|true
もりあがる|もりあがる|true
もりあげる|もりあげる|true
もりこむ|もりこむ|true
もりつけ|もりつけ|true
もる|もる|true
もれる|もれる|true
もろい|もろい|true
もろうで|りょううで|false
もん|もの|false
もん|もん|true
もんか|もんか|true
もんかせい|もんかせい|true
もんがいかん|もんがいかん|true
もんきりがた|もんきりがた|true
もんく|もんく|true
もんくなし|もんくなし|true
もんこ|もんこ|true
もんしょう|もんしょう|true
もんじ|もじ|false
もんじょ|ぶんしょ|false
もんじょう|ぶんしょう|false
もんせき|もんせき|true
もんぜん|もんぜん|true
もんぜんばらい|もんぜんばらい|true
もんぞう|ぶんしょう|false
もんだい|もんだい|true
もんだいいしき|もんだいいしき|true
もんだいてん|もんだいてん|true
もんだいない|もんだいない|true
もんどう|もんどう|true
もんぴ|もんぴ|true
もんぶ|もんぶ|true
もんぶかがくしょう|もんぶかがくしょう|true
もんぶしょう|もんぶしょう|true
もんよう|もんよう|true
もー|もう|false
や|いや|false
や|はち|false
や|や|true
やうち|かない|false
やえ|やえ|true
やえざくら|やえざくら|true
やおや|やおや|true
やかましい|やかましい|true
やかん|やかん|true
やがい|やがい|true
やがく|やがく|true
やがて|やがて|true
やきいも|やきいも|true
やきそば|やきそば|true
やきとり|やきとり|true
やきにく|やきにく|true
やきもち|やきもち|true
やきゅう|やきゅう|true
やきゅうぶ|やきゅうぶ|true
やきん|やきん|true
やぎょう|やこう|false
やく|えき|false
やく|やく|true
やくいん|やくいん|true
やくか|やっか|false
やくがい|やくがい|true
やくがく|やくがく|true
やくがら|やくがら|true
やくざ|ヤクザ|true
やくざい|やくざい|true
やくざいし|やくざいし|true
やくしゃ|やくしゃ|true
やくしょ|やくしょ|true
やくしょく|やくしょく|true
やくしん|やくしん|true
やくじょ|やくじょ|true
やくす|やくす|true
やくそく|やくそく|true
やくそくどおり|やくそくどおり|true
やくだつ|やくだつ|true
やくどう|やくどう|true
やくどし|やくどし|true
やくにたたない|やくにたたない|true
やくにたつ|やくにたつ|true
やくにん|やくにん|true
やくに立たない|やくにたたない|false
やくに立つ|やくにたつ|false
やくば|やくば|true
やくひん|やくひん|true
やくびょう|えきびょう|false
やくぶつ|やくぶつ|true
やくまわり|やくまわり|true
やくみ|やくみ|true
やくめ|やくめ|true
やくわり|やくわり|true
やぐ|やぐ|true
やけ|やけ|true
やけあと|やけあと|true
やけい|やけい|true
やけど|やけど|true
やける|やける|true
やけん|やけん|true
やこう|やこう|true
やごう|やごう|true
やさい|やさい|true
やさき|やさき|true
やさしい|やさしい|true
やしき|やしき|true
やしなう|やしなう|true
やしゅ|やしゅ|true
やしん|やしん|true
やじゅう|やじゅう|true
やじるし|やじるし|true
やすあがり|やすあがり|true
やすい|やすい|true
やすうり|やすうり|true
やすくにじんじゃ|やすくにじんじゃ|true
やすっぽい|やすっぽい|true
やすね|やすね|true
やすまる|やすまる|true
やすみ|やすみ|true
やすむ|やすむ|true
やすめる|やすめる|true
やすもの|やすもの|true
やすもん|やすもの|false
やすらか|やすらか|true
やすらぎ|やすらぎ|true
やすらぐ|やすらぐ|true
やせい|やせい|true
やせる|やせる|true
やそ|はちじゅう|false
やたい|やたい|true
やたら|やたら|true
やちょう|やちょう|true
やちよ|やちよ|true
やちん|やちん|true
やっか|やっか|true
やっかい|やっかい|true
やっかん|やっかん|true
やっき|やっき|true
やっきょく|やっきょく|true
やった|やった|true
やったあ|やった|false
やったー|やった|false
やっつ|やっつ|true
やってくる|やってくる|true
やって来る|やってくる|true
やっと|やっと|true
やっぱり|やっぱり|true
やつ|やっつ|false
やつ|やつ|true
やつあたり|やつあたり|true
やつら|やつら|true
やつ当たり|やつあたり|false
やつ等|やつら|false
やづくり|いえづくり|false
やといぬし|やといぬし|true
やとい主|やといぬし|false
やとう|やとう|true
やど|やど|true
やどす|やどす|true
やどや|やどや|true
やどる|やどる|true
やなぎ|やなぎ|true
やぬし|やぬし|true
やね|やね|true
やはり|やはり|true
やばい|やばい|true
やばん|やばん|true
やぶる|やぶる|true
やぶれる|やぶれる|true
やぼ|やぼ|true
やぼう|やぼう|true
やま|やま|true
やまい|やまい|true
やまおく|やまおく|true
やまかげ|やまかげ|true
やまかじ|やまかじ|true
やまかわ|さんせん|false
やまがた|やまがた|true
やまくずれ|やまくずれ|true
やまごや|やまごや|true
やまて|やまて|true
やまでら|やまでら|true
やまと|やまと|true
やまねこ|やまねこ|true
やまのぼり|やまのぼり|true
やまみち|やまみち|true
やまめ|かふ|false
やまやま|やまやま|true
やみ|やみ|true
やむ|やむ|true
やむをえない|やむをえない|true
やむを得ない|やむをえない|true
やめる|やめる|true
やもめ|かふ|false
やや|やや|true
ややこしい|ややこしい|true
ややっこしい|ややこしい|false
やよい|やよい|true
やらしい|いやらしい|false
やり|やり|true
やりかた|やりかた|true
やりがい|やりがい|true
やりきれない|やりきれない|true
やりくり|やりくり|true
やりすごす|やりすごす|true
やりとり|やりとり|true
やりなおし|やりなおし|true
やりなおす|やりなおす|true
やり切れない|やりきれない|true
やり取り|やりとり|true
やり方|やりかた|true
やり甲斐|やりがい|false
やり直し|やりなおし|true
やり直す|やりなおす|true
やり繰り|やりくり|true
やり過ごす|やりすごす|true
やり過す|やりすごす|false
やる|やる|true
やるき|やるき|true
やる気|やるき|true
やれやれ|やれやれ|true
やろう|やろう|true
やわらか|やわらか|true
やわらかい|やわらかい|true
やわらぐ|やわらぐ|true
やわらげる|やわらげる|true
ゆ|ゆ|true
ゆ|ゆず|false
ゆ|ゆみ|false
ゆいいつ|ゆいいつ|true
ゆいごん|ゆいごん|true
ゆいしょ|ゆいしょ|true
ゆいつ|ゆいいつ|true
ゆいぶつろん|ゆいぶつろん|true
ゆう|いう|true
ゆう|ゆう|true
ゆう|ゆず|false
ゆうあい|ゆうあい|true
ゆうい|ゆうい|true
ゆういぎ|ゆういぎ|true
ゆういつ|ゆいいつ|false
ゆういん|ゆういん|true
ゆううつ|ゆううつ|true
ゆうえき|ゆうえき|true
ゆうえつかん|ゆうえつかん|true
ゆうえんち|ゆうえんち|true
ゆうかい|ゆうかい|true
ゆうかしょうけん|ゆうかしょうけん|true
ゆうかん|ゆうかん|true
ゆうが|ゆうが|true
ゆうがい|ゆうがい|true
ゆうがた|ゆうがた|true
ゆうき|ゆうき|true
ゆうきぶつ|ゆうきぶつ|true
ゆうきゅう|ゆうきゅう|true
ゆうぎ|ゆうぎ|true
ゆうぎり|ゆうぎり|true
ゆうぐう|ゆうぐう|true
ゆうぐれ|ゆうぐれ|true
ゆうけんしゃ|ゆうけんしゃ|true
ゆうげき|ゆうげき|true
ゆうげきしゅ|ゆうげきしゅ|true
ゆうげん|ゆうげん|true
ゆうこう|ゆうこう|true
ゆうこく|ゆうこく|true
ゆうごう|ゆうごう|true
ゆうざい|ゆうざい|true
ゆうし|ゆうし|true
ゆうしきしゃ|ゆうしきしゃ|true
ゆうしゃ|ゆうしゃ|true
ゆうしゅう|ゆうしゅう|true
ゆうしょう|ゆうしょう|true
ゆうしょく|ゆうしょく|true
ゆうじ|ゆうじ|true
ゆうじゃ|ゆうしゃ|false
ゆうじゅうふだん|ゆうじゅうふだん|true
ゆうじょう|ゆうじょう|true
ゆうじん|ゆうじん|true
ゆうすい|ゆうすい|true
ゆうすう|ゆうすう|true
ゆうする|ゆうする|true
ゆうずう|ゆうずう|true
ゆうせい|ゆうせい|true
ゆうせいしょう|ゆうせいしょう|true
ゆうせん|ゆうせん|true
ゆうせんてき|ゆうせんてき|true
ゆうぜい|ゆうぜい|true
ゆうそう|ゆうそう|true
ゆうたい|ゆうたい|true
ゆうだい|ゆうだい|true
ゆうだち|ゆうだち|true
ゆうち|ゆうち|true
ゆうちょ|ゆうちょ|true
ゆうちょう|ゆうちょう|true
ゆうちょぎんこう|ゆうちょぎんこう|true
ゆうちょ銀行|ゆうちょぎんこう|true
ゆうづう|ゆうずう|false
ゆうとうせい|ゆうとうせい|true
ゆうどう|ゆうどう|true
ゆうどく|ゆうどく|true
ゆうのう|ゆうのう|true
ゆうはつ|ゆうはつ|true
ゆうはん|ゆうはん|true
ゆうひ|ゆうひ|true
ゆうび|ゆうび|true
ゆうびん|ゆうびん|true
ゆうびんきょく|ゆうびんきょく|true
ゆうふく|ゆうふく|true
ゆうへい|ゆうへい|true
ゆうべ|ゆうべ|true
ゆうべん|ゆうべん|true
ゆうほ|ゆうほ|true
ゆうぼう|ゆうぼう|true
ゆうぼく|ゆうぼく|true
ゆうまでもない|いうまでもない|false
ゆうむ|うむ|false
ゆうめい|ゆうめい|true
ゆうめいじん|ゆうめいじん|true
ゆうめし|ゆうはん|true
ゆうやけ|ゆうやけ|true
ゆうゆう|ゆうゆう|true
ゆうよ|ゆうよ|true
ゆうよう|ゆうよう|true
ゆうらん|ゆうらん|true
ゆうり|ゆうり|true
ゆうりょ|ゆうりょ|true
ゆうりょう|ゆうりょう|true
ゆうりょく|ゆうりょく|true
ゆうりょくしゃ|ゆうりょくしゃ|true
ゆうれい|ゆうれい|true
ゆうれつ|ゆうれつ|true
ゆうわ|ゆうわ|true
ゆうわく|ゆうわく|true
ゆうパック|ゆうパック|true
ゆえに|ゆえに|true
ゆおう|いおう|false
ゆか|ゆか|true
ゆかい|ゆかい|true
ゆかした|ゆかした|true
ゆかた|ゆかた|true
ゆがむ|ゆがむ|true
ゆき|いき|true
ゆき|ゆき|true
ゆきき|ゆきき|true
ゆきぐに|ゆきぐに|true
ゆきさき|いきさき|false
ゆきすぎ|いきすぎ|false
ゆきすぎる|いきすぎる|false
ゆきちがい|いきちがい|false
ゆきづまり|いきづまり|false
ゆきとどく|いきとどく|false
ゆきどけ|ゆきどけ|true
ゆきどまり|いきどまり|false
ゆきなり|いきなり|false
ゆきわたる|いきわたる|false
ゆぎん|ゆぎん|true
ゆく|いく|true
ゆくえ|ゆくえ|true
ゆくえふめい|ゆくえふめい|true
ゆけつ|ゆけつ|true
ゆげ|ゆげ|true
ゆさい|ゆさい|true
ゆさぶり|ゆさぶり|true
ゆさぶる|ゆさぶる|true
ゆし|ゆし|true
ゆしゅつ|ゆしゅつ|true
ゆしゅつにゅう|ゆしゅつにゅう|true
ゆする|ゆする|true
ゆず|ゆず|true
ゆずう|ゆうずう|false
ゆずりわたす|ゆずりわたす|true
ゆずる|ゆずる|true
ゆせい|ゆせい|true
ゆそう|ゆそう|true
ゆたか|ゆたか|true
ゆだねる|ゆだねる|true
ゆだん|ゆだん|true
ゆちゃく|ゆちゃく|true
ゆっくり|ゆっくり|true
ゆったり|ゆったり|true
ゆでる|ゆでる|true
ゆでん|ゆでん|true
ゆとり|ゆとり|true
ゆにゅう|ゆにゅう|true
ゆのみ|ゆのみ|true
ゆばり|にょう|false
ゆび|ゆび|true
ゆびきり|ゆびきり|true
ゆびさき|ゆびさき|true
ゆびさす|ゆびさす|true
ゆびわ|ゆびわ|true
ゆまり|にょう|false
ゆみ|ゆみ|true
ゆみや|ゆみや|true
ゆめ|ゆめ|true
ゆめにも|ゆめにも|true
ゆめまぼろし|むげん|false
ゆらい|ゆらい|true
ゆらぎ|ゆらぎ|true
ゆらぐ|ゆらぐ|true
ゆらゆら|ゆらゆら|true
ゆり|ゆり|true
ゆりかご|ゆりかご|true
ゆる|ゆり|false
ゆる|ゆる|true
ゆるい|ゆるい|true
ゆるがす|ゆるがす|true
ゆるぐ|ゆるぐ|true
ゆるし|ゆるし|true
ゆるす|ゆるす|true
ゆるむ|ゆるむ|true
ゆるめる|ゆるめる|true
ゆるやか|ゆるやか|true
ゆれる|ゆれる|true
ゆわい|いわい|false
ゆわかしき|ゆわかしき|true
ゆんべ|ゆうべ|false
よ|し|false
よ|よ|true
よ|よる|false
よあけ|よあけ|true
よい|よい|true
よいん|よいん|true
よう|えき|false
よう|よう|true
ようい|ようい|true
よういく|よういく|true
よういん|よういん|true
ようえき|ようえき|true
ようか|ようか|true
ようかい|ようかい|true
ようが|ようが|true
ようがく|ようがく|true
ようがん|ようがん|true
ようき|ようき|true
ようきゅう|ようきゅう|true
ようきょく|ようきょく|true
ようぎ|ようぎ|true
ようぎしゃ|ようぎしゃ|true
ようぎょう|ようぎょう|true
ようぐ|ようぐ|true
ようけい|ようけい|true
ようけん|ようけん|true
ようこう|ようこう|true
ようこうろ|ようこうろ|true
ようこそ|ようこそ|true
ようご|ようご|true
ようさい|ようさい|true
ようさん|ようさん|true
ようし|ようし|true
ようし|よし|false
ようしき|ようしき|true
ようしつ|ようしつ|true
ようしゃ|ようしゃ|true
ようしゃなく|ようしゃなく|true
ようしゅ|ようしゅ|true
ようしょ|ようしょ|true
ようしょう|ようしょう|true
ようしょうき|ようしょうき|true
ようしょく|ようしょく|true
ようじ|ようじ|true
ようじょう|ようじょう|true
ようじん|ようじん|true
ようじんぶかい|ようじんぶかい|true
ようじんぼう|ようじんぼう|true
ようす|ようす|true
ようすい|ようすい|true
ようする|ようする|true
ようするに|ようするに|true
ようすをみる|ようすをみる|true
ようせい|ようせい|true
ようせき|ようせき|true
ようせつ|ようせつ|true
ようそ|ようそ|true
ようそう|ようそう|true
ようち|ようち|true
ようちえん|ようちえん|true
ようちゅう|ようちゅう|true
ようちゅうい|ようちゅうい|true
ようつう|ようつう|true
ようてん|ようてん|true
ようと|ようと|true
ようとん|ようとん|true
ようなきがする|ようなきがする|true
ような気がする|ようなきがする|true
ように|ように|true
ようにく|ようにく|true
ようにする|ようにする|true
ようになる|ようになる|true
ようにん|ようにん|true
ようは|ようは|true
ようひん|ようひん|true
ようび|ようび|true
ようふ|ようふ|true
ようふう|ようふう|true
ようふく|ようふく|true
ようふぼ|ようふぼ|true
ようぶ|ようぶ|true
ようぼう|ようぼう|true
ようま|ようま|true
ようもう|ようもう|true
ようやく|ようやく|true
ようりつ|ようりつ|true
ようりゅう|やなぎ|false
ようりょう|ようりょう|true
ようれい|ようれい|true
ようろう|ようろう|true
ようろういん|ようろういん|true
よか|よか|true
よかったら|よかったら|true
よかん|よかん|true
よき|よき|true
よきせぬ|よきせぬ|true
よきん|よきん|true
よぎない|よぎない|true
よぎなく|よぎなく|true
よぎなくされる|よぎなくされる|true
よく|つばさ|false
よく|よく|true
よくあさ|よくあさ|true
よくあつ|よくあつ|true
よくあるごしつもん|よくあるごしつもん|true
よくあるご質問|よくあるごしつもん|true
よくあるしつもん|よくあるしつもん|true
よくある御質問|よくあるごしつもん|false
よくある質問|よくあるしつもん|true
よくい|ゆかた|false
よくげつ|よくげつ|true
よくし|よくし|true
よくしつ|よくしつ|true
よくしゅう|よくしゅう|true
よくじつ|よくじつ|true
よくじょう|よくじょう|true
よくせい|よくせい|true
よくそう|よくそう|true
よくちょう|よくあさ|true
よくとし|よくねん|false
よくねん|よくねん|true
よくばり|よくばり|true
よくばる|よくばる|true
よくぼう|よくぼう|true
よくも|よくも|true
よくよう|よくよう|true
よくりゅう|よくりゅう|true
よけい|よけい|true
よける|さける|true
よげん|よげん|true
よこ|よこ|true
よこがお|よこがお|true
よこがき|よこがき|true
よこぎる|よこぎる|true
よこく|よこく|true
よこくへん|よこくへん|true
よこしま|よこしま|true
よこす|よこす|true
よこせん|おうせん|false
よこたわる|よこたわる|true
よこづな|よこづな|true
よこて|よこて|true
よこで|よこて|false
よこどり|よこどり|true
よこはば|よこはば|true
よこはま|よこはま|true
よこばい|よこばい|true
よこみち|よこみち|true
よこめ|よこめ|true
よこもじ|よこもじ|true
よごす|よごす|true
よごれ|よごれ|true
よごれる|よごれる|true
よさ|よさ|true
よさん|よさん|true
よし|よし|true
よしあし|よしあし|true
よしゅう|よしゅう|true
よしわるし|よしあし|false
よしん|よしん|true
よし悪し|よしあし|false
よじ|よじ|true
よじょう|よじょう|true
よじょうはん|よじょうはん|true
よじん|よじん|true
よす|よす|true
よすみ|よすみ|true
よせ|よせ|true
よせあつめ|よせあつめ|true
よせせき|よせ|false
よせる|よせる|true
よせん|よせん|true
よそ|よそ|true
よそ|よんじゅう|false
よそいき|よそゆき|false
よそう|よそう|true
よそういじょう|よそういじょう|true
よそうがい|よそうがい|true
よそおい|よそおい|true
よそおう|よそおう|true
よそく|よそく|true
よそみ|よそみ|true
よそゆき|よそゆき|true
よそ行き|よそゆき|true
よそ見|よそみ|true
よぞら|よぞら|true
よたく|よたく|true
よたり|よにん|false
よだれ|よだれ|true
よだん|よだん|true
よち|よち|true
よちょきん|よちょきん|true
よちよち|よちよち|true
よっか|よっか|true
よっきゅう|よっきゅう|true
よったり|よにん|false
よっつ|よっつ|true
よっぱらい|よっぱらい|true
よっぱらう|よっぱらう|true
よっぽど|よっぽど|true
よつ|よっつ|false
よつかど|よつかど|true
よてい|よてい|true
よていひょう|よていひょう|true
よとう|よとう|true
よどむ|よどむ|true
よな|よね|true
よなか|よなか|true
よにん|よじん|false
よにん|よにん|true
よね|よね|true
よねん|よねん|true
よのなか|よのなか|true
よは|よは|true
よび|よび|true
よびかけ|よびかけ|true
よびかける|よびかける|true
よびこう|よびこう|true
よびごえ|よびごえ|true
よびすて|よびすて|true
よびだし|よびだし|true
よびだす|よびだす|true
よびな|よびな|true
よびひ|よびひ|true
よびみず|よびみず|true
よびもどす|よびもどす|true
よび戻す|よびもどす|false
よふかし|よふかし|true
よふけ|よふけ|true
よぶ|よぶ|true
よぶん|よぶん|true
よべ|ゆうべ|false
よほう|しほう|false
よほう|よほう|true
よほど|よほど|true
よぼう|よぼう|true
よぼうせっしゅ|よぼうせっしゅ|true
よみ|よみ|true
よみあげる|よみあげる|true
よみうり|よみうり|true
よみかえす|よみかえす|true
よみかき|よみかき|true
よみかた|よみかた|true
よみがえる|よみがえる|true
よみとり|よみとり|true
よみにくい|よみにくい|true
よみもの|よみもの|true
よむ|よむ|true
よめ|よめ|true
よめい|よめい|true
よめいり|よめいり|true
よも|しほう|false
よやく|よやく|true
よやくちゅうもん|よやくちゅうもん|true
よやとう|よやとう|true
よゆう|よゆう|true
より|より|true
よりあつまる|よりあつまる|true
よりすぐり|よりすぐり|true
よりみち|よりみち|true
よりも|よりも|true
よりょく|よりょく|true
よりわける|よりわける|true
より分ける|よりわける|false
よる|よる|true
よるごはん|よるごはん|true
よれば|よれば|true
よろい|よろい|true
よろこばしい|よろこばしい|true
よろこばす|よろこばす|true
よろこび|よろこび|true
よろこぶ|よろこぶ|true
よろこんで|よろこんで|true
よろしい|よろしい|true
よろしく|よろしく|true
よろしくおねがいいたします|よろしくおねがいいたします|true
よろしくおねがいします|よろしくおねがいします|true
よろしくお願いいたします|よろしくおねがいいたします|true
よろしくお願いします|よろしくおねがいします|true
よろず|まん|false
よろずとせ|まんねん|false
よろめく|よろめく|true
よろよろ|よろよろ|true
よろん|よろん|true
よわい|よわい|true
よわき|よわき|true
よわごし|よわごし|true
よわね|よわね|true
よわまる|よわまる|true
よわみ|よわみ|true
よわむし|よわむし|true
よわめる|よわめる|true
よわる|よわる|true
よん|し|true
よんじゅう|よんじゅう|true
よんせん|よんせん|true
よんひゃく|よんひゃく|true
よんほん|よんほん|true
よんりんしゃ|よんりんしゃ|true
よーし|よし|false
ら|ら|true
らあめん|ラーメン|false
らい|らい|true
らいう|らいう|true
らいかく|らいきゃく|false
らいきゃく|らいきゃく|true
らいげつ|らいげつ|true
らいしゅう|らいしゅう|true
らいしゅん|らいしゅん|true
らいてん|らいてん|true
らいにち|らいにち|true
らいねん|らいねん|true
らいはる|らいしゅん|false
らいひん|らいひん|true
らいほう|らいほう|true
らいめい|らいめい|true
らく|らく|true
らくえん|らくえん|true
らくがき|らくがき|true
らくご|らくご|true
らくごか|らくごか|true
らくさ|らくさ|true
らくさつ|らくさつ|true
らくせん|らくせん|true
らくたん|らくたん|true
らくだい|らくだい|true
らくてんか|らくてんか|true
らくてんてき|らくてんてき|true
らくのう|らくのう|true
らくよう|おちば|false
らくらい|らくらい|true
らしい|らしい|true
らしんばん|らしんばん|true
らせん|らせん|true
らち|らち|true
らちもんだい|らちもんだい|true
らっか|らっか|true
らっかん|らっかん|true
らっかんてき|らっかんてき|true
らっち|らち|false
らふ|らふ|true
られつ|られつ|true
らん|らん|true
らんかく|らんかく|true
らんかん|らんかん|true
らんがい|らんがい|true
らんけい|らんけい|true
らんざつ|らんざつ|true
らんし|らんし|true
らんそう|らんそう|true
らんちょう|らんちょう|true
らんとう|らんとう|true
らんばい|らんばい|true
らんぱつ|らんぱつ|true
らんぼう|らんぼう|true
らんよう|らんよう|true
らんりつ|らんりつ|true
らん用|らんよう|false
らーめん|ラーメン|false
り|り|true
り|りん|false
りあげ|りあげ|true
りいち|リーチ|false
りえき|りえき|true
りか|りか|true
りかい|りかい|true
りがい|りがい|true
りがいかんけい|りがいかんけい|true
りがく|りがく|true
りがくぶ|りがくぶ|true
りきがく|りきがく|true
りきさく|りきさく|true
りきし|りきし|true
りきじ|りきし|false
りきせつ|りきせつ|true
りきてん|りきてん|true
りきとう|りきとう|true
りきむ|りきむ|true
りきゅう|りきゅう|true
りきりょう|りきりょう|true
りく|りく|true
りくかい|りくかい|true
りくきょう|りっきょう|false
りくぐん|りくぐん|true
りくじょう|りくじょう|true
りくじょうきょうぎ|りくじょうきょうぎ|true
りくじょうじえいたい|りくじょうじえいたい|true
りくつ|りくつ|true
りくろ|りくろ|true
りけい|りけい|true
りけん|りけん|true
りこ|りこ|true
りこう|りこう|true
りこうがくぶ|りこうがくぶ|true
りこしゅぎ|りこしゅぎ|true
りこん|りこん|true
りさげ|りさげ|true
りさん|りさん|true
りし|りし|true
りしょく|りしょく|true
りじ|りじ|true
りじゅん|りじゅん|true
りせい|りせい|true
りそう|りそう|true
りそうてき|りそうてき|true
りそく|りそく|true
りだつ|りだつ|true
りちゃくりく|りちゃくりく|true
りっかい|りくかい|false
りっきゃく|りっきゃく|true
りっきょう|りっきょう|true
りっけん|りっけん|true
りっこうほ|りっこうほ|true
りっこく|りっこく|true
りっしゅん|りっしゅん|true
りっしょう|りっしょう|true
りったい|りったい|true
りったいてき|りったいてき|true
りっち|りっち|true
りっぱ|りっぱ|true
りっぷく|りっぷく|true
りっぽう|りっぽう|true
りっぽうふ|りっぽうふ|true
りっぽうメートル|りっぽうメートル|true
りつ|りつ|true
りつあん|りつあん|true
りてん|りてん|true
りとう|りとう|true
りねん|りねん|true
りはつ|りはつ|true
りはん|りはん|true
りばらい|りばらい|true
りふじん|りふじん|true
りべん|りべん|true
りまわり|りまわり|true
りめん|りめん|true
りゃく|りゃく|true
りゃくご|りゃくご|true
りゃくしき|りゃくしき|true
りゃくしょう|りゃくしょう|true
りゃくす|りゃくす|true
りゃくだつ|りゃくだつ|true
りゃくれき|りゃくれき|true
りやく|りえき|false
りゅう|つぶ|false
りゅう|りゅう|true
りゅういき|りゅういき|true
りゅうおう|りゅうおう|true
りゅうがく|りゅうがく|true
りゅうがくせい|りゅうがくせい|true
りゅうき|りゅうき|true
りゅうきゅう|りゅうきゅう|true
りゅうけつ|りゅうけつ|true
りゅうこう|りゅうこう|true
りゅうこうか|りゅうこうか|true
りゅうさん|りゅうさん|true
りゅうし|りゅうし|true
りゅうしゅつ|りゅうしゅつ|true
りゅうじょう|りゅうじょう|true
りゅうせい|りゅうせい|true
りゅうち|りゅうち|true
りゅうちじょう|りゅうちじょう|true
りゅうちょう|りゅうちょう|true
りゅうつう|りゅうつう|true
りゅうどう|りゅうどう|true
りゅうどうてき|りゅうどうてき|true
りゅうにゅう|りゅうにゅう|true
りゅうにん|りゅうにん|true
りゅうねん|りゅうねん|true
りゅうは|りゅうは|true
りゅうひょう|りゅうひょう|true
りゅうほ|りゅうほ|true
りゅうよう|りゅうよう|true
りゆう|りゆう|true
りょう|みささぎ|false
りょう|りゅう|false
りょう|りょう|true
りょうあし|りょうあし|true
りょういき|りょういき|true
りょういん|りょういん|true
りょううで|りょううで|true
りょうかい|りょうかい|true
りょうがえ|りょうがえ|true
りょうがわ|りょうがわ|true
りょうがん|りょうがん|true
りょうきん|りょうきん|true
りょうぎし|りょうがん|false
りょうくう|りょうくう|true
りょうぐん|りょうぐん|true
りょうけい|りょうけい|true
りょうけん|りょうけん|true
りょうこう|りょうこう|true
りょうこく|りょうこく|true
りょうごく|りょうこく|false
りょうさい|りょうさい|true
りょうさん|りょうさん|true
りょうし|りょうし|true
りょうしき|りょうしき|true
りょうしつ|りょうしつ|true
りょうしゃ|りょうしゃ|true
りょうしゅう|りょうしゅう|true
りょうしゅうしょ|りょうしゅうしょ|true
りょうしょう|りょうしょう|true
りょうしょく|りょうしょく|true
りょうしん|りょうしん|true
りょうじ|りょうじ|true
りょうじかん|りょうじかん|true
りょうじつ|りょうじつ|true
りょうじゅう|りょうじゅう|true
りょうじん|かりゅうど|false
りょうせい|りょうせい|true
りょうそく|りょうあし|false
りょうそく|りょうがわ|false
りょうたん|りょうたん|true
りょうち|りょうち|true
りょうて|りょうて|true
りょうてい|りょうてい|true
りょうてき|りょうてき|true
りょうとう|りょうとう|true
りょうど|りょうど|true
りょうない|りょうない|true
りょうはし|りょうたん|false
りょうはじ|りょうたん|false
りょうはんてん|りょうはんてん|true
りょうば|ぎょじょう|false
りょうふう|りょうふう|true
りょうほう|りょうほう|true
りょうめん|りょうめん|true
りょうゆう|りょうゆう|true
りょうよう|りょうよう|true
りょうようしょ|りょうようじょ|false
りょうようじょ|りょうようじょ|true
りょうよく|りょうよく|true
りょうり|りょうり|true
りょうりつ|りょうりつ|true
りょうりにん|りょうりにん|true
りょうりや|りょうりや|true
りょうりん|りょうりん|true
りょうろん|りょうろん|true
りょかく|りょかく|true
りょかくき|りょかくき|true
りょかっき|りょかくき|false
りょかん|りょかん|true
りょきゃく|りょかく|false
りょく|りょく|true
りょくか|りょっか|false
りょくさく|りきさく|false
りょくしょう|ろくしょう|false
りょくしょく|みどりいろ|false
りょくち|りょくち|true
りょくちゃ|りょくちゃ|true
りょけん|りょけん|true
りょこう|りょこう|true
りょこうがいしゃ|りょこうがいしゃ|true
りょこうけん|りょこうけん|true
りょこうしゃ|りょこうしゃ|true
りょじん|たびびと|false
りょだん|りょだん|true
りょっか|りょっか|true
りょひ|りょひ|true
りよう|りよう|true
りようしゃ|りようしゃ|true
りようほうほう|りようほうほう|true
りりく|りりく|true
りりつ|りりつ|true
りれき|りれき|true
りれきしょ|りれきしょ|true
りろん|りろん|true
りん|すず|false
りん|りん|true
りんか|りんか|true
りんかい|りんかい|true
りんかく|りんかく|true
りんがく|りんがく|true
りんぎょう|りんぎょう|true
りんこく|りんごく|false
りんご|りんご|true
りんごく|りんごく|true
りんしつ|りんしつ|true
りんしょう|りんしょう|true
りんじ|りんじ|true
りんじゅう|りんじゅう|true
りんじょうかん|りんじょうかん|true
りんじん|りんじん|true
りんせつ|りんせつ|true
りんどう|りんどう|true
りんばん|りんばん|true
りんや|りんや|true
りんやちょう|りんやちょう|true
りんり|りんり|true
りんりがく|りんりがく|true
りんりつ|りんりつ|true
りんりてき|りんりてき|true
るい|るい|true
るいけい|るいけい|true
るいしん|るいしん|true
るいじ|るいじ|true
るいじんえん|るいじんえん|true
るいすい|るいすい|true
るいせき|るいせき|true
るす|るす|true
るすばん|るすばん|true
るす番|るすばん|false
るり|るり|true
るろう|るろう|true
れい|すず|false
れい|れい|true
れいえん|れいえん|true
れいか|れいか|true
れいかい|れいかい|true
れいかん|ひやあせ|true
れいがい|れいがい|true
れいがいてき|れいがいてき|true
れいきゃく|れいきゃく|true
れいきん|れいきん|true
れいぎ|れいぎ|true
れいぐう|れいぐう|true
れいこく|れいこく|true
れいさい|れいさい|true
れいしょう|れいしょう|true
れいじ|れいじ|true
れいじょう|れいじょう|true
れいすい|れいすい|true
れいせい|れいせい|true
れいせん|れいせん|true
れいぞう|れいぞう|true
れいぞうこ|れいぞうこ|true
れいたん|れいたん|true
れいだい|れいだい|true
れいだんぼう|れいだんぼう|true
れいてつ|れいてつ|true
れいてん|れいてん|true
れいとう|れいとう|true
れいとうこ|れいとうこ|true
れいとうしょくひん|れいとうしょくひん|true
れいねん|れいねん|true
れいはい|れいはい|true
れいふく|れいふく|true
れいぶん|れいぶん|true
れいぼう|れいぼう|true
れいわ|れいわ|true
れき|こよみ|false
れき|れき|true
れきし|れきし|true
れきしてき|れきしてき|true
れきぜん|れきぜん|true
れきだい|れきだい|true
れきにん|れきにん|true
れきほう|れきほう|true
れっか|れっか|true
れっきょ|れっきょ|true
れっこく|れっこく|true
れっしゃ|れっしゃ|true
れっしん|れっしん|true
れっせい|れっせい|true
れっとう|れっとう|true
れっとうかん|れっとうかん|true
れつ|れつ|true
れつあく|れつあく|true
れんあい|れんあい|true
れんか|れんか|true
れんかん|れんかん|true
れんが|れんが|true
れんきゅう|れんきゅう|true
れんきんじゅつ|れんきんじゅつ|true
れんきんじゅつし|れんきんじゅつし|true
れんけい|れんけい|true
れんけいプレー|れんけいプレー|true
れんけつ|れんけつ|true
れんこう|れんこう|true
れんごう|れんごう|true
れんごうかい|れんごうかい|true
れんさ|れんさ|true
れんさい|れんさい|true
れんさく|れんさく|true
れんざ|れんざ|true
れんしゅう|れんしゅう|true
れんしょう|れんしょう|true
れんじつ|れんじつ|true
れんじゅう|れんちゅう|false
れんせん|れんせん|true
れんそう|れんそう|true
れんぞく|れんぞく|true
れんたい|れんたい|true
れんだ|れんだ|true
れんちゅう|れんちゅう|true
れんぢゅう|れんちゅう|false
れんとう|れんとう|true
れんどう|れんどう|true
れんばい|れんばい|true
れんぱ|れんぱ|true
れんぱい|れんぱい|true
れんぱつ|れんぱつ|true
れんぽう|れんぽう|true
れんめい|れんめい|true
れんよう|れんよう|true
れんらく|れんらく|true
れんらくさき|れんらくさき|true
れんりつ|れんりつ|true
ろう|ろう|true
ろうえい|ろうえい|true
ろうか|ろうか|true
ろうかく|ろうかく|true
ろうがん|ろうがん|true
ろうきゅう|ろうきゅう|true
ろうくみ|ろうそ|false
ろうご|ろうご|true
ろうさい|ろうさい|true
ろうさく|ろうさく|true
ろうし|ろうし|true
ろうしょう|ろうしょう|true
ろうじゃく|ろうにゃく|true
ろうじゃくだんじょ|ろうにゃくなんにょ|false
ろうじょ|ろうじょ|true
ろうじん|ろうじん|true
ろうじんせい|ろうじんせい|true
ろうじんふくし|ろうじんふくし|true
ろうじんホーム|ろうじんホーム|true
ろうすい|ろうすい|true
ろうせつ|ろうえい|false
ろうそ|ろうそ|true
ろうそく|ろうそく|true
ろうどう|ろうどう|true
ろうどううんどう|ろうどううんどう|true
ろうどうきじゅんほう|ろうどうきじゅんほう|true
ろうどうくみあい|ろうどうくみあい|true
ろうどうしゃ|ろうどうしゃ|true
ろうどうしょう|ろうどうしょう|true
ろうどうじょうけん|ろうどうじょうけん|true
ろうどうとう|ろうどうとう|true
ろうどうりょく|ろうどうりょく|true
ろうどく|ろうどく|true
ろうにゃく|ろうにゃく|true
ろうにゃくなんにょ|ろうにゃくなんにょ|true
ろうにん|ろうにん|true
ろうねん|ろうねん|true
ろうば|ろうば|true
ろうひ|ろうひ|true
ろうふ|ろうふ|true
ろうふうふ|ろうふうふ|true
ろうほう|ろうほう|true
ろうまん|ロマン|false
ろうむ|ろうむ|true
ろうりょく|ろうりょく|true
ろうれい|ろうれい|true
ろうれん|ろうれん|true
ろく|しか|false
ろく|ろく|true
ろくおん|ろくおん|true
ろくおんテープ|ろくおんテープ|true
ろくが|ろくが|true
ろくがつ|ろくがつ|true
ろくしょう|ろくしょう|true
ろくじゅう|ろくじゅう|true
ろくじゅうしぶおんぷ|ろくじゅうしぶおんぷ|true
ろくな|ろくな|true
ろくに|ろくに|true
ろけん|ろけん|true
ろこつ|ろこつ|true
ろしゅつ|ろしゅつ|true
ろしん|ろしん|true
ろじ|ろじ|true
ろじょう|ろじょう|true
ろせん|ろせん|true
ろせんず|ろせんず|true
ろてい|ろてい|true
ろてん|ろてん|true
ろてんぶろ|ろてんぶろ|true
ろめん|ろめん|true
ろんかく|ろんきゃく|false
ろんがい|ろんがい|true
ろんきゃく|ろんきゃく|true
ろんきょ|ろんきょ|true
ろんぎ|ろんぎ|true
ろんこく|ろんこく|true
ろんし|ろんし|true
ろんしゃ|ろんしゃ|true
ろんじつくす|ろんじつくす|true
ろんじゃ|ろんしゃ|false
ろんじる|ろんじる|true
ろんずる|ろんずる|true
ろんせつ|ろんせつ|true
ろんせん|ろんせん|true
ろんそう|ろんそう|true
ろんちょう|ろんちょう|true
ろんてん|ろんてん|true
ろんぴょう|ろんぴょう|true
ろんぶん|ろんぶん|true
ろんり|ろんり|true
ろんりてき|ろんりてき|true
わ|わ|true
わ|われ|false
わいろ|わいろ|true
わいわい|わいわい|true
わえい|わえい|true
わか|わか|true
わかい|わかい|true
わかいころ|わかいころ|true
わかうど|わこうど|false
わかがえり|わかがえり|true
わかさ|わかさ|true
わかす|わかす|true
わかち|わかち|true
わかつ|わかつ|true
わかて|わかて|true
わかば|わかば|true
わかびと|わこうど|false
わかめ|わかめ|true
わかもの|わかもの|true
わかもん|わかもの|false
わからずや|わからずや|true
わからず屋|わからずや|false
わかり|わかり|true
わかりにくい|わかりにくい|true
わかる|わかる|true
わかれ|わかれ|true
わかれめ|わかれめ|true
わかれる|わかれる|true
わかわかしい|わかわかしい|true
わが|わが|true
わがいえ|わがや|false
わがくに|わがくに|true
わがし|わがし|true
わがまま|わがまま|true
わがみ|わし|false
わがや|わがや|true
わが国|わがくに|true
わが家|わがや|false
わき|わき|true
わきまえる|わきまえる|true
わきみ|わきみ|true
わきやく|わきやく|true
わき役|わきやく|false
わき見|わきみ|false
わぎ|わぎ|true
わぎゅう|わぎゅう|true
わぎり|わぎり|true
わく|わく|true
わくがい|わくがい|true
わくぐみ|わくぐみ|true
わくせい|わくせい|true
わくない|わくない|true
わくわく|わくわく|true
わけ|りゆう|false
わけ|わけ|true
わけがない|わけがない|true
わけが無い|わけがない|false
わけじゃない|わけじゃない|true
わけではない|わけではない|true
わけでは無い|わけではない|false
わけまえ|わけまえ|true
わける|わける|true
わげ|わかい|false
わこうど|わこうど|true
わご|わご|true
わさび|わさび|true
わざ|わざ|true
わざと|わざと|true
わざわい|わざわい|true
わざわざ|わざわざ|true
わし|わし|true
わしき|わしき|true
わしつ|わしつ|true
わしょく|わしょく|true
わじょう|おしょう|false
わすれもの|わすれもの|true
わすれもん|わすれもの|false
わすれる|わすれる|true
わすれ物|わすれもの|false
わずか|わずか|true
わずらう|わずらう|true
わずらわしい|わずらわしい|true
わた|うみ|false
わた|わた|true
わたくしごと|しじ|false
わたくしじしん|わたしじしん|false
わたくしたち|わたしたち|false
わたくしりつ|しりつ|false
わたくし達|わたしたち|false
わたし|わたし|true
わたしじしん|わたしじしん|true
わたしたち|わたしたち|true
わたしぶね|わたしぶね|true
わたし達|わたしたち|false
わたす|わたす|true
わたり|わたり|true
わたりどり|わたりどり|true
わたる|わたる|true
わだ|うみ|false
わだい|わだい|true
わな|わな|true
わぬ|われ|false
わね|わね|true
わねぇ|わね|false
わねえ|わね|false
わねー|わね|false
わび|わび|true
わびる|わびる|true
わふう|わふう|true
わふく|わふく|true
わぶん|わぶん|true
わへい|わへい|true
わめく|わめく|true
わようせっちゅう|わようせっちゅう|true
わら|わら|true
わらい|わらい|true
わらいごえ|わらいごえ|true
わらう|わらう|true
わり|わり|true
わりあい|わりあい|true
わりあいに|わりあいに|true
わりあて|わりあて|true
わりあてる|わりあてる|true
わりかん|わりかん|true
わりきる|わりきる|true
わりこみ|わりこみ|true
わりこむ|わりこむ|true
わりざん|わりざん|true
わりだか|わりだか|true
わりだす|わりだす|true
わりと|わりと|true
わりに|わりに|true
わりばし|わりばし|true
わりびき|わりびき|true
わりびきさい|わりびきさい|true
わりびく|わりびく|true
わりやす|わりやす|true
わり算|わりざん|false
わり箸|わりばし|false
わり込む|わりこむ|false
わる|わる|true
わるい|わるい|true
わるがしこい|わるがしこい|true
わるぎ|わるぎ|true
わるくち|わるぐち|true
わるぐち|わるぐち|true
わるさ|わるさ|true
わるもの|わるもの|true
われ|われ|true
われめ|われめ|true
われら|われら|true
われる|われる|true
われわれ|われわれ|true
わろ|われ|false
わん|わん|true
わんがん|わんがん|true
わんきょく|わんきょく|true
わんこ|ワンコ|false
わんちゃん|ワンちゃん|false
わんぱく|わんぱく|true
わんりょく|わんりょく|true
わん子|ワンコ|false
わん曲|わんきょく|false
わゴム|わゴム|true
ゑびす|えびす|false
を|を|true
んだ|のだ|true
んで|ので|false
んです|のです|true
ゟ|より|false
ア|あっ|false
アっ|あっ|false
アァ|ああ|false
アア|ああ|false
アアアア|ああああ|false
アィディア|アイデア|false
アイ|あい|false
アイコン|アイコン|true
アイシャドウ|アイシャドウ|true
アイシャドー|アイシャドウ|false
アイス|アイス|true
アイスクリーム|アイスクリーム|true
アイスコーヒー|アイスコーヒー|true
アイスホッケー|アイスホッケー|true
アイス・クリーム|アイスクリーム|false
アイス・コーヒー|アイスコーヒー|false
アイス・ホッケー|アイスホッケー|false
アイツら|あいつら|false
アイテム|アイテム|true
アイデア|アイデア|true
アイディア|アイデア|true
アイデンティティ|アイデンティティ|true
アイデンティティー|アイデンティティ|true
アイデンテティ|アイデンティティ|false
アイドル|アイドル|true
アイヌ|アイヌ|true
アイノ|アイヌ|false
アイボリ|アイボリー|false
アイボリー|アイボリー|true
アイリス|アイリス|true
アイロン|アイロン|true
アイヴォリー|アイボリー|false
アウア|アワー|false
アウト|アウト|true
アウトドア|アウトドア|true
アウトドアー|アウトドア|false
アウトレット|アウトレット|true
アオキ|あおき|false
アカデミ|アカデミー|false
アカデミィ|アカデミー|false
アカデミック|アカデミック|true
アカデミー|アカデミー|true
アカデミーしょう|アカデミーしょう|true
アカデミー賞|アカデミーしょう|true
アカマツ|あかまつ|false
アガる|あがる|false
アキテクチャ|アーキテクチャ|false
アキレスけん|アキレスけん|true
アキレス腱|アキレスけん|true
アクシデント|アクシデント|true
アクション|アクション|true
アクセサリ|アクセサリー|false
アクセサリー|アクセサリー|true
アクセス|アクセス|true
アクセル|アクセル|true
アクセント|アクセント|true
アクチブ|アクティブ|false
アクティビティ|アクティビティ|true
アクティビティー|アクティビティ|false
アクティブ|アクティブ|true
アクティヴ|アクティブ|false
アクティヴィティ|アクティビティ|false
アクティヴィティー|アクティビティ|false
アクテビティ|アクティビティ|false
アクテビティー|アクティビティ|false
アクビ|あくび|false
アクリル|アクリル|true
アクロバット|アクロバット|true
アクースティック|アコースティック|false
アグレシブ|アグレッシブ|false
アグレシヴ|アグレッシブ|false
アグレッシブ|アグレッシブ|true
アグレッシヴ|アグレッシブ|false
アゲる|あげる|false
アコスティック|アコースティック|false
アコースティク|アコースティック|false
アコースティック|アコースティック|true
アコーステック|アコースティック|false
アコーディアン|アコーディオン|false
アコーディオン|アコーディオン|true
アコーデオン|アコーディオン|false
アコード|アコード|true
アゴ|あご|false
アサガオ|あさがお|false
アザ|あざ|false
アシスタント|アシスタント|true
アシスト|アシスト|true
アジ|あじ|false
アジア|アジア|true
アジアじん|アジアじん|true
アジア人|アジアじん|true
アジサイ|あじさい|false
アジト|アジト|true
アスキー|アスキー|true
アスパラガス|アスパラガス|true
アスファルト|アスファルト|true
アスベスト|アスベスト|true
アスリート|アスリート|true
アスレチック|アスレチック|true
アスレティック|アスレチック|false
アズキ|あずき|false
アセスメント|アセスメント|true
アソコ|あそこ|false
アタシ|あたし|false
アタック|アタック|true
アタリ|あたり|false
アダプタ|アダプター|false
アダプター|アダプター|true
アダルト|アダルト|true
アチコチ|あちこち|false
アッ|あっ|true
アッという間|あっというま|false
アッという間に|あっというまに|false
アッとゆう間|あっというま|false
アッとゆう間に|あっというまに|false
アッと言う間|あっというま|false
アッと言う間に|あっというまに|false
アッサリ|あっさり|false
アット|アット|true
アッパー|アッパー|true
アッピール|アピール|false
アップ|アップ|true
アツい|あつい|false
アツアツ|あつあつ|false
アツイ|あつい|false
アトピー|アトピー|true
アトム|アトム|true
アトラクション|アトラクション|true
アトラス|アトラス|true
アトリエ|アトリエ|true
アド|アド|true
アドバイサー|アドバイザー|false
アドバイザ|アドバイザー|false
アドバイザー|アドバイザー|true
アドバイス|アドバイス|true
アドバンテッジ|アドバンテージ|false
アドバンテージ|アドバンテージ|true
アドベンチャー|アドベンチャー|true
アドリブ|アドリブ|true
アドレス|アドレス|true
アドレナリン|アドレナリン|true
アドヴァイザー|アドバイザー|false
アドヴァイス|アドバイス|false
アドヴァンテージ|アドバンテージ|false
アドヴェンチャー|アドベンチャー|false
アナ|アナ|true
アナウンサ|アナウンサー|false
アナウンサー|アナウンサー|true
アナウンス|アナウンス|true
アナリスト|アナリスト|true
アナログ|アナログ|true
アニキ|あにき|false
アニマル|アニマル|true
アニメ|アニメ|true
アニメーション|アニメーション|true
アバウト|アバウト|true
アパート|アパート|true
アヒル|アヒル|true
アピール|アピール|true
アフィリエイト|アフィリエイト|true
アフィリエート|アフィリエイト|false
アフェリエイト|アフィリエイト|false
アフェリエート|アフィリエイト|false
アフタヌーン|アフタヌーン|true
アフター|アフター|true
アフターヌーン|アフタヌーン|false
アフリカ|アフリカ|true
アブナい|あぶない|false
アプリ|アプリ|true
アプリケイション|アプリケーション|false
アプリケーション|アプリケーション|true
アプローチ|アプローチ|true
アベック|アベック|true
アベニュー|アベニュー|true
アホ|アホ|true
アホウ|アホ|false
アマ|あま|false
アマ|アマ|true
アマチュア|アマチュア|true
アミノさん|アミノさん|true
アミノ酸|アミノさん|true
アミューズメント|アミューズメント|true
アミーバ|アメーバ|false
アメダス|アメダス|true
アメフット|アメフト|false
アメフト|アメフト|true
アメリカ|アメリカ|true
アメリカがっしゅうこく|アメリカがっしゅうこく|true
アメリカじん|アメリカじん|true
アメリカン|アメリカン|true
アメリカ人|アメリカじん|true
アメリカ合衆国|アメリカがっしゅうこく|true
アメーバ|アメーバ|true
アメーバー|アメーバ|false
アモンド|アーモンド|false
アユ|あゆ|false
アラカルト|アラカルト|true
アラシ|あらし|false
アラブ|アラブ|true
アラート|アラート|true
アリ|あり|false
アリア|アリア|true
アリバイ|アリバイ|true
アリーナ|アリーナ|true
アルちゅう|アルちゅう|true
アルカディア|アルカディア|true
アルカリ|アルカリ|true
アルカリせい|アルカリせい|true
アルカリ性|アルカリせい|true
アルコホル|アルコール|false
アルコール|アルコール|true
アルゴリズム|アルゴリズム|true
アルツハイマー|アルツハイマー|true
アルデヒド|アルデヒド|true
アルト|アルト|true
アルバイト|アルバイト|true
アルバム|アルバム|true
アルパイン|アルパイン|true
アルファ|アルファ|true
アルファベット|アルファベット|true
アルファベットじゅん|アルファベットじゅん|true
アルファベット順|アルファベットじゅん|true
アルファー|アルファ|false
アルプス|アルプス|true
アルミ|アルミ|true
アルミニウム|アルミニウム|true
アルミニューム|アルミニウム|false
アル中|アルちゅう|true
アレ|あれ|false
アレコレ|あれこれ|false
アレルギー|アレルギー|true
アレンジ|アレンジ|true
アロハ|アロハ|true
アロマテラピー|アロマテラピー|true
アロー|アロー|true
アワー|アワー|true
アンカ|アンカー|false
アンカー|アンカー|true
アングラ|アングラ|true
アングル|アングル|true
アンケート|アンケート|true
アンコール|アンコール|true
アンサンブル|アンサンブル|true
アンズ|あんず|false
アンソロジー|アンソロジー|true
アンダー|アンダー|true
アンダーライン|アンダーライン|true
アンチ|アンチ|true
アンチック|アンティーク|false
アンチーク|アンティーク|false
アンティック|アンティーク|false
アンティーク|アンティーク|true
アンテナ|アンテナ|true
アンド|アンド|true
アンドロイド|アンドロイド|true
アンバランス|アンバランス|true
アンフェア|アンフェア|true
アンプ|アンプ|true
アンモニア|アンモニア|true
アヴェニュ|アベニュー|false
アヴェニュー|アベニュー|false
ア・ラ・カルト|アラカルト|false
アー|ああ|false
アーアー|ああああ|false
アーキテクチャ|アーキテクチャ|true
アーキテクチャー|アーキテクチャ|false
アーキテクチュア|アーキテクチャ|false
アーク|アーク|true
アーケイド|アーケード|false
アーケード|アーケード|true
アース|アース|true
アーチ|アーチ|true
アーチェリ|アーチェリー|false
アーチェリー|アーチェリー|true
アーチスト|アーティスト|true
アーティスト|アーティスト|true
アート|アート|true
アーバン|アーバン|true
アーム|アーム|true
アーモンド|アーモンド|true
アーーー|ああああ|false
イアフォン|イヤホン|false
イアホン|イヤホン|false
イアリング|イヤリング|false
イェロー|イエロー|false
イエス|イエス|true
イエロー|イエロー|true
イエースース|イエス|false
イオン|イオン|true
イカ|イカ|true
イキ|いき|false
イキイキ|いきいき|false
イギリス|イギリス|true
イク|いく|false
イクラ|イクラ|true
イケメン|イケメン|true
イケ面|イケメン|false
イコール|イコール|true
イザコザ|いざこざ|false
イジめる|いじめる|false
イジる|いじる|false
イジメ|いじめ|false
イジメる|いじめる|false
イス|いす|false
イスタンブル|イスタンブール|false
イスタンブール|イスタンブール|true
イスラエル|イスラエル|true
イスラム|イスラム|true
イスラムきょう|イスラムきょう|true
イスラム教|イスラムきょう|true
イスラーム|イスラム|false
イスラーム教|イスラムきょう|false
イズム|イズム|true
イソイソ|いそいそ|false
イタい|いたい|false
イタイ|いたい|false
イタズラ|いたずら|false
イタリア|イタリア|true
イタリヤ|イタリア|false
イチゴ|いちご|false
イチ早く|いちはやく|false
イッカク|いっかく|false
イット|イット|true
イデオロギ|イデオロギー|false
イデオロギー|イデオロギー|true
イニング|イニング|true
イヌ|いぬ|false
イネ|いね|false
イノシシ|いのしし|false
イノベイション|イノベーション|false
イノベーション|イノベーション|true
イビキ|いびき|false
イブ|イブ|true
イブニング|イブニング|true
イベント|イベント|true
イマイチ|いまいち|true
イマドキ|いまどき|false
イメージ|イメージ|true
イモ|いも|false
イヤ|いや|true
イヤがらせ|いやがらせ|false
イヤがる|いやがる|false
イヤガラセ|いやがらせ|false
イヤフォン|イヤホン|false
イヤフォーン|イヤホン|false
イヤホン|イヤホン|true
イヤホーン|イヤホン|false
イヤリング|イヤリング|true
イライラ|いらいら|false
イラク|イラク|true
イラスト|イラスト|true
イラストレータ|イラストレーター|false
イラストレーター|イラストレーター|true
イリノイ|イリノイ|true
イリュミネイション|イルミネーション|false
イリュミネーション|イルミネーション|false
イリュージョン|イリュージョン|true
イルカ|いるか|true
イルミネイション|イルミネーション|false
イルミネーション|イルミネーション|true
イルージョン|イリュージョン|false
イレブン|イレブン|true
イレヴン|イレブン|false
イロハ|いろは|false
イワシ|いわし|false
イン|イン|true
インキ|インキ|true
インク|インク|true
イングランド|イングランド|true
インサイダ|インサイダー|false
インサイダー|インサイダー|true
インシュリン|インスリン|true
インスタント|インスタント|true
インストラクター|インストラクター|true
インスピレイション|インスピレーション|false
インスピレーション|インスピレーション|true
インスリン|インスリン|true
インセンティブ|インセンティブ|true
インセンティヴ|インセンティブ|false
インタ|インター|false
インタアクティブ|インタラクティブ|false
インタナショナル|インターナショナル|false
インタネット|インターネット|false
インタビュ|インタビュー|false
インタビュウ|インタビュー|false
インタビュー|インタビュー|true
インタラクティブ|インタラクティブ|true
インタラクティヴ|インタラクティブ|false
インタヴュ|インタビュー|false
インタヴュー|インタビュー|false
インター|インター|true
インターナショナル|インターナショナル|true
インターネッツ|インターネット|false
インターネット|インターネット|true
インタービュー|インタビュー|false
インターン|インターン|true
インダストリアル|インダストリアル|true
インチ|インチ|true
インチキ|インチキ|true
インテグレーション|インテグレーション|true
インテラクティブ|インタラクティブ|false
インテリ|インテリ|true
インテリア|インテリア|true
インテリジェンス|インテリジェンス|true
インテリジェント|インテリジェント|true
インデアン|インディアン|false
インディアナ|インディアナ|true
インディアン|インディアン|true
インディペンデント|インディペンデント|true
インデキス|インデックス|false
インデクス|インデックス|false
インデックス|インデックス|true
インデペンデント|インディペンデント|false
イントネーション|イントネーション|true
イントロ|イントロ|true
インド|インド|true
インドア|インドア|true
インドアー|インドア|false
インドシナ|インドシナ|true
インドネシア|インドネシア|true
インニング|イニング|false
インバータ|インバーター|false
インバーター|インバーター|true
インパクト|インパクト|true
インフォメーション|インフォメーション|true
インフォーメーシオン|インフォメーション|false
インフォーメーション|インフォメーション|false
インフラ|インフラ|true
インフルエンザ|インフルエンザ|true
インフレ|インフレ|true
インプット|インプット|true
インプラント|インプラント|true
インペリアル|インペリアル|true
インポート|インポート|true
イヴ|イブ|false
イヴェント|イベント|false
イヴニング|イブニング|false
イーグル|イーグル|true
イージー|イージー|true
イースター|イースター|true
イースト|イースト|true
ウィジェット|ウィジェット|true
ウィスキ|ウイスキー|false
ウィスキー|ウイスキー|true
ウィルス|ウイルス|true
ウィンカ|ウインカー|false
ウィンカー|ウインカー|false
ウィンク|ウインク|false
ウィング|ウイング|false
ウィンタ|ウィンター|false
ウィンター|ウィンター|true
ウィンタースポーツ|ウインタースポーツ|false
ウィンター・スポーツ|ウインタースポーツ|false
ウィンド|ウインド|true
ウィンドウ|ウィンドウ|true
ウィンドー|ウィンドウ|false
ウィーク|ウィーク|true
ウィークエンド|ウィークエンド|true
ウィークリ|ウィークリー|false
ウィークリー|ウィークリー|true
ウイスキ|ウイスキー|false
ウイスキー|ウイスキー|true
ウイルス|ウイルス|true
ウインカ|ウインカー|false
ウインカー|ウインカー|true
ウインク|ウインク|true
ウイング|ウイング|true
ウインター|ウィンター|false
ウインタースポーツ|ウインタースポーツ|true
ウインター・スポーツ|ウインタースポーツ|false
ウインド|ウインド|true
ウインドウ|ウィンドウ|true
ウインドー|ウィンドウ|false
ウイーク|ウィーク|false
ウイークエンド|ウィークエンド|true
ウイークリー|ウィークリー|false
ウェア|ウェア|true
ウェアー|ウェア|false
ウェイ|ウェイ|true
ウェイスト|ウエスト|false
ウェイト|ウェイト|true
ウェイトレス|ウェイトレス|true
ウェイブ|ウェーブ|false
ウェイヴ|ウェーブ|false
ウェスタン|ウエスタン|false
ウェスト|ウエスト|true
ウェット|ウエット|false
ウェッブ|ウェブ|false
ウェッブサイト|ウェブサイト|false
ウェッブ・サイト|ウェブサイト|false
ウェディングドレス|ウェディングドレス|true
ウェディング・ドレス|ウェディングドレス|false
ウェブ|ウェブ|true
ウェブサイト|ウェブサイト|true
ウェブページ|ウェブページ|true
ウェブログ|ウェブログ|true
ウェブ・サイト|ウェブサイト|false
ウェブ・ページ|ウェブページ|false
ウェルカム|ウェルカム|true
ウェー|ウェイ|false
ウェート|ウェイト|false
ウェートレス|ウェイトレス|false
ウェーブ|ウェーブ|true
ウェールズ|ウェールズ|true
ウェーヴ|ウェーブ|false
ウエア|ウェア|true
ウエアー|ウェア|false
ウエイト|ウェイト|true
ウエイトレス|ウェイトレス|false
ウエイブ|ウェーブ|false
ウエスタン|ウエスタン|true
ウエスト|ウエスト|true
ウエット|ウエット|true
ウエッブ|ウェブ|false
ウエディングドレス|ウェディングドレス|true
ウエディング・ドレス|ウェディングドレス|false
ウエブ|ウェブ|false
ウエブサイト|ウェブサイト|false
ウエブページ|ウェブページ|false
ウエブログ|ウェブログ|false
ウエブ・サイト|ウェブサイト|false
ウエブ・ページ|ウェブページ|false
ウエルカム|ウェルカム|true
ウエー|ウェイ|false
ウエート|ウェイト|false
ウエートレス|ウェイトレス|false
ウエーブ|ウェーブ|false
ウエールズ|ウェールズ|false
ウォッカ|ウォッカ|true
ウォッチング|ウォッチング|true
ウォツカ|ウォッカ|false
ウォトカ|ウォッカ|false
ウォラント|ワラント|false
ウォン|ウォン|true
ウォーラント|ワラント|false
ウォールがい|ウォールがい|true
ウォール街|ウォールがい|true
ウオッカ|ウォッカ|false
ウオッチング|ウォッチング|false
ウオツカ|ウォッカ|false
ウオトカ|ウォッカ|false
ウオン|ウォン|false
ウオールがい|ウォールがい|false
ウオール街|ウォールがい|false
ウキウキ|うきうき|false
ウクライナ|ウクライナ|true
ウクレレ|ウクレレ|true
ウケ|うけ|false
ウケる|うける|false
ウサギ|うさぎ|false
ウシ|うし|false
ウズウズ|うずうず|false
ウソ|うそ|true
ウソつき|うそつき|false
ウソ付き|うそつき|false
ウソ吐き|うそつき|false
ウッカリ|うっかり|false
ウッキウキ|うきうき|false
ウッド|ウッド|true
ウツ病|うつびょう|false
ウトっと|うとうと|false
ウトウト|うとうと|false
ウトッと|うとうと|false
ウナギ|うなぎ|false
ウマ|うま|false
ウメ|うめ|false
ウヤムヤ|うやむや|false
ウヨク|うよく|false
ウラン|ウラン|true
ウラ側|うらがわ|false
ウラ面|うらめん|false
ウルグアイ|ウルグアイ|true
ウルサイ|うるさい|false
ウルシ|うるし|false
ウルトラ|ウルトラ|true
ウロつく|うろつく|false
ウロウロ|うろうろ|false
ウロコ|うろこ|true
ウヰスキー|ウイスキー|false
ウンコ|うんこ|false
ウンザリ|うんざり|false
ウンチ|ウンチ|true
ウーマン|ウーマン|true
ウール|ウール|true
ウーン|ううん|false
ェ|へ|false
エア|エア|true
エアコン|エアコン|true
エアゾール|エアゾール|true
エアバック|エアバッグ|false
エアバッグ|エアバッグ|true
エアメール|エアメール|true
エアリア|エリア|false
エアロゾル|エアゾール|false
エアロビクス|エアロビクス|true
エア・バッグ|エアバッグ|false
エア・メール|エアメール|false
エアー|エア|true
エアーメール|エアメール|false
エアー・メール|エアメール|false
エイジェンシー|エージェンシー|false
エイジェント|エージェント|false
エイズ|エイズ|true
エイチ|エッチ|false
エイト|エイト|true
エイプリルフール|エイプリルフール|true
エイプリル・フール|エイプリルフール|false
エイリアン|エイリアン|true
エキサイティング|エキサイティング|true
エキサイト|エキサイト|true
エキス|エキス|true
エキステンション|エクステンション|false
エキストラ|エクストラ|true
エキスパート|エキスパート|true
エキスプレス|エクスプレス|true
エキスポ|エキスポ|true
エキゾチック|エキゾチック|true
エキゾティック|エキゾチック|false
エクアドル|エクアドル|true
エクサイティング|エキサイティング|false
エクステンション|エクステンション|true
エクストラ|エクストラ|true
エクスパート|エキスパート|false
エクスプレス|エクスプレス|true
エクスペリエンス|エクスペリエンス|true
エクスポ|エキスポ|false
エクボ|えくぼ|false
エグゼクティブ|エグゼクティブ|true
エコ|エコ|true
エコノミ|エコノミー|false
エコノミスト|エコノミスト|true
エコノミー|エコノミー|true
エコロジ|エコロジー|false
エコロジー|エコロジー|true
エコー|エコー|true
エゴ|エゴ|true
エサ|えさ|false
エジブト|エジプト|false
エジプト|エジプト|true
エス|イエス|false
エス|エス|true
エスカレータ|エスカレーター|false
エスカレーター|エスカレーター|true
エスカレート|エスカレート|true
エスコート|エスコート|true
エステサロン|エステサロン|true
エステティク|エステティック|false
エステティック|エステティック|true
エステティックサロン|エステティックサロン|true
エステティック・サロン|エステティックサロン|false
エステティーク|エステティック|false
エステル|エステル|true
エステート|エステート|true
エストニア|エストニア|true
エストロゲン|エストロゲン|true
エスニック|エスニック|true
エスプリ|エスプリ|true
エセー|エッセイ|false
エチケット|エチケット|true
エックスせん|エックスせん|true
エックス線|エックスせん|true
エッジ|エッジ|true
エッセィ|エッセイ|false
エッセイ|エッセイ|true
エッセイスト|エッセイスト|true
エッセンス|エッセンス|true
エッセー|エッセイ|true
エッチ|エッチ|true
エッチング|エッチング|true
エッヂ|エッジ|false
エッフェルとう|エッフェルとう|true
エッフェル塔|エッフェルとう|true
エディション|エディション|true
エディタ|エディター|false
エディター|エディター|true
エディプス|オイディプス|false
エデン|エデン|true
エナジー|エナジー|true
エナメル|エナメル|true
エナージー|エナジー|false
エネ|エネ|true
エネルギ|エネルギー|false
エネルギッシュ|エネルギッシュ|true
エネルギー|エネルギー|true
エバ|エバー|false
エバー|エバー|true
エビ|えび|true
エピソード|エピソード|true
エピック|エピック|true
エプロン|エプロン|true
エベント|イベント|false
エペ|エペ|true
エポック|エポック|true
エミシ|えみし|false
エムピースリー|エムピースリー|true
エムブレム|エンブレム|false
エメラルド|エメラルド|true
エモジ|えもじ|false
エヤコン|エアコン|false
エヤー|エア|false
エラい|えらい|false
エライ|えらい|false
エラー|エラー|true
エリア|エリア|true
エリマキ|えりまき|false
エリヤ|エリア|false
エリート|エリート|true
エルサルバドル|エルサルバドル|true
エル・サルバドル|エルサルバドル|false
エレガンス|エレガンス|true
エレガント|エレガント|true
エレキ|エレキ|true
エレキギター|エレキギター|true
エレキ・ギター|エレキギター|false
エレクトリック|エレクトリック|true
エレクトロニクス|エレクトロニクス|true
エレベータ|エレベーター|false
エレベーター|エレベーター|true
エロ|エロ|true
エロス|エロス|true
エロチック|エロチック|true
エロティック|エロチック|false
エロース|エロス|false
エンジェル|エンジェル|true
エンジニア|エンジニア|true
エンジニアリング|エンジニアリング|true
エンジニアー|エンジニア|false
エンジニヤ|エンジニア|false
エンジニヤー|エンジニア|false
エンジョイ|エンジョイ|true
エンジン|エンジン|true
エンゼル|エンジェル|true
エンタティメント|エンターテインメント|false
エンタテイメント|エンターテインメント|false
エンタテインメント|エンターテインメント|false
エンタプライズ|エンタープライズ|false
エンターティメント|エンターテインメント|false
エンターティンメント|エンターテインメント|false
エンターテイメント|エンターテインメント|true
エンターテインメント|エンターテインメント|true
エンターテーメント|エンターテインメント|false
エンタープライス|エンタープライズ|false
エンタープライズ|エンタープライズ|true
エンディング|エンディング|true
エントリ|エントリー|false
エントリー|エントリー|true
エンド|アンド|false
エンド|エンド|true
エンドレス|エンドレス|true
エンピツ|えんぴつ|false
エンブレム|エンブレム|true
エージェンシー|エージェンシー|true
エージェント|エージェント|true
エース|エース|true
エーティーエム|エー・ティー・エム|false
エープリルフール|エイプリルフール|false
エープリル・フール|エイプリルフール|false
エーリアン|エイリアン|false
エール|エール|true
エーロゾル|エアゾール|false
エー・ティー・エム|エー・ティー・エム|true
オアシス|オアシス|true
オイ|おい|false
オイオイ|おいおい|false
オイシイ|おいしい|false
オイディプス|オイディプス|true
オイディプース|オイディプス|false
オイル|オイル|true
オイルフェンス|オイルフェンス|true
オイル・フェンス|オイルフェンス|false
オオイ|おおい|false
オオカミ|おおかみ|false
オオムギ|おおむぎ|false
オカシイ|おかしい|false
オカズ|おかず|false
オカリナ|オカリナ|true
オカルト|オカルト|true
オギ|おぎ|false
オクスフォード|オックスフォード|false
オクターブ|オクターブ|true
オクターヴ|オクターブ|false
オクラ|オクラ|true
オクラホマ|オクラホマ|true
オケ|オケ|true
オシ|おし|false
オシッコ|おしっこ|false
オシャレ|おしゃれ|true
オス|おす|false
オスカー|オスカー|true
オセアニア|オセアニア|true
オゾン|オゾン|true
オゾンホール|オゾンホール|true
オゾン・ホール|オゾンホール|false
オタク|オタク|true
オタワ|オタワ|true
オチ|おち|false
オックスフォード|オックスフォード|true
オッケ|オッケー|false
オッケィ|オッケー|false
オッケイ|オッケー|false
オッケー|オッケー|true
オッサン|おっさん|false
オッパイ|おっぱい|false
オツ|おつ|false
オトコマエ|おとこまえ|false
オドオド|オドオド|true
オドロキ|おどろき|false
オナラ|おなら|false
オニオン|オニオン|true
オハイオ|オハイオ|true
オバケ|おばけ|false
オピニオン|オピニオン|true
オピニオンリーダー|オピニオンリーダー|true
オピニオン・リーダー|オピニオンリーダー|false
オフ|オフ|true
オフィシャル|オフィシャル|true
オフィス|オフィス|true
オフイス|オフィス|false
オフクロ|おふくろ|false
オフサイド|オフサイド|true
オフシーズン|オフシーズン|true
オフレコ|オフレコ|true
オフロード|オフロード|true
オフ・シーズン|オフシーズン|false
オブザーバ|オブザーバー|true
オブザーバー|オブザーバー|true
オブジェ|オブジェ|true
オブラート|オブラート|true
オプション|オプション|true
オペ|オペ|true
オペラ|オペラ|true
オペレッタ|オペレッタ|true
オペレーション|オペレーション|true
オペレータ|オペレーター|false
オペレーター|オペレーター|true
オムツ|おむつ|true
オムニバス|オムニバス|true
オムレツ|オムレツ|true
オメガ|オメガ|true
オモチャ|おもちゃ|false
オヤジ|おやじ|false
オラウータン|オランウータン|false
オラクル|オラクル|true
オラトリオ|オラトリオ|true
オランウータン|オランウータン|true
オランダ|オランダ|true
オリエンタリズム|オリエンタリズム|true
オリエンタル|オリエンタル|true
オリエンテーション|オリエンテーション|true
オリエンテーリング|オリエンテーリング|true
オリエント|オリエント|true
オリオン|オリオン|true
オリゴマー|オリゴマー|true
オリジナリティ|オリジナリティー|false
オリジナリティー|オリジナリティー|true
オリジナル|オリジナル|true
オリンピック|オリンピック|true
オリーブいろ|オリーブいろ|true
オリーブ色|オリーブいろ|true
オリーヴいろ|オリーブいろ|false
オリーヴ色|オリーブいろ|false
オルガン|オルガン|true
オルグ|オルグ|true
オルゴール|オルゴール|true
オレ|おれ|false
オレンジ|オレンジ|true
オレンジいろ|オレンジいろ|true
オレンジ色|オレンジいろ|true
オロオロ|おろおろ|false
オン|オン|true
オンエア|オンエア|true
オンエアー|オンエア|false
オンス|オンス|true
オンナの子|おんなのこ|false
オンパレード|オンパレード|true
オンブ|おんぶ|false
オンブズマン|オンブズマン|true
オンブツマン|オンブズマン|false
オンライン|オンライン|true
オンリ|オンリー|false
オンリー|オンリー|true
オン・エア|オンエア|false
オン・エアー|オンエア|false
オン・パレード|オンパレード|false
オン・ライン|オンライン|false
オーイ|おおい|false
オーガ|オーガ|true
オーガー|オーガ|false
オーク|オーク|true
オークション|オークション|true
オークス|オークス|true
オーケイ|オッケー|false
オーケストラ|オーケストラ|true
オーケー|オッケー|true
オーシャン|オーシャン|true
オーストラリア|オーストラリア|true
オーソドクス|オーソドックス|false
オーソドックス|オーソドックス|true
オーダ|オーダー|false
オーダー|オーダー|true
オーダーメイド|オーダーメイド|true
オーダーメード|オーダーメイド|false
オーダー・メイド|オーダーメイド|false
オーダー・メード|オーダーメイド|false
オーチャード|オーチャード|true
オーディオ|オーディオ|true
オーディション|オーディション|true
オート|オート|true
オートキャンプ|オートキャンプ|true
オートクチュール|オートクチュール|true
オートバイ|オートバイ|true
オートマチック|オートマチック|true
オートマティック|オートマチック|false
オートメーション|オートメーション|true
オートロック|オートロック|true
オート・クチュール|オートクチュール|false
オード|オード|true
オードブル|オードブル|true
オードーブル|オードブル|false
オーナ|オーナー|false
オーナー|オーナー|true
オーバ|オーバー|false
オーバラップ|オーバーラップ|false
オーバラン|オーバーラン|false
オーバー|オーバー|true
オーバーヒート|オーバーヒート|true
オーバーラップ|オーバーラップ|true
オーバーラン|オーバーラン|true
オーブン|オーブン|true
オープニング|オープニング|true
オープン|オープン|true
オープンせん|オープンせん|true
オープンカー|オープンカー|true
オープンセット|オープンセット|true
オープン・カー|オープンカー|false
オープン・セット|オープンセット|false
オープン戦|オープンせん|true
オーボエ|オーボエ|true
オーボー|オーボエ|false
オーラ|オーラ|true
オール|オール|true
オールスター|オールスター|true
オールスターキャスト|オールスターキャスト|true
オールスター・キャスト|オールスターキャスト|false
オールドガード|オールドガード|true
オールド・ガード|オールドガード|false
オールナイト|オールナイト|true
オールマイティ|オールマイティ|true
オールマイティー|オールマイティ|false
オールラウンド|オールラウンド|true
オール・スター|オールスター|false
オーロラ|オーロラ|true
オーヴン|オーブン|false
カ|か|false
カイコ|かいこ|false
カイト|カイト|true
カウチポテト|カウチポテト|true
カウチ・ポテト|カウチポテト|false
カウボーイ|カウボーイ|true
カウンセラー|カウンセラー|true
カウンセリング|カウンセリング|true
カウンタ|カウンター|false
カウンター|カウンター|true
カウント|カウント|true
カエル|かえる|true
カオス|カオス|true
カキ|かき|false
カキ|かき|true
カキコ|カキコ|true
カキ氷|かきごおり|false
カギ|かぎ|false
カクテル|カクテル|true
カクテール|カクテル|false
カゴ|かご|true
カサカサ|カサカサ|true
カシワ|かしわ|false
カジノ|カジノ|true
カジュアル|カジュアル|true
カスタマ|カスタマー|false
カスタマー|カスタマー|true
カスタム|カスタム|true
カステラ|カステラ|true
カステーラ|カステラ|false
カスト|カースト|false
カストマ|カスタマー|false
カストマー|カスタマー|false
カスバ|カスバ|true
カスピかい|カスピかい|true
カスピ海|カスピかい|true
カセット|カセット|true
カセットテープ|カセットテープ|true
カセット・テープ|カセットテープ|false
カタカナ|カタカナ|true
カタル|カタル|true
カタログ|カタログ|true
カチカチ|カチカチ|true
カチコチ|カチカチ|false
カチューシャ|カチューシャ|true
カッと|カッと|true
カッコ|かっこ|false
カッコ|かっこう|false
カッコいい|かっこいい|true
カッコよい|かっこいい|false
カッコイイ|かっこいい|true
カッコ良い|かっこいい|false
カッター|カッター|true
カッチカチ|カチカチ|false
カット|カット|true
カッパ|カッパ|true
カッフェ|カフェ|false
カッフェー|カフェ|false
カップ|カップ|true
カップラ|カプラー|false
カップラー|カプラー|false
カップリングシュガー|カップリングシュガー|true
カップリング・シュガー|カップリングシュガー|false
カップル|カップル|true
カツ|カツ|true
カツラ|かつら|false
カテゴリ|カテゴリ|true
カテゴリィ|カテゴリ|false
カテゴリー|カテゴリ|true
カテーテル|カテーテル|true
カデンツ|カデンツ|true
カトリシズム|カトリシズム|true
カトリック|カトリック|true
カトリックきょうかい|カトリックきょうかい|true
カトリック教会|カトリックきょうかい|true
カトレア|カトレヤ|false
カトレヤ|カトレヤ|true
カドミウム|カドミウム|true
カナダ|カナダ|true
カナヅチ|かなづち|false
カナリア|カナリア|true
カナリヤ|カナリア|false
カニ|かに|false
カヌー|カヌー|true
カバン|かばん|false
カバー|カバー|true
カビ|カビ|true
カフェ|カフェ|true
カフェイン|カフェイン|true
カフェテリア|カフェテリア|true
カフェー|カフェ|false
カフス|カフス|true
カブ|カブ|true
カプセル|カプセル|true
カプラ|カプラー|false
カプラー|カプラー|true
カボチャ|かぼちゃ|false
カマーバンド|カマーバンド|true
カミソリ|かみそり|false
カム|カム|true
カムバック|カムバック|true
カメ|かめ|true
カメラ|カメラ|true
カメラマン|カメラマン|true
カメレオン|カメレオン|true
カモ|かも|false
カモメ|カモメ|true
カヤカヤ|がやがや|false
カヤック|カヤック|true
カラ|から|false
カラオケ|カラオケ|true
カラシ|からし|false
カラス|カラス|true
カラチ|カラチ|true
カラット|カラット|true
カラッポ|からっぽ|false
カラフル|カラフル|true
カラメル|カラメル|true
カラー|カラー|true
カラーコーディネーター|カラーコーディネーター|true
カラード|カラード|true
カラー・コーディネーター|カラーコーディネーター|false
カリ|かり|false
カリウム|カリウム|true
カリキュラム|カリキュラム|true
カリスマ|カリスマ|true
カリフォルニア|カリフォルニア|true
カリブかい|カリブかい|true
カリブ海|カリブかい|true
カリー|カレー|false
カルガリー|カルガリー|true
カルキ|カルキ|true
カルシウム|カルシウム|true
カルタ|カルタ|true
カルダモン|カルダモン|true
カルチャー|カルチャー|true
カルチャーショック|カルチャーショック|true
カルチャーセンター|カルチャーセンター|true
カルチャー・ショック|カルチャーショック|false
カルチャー・センター|カルチャーセンター|false
カルテ|カルテ|true
カルテット|カルテット|true
カルテル|カルテル|true
カルデラ|カルデラ|true
カルト|カルト|true
カルナバル|カーニバル|false
カルバドス|カルバドス|true
カルフォルニア|カリフォルニア|false
カルメラ|カルメラ|true
カルメル|カルメラ|false
カレッジ|カレッジ|true
カレンシー|カレンシー|true
カレンダ|カレンダー|false
カレンダー|カレンダー|true
カレー|カレー|true
カレーライス|カレーライス|true
カレー・ライス|カレーライス|false
カロチン|カロチン|true
カロテン|カロチン|false
カロライナ|カロライナ|true
カロリー|カロリー|true
カロル|キャロル|false
カローラ|カローラ|true
カワイい|かわいい|false
カワイイ|かわいい|false
カン|かん|false
カンガルー|カンガルー|true
カンザス|カンザス|true
カンタータ|カンタータ|true
カンツォーナ|カンツォーネ|false
カンツォーネ|カンツォーネ|true
カント|カント|true
カントン|カントン|true
カンニング|カンニング|true
カンバス|キャンバス|true
カンパ|カンパ|true
カンパニー|カンパニー|true
カンフル|カンフル|true
カンベラ|キャンベラ|false
カヴァー|カバー|false
カー|カー|true
カースト|カースト|true
カーソル|カーソル|true
カーチェイス|カーチェイス|true
カーテン|カーテン|true
カーディガン|カーディガン|true
カーデガン|カーディガン|false
カート|カート|true
カートリッジ|カートリッジ|true
カード|カード|true
カードゲーム|カードゲーム|true
カード・ゲーム|カードゲーム|false
カーニバル|カーニバル|true
カーネーション|カーネーション|true
カーネージョン|カーネーション|false
カーフェリー|カーフェリー|true
カーブ|カーブ|true
カーペット|カーペット|true
カーボン|カーボン|true
カーボーイ|カウボーイ|false
カーリング|カーリング|true
カール|カール|true
カーレース|カーレース|true
カーン|カーン|true
カーヴ|カーブ|false
カー・チェイス|カーチェイス|false
カー・フェリー|カーフェリー|false
カー・レース|カーレース|false
カ国|かこく|true
カ所|かしょ|false
カ月|かげつ|false
ガイ|ガイ|true
ガイコツ|がいこつ|false
ガイジン|がいじん|false
ガイダンス|ガイダンス|true
ガイド|ガイド|true
ガイドブック|ガイドブック|true
ガウシアン|ガウシアン|true
ガウン|ガウン|true
ガサガサ|がさがさ|false
ガシガシ|ガシガシ|true
ガジェット|ガジェット|true
ガス|ガス|true
ガスタービン|ガスタービン|true
ガストアルバイター|ガストアルバイター|true
ガスボンベ|ガスボンベ|true
ガスマスク|ガスマスク|true
ガス・タービン|ガスタービン|false
ガス・マスク|ガスマスク|false
ガゼット|ガジェット|false
ガソリン|ガソリン|true
ガソリンスタンド|ガソリンスタンド|true
ガソリン・スタンド|ガソリンスタンド|false
ガソール|ガソール|true
ガタガタ|ガタガタ|true
ガッカリ|がっかり|true
ガックリ|がっくり|false
ガッチリ|がっちり|false
ガッツ|ガッツ|true
ガッツポーズ|ガッツポーズ|true
ガッツ・ポーズ|ガッツポーズ|false
ガット|ガット|true
ガブガブ|がぶがぶ|false
ガボット|ガボット|true
ガマン|がまん|false
ガム|ガム|true
ガム|グアム|false
ガムラン|ガメラン|false
ガメラン|ガメラン|true
ガヤガヤ|がやがや|false
ガラ|がら|false
ガラス|ガラス|true
ガラスど|ガラスど|true
ガラスばり|ガラスばり|true
ガラス張り|ガラスばり|true
ガラス戸|ガラスど|true
ガラン|がらん|false
ガラーン|がらん|false
ガリウム|ガリウム|true
ガリバー|ガリバー|true
ガリレオ|ガリレオ|true
ガルソン|ギャルソン|false
ガレージ|ガレージ|true
ガロン|ガロン|true
ガン|がん|false
ガン|がん|true
ガン|ガン|true
ガンガン|ガンガン|true
ガンマ|ガンマ|true
ガンマー|ガンマ|false
ガーゼ|ガーゼ|true
ガーディアン|ガーディアン|true
ガーデン|ガーデン|true
ガード|ガード|true
ガードマン|ガードマン|true
ガードレール|ガードレール|true
ガール|ガール|true
ガールフレンド|ガールフレンド|true
ガール・フレンド|ガールフレンド|false
キる|きる|false
キイワード|キーワード|false
キウィ|キウイ|false
キウイ|キウイ|true
キウリ|きゅうり|false
キオスク|キオスク|true
キク|きく|false
キザ|きざ|false
キス|キス|true
キズ|きず|false
キチガイ|キチガイ|true
キチゲェ|キチガイ|false
キチン|キッチン|false
キッと|きっと|false
キッカケ|きっかけ|false
キック|キック|true
キックオフ|キックオフ|true
キックボクシング|キックボクシング|true
キッス|キス|false
キッズ|キッズ|true
キッズビジネス|キッズビジネス|true
キッズ・ビジネス|キッズビジネス|false
キッチリ|きっちり|false
キッチン|キッチン|true
キット|キット|true
キッド|キッド|true
キッパリ|きっぱり|false
キツい|きつい|false
キツイ|きつい|false
キツネ|きつね|false
キネシオロジー|キネシオロジー|true
キノコ|きのこ|false
キマる|きまる|false
キミ|きみ|false
キムチ|キムチ|true
キメる|きめる|false
キメラ|キメラ|true
キモ|きも|false
キモチ悪い|きもちわるい|false
キャスタ|キャスター|false
キャスター|キャスター|true
キャスチング|キャスティング|false
キャスティング|キャスティング|true
キャスト|キャスト|true
キャッシュ|キャッシュ|true
キャッシュカード|キャッシュカード|true
キャッシュ・カード|キャッシュカード|false
キャッシング|キャッシング|true
キャッチ|キャッチ|true
キャッチフレーズ|キャッチフレーズ|true
キャッチャ|キャッチャー|false
キャッチャー|キャッチャー|true
キャッツアイ|キャッツアイ|true
キャットウォーク|キャットウォーク|true
キャットウオーク|キャットウォーク|false
キャップ|キャップ|true
キャディ|キャディー|false
キャディー|キャディー|true
キャバレイ|キャバレー|false
キャバレー|キャバレー|true
キャビア|キャビア|true
キャビネット|キャビネット|true
キャビン|キャビン|true
キャピタリズム|キャピタリズム|true
キャピタルゲイン|キャピタルゲイン|true
キャピタル・ゲイン|キャピタルゲイン|false
キャフェ|カフェ|false
キャフェテリア|カフェテリア|false
キャブレター|キャブレター|true
キャプション|キャプション|true
キャプテン|キャプテン|true
キャベジ|キャベツ|false
キャベツ|キャベツ|true
キャメラ|カメラ|false
キャメル|キャメル|true
キャラ|キャラ|true
キャラクタ|キャラクター|false
キャラクター|キャラクター|true
キャラバン|キャラバン|true
キャラメル|キャラメル|true
キャリア|キャリア|true
キャリアー|キャリア|false
キャリヤ|キャリア|false
キャリヤー|キャリア|false
キャリー|キャリー|true
キャロル|キャロル|true
キャンセル|キャンセル|true
キャンディ|キャンディ|true
キャンディー|キャンディ|true
キャンデー|キャンディ|false
キャンドル|キャンドル|true
キャンバス|キャンバス|true
キャンパス|キャンパス|true
キャンパー|キャンパー|true
キャンピング|キャンピング|true
キャンピングカー|キャンピングカー|true
キャンピング・カー|キャンピングカー|false
キャンプ|キャンプ|true
キャンプイン|キャンプイン|true
キャンプ・イン|キャンプイン|false
キャンベラ|キャンベラ|true
キャンペーン|キャンペーン|true
キャンヴァス|キャンバス|false
キュウリ|きゅうり|false
キュリー|キュリー|true
キュレーター|キュレーター|true
キュロット|キュロット|true
キュー|キュー|true
キュート|キュート|true
キューバ|キューバ|true
キューリー|キュリー|false
キョトキョト|キョロキョロ|false
キョロキョロ|キョロキョロ|true
キヨスク|キオスク|true
キラキラ|キラキラ|true
キラー|キラー|true
キリ|きり|false
キリがない|きりがない|false
キリシタン|キリシタン|true
キリスト|キリスト|true
キリストきょう|キリストきょう|true
キリスト教|キリストきょう|true
キリル|キリル|true
キリン|きりん|false
キル|キル|true
キルク|コルク|false
キレイ|きれい|true
キロ|キロ|true
キログラム|キログラム|true
キロメーター|キロメートル|false
キロメートル|キロメートル|true
キロワット|キロワット|true
キロ・グラム|キログラム|false
キロ・メートル|キロメートル|false
キロ米|キロメートル|false
キンギョ|きんぎょ|false
キング|キング|true
キンパツ|きんぱつ|false
キー|キー|true
キーウィ|キウイ|false
キーウィー|キウイ|false
キーステーション|キーステーション|true
キーパー|キーパー|true
キープ|キープ|true
キーホルダー|キーホルダー|true
キーボード|キーボード|true
キーポイント|キーポイント|true
キーマン|キーマン|true
キール|キール|true
キーワード|キーワード|true
キー・ステーション|キーステーション|false
キー・ホルダー|キーホルダー|false
キー・ポイント|キーポイント|false
ギア|ギア|true
ギアー|ギア|false
ギガ|ギガ|true
ギザギザ|ギザギザ|true
ギタリスト|ギタリスト|true
ギター|ギター|true
ギターリスト|ギタリスト|false
ギッシリ|ぎっしり|false
ギッチリ|ぎっしり|false
ギフト|ギフト|true
ギブアップ|ギブアップ|true
ギブス|ギプス|false
ギブ・アップ|ギブアップ|false
ギプス|ギプス|true
ギャグ|ギャグ|true
ギャゼット|ガジェット|false
ギャップ|ギャップ|true
ギャラ|ギャラ|true
ギャラリー|ギャラリー|true
ギャル|ギャル|true
ギャルソン|ギャルソン|true
ギャレージ|ガレージ|false
ギャロッピングインフレ|ギャロッピングインフレ|true
ギャロッピング・インフレ|ギャロッピングインフレ|false
ギャング|ギャング|true
ギャンブラー|ギャンブラー|true
ギャンブル|ギャンブル|true
ギヤ|ギア|false
ギヤー|ギア|false
ギュって|ぎゅっと|false
ギュっと|ぎゅっと|false
ギュッて|ぎゅっと|false
ギュッと|ぎゅっと|false
ギョウザ|ギョーザ|false
ギョッと|ぎょっと|false
ギョーザ|ギョーザ|true
ギヨチン|ギロチン|false
ギヨチーヌ|ギロチン|false
ギラギラ|ギラギラ|true
ギリギリ|ぎりぎり|false
ギリシア|ギリシャ|false
ギリシャ|ギリシャ|true
ギリシヤ|ギリシャ|false
ギルド|ギルド|true
ギロチン|ギロチン|true
ギロティン|ギロチン|false
クる|くる|false
クァルテット|カルテット|false
クィンテット|クインテット|false
クィーン|クイーン|false
クイズ|クイズ|true
クイック|クイック|true
クイン|クイーン|false
クインテット|クインテット|true
クイーン|クイーン|true
クイーンズイングリッシュ|クイーンズイングリッシュ|true
クイーンズ・イングリッシュ|クイーンズイングリッシュ|false
クウェイト|クウェート|false
クウェート|クウェート|true
クェーサー|クエーサー|false
クエーサー|クエーサー|true
クォリティ|クオリティ|false
クォリティー|クオリティ|false
クォート|クオート|false
クオリティ|クオリティ|true
クオリティー|クオリティ|false
クオート|クオート|true
クギ|くぎ|false
クシ|くし|false
クシャクシャ|くしゃくしゃ|false
クシャミ|くしゃみ|false
クジ|くじ|false
クジラ|くじら|false
クジラにく|げいにく|false
クジラ肉|げいにく|false
クスリ|くすり|false
クズ|くず|false
クセ|くせ|false
クセに|くせに|false
クソ|くそ|true
クタクタ|くたくた|false
クチコミ|くちコミ|false
クチバシ|くちばし|false
クッキリ|くっきり|false
クッキング|クッキング|true
クッキー|クッキー|true
クッション|クッション|true
クドい|くどい|false
クビ|くび|false
クマ|くま|true
クモ|くも|false
クヨクヨ|くよくよ|false
クライアント|クライアント|true
クライエント|クライアント|false
クライシス|クライシス|true
クライマックス|クライマックス|true
クライミング|クライミング|true
クライムストーリー|クライムストーリー|true
クライム・ストーリー|クライムストーリー|false
クラウン|クラウン|true
クラクション|クラクション|true
クラゲ|クラゲ|true
クラシカル|クラシカル|true
クラシック|クラシック|true
クラシックおんがく|クラシックおんがく|true
クラシック音楽|クラシックおんがく|true
クラス|クラス|true
クラスメイト|クラスメイト|true
クラスメート|クラスメイト|true
クラス・メイト|クラスメイト|false
クラス・メート|クラスメイト|false
クラッカ|クラッカー|false
クラッカー|クラッカー|true
クラック|クラック|true
クラッシク|クラシック|false
クラッシク音楽|クラシックおんがく|false
クラッシック|クラシック|false
クラッシック音楽|クラシックおんがく|false
クラッシュ|クラッシュ|true
クラッチ|クラッチ|true
クラフト|クラフト|true
クラブ|クラブ|true
クラブかつどう|クラブかつどう|true
クラブ活動|クラブかつどう|true
クラン|クラン|true
クランク|クランク|true
クランクイン|クランクイン|true
クランク・イン|クランクイン|false
クラーク|クラーク|true
クリ|くり|false
クリエイタ|クリエイター|false
クリエイター|クリエイター|true
クリエイティブ|クリエイティブ|true
クリエイティヴ|クリエイティブ|false
クリエータ|クリエイター|false
クリエーター|クリエイター|true
クリエーチブ|クリエイティブ|false
クリエーティブ|クリエイティブ|false
クリエーティヴ|クリエイティブ|false
クリオール|クリオール|true
クリケット|クリケット|true
クリスタル|クリスタル|true
クリスチャン|クリスチャン|true
クリスマス|クリスマス|true
クリスマスイブ|クリスマスイブ|true
クリスマスイヴ|クリスマスイブ|false
クリスマスカード|クリスマスカード|true
クリスマスツリー|クリスマスツリー|true
クリスマス・イブ|クリスマスイブ|false
クリスマス・イヴ|クリスマスイブ|false
クリスマス・カード|クリスマスカード|false
クリスマス・ツリー|クリスマスツリー|false
クリック|クリック|true
クリップ|クリップ|true
クリニック|クリニック|true
クリンチ|クリンチ|true
クリーク|クリーク|true
クリーナー|クリーナー|true
クリーニング|クリーニング|true
クリーム|クリーム|true
クリーン|クリーン|true
クリーンアップトリオ|クリーンアップトリオ|true
クリーンアップ・トリオ|クリーンアップトリオ|false
クリーンナップトリオ|クリーンアップトリオ|false
クリーンナップ・トリオ|クリーンアップトリオ|false
クリーンヒット|クリーンヒット|true
クリーン・ヒット|クリーンヒット|false
クルアーン|コーラン|false
クルクル|くるくる|false
クルス|クルス|true
クルド|クルド|true
クルマ|くるま|false
クルミ|くるみ|false
クルー|クルー|true
クルーザー|クルーザー|true
クルージング|クルージング|true
クルーズ|クルーズ|true
クレアチニンクリアランス|クレアチニンクリアランス|true
クレアチニン・クリアランス|クレアチニンクリアランス|false
クレイ|クレー|true
クレイジー|クレイジー|true
クレイム|クレーム|false
クレオソート|クレオソート|true
クレジット|クレジット|true
クレジットカード|クレジットカード|true
クレジット・カード|クレジットカード|false
クレディビリティーギャップ|クレディビリティーギャップ|true
クレディビリティー・ギャップ|クレディビリティーギャップ|false
クレンザー|クレンザー|true
クレンジングクリーム|クレンジングクリーム|true
クレンジング・クリーム|クレンジングクリーム|false
クレー|クレー|true
クレーコート|クレーコート|true
クレージー|クレイジー|false
クレータ|クレーター|false
クレーター|クレーター|true
クレープ|クレープ|true
クレーム|クレーム|true
クレーン|クレーン|true
クレー・コート|クレーコート|false
クロアチア|クロアチア|true
クロス|クロス|true
クロスカントリー|クロスカントリー|true
クロスワード|クロスワード|true
クロス・カントリー|クロスカントリー|false
クロック|クロック|true
クロニクル|クロニクル|true
クロノスコープ|クロノスコープ|true
クロム|クロム|true
クロレラ|クロレラ|true
クロン|クローン|false
クローク|クローク|true
クロース|クロス|false
クローズ|クローズ|true
クローズアップ|クローズアップ|true
クローズ・アップ|クローズアップ|false
クローム|クロム|false
クロール|クロール|true
クローン|クローン|true
クワ|くわ|false
クワイア|クワイア|true
クワイヤ|クワイア|false
クワルテット|カルテット|false
クーキー|クーキー|true
クーデタ|クーデター|false
クーデター|クーデター|true
クーデーター|クーデター|false
クーペ|クーペ|true
クーポン|クーポン|true
クーラー|クーラー|true
クーリングオフ|クーリングオフ|true
クーリング・オフ|クーリングオフ|false
クール|クール|true
クー・デタ|クーデター|false
クー・デター|クーデター|false
グァテマラ|グアテマラ|false
グァム|グアム|false
グアテマラ|グアテマラ|true
グアテマラきょうわこく|グアテマラきょうわこく|true
グアテマラ共和国|グアテマラきょうわこく|true
グアム|グアム|true
グイ|ジー・ユー・アイ|false
グズグズ|ぐずぐず|false
グタグタ|グダグダ|false
グタリ|ぐったり|false
グダグダ|グダグダ|true
グチ|ぐち|false
グッスリ|ぐっすり|false
グッズ|グッズ|true
グッタリ|ぐったり|false
グッツ|グッズ|false
グット|グッド|false
グッド|グッド|true
グライコ|グライコ|true
グライダー|グライダー|true
グラウンド|グラウンド|true
グラグラ|グラグラ|true
グラス|グラス|true
グラスファイバー|グラスファイバー|true
グラス・ファイバー|グラスファイバー|false
グラタン|グラタン|true
グラデーション|グラデーション|true
グラビア|グラビア|true
グラビュール|グラビア|false
グラビール|グラビア|false
グラフ|グラフ|true
グラフィクス|グラフィックス|false
グラフィック|グラフィック|true
グラフィックス|グラフィックス|true
グラフイック|グラフィック|false
グラブ|グローブ|false
グラマー|グラマー|true
グラム|グラム|true
グランス|グランス|true
グランデ|グランデ|true
グランド|グラウンド|false
グランド|グランド|true
グランドピアノ|グランドピアノ|true
グランド・ピアノ|グランドピアノ|false
グランプリ|グランプリ|true
グラン・プリ|グランプリ|false
グリコーゲン|グリコーゲン|true
グリップ|グリップ|true
グリル|グリル|true
グリン|グリーン|false
グリンピース|グリーンピース|true
グリン・ピース|グリーンピース|false
グリークラブ|グリークラブ|true
グリーン|グリーン|true
グリーンスクール|グリーンスクール|true
グリーンピース|グリーンピース|true
グリーンフィー|グリーンフィー|true
グリーンランド|グリーンランド|true
グリーン・スクール|グリーンスクール|false
グリーン・ピース|グリーンピース|false
グリーン・フィー|グリーンフィー|false
グリー・クラブ|グリークラブ|false
グルグル|ぐるぐる|false
グルメ|グルメ|true
グルー|グルー|true
グループ|グループ|true
グループホーム|グループホーム|true
グループ・ホーム|グループホーム|false
グレイ|グレー|false
グレイト|グレート|false
グレイド|グレード|false
グレコローマンスタイル|グレコローマンスタイル|true
グレコローマン・スタイル|グレコローマンスタイル|false
グレゴリオ|グレゴリオ|true
グレー|グレー|true
グレーゾーン|グレーゾーン|true
グレート|グレート|true
グレード|グレード|true
グレープフルーツ|グレープフルーツ|true
グレー・ゾーン|グレーゾーン|false
グロ|グロ|true
グロテクス|グロテスク|false
グロテスク|グロテスク|true
グロリア|グロリア|true
グローバリズム|グローバリズム|true
グローバル|グローバル|true
グローバルか|グローバルか|true
グローバル化|グローバルか|true
グローブ|グローブ|true
グローリア|グロリア|false
グローヴ|グローブ|false
グー|グー|true
グーイ|ジー・ユー・アイ|false
グール|グール|true
ケ|が|false
ケ|こ|false
ケア|ケア|true
ケイサツ|けいさつ|false
ケイタイ|けいたい|false
ケイリン|けいりん|false
ケガ|けが|false
ケガ人|けがにん|false
ケシゴム|けしゴム|false
ケジメ|けじめ|false
ケダモノ|けもの|false
ケチャップ|ケチャップ|true
ケビン|キャビン|false
ケベック|ケベック|true
ケミカル|ケミカル|true
ケモノ|けもの|false
ケルン|ケルン|true
ケレオソート|クレオソート|false
ケロイド|ケロイド|true
ケンカ|けんか|true
ケーオー|ケーオー|true
ケーキ|ケーキ|true
ケーサツ|けいさつ|false
ケージ|ケージ|true
ケース|ケース|true
ケーススタディ|ケーススタディ|true
ケーススタディー|ケーススタディ|false
ケースワーカー|ケースワーカー|true
ケース・スタディ|ケーススタディ|false
ケース・スタディー|ケーススタディ|false
ケーソンこうほう|ケーソンこうほう|true
ケーソン工法|ケーソンこうほう|true
ケータイ|けいたい|false
ケーブル|ケーブル|true
ケープ|ケープ|true
ケ国|かこく|false
ケ所|かしょ|false
ケ月|かげつ|false
ゲイ|ゲイ|true
ゲイリブ|ゲイリブ|true
ゲイン|ゲイン|true
ゲイ・リブ|ゲイリブ|false
ゲコ|げこ|false
ゲシュタポ|ゲシュタポ|true
ゲスト|ゲスト|true
ゲタ|げた|false
ゲットー|ゲットー|true
ゲノム|ゲノム|true
ゲバリスタ|ゲバリスタ|true
ゲランデ|ゲレンデ|false
ゲリラ|ゲリラ|true
ゲル|ゲル|true
ゲルマン|ゲルマン|true
ゲレンデ|ゲレンデ|true
ゲンコツ|げんこつ|false
ゲージ|ゲージ|true
ゲート|ゲート|true
ゲートボール|ゲートボール|true
ゲート・ボール|ゲートボール|false
ゲーム|ゲーム|true
ゲームセット|ゲームセット|true
ゲームセンター|ゲームセンター|true
ゲーム・セット|ゲームセット|false
ゲーム・センター|ゲームセンター|false
コ|こ|false
コア|コア|true
コアビタシオン|コアビタシオン|true
コアラ|コアラ|true
コイ|こい|false
コイル|コイル|true
コイン|コイン|true
コインロッカー|コインロッカー|true
コイン・ロッカー|コインロッカー|false
コカイン|コカイン|true
コギトエルゴスム|コギトエルゴスム|true
コギト・エルゴ・スム|コギトエルゴスム|false
コクテイル|カクテル|false
コクテル|カクテル|false
コクテール|カクテル|false
コクピット|コックピット|true
コケ|こけ|true
ココア|ココア|true
ココム|ココム|true
コシ|こし|false
コショウ|こしょう|true
コショー|こしょう|false
コスタリカ|コスタリカ|true
コスタ・リカ|コスタリカ|false
コスチューム|コスチューム|true
コスト|コスト|true
コスプレ|コスプレ|true
コスモ|コスモ|true
コスモス|コスモス|true
コスモポリタン|コスモポリタン|true
コソコソ|こそこそ|false
コタツ|こたつ|false
コチコチ|カチカチ|true
コック|コック|true
コックス|コックス|true
コックピット|コックピット|true
コッソリ|こっそり|false
コッテージ|コテージ|false
コットン|コットン|true
コップ|コップ|true
コツコツ|コツコツ|true
コツフ|コップ|false
コテージ|コテージ|true
コニャック|コニャック|true
コニーデ|コニーデ|true
コネ|コネ|true
コネクション|コネクション|true
コネコ|こねこ|false
コバルト|コバルト|true
コバルトブルー|コバルトブルー|true
コバルト・ブルー|コバルトブルー|false
コピペ|コピペ|true
コピー|コピー|true
コピーき|コピーき|true
コピーライト|コピーライト|true
コピー機|コピーき|true
コブラ|コブラ|true
コペルニクス|コペルニクス|true
コマ|コマ|true
コマンド|コマンド|true
コマーシャル|コマーシャル|true
コミカル|コミカル|true
コミック|コミック|true
コミックス|コミックス|true
コミッショナー|コミッショナー|true
コミッション|コミッション|true
コミット|コミット|true
コミニケーション|コミュニケーション|false
コミニュケーション|コミュニケーション|false
コミュニケ|コミュニケ|true
コミュニケイション|コミュニケーション|false
コミュニケー|コミュニケ|false
コミュニケーション|コミュニケーション|true
コミュニティ|コミュニティ|true
コミュニティー|コミュニティ|true
コミュニーケーション|コミュニケーション|false
コム|コム|true
コメ|こめ|false
コメディ|コメディ|true
コメディアン|コメディアン|true
コメディー|コメディ|true
コメンテイター|コメンテーター|false
コメンテーター|コメンテーター|true
コメント|コメント|true
コラボレーション|コラボレーション|true
コラム|コラム|true
コラムニスト|コラムニスト|true
コラージュ|コラージュ|true
コラール|コラール|true
コラーン|コーラン|false
コリア|コリア|true
コリー|コリー|true
コル|コル|true
コルク|コルク|true
コルクスクリュー|コークスクリュー|false
コレクション|コレクション|true
コレクタ|コレクター|false
コレクター|コレクター|true
コレステロール|コレステロール|true
コレラ|コレラ|true
コロイド|コロイド|true
コロコロ|コロコロ|true
コロシアム|コロシアム|true
コロッケ|コロッケ|true
コロナ|コロナ|true
コロナか|コロナか|true
コロナウィルス|コロナウイルス|false
コロナウイルス|コロナウイルス|true
コロナ禍|コロナか|true
コロニー|コロニー|true
コロラド|コロラド|true
コロン|コロン|true
コロンコロン|コロコロ|false
コロンブスデー|コロンブスデー|true
コロンブス・デー|コロンブスデー|false
コワイア|クワイア|false
コワイヤ|クワイア|false
コンクリート|コンクリート|true
コンクール|コンクール|true
コングロマーチャント|コングロマーチャント|true
コンコース|コンコース|true
コンゴ|コンゴ|true
コンサルタント|コンサルタント|true
コンサルティング|コンサルティング|true
コンサート|コンサート|true
コンシューマ|コンシューマー|false
コンシューマー|コンシューマー|true
コンス|コンス|true
コンスタント|コンスタント|true
コンスターチ|コーンスターチ|false
コンセプト|コンセプト|true
コンセンサス|コンセンサス|true
コンセント|コンセント|true
コンソーシアム|コンソーシアム|true
コンソーティアム|コンソーシアム|false
コンタクト|コンタクト|true
コンタクトレンズ|コンタクトレンズ|true
コンタクト・レンズ|コンタクトレンズ|false
コンダクター|コンダクター|true
コンチェルト|コンチェルト|true
コンチネンタル|コンチネンタル|true
コンテ|コンテ|true
コンテスト|コンテスト|true
コンテナ|コンテナ|true
コンテナー|コンテナ|false
コンテンポラリー|コンテンポラリー|true
コンディション|コンディション|true
コンデション|コンディション|false
コンデンサ|コンデンサ|true
コンデンサー|コンデンサ|false
コント|コント|true
コントラ|コントラ|true
コントラスト|コントラスト|true
コントラバス|コントラバス|true
コントローラ|コントローラー|false
コントローラー|コントローラー|true
コントロール|コントロール|true
コンドミニアム|コンドミニアム|true
コンドム|コンドーム|false
コンドル|コンドル|true
コンドーム|コンドーム|true
コンバイン|コンバイン|true
コンバータ|コンバーター|false
コンバーター|コンバーター|true
コンバート|コンバート|true
コンパ|コンパ|true
コンパクト|コンパクト|true
コンパス|コンパス|true
コンパニオン|コンパニオン|true
コンパニー|カンパニー|false
コンビ|コンビ|true
コンビナート|コンビナート|true
コンビニ|コンビニ|true
コンビニエンス|コンビニエンス|true
コンビネイション|コンビネーション|false
コンビネーション|コンビネーション|true
コンピュータ|コンピュータ|true
コンピューター|コンピュータ|true
コンピレーション|コンピレーション|true
コンフィギュレーション|コンフィギュレーション|true
コンフィグレーション|コンフィギュレーション|false
コンブ|こんぶ|false
コンブリオ|コンブリオ|true
コンプレックス|コンプレックス|true
コンプレッサ|コンプレッサー|false
コンプレッサー|コンプレッサー|true
コンベンション|コンベンション|true
コンベンションセンター|コンベンションセンター|true
コンベンション・センター|コンベンションセンター|false
コンペ|コンペ|true
コンペティション|コンペティション|true
コンボイ|コンボイ|true
コンポ|コンポ|true
コンポスト|コンポスト|true
コンミッション|コミッション|false
コンロ|こんろ|true
コンヴァート|コンバート|false
コン・ブリオ|コンブリオ|false
コーキング|コーキング|true
コークスクリュー|コークスクリュー|true
コース|コース|true
コースター|コースター|true
コーチ|コーチ|true
コーチング|コーチング|true
コーチング|コーティング|false
コーティング|コーティング|true
コーディネイト|コーディネート|false
コーディネータ|コーディネーター|false
コーディネーター|コーディネーター|true
コーディネート|コーディネート|true
コート|コート|true
コード|コード|true
コードレス|コードレス|true
コードレスホン|コードレスホン|true
コードレス・ホン|コードレスホン|false
コーナ|コーナー|false
コーナリング|コーナリング|true
コーナー|コーナー|true
コーヒー|コーヒー|true
コーヒーカップ|コーヒーカップ|true
コーヒーショップ|コーヒーショップ|true
コーヒー・カップ|コーヒーカップ|false
コーヒー・ショップ|コーヒーショップ|false
コーフン|こうふん|false
コープ|コープ|true
コーポ|コーポ|true
コーポレイション|コーポレーション|false
コーポレーション|コーポレーション|true
コーポレートアイデンティティー|コーポレートアイデンティティー|true
コーポレート・アイデンティティー|コーポレートアイデンティティー|false
コーラ|コーラ|true
コーラス|コーラス|true
コーラン|コーラン|true
コール|コール|true
コールド|コールド|true
コールドゲーム|コールドゲーム|true
コールド・ゲーム|コールドゲーム|false
コーン|コーン|true
コーンスターチ|コーンスターチ|true
コーン・スターチ|コーンスターチ|false
ゴキブリ|ゴキブリ|true
ゴシック|ゴシック|true
ゴシップ|ゴシップ|true
ゴジック|ゴシック|false
ゴスペル|ゴスペル|true
ゴチック|ゴシック|false
ゴットファザー|ゴッドファーザー|false
ゴットファーザー|ゴッドファーザー|false
ゴッドファザー|ゴッドファーザー|false
ゴッドファーザー|ゴッドファーザー|true
ゴティック|ゴシック|false
ゴマ|ごま|true
ゴミ|ゴミ|true
ゴミ箱|ごみばこ|true
ゴム|ゴム|true
ゴメン|ごめん|false
ゴリラ|ゴリラ|true
ゴルジュ|ゴルジュ|true
ゴルデンウィーク|ゴールデンウィーク|false
ゴルフ|ゴルフ|true
ゴルファー|ゴルファー|true
ゴロゴロ|ゴロゴロ|true
ゴロンゴロン|ゴロゴロ|false
ゴング|ゴング|true
ゴンドラ|ゴンドラ|true
ゴーカート|ゴーカート|true
ゴーグル|ゴーグル|true
ゴーサイン|ゴーサイン|true
ゴージ|ゴルジュ|false
ゴージャス|ゴージャス|true
ゴースト|ゴースト|true
ゴーストタウン|ゴーストタウン|true
ゴースト・タウン|ゴーストタウン|false
ゴール|ゴール|true
ゴールイン|ゴールイン|true
ゴールキーパー|ゴールキーパー|true
ゴールデン|ゴールデン|true
ゴールデンアワー|ゴールデンアワー|true
ゴールデンウィーク|ゴールデンウィーク|true
ゴールデンウイーク|ゴールデンウィーク|false
ゴールデンタイム|ゴールデンタイム|true
ゴールデン・アワー|ゴールデンアワー|false
ゴールデン・ウィーク|ゴールデンウィーク|false
ゴールデン・ウイーク|ゴールデンウィーク|false
ゴールデン・タイム|ゴールデンタイム|false
ゴールド|ゴールド|true
ゴールライン|ゴールライン|true
ゴール・イン|ゴールイン|false
ゴール・ライン|ゴールライン|false
ゴー・サイン|ゴーサイン|false
サイエンス|サイエンス|true
サイクリング|サイクリング|true
サイクル|サイクル|true
サイクロン|サイクロン|true
サイコー|さいこう|false
サイズ|サイズ|true
サイテー|さいてい|false
サイト|サイト|true
サイド|サイド|true
サイドカー|サイドカー|true
サイドビジネス|サイドビジネス|true
サイド・ビジネス|サイドビジネス|false
サイレン|サイレン|true
サイレント|サイレント|true
サイロ|サイロ|true
サイン|サイン|true
サインいり|サインいり|true
サインかい|サインかい|true
サイン会|サインかい|true
サイン入り|サインいり|true
サウジ|サウジ|true
サウジアラビア|サウジアラビア|true
サウジ・アラビア|サウジアラビア|false
サウスカロライナ|サウスカロライナ|true
サウスポー|サウスポー|true
サウス・カロライナ|サウスカロライナ|false
サウナ|サウナ|true
サウンド|サウンド|true
サガる|さがる|false
サガリ|さがり|false
サキソフォン|サクソフォン|false
サキソホン|サクソフォン|false
サクセス|サクセス|true
サクソフォン|サクソフォン|true
サクソフォーン|サクソフォン|false
サクラ|さくら|true
サケ|さけ|true
ササ|ささ|false
サザンクロス|サザンクロス|true
サザン・クロス|サザンクロス|false
サジスティック|サディスティック|false
サスペンション|サスペンション|true
サスペンス|サスペンス|true
サッと|さっと|false
サッカー|サッカー|true
サックス|サックス|true
サッサと|さっさと|false
サッシ|サッシ|true
サッシュ|サッシ|false
サツマイモ|さつまいも|false
サティン|サテン|false
サテライト|サテライト|true
サテン|サテン|true
サディスチック|サディスティック|false
サディスティック|サディスティック|true
サド|サド|true
サドル|サドル|true
サドンデス|サドンデス|true
サドン・デス|サドンデス|false
サニタリー|サニタリー|true
サハラ|サハラ|true
サハラさばく|サハラさばく|true
サハラ沙漠|サハラさばく|false
サハラ砂漠|サハラさばく|true
サバ|さば|true
サバイバル|サバイバル|true
サバナ|サバンナ|false
サバンナ|サバンナ|true
サパー|サパー|true
サファイア|サファイア|true
サファイアー|サファイア|false
サファイヤ|サファイア|false
サファイヤー|サファイア|false
サファリ|サファリ|true
サファリラリー|サファリラリー|true
サファリ・ラリー|サファリラリー|false
サブ|サブ|true
サブタイトル|サブタイトル|true
サブマリン|サブマリン|true
サプライ|サプライ|true
サプライア|サプライヤー|false
サプライアー|サプライヤー|false
サプライズ|サプライズ|true
サプライヤ|サプライヤー|false
サプライヤー|サプライヤー|true
サプリ|サプリ|true
サボる|サボる|true
サポータ|サポーター|false
サポーター|サポーター|true
サポート|サポート|true
サマライズ|サマライズ|true
サマー|サマー|true
サマースクール|サマースクール|true
サマー・スクール|サマースクール|false
サミット|サミット|true
サメ|サメ|true
サヨウナラ|さようなら|false
サヨク|さよく|false
サヨナラ|さよなら|false
サヨーナラ|さようなら|false
サラウンド|サラウンド|true
サラサラ|さらさら|false
サラダ|サラダ|true
サラド|サラダ|false
サラブレット|サラブレッド|false
サラブレッド|サラブレッド|true
サラリマン|サラリーマン|false
サラリー|サラリー|true
サラリーマン|サラリーマン|true
サラリー・マン|サラリーマン|false
サラーリマン|サラリーマン|false
サラーリーマン|サラリーマン|false
サリン|サリン|true
サリー|サリー|true
サル|さる|false
サルサ|サルサ|true
サルバルサン|サルバルサン|true
サルーン|サルーン|true
サロン|サロン|true
サンキュ|サンキュー|false
サンキュー|サンキュー|true
サンクスギビングデイ|サンクスギビングデー|false
サンクスギビングデー|サンクスギビングデー|true
サンクスギビング・デイ|サンクスギビングデー|false
サンクスギビング・デー|サンクスギビングデー|false
サンクチュアリ|サンクチュアリ|true
サンクチュアリー|サンクチュアリ|false
サングラス|サングラス|true
サンゴ|さんご|true
サンシャイン|サンシャイン|true
サンスクリット|サンスクリット|true
サンタクロース|サンタクロース|true
サンタ・クロース|サンタクロース|false
サンダル|サンダル|true
サンダーバード|サンダーバード|true
サンチュール|サンチュール|true
サンディエゴ|サンディエゴ|true
サンデー|サンデー|true
サントラ|サントラ|true
サンド|サンド|true
サンドイッチ|サンドイッチ|true
サンドウィッチ|サンドイッチ|false
サンドペーパー|サンドペーパー|true
サンノゼ|サンノゼ|true
サンバ|サンバ|true
サンフォライズ|サンフォライズ|true
サンフランシスコ|サンフランシスコ|true
サンプラ|サンプラー|false
サンプラー|サンプラー|true
サンプリング|サンプリング|true
サンプル|サンプル|true
サンボ|サンボ|true
サンマー|サマー|false
サンルーフ|サンルーフ|true
サン・ディエゴ|サンディエゴ|false
サン・フランシスコ|サンフランシスコ|false
サヴァナ|サバンナ|false
サヴァンナ|サバンナ|false
サーカス|サーカス|true
サーキット|サーキット|true
サークル|サークル|true
サーセン|サーセン|true
サーチ|サーチ|true
サーチライト|サーチライト|true
サード|サード|true
サーバ|サーバー|true
サーバー|サーバー|true
サービス|サービス|true
サービスぎょう|サービスぎょう|true
サービスエリア|サービスエリア|true
サービスエース|サービスエース|true
サービス・エリア|サービスエリア|false
サービス・エース|サービスエース|false
サービス業|サービスぎょう|true
サーファー|サーファー|true
サーフィン|サーフィン|true
サーブ|サーブ|true
サーベイランス|サーベイランス|true
サーベランス|サーベイランス|false
サーモン|サーモン|true
サーロイン|サーロイン|true
サーヴィス|サービス|false
ザラザラ|ザラザラ|true
ザリガニ|ザリガニ|true
ザワザワ|ざわざわ|false
ザンビア|ザンビア|true
シアター|シアター|true
シアトル|シアトル|true
シアン|シアン|true
シイタケ|しいたけ|false
シェア|シェア|true
シェアリング|シェアリング|true
シェイカー|シェーカー|false
シェイク|シェイク|true
シェイバー|シェーバー|false
シェイプ|シェイプ|true
シェイプアップ|シェイプアップ|true
シェイプ・アップ|シェイプアップ|false
シェパード|シェパード|true
シェフ|シェフ|true
シェリー|シェリー|true
シェル|シェル|true
シェルター|シェルター|true
シェーカー|シェーカー|true
シェーク|シェイク|true
シェーバー|シェーバー|true
シェープ|シェイプ|false
シェープアップ|シェイプアップ|false
シエスタ|シエスタ|true
シオニスト|シオニスト|true
シオニズム|シオニズム|true
シカ|しか|false
シカゴ|シカゴ|true
シクラメン|シクラメン|true
シグナル|シグナル|true
シスター|シスター|true
システム|システム|true
システムズ|システムズ|true
シソーラス|シソーラス|true
シチエーション|シチュエーション|false
シチュウ|シチュー|false
シチュエイション|シチュエーション|false
シチュエーション|シチュエーション|true
シチュー|シチュー|true
シック|シック|true
シックスナイン|シックスナイン|true
シックス・ナイン|シックスナイン|false
シップ|シップ|true
シテ|して|false
シティ|シティ|true
シティー|シティ|false
シティーエアターミナル|シティーエアターミナル|true
シティー・エア・ターミナル|シティーエアターミナル|false
シトシト|しとしと|false
シトロン|シトロン|true
シドニー|シドニー|true
シナモン|シナモン|true
シナリオ|シナリオ|true
シナリオライター|シナリオライター|true
シナリオ・ライター|シナリオライター|false
シニア|シニア|true
シニカル|シニカル|true
シネマ|シネマ|true
シノニム|シノニム|true
シビれる|しびれる|false
シビア|シビア|true
シビアー|シビア|false
シビック|シビック|true
シビヤ|シビア|false
シビヤー|シビア|false
シビリアンコントロール|シビリアンコントロール|true
シビリアン・コントロール|シビリアンコントロール|false
シビレる|しびれる|false
シフォン|シフォン|true
シフト|シフト|true
シベリア|シベリア|true
シベリヤ|シベリア|false
シボる|しぼる|false
シボリ|しぼり|false
シマ|しま|false
シミ|しみ|false
シミュレーション|シミュレーション|true
シミュレータ|シミュレーター|false
シミュレーター|シミュレーター|true
シミーズ|シミーズ|true
シメ|しめ|false
シメる|しめる|false
シャイ|シャイ|true
シャケ|さけ|false
シャッタ|シャッター|false
シャッター|シャッター|true
シャットアウト|シャットアウト|true
シャットル|シャトル|false
シャット・アウト|シャットアウト|false
シャッポ|シャッポ|true
シャツ|シャツ|true
シャトル|シャトル|true
シャトルバス|シャトルバス|true
シャトル・バス|シャトルバス|false
シャトー|シャトー|true
シャドウ|シャドー|false
シャドー|シャドー|true
シャフト|シャフト|true
シャベル|シャベル|true
シャボンだま|シャボンだま|true
シャボン玉|シャボンだま|true
シャポー|シャッポ|false
シャマン|シャーマン|false
シャルマン|シャルマン|true
シャレ|しゃれ|false
シャワー|シャワー|true
シャン|シャン|true
シャンソン|シャンソン|true
シャンティー|シャンティー|true
シャンデリア|シャンデリア|true
シャンデリヤ|シャンデリア|false
シャンハイ|シャンハイ|true
シャンパン|シャンパン|true
シャンプー|シャンプー|true
シャンペン|シャンパン|false
シャークスキン|シャークスキン|true
シャーク・スキン|シャークスキン|false
シャープ|シャープ|true
シャープペンシル|シャープペンシル|true
シャープ・ペンシル|シャープペンシル|false
シャーベット|シャーベット|true
シャーマン|シャーマン|true
シャーリング|シャーリング|true
シヤッタ|シャッター|false
シヤッター|シャッター|false
シヤン|シャン|false
シュガー|シュガー|true
シュチエーション|シチュエーション|false
シュチュエーション|シチュエーション|false
シュナップス|シュナップス|true
シュプレッヒコール|シュプレヒコール|false
シュプレヒコール|シュプレヒコール|true
シュミットカメラ|シュミットカメラ|true
シュミット・カメラ|シュミットカメラ|false
シュミレーション|シミュレーション|false
シュミレータ|シミュレーター|false
シュミレーター|シミュレーター|false
シュミーズ|シミーズ|false
シュルレアリスム|シュルレアリスム|true
シュレアリスム|シュルレアリスム|false
シュレッダ|シュレッダー|false
シュレッダー|シュレッダー|true
シュークリーム|シュークリーム|true
シューズ|シューズ|true
シュート|シュート|true
シューベルト|シューベルト|true
シュール|シュール|true
シュールリアリズム|シュルレアリスム|false
シュールレアリスム|シュルレアリスム|false
シュールレアリズム|シュルレアリスム|true
シュー・クリーム|シュークリーム|false
ショウ|ショー|false
ショウガ|しょうが|true
ショウルーム|ショールーム|false
ショッキング|ショッキング|true
ショック|ショック|true
ショット|ショット|true
ショッピング|ショッピング|true
ショッピングカート|ショッピングカート|true
ショッピングモール|ショッピングモール|true
ショッピング・カート|ショッピングカート|false
ショッピング・モール|ショッピングモール|false
ショップ|ショップ|true
ショパン|ショパン|true
ショベル|シャベル|true
ショルダーバック|ショルダーバッグ|false
ショルダーバッグ|ショルダーバッグ|true
ショルダー・バッグ|ショルダーバッグ|false
ションベン|しょうべん|false
ション便|しょうべん|false
ショー|ショー|true
ショーウィンドウ|ショーウィンドウ|true
ショーウィンドー|ショーウィンドウ|false
ショーウインドウ|ショーウィンドウ|false
ショーウインドー|ショーウィンドウ|false
ショーケース|ショーケース|true
ショーツ|ショーツ|true
ショート|ショート|true
ショートカット|ショートカット|true
ショートステイ|ショートステイ|true
ショートステー|ショートステイ|false
ショートパンツ|ショートパンツ|true
ショート・カット|ショートカット|false
ショート・ステイ|ショートステイ|false
ショート・パンツ|ショートパンツ|false
ショール|ショール|true
ショールダーバッグ|ショルダーバッグ|false
ショールーム|ショールーム|true
ショー・ウィンドウ|ショーウィンドウ|false
ショー・ウィンドー|ショーウィンドウ|false
ショー・ウインドウ|ショーウィンドウ|false
ショー・ウインドー|ショーウィンドウ|false
シラカバ|しらかば|false
シラカンバ|しらかば|false
シリア|シリア|true
シリアス|シリアス|true
シリアル|シリアル|true
シリウス|シリウス|true
シリコン|シリコン|true
シリコーン|シリコーン|true
シリヤル|シリアル|false
シリンジ|シリンジ|true
シリンダ|シリンダー|false
シリンダー|シリンダー|true
シリーズ|シリーズ|true
シルエッター|シルエッター|true
シルエット|シルエット|true
シルク|シルク|true
シルクロード|シルクロード|true
シルク・ロード|シルクロード|false
シルバー|シルバー|true
シロクマ|しろくま|false
シロップ|シロップ|true
シワ|しわ|false
シン|シン|true
シンカー|シンカー|true
シンガポール|シンガポール|true
シンガー|シンガー|true
シンガーソングライター|シンガーソングライター|true
シンガー・ソングライター|シンガーソングライター|false
シンク|シンク|true
シンクタンク|シンクタンク|true
シンクロ|シンクロ|true
シンクロナイズ|シンクロナイズ|true
シンク・タンク|シンクタンク|false
シングル|シングル|true
シングルス|シングルス|true
シングルズ|シングルス|false
シンジケート|シンジケート|true
シンセサイザ|シンセサイザー|false
シンセサイザー|シンセサイザー|true
シンドローム|シンドローム|true
シンナー|シンナー|true
シンパ|シンパ|true
シンフォニー|シンフォニー|true
シンプル|シンプル|true
シンホニー|シンフォニー|false
シンボリスト|シンボリスト|true
シンボリック|シンボリック|true
シンボル|シンボル|true
シンポ|シンポ|true
シンポジウム|シンポジウム|true
シーアは|シーアは|true
シーア派|シーアは|true
シーエム|シー・エム|false
シーク|シーク|true
シークレット|シークレット|true
シークレットサービス|シークレットサービス|true
シークレット・サービス|シークレットサービス|false
シーズニング|シーズニング|true
シーズン|シーズン|true
シーズンオフ|シーズンオフ|true
シーズン・オフ|シーズンオフ|false
シーソーゲーム|シーソーゲーム|true
シーソー・ゲーム|シーソーゲーム|false
シーツ|シーツ|true
シーディープレイヤー|シーディープレーヤー|false
シーディープレーヤー|シーディープレーヤー|true
シート|シート|true
シートベルト|シートベルト|true
シート・ベルト|シートベルト|false
シード|シード|true
シーフード|シーフード|true
シームレス|シームレス|true
シーリング|シーリング|true
シーリーズ|シリーズ|false
シール|シール|true
シールド|シールド|true
シーン|シーン|true
シー・エム|シー・エム|true
ジイさん|じいさん|false
ジェイアール|ジェー・アール|false
ジェイ・アール|ジェー・アール|false
ジェスチャ|ジェスチャー|false
ジェスチャー|ジェスチャー|true
ジェット|ジェット|true
ジェットき|ジェットき|true
ジェットコースター|ジェットコースター|true
ジェット・コースター|ジェットコースター|false
ジェット機|ジェットき|true
ジェネレーション|ジェネレーション|true
ジェノサイド|ジェノサイド|true
ジェラシー|ジェラシー|true
ジェラチン|ゼラチン|false
ジェラルミン|ジュラルミン|false
ジェリー|ゼリー|false
ジェロントクラシー|ジェロントクラシー|true
ジェンダー|ジェンダー|true
ジェーアイエス|ジス|false
ジェーアール|ジェー・アール|false
ジェー・アール|ジェー・アール|true
ジクソーパズル|ジグソーパズル|false
ジクゾーパズル|ジグソーパズル|false
ジグザグ|ジグザグ|true
ジグソーパスル|ジグソーパズル|false
ジグソーパズル|ジグソーパズル|true
ジグソー・パズル|ジグソーパズル|false
ジグゾーパズル|ジグソーパズル|false
ジグゾー・パズル|ジグソーパズル|false
ジス|ジス|true
ジストロフィ|ジストロフィー|false
ジストロフィー|ジストロフィー|true
ジハード|ジハード|true
ジパング|ジパング|true
ジブ|ジブ|true
ジプシー|ジプシー|true
ジム|ジム|true
ジメジメ|じめじめ|false
ジャイアント|ジャイアント|true
ジャイロスコープ|ジャイロスコープ|true
ジャカルタ|ジャカルタ|true
ジャガイモ|じゃがいも|false
ジャガー|ジャガー|true
ジャガ芋|じゃがいも|false
ジャガ薯|じゃがいも|false
ジャケット|ジャケット|true
ジャケツ|ジャケット|false
ジャス|ジャス|true
ジャスト|ジャスト|true
ジャスミン|ジャスミン|true
ジャズ|ジャズ|true
ジャズメン|ジャズメン|true
ジャッキ|ジャッキ|true
ジャック|ジャック|true
ジャッジ|ジャッジ|true
ジャノメ|じゃのめ|false
ジャパニーズ|ジャパニーズ|true
ジャパン|ジャパン|true
ジャパンカップ|ジャパンカップ|true
ジャパン・カップ|ジャパンカップ|false
ジャブ|ジャブ|true
ジャブジャブ|じゃぶじゃぶ|false
ジャポニカ|ジャポニカ|true
ジャマイカ|ジャマイカ|true
ジャム|ジャム|true
ジャンキ|ジャンキー|false
ジャンキー|ジャンキー|true
ジャンクション|ジャンクション|true
ジャングル|ジャングル|true
ジャンケン|じゃんけん|true
ジャンバー|ジャンパー|false
ジャンパ|ジャンパー|false
ジャンパー|ジャンパー|true
ジャンプ|ジャンプ|true
ジャンボ|ジャンボ|true
ジャンル|ジャンル|true
ジャン拳|じゃんけん|false
ジャー|ジャー|true
ジャーク|ジャーク|true
ジャージ|ジャージー|false
ジャージー|ジャージー|true
ジャーナリスト|ジャーナリスト|true
ジャーナリズム|ジャーナリズム|true
ジャーナル|ジャーナル|true
ジュウタン|じゅうたん|false
ジュウリー|ジュエリー|false
ジュエリー|ジュエリー|true
ジュゴン|ジュゴン|true
ジュニア|ジュニア|true
ジュネーブ|ジュネーブ|true
ジュネーヴ|ジュネーブ|false
ジュビリー|ジュビリー|true
ジュラルミン|ジュラルミン|true
ジュリー|ジュリー|true
ジュークボックス|ジュークボックス|true
ジュース|ジュース|true
ジュータン|じゅうたん|false
ジューリー|ジュエリー|false
ジュール|ジュール|true
ジューンブライド|ジューンブライド|true
ジューン・ブライド|ジューンブライド|false
ジョイ|ジョイ|true
ジョイント|ジョイント|true
ジョギング|ジョギング|true
ジョッキ|ジョッキ|true
ジョッギング|ジョギング|false
ジョーカー|ジョーカー|true
ジョーク|ジョーク|true
ジラフ|ジラフ|true
ジレンマ|ジレンマ|true
ジワジワ|ジワジワ|true
ジン|ジン|true
ジンギスかん|ジンギスカン|false
ジンギスカン|ジンギスカン|true
ジンギス汗|ジンギスカン|false
ジンクス|ジンクス|true
ジンス|ジーンズ|false
ジンバブエ|ジンバブエ|true
ジーゼル|ディーゼル|false
ジーパン|ジーパン|true
ジープ|ジープ|true
ジーユーアイ|ジー・ユー・アイ|false
ジーン|ジーン|true
ジーンズ|ジーンズ|true
ジー・ユー・アイ|ジー・ユー・アイ|true
スィッチ|スイッチ|false
スィート|スイート|false
スィーパー|スイーパー|false
スイカ|すいか|true
スイギュウ|すいぎゅう|false
スイス|スイス|true
スイセン|すいせん|false
スイッチ|スイッチ|true
スイフト|スウィフト|false
スイマー|スイマー|true
スイミングクラブ|スイミングクラブ|true
スイミング・クラブ|スイミングクラブ|false
スイング|スイング|true
スイート|スイート|true
スイーパー|スイーパー|true
スウィッチ|スイッチ|false
スウィフト|スウィフト|true
スウィング|スイング|false
スウィート|スイート|false
スウィーパー|スイーパー|false
スウェーター|セーター|false
スウェーデン|スウェーデン|true
スウエーデン|スウェーデン|false
スェーデン|スウェーデン|false
スエーター|セーター|false
スエーデン|スウェーデン|false
スカイ|スカイ|true
スカイライン|スカイライン|true
スカウト|スカウト|true
スカッシュ|スカッシュ|true
スカラシップ|スカラシップ|true
スカラーシップ|スカラシップ|false
スカル|スカル|true
スカンク|スカンク|true
スカート|スカート|true
スカーフ|スカーフ|true
スカール|スカル|false
スカーレット|スカーレット|true
スキッパー|スキッパー|true
スキャナ|スキャナー|false
スキャナー|スキャナー|true
スキャン|スキャン|true
スキャンダラス|スキャンダラス|true
スキャンダル|スキャンダル|true
スキヤキ|すきやき|false
スキューバ|スキューバ|true
スキューバー|スキューバ|false
スキン|スキン|true
スキンケア|スキンケア|true
スキンシップ|スキンシップ|true
スキン・ケア|スキンケア|false
スキー|スキー|true
スキーヤー|スキーヤー|true
スギ|すぎ|false
スクイズ|スクイズ|true
スクゥエア|スクエア|false
スクウェア|スクエア|false
スクェア|スクエア|false
スクェアー|スクエア|false
スクエア|スクエア|true
スクエアー|スクエア|false
スクラップ|スクラップ|true
スクラム|スクラム|true
スクランブル|スクランブル|true
スクリプター|スクリプター|true
スクリュー|スクリュー|true
スクリユー|スクリュー|false
スクリーン|スクリーン|true
スクーター|スクーター|true
スクーバ|スキューバ|false
スクーバー|スキューバ|false
スクープ|スクープ|true
スクール|スクール|true
スケジュール|スケジュール|true
スケッチ|スケッチ|true
スケッチブック|スケッチブック|true
スケーター|スケーター|true
スケーティング|スケーティング|true
スケート|スケート|true
スケートリンク|スケートリンク|true
スケート・リンク|スケートリンク|false
スケープゴート|スケープゴート|true
スケール|スケール|true
スゲ|すげ|true
スゲイ|すげー|false
スゲェ|すげー|false
スゲエ|すげー|false
スゲー|すげー|false
スコア|スコア|true
スコアボード|スコアボード|true
スコッチ|スコッチ|true
スコップ|スコップ|true
スコンク|スカンク|false
スコーカー|スコーカー|true
スコープ|スコープ|true
スコール|スコール|true
スゴい|すごい|false
スゴイ|すごい|true
スジ|すじ|false
スズ|すず|false
スズメ|すずめ|false
スタア|スター|false
スタイミー|スタイミー|true
スタイリスト|スタイリスト|true
スタイリング|スタイリング|true
スタイル|スタイル|true
スタジアム|スタジアム|true
スタジオ|スタジオ|true
スタッフ|スタッフ|true
スタディアム|スタジアム|false
スタディオ|スタジオ|false
スタブ|スタブ|true
スタミナ|スタミナ|true
スタメン|スタメン|true
スタン|スタン|true
スタンガン|スタンガン|true
スタンス|スタンス|true
スタンダード|スタンダード|true
スタンド|スタンド|true
スタンフォード|スタンフォード|true
スタンプ|スタンプ|true
スタン・ガン|スタンガン|false
スター|スター|true
スターズアンドストライプス|スターズアンドストライプス|true
スターズ・アンド・ストライプス|スターズアンドストライプス|false
スタータ|スターター|false
スターター|スターター|true
スタート|スタート|true
スタートライン|スタートライン|true
スタート・ライン|スタートライン|false
スターリングエンジン|スターリングエンジン|true
スターリング・エンジン|スターリングエンジン|false
スチュワーデス|スチュワーデス|true
スチーム|スチーム|true
スチール|スチール|true
スッと|すっと|false
スッキリ|すっきり|false
スッゲェ|すげー|false
スッゲエ|すげー|false
スッゲー|すげー|false
スッゴい|すっごい|false
スッゴイ|すっごい|false
スティック|スティック|true
スティンガー|スティンガー|true
スティール|スチール|false
ステイション|ステーション|false
ステイタス|ステータス|true
ステイト|ステート|false
ステイトメント|ステートメント|false
ステインドグラス|ステンドグラス|false
ステインド・グラス|ステンドグラス|false
ステキ|すてき|false
ステッカ|ステッカー|false
ステッカー|ステッカー|true
ステッキ|ステッキ|true
ステップ|ステップ|true
ステルス|ステルス|true
ステレオ|ステレオ|true
ステレオタイプ|ステレオタイプ|true
ステロイド|ステロイド|true
ステロタイプ|ステレオタイプ|false
ステンドグラス|ステンドグラス|true
ステンド・グラス|ステンドグラス|false
ステンレス|ステンレス|true
ステーキ|ステーキ|true
ステーション|ステーション|true
ステージ|ステージ|true
ステータス|ステータス|true
ステート|ステート|true
ステートアマ|ステートアマ|true
ステートメント|ステートメント|true
スト|スト|true
ストア|ストア|true
ストアー|ストア|false
ストイチズム|ストイチズム|true
ストイック|ストイック|true
ストッキング|ストッキング|true
ストック|ストック|true
ストックホルム|ストックホルム|true
ストッパー|ストッパー|true
ストップ|ストップ|true
ストップウォッチ|ストップウォッチ|true
ストップウオッチ|ストップウォッチ|false
ストライカー|ストライカー|true
ストライキ|ストライキ|true
ストライク|ストライク|true
ストライプ|ストライプ|true
ストリッパー|ストリッパー|true
ストリップ|ストリップ|true
ストリー|ストーリー|false
ストリーカー|ストリーカー|true
ストリート|ストリート|true
ストレス|ストレス|true
ストレッチ|ストレッチ|true
ストレート|ストレート|true
ストロベリ|ストロベリー|false
ストロベリー|ストロベリー|true
ストロボ|ストロボ|true
ストロンチウム|ストロンチウム|true
ストロー|ストロー|true
ストローク|ストローク|true
ストローベリー|ストロベリー|false
ストーカー|ストーカー|true
ストーブ|ストーブ|true
ストーム|ストーム|true
ストーリ|ストーリー|false
ストーリー|ストーリー|true
ストール|ストール|true
ストーンウォッシュ|ストーンウォッシュ|true
ストーンウオッシュ|ストーンウォッシュ|false
ストーン・ウォッシュ|ストーンウォッシュ|false
ストーン・ウオッシュ|ストーンウォッシュ|false
ストーヴ|ストーブ|false
スナック|スナック|true
スナッチ|スナッチ|true
スナップ|スナップ|true
スニーカー|スニーカー|true
スネイク|スネーク|false
スネーク|スネーク|true
スノウ|スノー|false
スノー|スノー|true
スノーボート|スノーボート|true
スノーボード|スノーボード|true
スノー・ボート|スノーボート|false
スパイ|スパイ|true
スパイク|スパイク|true
スパイス|スパイス|true
スパイラル|スパイラル|true
スパゲッティ|スパゲティ|true
スパゲッティー|スパゲティ|false
スパゲティ|スパゲティ|true
スパゲティー|スパゲティ|false
スパッツ|スパッツ|true
スパム|スパム|true
スパン|スパン|true
スパーク|スパーク|true
スパート|スパート|true
スパーリング|スパーリング|true
スピア|スピア|true
スピリット|スピリット|true
スピルリナ|スピルリナ|true
スピン|スピン|true
スピーカ|スピーカー|false
スピーカー|スピーカー|true
スピーチ|スピーチ|true
スピーディ|スピーディー|false
スピーディー|スピーディー|true
スピード|スピード|true
スピードアップ|スピードアップ|true
スピードウェイ|スピードウェイ|true
スピードウェー|スピードウェイ|false
スピードウエイ|スピードウェイ|false
スピードウエー|スピードウェイ|true
スピード・アップ|スピードアップ|false
スフィンクス|スフィンクス|true
スプリット|スプリット|true
スプリンクラー|スプリンクラー|true
スプリング|スプリング|true
スプリンター|スプリンター|true
スプリント|スプリント|true
スプレー|スプレー|true
スプン|スプーン|false
スプーン|スプーン|true
スベる|すべる|false
スペア|スペア|true
スペイン|スペイン|true
スペインご|スペインご|true
スペイン語|スペインご|true
スペクタクル|スペクタクル|true
スペクトル|スペクトル|true
スペシャリスト|スペシャリスト|true
スペシャル|スペシャル|true
スペル|スペル|true
スペンサージャケット|スペンサージャケット|true
スペンサー・ジャケット|スペンサージャケット|false
スペーシング|スペーシング|true
スペース|スペース|true
スペースシャトル|スペースシャトル|true
スペース・シャトル|スペースシャトル|false
スポット|スポット|true
スポットライト|スポットライト|true
スポンサ|スポンサー|false
スポンサー|スポンサー|true
スポンジ|スポンジ|true
スポンジケーキ|スポンジケーキ|true
スポンジ・ケーキ|スポンジケーキ|false
スポーク|スポーク|true
スポークスマン|スポークスマン|true
スポーツ|スポーツ|true
スポーツしんぶん|スポーツしんぶん|true
スポーツカー|スポーツカー|true
スポーツマン|スポーツマン|true
スポーツ・カー|スポーツカー|false
スポーツ新聞|スポーツしんぶん|true
スポーティ|スポーティ|true
スポーティー|スポーティ|true
スマイル|スマイル|true
スマッシュ|スマッシュ|true
スマフォ|スマホ|false
スマホ|スマホ|true
スマート|スマート|true
スミマセン|すみません|false
スムース|スムーズ|false
スムーズ|スムーズ|true
スモカー|スモーカー|false
スモッグ|スモッグ|true
スモーカー|スモーカー|true
スライス|スライス|true
スライダ|スライダー|false
スライダー|スライダー|true
スライディング|スライディング|true
スライド|スライド|true
スラスラ|スラスラ|true
スラック|スラック|true
スラックス|スラックス|true
スラローム|スラローム|true
スランプ|スランプ|true
スリ|すり|false
スリット|スリット|true
スリッパ|スリッパ|true
スリッパー|スリッパ|false
スリップ|スリップ|true
スリム|スリム|true
スリラー|スリラー|true
スリリング|スリリング|true
スリル|スリル|true
スリーサイズ|スリーサイズ|true
スリー・サイズ|スリーサイズ|false
スルー|スルー|true
スレイブ|スレイブ|true
スレイヴ|スレイブ|false
スレスレ|すれすれ|false
スレンダー|スレンダー|true
スレート|スレート|true
スレーブ|スレイブ|false
スレーヴ|スレイブ|false
スロット|スロット|true
スロバキア|スロバキア|true
スロベニア|スロベニア|true
スロヴァキア|スロバキア|false
スロヴェニア|スロベニア|false
スロー|スロー|true
スローガン|スローガン|true
スロープ|スロープ|true
スワップ|スワップ|true
スワヒリご|スワヒリご|true
スワヒリ語|スワヒリご|true
スワン|スワン|true
スンゲェ|すげー|false
スンゲー|すげー|false
スンゴい|すっごい|false
スンゴイ|すっごい|false
スーッと|すっと|false
スーツ|スーツ|true
スーツケース|スーツケース|true
スーパ|スーパー|false
スーパバイザ|スーパーバイザー|false
スーパー|スーパー|true
スーパースター|スーパースター|true
スーパーチェーン|スーパーチェーン|true
スーパーバイザ|スーパーバイザー|false
スーパーバイザー|スーパーバイザー|true
スーパーボウル|スーパーボウル|true
スーパーマン|スーパーマン|true
スーパーマーケット|スーパーマーケット|true
スーパー・チェーン|スーパーチェーン|false
スーパー・ボウル|スーパーボウル|false
スープ|スープ|true
ズキズキ|ずきずき|false
ズバリ|ズバリ|true
ズボン|ズボン|true
ズラリ|ずらり|false
ズルい|ずるい|false
ズルイ|ずるい|false
ズルズル|ずるずる|false
ズレる|ずれる|false
ズーム|ズーム|true
ズームレンズ|ズームレンズ|true
ズーム・レンズ|ズームレンズ|false
セし|セし|true
セオリ|セオリー|false
セオリー|セオリー|true
セカンド|セカンド|true
セキ|せき|false
セキュリティ|セキュリティ|true
セキュリティー|セキュリティ|true
セクシィ|セクシー|false
セクシィー|セクシー|false
セクション|セクション|true
セクシー|セクシー|true
セクスィ|セクシー|false
セクスィー|セクシー|false
セクタ|セクター|false
セクター|セクター|true
セクハラ|セクハラ|true
セシウム|セシウム|true
セション|セッション|false
セゾン|セゾン|true
セダン|セダン|true
セックス|セックス|true
セッション|セッション|true
セッティング|セッティング|true
セット|セット|true
セトモノ|せともの|false
セパード|シェパード|false
セビロ|せびろ|false
セピア|セピア|true
セブン|セブン|true
セミ|せみ|false
セミコロン|セミコロン|true
セミナ|セミナー|false
セミナー|セミナー|true
セミナール|ゼミナール|false
セメント|セメント|true
セラピー|セラピー|true
セラミック|セラミック|true
セラー|セラー|true
セリー|シェリー|false
セル|セル|true
セルビア|セルビア|true
セルフ|セルフ|true
セルフサービス|セルフサービス|true
セルフ・サービス|セルフサービス|false
セルリー|セロリ|false
セルロイド|セルロイド|true
セレクション|セレクション|true
セレクト|セレクト|true
セレナーデ|セレナーデ|true
セレナード|セレナーデ|true
セレモニー|セレモニー|true
セロ|チェロ|false
セロテープ|セロテープ|true
セロハンテープ|セロハンテープ|true
セロハン・テープ|セロハンテープ|false
セロリ|セロリ|true
センキュ|サンキュー|false
センキュー|サンキュー|false
センサ|センサー|false
センサー|センサー|true
センス|センス|true
センセーショナル|センセーショナル|true
センセーション|センセーション|true
センタ|センター|false
センタリング|センタリング|true
センター|センター|true
センターリング|センタリング|false
センチ|センチ|true
センチメンタル|センチメンタル|true
センチメーター|センチメートル|false
センチメートル|センチメートル|true
センティメンタル|センチメンタル|false
セント|セント|true
センバツ|せんばつ|false
セーター|セーター|true
セーフ|セーフ|true
セーフティードライブ|セーフティードライブ|true
セーフティー・ドライブ|セーフティードライブ|false
セーブ|セーブ|true
セーラーふく|セーラーふく|true
セーラー服|セーラーふく|true
セール|セール|true
セールス|セールス|true
セールスマン|セールスマン|true
セ氏|セし|true
ゼスチャー|ジェスチャー|false
ゼネコン|ゼネコン|true
ゼネスト|ゼネスト|true
ゼネラルマネジャー|ゼネラルマネージャー|false
ゼネラルマネージャー|ゼネラルマネージャー|true
ゼネラル・マネジャー|ゼネラルマネージャー|false
ゼネラル・マネージャー|ゼネラルマネージャー|false
ゼネレーション|ジェネレーション|false
ゼミ|ゼミ|true
ゼミナール|ゼミナール|true
ゼラチン|ゼラチン|true
ゼリー|ゼリー|true
ゼロ|ゼロ|true
ゼロックス|ゼロックス|true
ソれん|ソれん|true
ソウ類|そうるい|false
ソサイエティ|ソサエティ|false
ソサイエティー|ソサエティ|false
ソサエティ|ソサエティ|true
ソサエティー|ソサエティ|false
ソシアルワーカー|ソーシャルワーカー|false
ソシアル・ワーカー|ソーシャルワーカー|false
ソジウム|ナトリウム|false
ソックス|ソックス|true
ソッコー|そっこう|false
ソナタ|ソナタ|true
ソバ|そば|false
ソビエト|ソビエト|true
ソファ|ソファ|true
ソファー|ソファ|true
ソフト|ソフト|true
ソフトウェア|ソフトウェア|true
ソフトウエア|ソフトウェア|true
ソフトドリンク|ソフトドリンク|true
ソフトボール|ソフトボール|true
ソフト・ドリンク|ソフトドリンク|false
ソプラノ|ソプラノ|true
ソユーズ|ソユーズ|true
ソリスト|ソリスト|true
ソロ|ソロ|true
ソロソロ|そろそろ|false
ソロバン|そろばん|false
ソワソワ|そわそわ|false
ソング|ソング|true
ソヴィエト|ソビエト|false
ソーイングセット|ソーイングセット|true
ソーイング・セット|ソーイングセット|false
ソーシャルワーカー|ソーシャルワーカー|true
ソーシャル・ワーカー|ソーシャルワーカー|false
ソース|ソース|true
ソーセージ|ソーセージ|true
ソープ|ソープ|true
ソープランド|ソープランド|true
ソーラー|ソーラー|true
ソ連|ソれん|true
ゾウ|ぞう|false
ゾクゾク|ぞくぞく|false
ゾロゾロ|ぞろぞろ|false
ゾーン|ゾーン|true
タイ|タイ|true
タイア|タイヤ|false
タイアップ|タイアップ|true
タイゲーム|タイゲーム|true
タイツ|タイツ|true
タイト|タイト|true
タイトル|タイトル|true
タイピスト|タイピスト|true
タイプ|タイプ|true
タイプライタ|タイプライター|false
タイプライター|タイプライター|true
タイマ|タイマー|false
タイマー|タイマー|true
タイミング|タイミング|true
タイム|タイム|true
タイムスタンプ|タイムスタンプ|true
タイムズ|タイムズ|true
タイムセール|タイムセール|true
タイムマシン|タイムマシン|true
タイムマシーン|タイムマシン|false
タイムリ|タイムリー|false
タイムリー|タイムリー|true
タイム・スタンプ|タイムスタンプ|false
タイム・セール|タイムセール|false
タイム・マシン|タイムマシン|false
タイム・マシーン|タイムマシン|false
タイヤ|タイヤ|true
タイル|タイル|true
タイ・ゲーム|タイゲーム|false
タウン|タウン|true
タオル|タオル|true
タカ|たか|false
タキシ|タクシー|false
タキシイ|タクシー|false
タキシー|タクシー|false
タキシード|タキシード|true
タクシ|タクシー|false
タクシィ|タクシー|false
タクシイ|タクシー|false
タクシー|タクシー|true
タグ|タグ|true
タグボート|タグボート|true
タケ|たけ|false
タケノコ|たけのこ|false
タコ|たこ|false
タコヤキ|たこやき|false
タコ焼|たこやき|false
タコ焼き|たこやき|false
タスク|タスク|true
タタキ|たたき|true
タダ|ただ|false
タチバナ|たちばな|false
タック|タック|true
タッグ|タグ|false
タッチ|タッチ|true
タップ|タップ|true
タテ|たて|false
タトゥー|タトゥー|true
タヌキ|たぬき|true
タネ|たね|false
タバコ|タバコ|true
タフ|タフ|true
タブ|タブ|true
タブロイド|タブロイド|true
タブー|タブー|true
タマネギ|たまねぎ|true
タラタラ|たらたら|false
タルク|タルク|true
タレ|たれ|false
タレント|タレント|true
タワー|タワー|true
タン|タン|true
タンカ|たんか|false
タンカー|タンカー|true
タンク|タンク|true
タンクローリ|タンクローリー|false
タンクローリー|タンクローリー|true
タンク・ローリ|タンクローリー|false
タンク・ローリー|タンクローリー|false
タンサン|たんさん|false
タンザニア|タンザニア|true
タンス|たんす|false
タンデム|タンデム|true
タンパク質|たんぱくしつ|true
タンポポ|たんぽぽ|true
ターゲット|ターゲット|true
タービン|タービン|true
ターボ|ターボ|true
ターミナル|ターミナル|true
タール|タール|true
ターン|ターン|true
ダイア|ダイヤ|false
ダイアグラム|ダイアグラム|true
ダイアモンド|ダイヤモンド|false
ダイアル|ダイヤル|false
ダイエット|ダイエット|true
ダイオード|ダイオード|true
ダイコン|だいこん|false
ダイジェスト|ダイジェスト|true
ダイズ|だいず|false
ダイナマイト|ダイナマイト|true
ダイナミクス|ダイナミクス|true
ダイナミズム|ダイナミズム|true
ダイナミック|ダイナミック|true
ダイナミックス|ダイナミクス|false
ダイナースクラブ|ダイナースクラブ|true
ダイナース・クラブ|ダイナースクラブ|false
ダイニング|ダイニング|true
ダイビング|ダイビング|true
ダイヤ|ダイヤ|true
ダイヤグラム|ダイアグラム|false
ダイヤモンド|ダイヤモンド|true
ダイヤル|ダイヤル|true
ダイレクト|ダイレクト|true
ダイヴィング|ダイビング|false
ダウン|ダウン|true
ダウンサイジング|ダウンサイジング|true
ダウンタウン|ダウンタウン|true
ダウンロード|ダウンロード|true
ダカ|ダカ|true
ダクト|ダクト|true
ダシ|だし|false
ダッシュ|ダッシュ|true
ダッブル|ダブル|false
ダビング|ダビング|true
ダブダブ|だぶだぶ|false
ダブル|ダブル|true
ダミー|ダミー|true
ダム|ダム|true
ダメ|だめ|false
ダメージ|ダメージ|true
ダライラマ|ダライラマ|true
ダライ・ラマ|ダライラマ|false
ダラス|ダラス|true
ダラダラ|だらだら|true
ダルい|だるい|false
ダルマ|だるま|false
ダレ|たれ|false
ダンク|ダンク|true
ダンサ|ダンサー|false
ダンサー|ダンサー|true
ダンシング|ダンシング|true
ダンス|ダンス|true
ダンスホール|ダンスホール|true
ダンス・ホール|ダンスホール|false
ダントツ|ダントツ|true
ダンナ|だんな|false
ダンピング|ダンピング|true
ダンプ|ダンプ|true
ダンプカー|ダンプカー|true
ダンプ・カー|ダンプカー|false
ダンボール|だんボール|true
ダーク|ダーク|true
ダース|ダース|true
ダーリン|ダーリン|true
チア|チア|true
チアガール|チアガール|true
チア・ガール|チアガール|false
チアー|チア|false
チェ|チェッ|false
チェア|チェア|true
チェアマン|チェアマン|true
チェアー|チェア|false
チェイン|チェーン|true
チェコ|チェコ|true
チェコスロバキア|チェコスロバキア|true
チェコスロヴァキア|チェコスロバキア|false
チェス|チェス|true
チェチェン|チェチェン|true
チェッ|チェッ|true
チェッカ|チェッカー|false
チェッカー|チェッカー|true
チェック|チェック|true
チェックアウト|チェックアウト|true
チェックイン|チェックイン|true
チェリー|チェリー|true
チェルノブイリ|チェルノブイリ|true
チェロ|チェロ|true
チェンジ|チェンジ|true
チェンジャー|チェンジャー|true
チェンバロ|チェンバロ|true
チェーン|チェーン|true
チキン|チキン|true
チクショー|ちくしょう|false
チクリ|ちくり|false
チケット|チケット|true
チタン|チタン|true
チッ|チェッ|false
チッキン|チキン|false
チッス|キス|false
チップ|チップ|true
チドリ|ちどり|false
チビ|ちび|false
チフス|チフス|true
チブス|チフス|false
チプス|チフス|false
チベット|チベット|true
チャイナ|チャイナ|true
チャイニーズ|チャイニーズ|true
チャイム|チャイム|true
チャイルド|チャイルド|true
チャオズ|ギョーザ|false
チャック|チャック|true
チャット|チャット|true
チャネリング|チャネリング|true
チャネル|チャネル|true
チャプタ|チャプター|false
チャプター|チャプター|true
チャペル|チャペル|true
チャリティ|チャリティー|false
チャリティー|チャリティー|true
チャリテイ|チャリティー|false
チャレンジ|チャレンジ|true
チャンス|チャンス|true
チャンネル|チャネル|true
チャンピォン|チャンピオン|false
チャンピオン|チャンピオン|true
チャンピョン|チャンピオン|false
チャンピヨン|チャンピオン|false
チャージ|チャージ|true
チャーター|チャーター|true
チャーチ|チャーチ|true
チャート|チャート|true
チャーハン|チャーハン|true
チャーミング|チャーミング|true
チャールストン|チャールストン|true
チュウハイ|チューハイ|false
チュウリップ|チューリップ|false
チュニジア|チュニジア|true
チュータ|チューター|false
チューター|チューター|true
チューナ|チューナー|false
チューナー|チューナー|true
チューハイ|チューハイ|true
チューブ|チューブ|true
チューリップ|チューリップ|true
チョウ|ちょう|false
チョウチョ|ちょうちょう|false
チョウチョウ|ちょうちょう|false
チョキ|チョキ|true
チョコ|チョコ|true
チョコレート|チョコレート|true
チョッと|ちょっと|false
チョッキ|チョッキ|true
チョット|ちょっと|false
チョー|ちょう|false
チョーキング|チョーキング|true
チョーク|チョーク|true
チラっと|ちらっと|false
チラと|ちらっと|false
チラシ|ちらし|true
チラチラ|ちらちら|false
チラッと|ちらっと|false
チラッチラッ|ちらちら|false
チラリ|チラリ|true
チリ|チリ|true
チリトリ|ちりとり|false
チリ取り|ちりとり|false
チリ紙|ちりがみ|false
チルダ|チルダ|true
チンチン|ちんちん|false
チンピラ|チンピラ|true
チンプンカンプン|ちんぷんかんぷん|false
チーズ|チーズ|true
チーズケーキ|チーズケーキ|true
チーズ・ケーキ|チーズケーキ|false
チーフ|チーフ|true
チーム|チーム|true
チームワーク|チームワーク|true
ツぐ|つぐ|false
ツアー|ツアー|true
ツイてる|ついてる|false
ツイン|ツイン|true
ツキ|つき|false
ツギハギ|つぎはぎ|false
ツケ|つけ|false
ツケる|つける|false
ツッコむ|つっこむ|false
ツッパリ|つっぱり|false
ツツく|つつく|false
ツツジ|つつじ|true
ツナ|ツナ|true
ツノ|つの|false
ツバキ|つばき|false
ツバメ|つばめ|true
ツボ|つぼ|false
ツヤ|つや|false
ツヤツヤ|つやつや|false
ツラ|つら|false
ツラい|つらい|false
ツライ|つらい|false
ツリー|ツリー|true
ツル|つる|false
ツルツル|つるつる|false
ツルー|トゥルー|false
ツレ|つれ|false
ツーピース|ツーピース|true
ツーリスト|ツーリスト|true
ツーリング|ツーリング|true
ツール|ツール|true
ツー・ピース|ツーピース|false
ティ|ティー|false
ティケット|チケット|false
ティシュ|ティッシュ|false
ティシュペーパー|ティッシュペーパー|false
ティシュー|ティッシュ|false
ティッシュ|ティッシュ|true
ティッシュペーパー|ティッシュペーパー|true
ティッシュ・ペーパー|ティッシュペーパー|false
ティッシュー|ティッシュ|false
ティラニー|ティラニー|true
ティルデ|チルダ|false
ティンパニ|ティンパニ|true
ティンパニー|ティンパニ|false
ティー|ティー|true
ティーシャツ|ティーシャツ|true
ティーバック|ティーバック|true
ティーム|チーム|false
テイクアウト|テイクアウト|true
テイスト|テイスト|true
テイラー|テーラー|false
テキ|テキ|true
テキサス|テキサス|true
テキスチャ|テクスチャ|false
テキスチャー|テクスチャ|false
テキスチュア|テクスチャ|false
テキスト|テキスト|true
テキトー|てきとう|false
テク|テク|true
テクサス|テキサス|false
テクスチャ|テクスチャ|true
テクスチャー|テクスチャ|false
テクスチュア|テクスチャ|false
テクスチュアー|テクスチャ|false
テクスト|テキスト|false
テクニカル|テクニカル|true
テクニシャン|テクニシャン|true
テクニック|テクニック|true
テクノクラート|テクノクラート|true
テクノロジ|テクノロジー|false
テクノロジー|テクノロジー|true
テケツ|チケット|false
テスター|テスター|true
テスト|テスト|true
テストケース|テストケース|true
テスト・ケース|テストケース|false
テックス|テックス|true
テッシュ|ティッシュ|false
テッシュー|ティッシュ|false
テッパン|てっぱん|false
テトラクロロエチレン|テトラクロロエチレン|true
テナント|テナント|true
テナー|テナー|true
テニス|テニス|true
テニスコート|テニスコート|true
テニス・コート|テニスコート|false
テネシー|テネシー|true
テノール|テノール|true
テヘラン|テヘラン|true
テマ|テーマ|false
テュニジア|チュニジア|false
テュータ|チューター|false
テューター|チューター|false
テラス|テラス|true
テリトリー|テリトリー|true
テリーヌ|テリーヌ|true
テルアビブ|テルアビブ|true
テルアヴィヴ|テルアビブ|false
テル・アビブ|テルアビブ|false
テル・アヴィヴ|テルアビブ|false
テレカンファレンス|テレカンファレンス|true
テレクラ|テレクラ|true
テレグラフ|テレグラフ|true
テレコム|テレコム|true
テレコンファレンス|テレカンファレンス|false
テレスキャン|テレスキャン|true
テレックス|テレックス|true
テレビ|テレビ|true
テレビきょく|テレビきょく|true
テレビばんぐみ|テレビばんぐみ|true
テレビゲーム|テレビゲーム|true
テレビジョン|テレビジョン|true
テレビ・ゲーム|テレビゲーム|false
テレビ局|テレビきょく|true
テレビ番組|テレビばんぐみ|true
テレフォン|テレホン|false
テレホン|テレホン|true
テレメーター|テレメーター|true
テレヴィジョン|テレビジョン|false
テロ|テロ|true
テロップ|テロップ|true
テロリスト|テロリスト|true
テロリズム|テロリズム|true
テン|テン|true
テンション|テンション|true
テント|テント|true
テンプラ|てんぷら|false
テンペラ|テンペラ|true
テンポ|テンポ|true
テンポラリ|テンポラリー|false
テンポラリー|テンポラリー|true
テークアウト|テイクアウト|false
テースト|テイスト|false
テーゼ|テーゼ|true
テーピング|テーピング|true
テーブル|テーブル|true
テープ|テープ|true
テーマ|テーマ|true
テーマソング|テーマソング|true
テーマパーク|テーマパーク|true
テーマ・ソング|テーマソング|false
テーマ・パーク|テーマパーク|false
テーラー|テーラー|true
ディ|デー|false
ディクショナリ|ディクショナリ|true
ディクショナリー|ディクショナリ|false
ディコーダー|デコーダ|false
ディジタル|デジタル|false
ディスカウント|ディスカウント|true
ディスカッション|ディスカッション|true
ディスカバー|ディスカバー|true
ディスク|ディスク|true
ディスクジョッキー|ディスクジョッキー|true
ディスクロージャー|ディスクロージャー|true
ディスク・ジョッキー|ディスクジョッキー|false
ディスコ|ディスコ|true
ディストーション|ディストーション|true
ディスプレイ|ディスプレイ|true
ディスプレー|ディスプレイ|true
ディティール|ディテール|false
ディテイル|ディテール|false
ディテール|ディテール|true
ディナー|ディナー|true
ディバイス|デバイス|false
ディフェンス|ディフェンス|true
ディフォルメ|デフォルメ|false
ディベロッパー|デベロッパー|false
ディベート|ディベート|true
ディマンド|デマンド|false
ディミヌエンド|ディミヌエンド|true
ディラー|ディーラー|false
ディレクタ|ディレクター|false
ディレクター|ディレクター|true
ディレクトリ|ディレクトリ|true
ディレクトリィ|ディレクトリ|false
ディレクトリー|ディレクトリ|false
ディレンマ|ジレンマ|false
ディンギー|ディンギー|true
ディーゼル|ディーゼル|true
ディーテイル|ディテール|false
ディーテール|ディテール|false
ディーブイディープレーヤー|ディーブイディープレーヤー|true
ディープ|ディープ|true
ディーモン|デーモン|false
ディーラ|ディーラー|false
ディーラー|ディーラー|true
デイ|デー|true
デイゲーム|デーゲーム|false
デイト|デート|false
デイラー|ディーラー|false
デイリー|デイリー|true
デイ・ゲーム|デーゲーム|false
デイーラー|ディーラー|false
デカい|でかい|false
デカイ|でかい|false
デカルコマニー|デカルコマニー|true
デコレーション|デコレーション|true
デコーダ|デコーダ|true
デコーダー|デコーダ|true
デザイナー|デザイナー|true
デザイン|デザイン|true
デザート|デザート|true
デシ|デシ|true
デシベル|デシベル|true
デジタル|デジタル|true
デスク|デスク|true
デタラメ|でたらめ|false
デタント|デタント|true
デッカい|でかい|false
デッキ|デッキ|true
デッサン|デッサン|true
デット|デッド|false
デットヒート|デッドヒート|false
デッド|デッド|true
デッドヒート|デッドヒート|true
デッド・ヒート|デッドヒート|false
デティール|ディテール|false
デテール|ディテール|false
デニム|デニム|true
デニール|デニール|true
デノミ|デノミ|true
デバイス|デバイス|true
デパちか|デパちか|true
デパチカ|デパちか|false
デパート|デパート|true
デパ地下|デパちか|true
デビスカップ|デビスカップ|true
デビス・カップ|デビスカップ|false
デビュウ|デビュー|false
デビュー|デビュー|true
デフェンス|ディフェンス|false
デフォルメ|デフォルメ|true
デフレ|デフレ|true
デブ|デブ|true
デベロッパ|デベロッパー|false
デベロッパー|デベロッパー|true
デボンき|デボンき|true
デボン紀|デボンき|true
デポジット|デポジット|true
デマ|デマ|true
デマンド|デマンド|true
デミ|デミ|true
デムパ|でんぱ|false
デメリット|デメリット|true
デモ|デモ|true
デモたい|デモたい|true
デモクラシィ|デモクラシー|false
デモクラシイ|デモクラシー|false
デモクラシー|デモクラシー|true
デモクラット|デモクラット|true
デモン|デーモン|false
デモンストレーション|デモンストレーション|true
デモ隊|デモたい|true
デュエット|デュエット|true
デュオ|デュオ|true
デューティーフリー|デューティーフリー|true
デラックス|デラックス|true
デリカ|デリカ|true
デリケイト|デリケート|false
デリケート|デリケート|true
デリート|デリート|true
デルタ|デルタ|true
デレゲーション|デレゲーション|true
デンバー|デンバー|true
デンパ|でんぱ|false
デンヴァー|デンバー|false
デー|デー|true
デーゲーム|デーゲーム|true
データ|データ|true
データつうしん|データつうしん|true
データバンク|データバンク|true
データベース|データベース|true
データ・バンク|データバンク|false
データー|データ|false
データーベース|データベース|false
データ通信|データつうしん|true
デート|デート|true
デーモン|デーモン|true
デーリー|デイリー|false
デー・ゲーム|デーゲーム|false
トちょうちょう|トちょうちょう|true
トイレ|トイレ|true
トイレット|トイレット|true
トイレットペーパー|トイレットペーパー|true
トイレット・ペーパー|トイレットペーパー|false
トゥルー|トゥルー|true
トウガラシ|とうがらし|false
トウモロコシ|とうもろこし|false
トクトク|とくとく|false
トゲ|とげ|false
トス|トス|true
トタン|トタン|true
トッパー|トッパー|true
トップ|トップ|true
トップクラス|トップクラス|true
トップスター|トップスター|true
トップニュース|トップニュース|true
トップバッター|トップバッター|true
トップレス|トップレス|true
トップ・クラス|トップクラス|false
トップ・スター|トップスター|false
トップ・ニュース|トップニュース|false
トップ・バッター|トップバッター|false
トトカルチョ|トトカルチョ|true
トナカイ|トナカイ|true
トピック|トピック|true
トマト|トマト|true
トマホーク|トマホーク|true
トミーガン|トミーガン|true
トミー・ガン|トミーガン|false
トモダチ|ともだち|false
トラ|とら|true
トライ|トライ|true
トライアスロン|トライアスロン|true
トライアル|トライアル|true
トライアングル|トライアングル|true
トラウマ|トラウマ|true
トラクタ|トラクター|false
トラクター|トラクター|true
トラスト|トラスト|true
トラック|トラック|true
トラッド|トラッド|true
トラッフィック|トラフィック|false
トラップ|トラップ|true
トラバーユ|トラバーユ|true
トラヒック|トラフィック|false
トラフ|トラフ|true
トラフィック|トラフィック|true
トラブル|トラブル|true
トラベラーズチェック|トラベラーズチェック|true
トラベラーズ・チェック|トラベラーズチェック|false
トラベラーチェック|トラベラーズチェック|false
トラベラー・チェック|トラベラーズチェック|false
トラベル|トラベル|true
トラムプ|トランプ|false
トランキライザー|トランキライザー|true
トランク|トランク|true
トランクス|トランクス|true
トランシット|トランジット|false
トランシーバ|トランシーバー|false
トランシーバー|トランシーバー|true
トランジスタ|トランジスタ|true
トランジスター|トランジスタ|false
トランジット|トランジット|true
トランス|トランス|true
トランスポンダ|トランスポンダー|false
トランスポンダー|トランスポンダー|true
トランプ|トランプ|true
トランペット|トランペット|true
トラヴェル|トラベル|false
トリ|とり|false
トリウム|トリウム|true
トリオ|トリオ|true
トリガ|トリガー|false
トリガー|トリガー|true
トリクロロエチレン|トリクロロエチレン|true
トリック|トリック|true
トリップ|トリップ|true
トリニトロトルエン|トリニトロトルエン|true
トリビューン|トリビューン|true
トリプル|トリプル|true
トリュフ|トリュフ|true
トリートメント|トリートメント|true
トルエン|トルエン|true
トルク|トルク|true
トルコ|トルコ|true
トルー|トゥルー|false
トルーパー|トルーパー|true
トレイ|トレー|false
トレイナー|トレーナー|false
トレイラ|トレーラー|false
トレイラー|トレーラー|false
トレジャー|トレジャー|true
トレッカー|トレッカー|true
トレンチコート|トレンチコート|true
トレンチ・コート|トレンチコート|false
トレンディ|トレンディー|false
トレンディー|トレンディー|true
トレンド|トレンド|true
トレー|トレー|true
トレース|トレース|true
トレード|トレード|true
トレードマーク|トレードマーク|true
トレーナー|トレーナー|true
トレーニング|トレーニング|true
トレーラ|トレーラー|false
トレーラー|トレーラー|true
トロ|とろ|false
トロイ|トロイ|true
トロフィー|トロフィー|true
トロント|トロント|true
トロンボーン|トロンボーン|true
トロール|トロール|true
トワイライト|トワイライト|true
トン|トン|true
トンカツ|とんカツ|false
トントン|とんとん|false
トンネル|トンネル|true
トンボ|とんぼ|false
トーキ|トーキー|false
トーキー|トーキー|true
トーク|トーク|true
トークショウ|トークショー|false
トークショー|トークショー|true
トーク・ショー|トークショー|false
トースター|トースター|true
トースト|トースト|true
トータル|トータル|true
トーチ|トーチ|true
トーナメント|トーナメント|true
トール|トール|true
トーン|トーン|true
ト長調|トちょうちょう|true
ドっと|どっと|false
ドア|ドア|true
ドアー|ドア|false
ドイツ|ドイツ|true
ドイツご|ドイツご|true
ドイツ語|ドイツご|true
ドキっと|ドキッと|false
ドキッと|ドキッと|true
ドキドキ|ドキドキ|true
ドキュメンタリ|ドキュメンタリー|false
ドキュメンタリー|ドキュメンタリー|true
ドキュメント|ドキュメント|true
ドキンドキン|ドキドキ|false
ドクター|ドクター|true
ドクターヘリ|ドクターヘリ|true
ドクター・ヘリ|ドクターヘリ|false
ドクトリン|ドクトリン|true
ドクトル|ドクター|false
ドシドシ|どしどし|false
ドシャ降り|どしゃぶり|false
ドタバタ|どたばた|false
ドッと|どっと|false
ドッキドキ|ドキドキ|false
ドッキング|ドッキング|true
ドック|ドック|true
ドックファイト|ドッグファイト|false
ドックフード|ドッグフード|false
ドッグ|ドック|false
ドッグファイト|ドッグファイト|true
ドッグフード|ドッグフード|true
ドッグ・ファイト|ドッグファイト|false
ドッグ・フード|ドッグフード|false
ドッジボール|ドッジボール|true
ドッチボール|ドッジボール|false
ドッヂボール|ドッジボール|false
ドット|ドット|true
ドドン|ドドン|true
ドドーン|ドドン|false
ドナー|ドナー|true
ドブ|どぶ|true
ドミノ|ドミノ|true
ドライ|ドライ|true
ドライアー|ドライヤー|false
ドライバ|ドライバー|false
ドライバー|ドライバー|true
ドライフラワー|ドライフラワー|true
ドライブ|ドライブ|true
ドライヤ|ドライヤー|false
ドライヤー|ドライヤー|true
ドライ・フラワー|ドライフラワー|false
ドラゴン|ドラゴン|true
ドラスチック|ドラスチック|true
ドラスティック|ドラスチック|false
ドラック|ドラッグ|false
ドラックストア|ドラッグストア|false
ドラックストアー|ドラッグストア|false
ドラッグ|ドラッグ|true
ドラッグストア|ドラッグストア|true
ドラッグストアー|ドラッグストア|false
ドラフト|ドラフト|true
ドラマ|ドラマ|true
ドラマチック|ドラマチック|true
ドラマティック|ドラマチック|false
ドラマー|ドラマー|true
ドラム|ドラム|true
ドラムかん|ドラムかん|true
ドラム缶|ドラムかん|true
ドラ息子|どらむすこ|true
ドリアン|ドリアン|true
ドリブル|ドリブル|true
ドリル|ドリル|true
ドリンク|ドリンク|true
ドリー|ドリー|true
ドリーム|ドリーム|true
ドル|ドル|true
ドルかい|ドルかい|true
ドルフィンキック|ドルフィンキック|true
ドルフィン・キック|ドルフィンキック|false
ドル買い|ドルかい|true
ドレス|ドレス|true
ドレッシング|ドレッシング|true
ドロぬま|どろぬま|false
ドロップ|ドロップ|true
ドロドロ|どろどろ|true
ドロボー|どろぼう|false
ドロー|ドロー|true
ドローイング|ドローイング|true
ドロ沼|どろぬま|false
ドングリ|どんぐり|false
ドンドン|どんどん|false
ドーク|ドーク|true
ドーナッツ|ドーナツ|false
ドーナツ|ドーナツ|true
ドーピング|ドーピング|true
ドーマーウインドー|ドーマーウインドー|true
ドーマー・ウインドー|ドーマーウインドー|false
ドーム|ドーム|true
ドーリー|ドリー|false
ナイジェリア|ナイジェリア|true
ナイス|ナイス|true
ナイスバディ|ナイスバディ|true
ナイスバディー|ナイスバディ|false
ナイスバデー|ナイスバディ|false
ナイスボディ|ナイスバディ|false
ナイスボディー|ナイスバディ|false
ナイス・バディ|ナイスバディ|false
ナイス・バディー|ナイスバディ|false
ナイス・バデー|ナイスバディ|false
ナイス・ボディ|ナイスバディ|false
ナイス・ボディー|ナイスバディ|false
ナイター|ナイター|true
ナイチンゲイル|ナイチンゲール|false
ナイチンゲール|ナイチンゲール|true
ナイティンゲイル|ナイチンゲール|false
ナイティンゲール|ナイチンゲール|false
ナイト|ナイト|true
ナイトクラブ|ナイトクラブ|true
ナイト・クラブ|ナイトクラブ|false
ナイフ|ナイフ|true
ナイル|ナイル|true
ナイロン|ナイロン|true
ナイン|ナイン|true
ナイーブ|ナイーブ|true
ナイーヴ|ナイーブ|false
ナウ|ナウ|true
ナガサキ|ながさき|false
ナシ|なし|false
ナショナリズム|ナショナリズム|true
ナショナル|ナショナル|true
ナショナルチェーン|ナショナルチェーン|true
ナショナルリーグ|ナショナルリーグ|true
ナショナル・チェーン|ナショナルチェーン|false
ナショナル・リーグ|ナショナルリーグ|false
ナス|なす|false
ナスビ|なす|false
ナダレ|なだれ|false
ナチ|ナチ|true
ナチス|ナチス|true
ナチズム|ナチズム|true
ナチュラリスト|ナチュラリスト|true
ナチュラル|ナチュラル|true
ナックル|ナックル|true
ナッシング|ナッシング|true
ナット|ナット|true
ナップサック|ナップザック|false
ナップザック|ナップザック|true
ナトリウム|ナトリウム|true
ナニ|なに|false
ナノ|ナノ|true
ナビ|ナビ|true
ナビゲータ|ナビゲーター|false
ナビゲーター|ナビゲーター|true
ナフキン|ナプキン|false
ナフサ|ナフサ|true
ナフタ|ナフサ|false
ナプキン|ナプキン|true
ナポレオン|ナポレオン|true
ナミビア|ナミビア|true
ナメる|なめる|false
ナレーション|ナレーション|true
ナレーター|ナレーター|true
ナローキャスティング|ナローキャスティング|true
ナンセンス|ナンセンス|true
ナンバー|ナンバー|true
ナンバープレート|ナンバープレート|true
ナンバーワン|ナンバーワン|true
ナンバー・プレート|ナンバープレート|false
ナンバー・ワン|ナンバーワン|false
ナンパ|ナンパ|true
ナーサリ|ナーサリー|false
ナーサリー|ナーサリー|true
ナース|ナース|true
ナースリー|ナーサリー|false
ナーバス|ナーバス|true
ニアミス|ニアミス|true
ニア・ミス|ニアミス|false
ニカラグァ|ニカラグア|false
ニカラグア|ニカラグア|true
ニキビ|にきび|false
ニギリ|にぎり|false
ニクい|にくい|false
ニコチン|ニコチン|true
ニコニコ|ニコニコ|true
ニコリ|にっこり|false
ニセ|にせ|false
ニセモノ|にせもの|false
ニセ物|にせもの|false
ニッカーズ|ニッカーズ|true
ニック|ニック|true
ニックネーム|ニックネーム|true
ニッケル|ニッケル|true
ニッコリ|にっこり|false
ニット|ニット|true
ニッポン人|にほんじん|false
ニヒル|ニヒル|true
ニヤニヤ|ニヤニヤ|true
ニュアンス|ニュアンス|true
ニュー|ニュー|true
ニューウェイブ|ニューウェーブ|false
ニューウェイヴ|ニューウェーブ|false
ニューウェーブ|ニューウェーブ|true
ニューウェーヴ|ニューウェーブ|false
ニューウエーブ|ニューウェーブ|false
ニュージャージー|ニュージャージー|true
ニュージランド|ニュージーランド|false
ニュージーランド|ニュージーランド|true
ニュース|ニュース|true
ニュースソース|ニュースソース|true
ニュースレター|ニュースレター|true
ニュース・ソース|ニュースソース|false
ニューズ|ニュース|false
ニューズレター|ニュースレター|false
ニュータウン|ニュータウン|true
ニュートラ|ニュートラ|true
ニュートン|ニュートン|true
ニューハンプシャー|ニューハンプシャー|true
ニューフェイス|ニューフェイス|true
ニューフェース|ニューフェイス|false
ニューメキシコ|ニューメキシコ|true
ニューメディア|ニューメディア|true
ニューヨーカー|ニューヨーカー|true
ニューヨーク|ニューヨーク|true
ニューリーダー|ニューリーダー|true
ニューロ|ニューロ|true
ニューロン|ニューロン|true
ニュー・ウェイブ|ニューウェーブ|false
ニュー・ウェイヴ|ニューウェーブ|false
ニュー・ウェーブ|ニューウェーブ|false
ニュー・ウェーヴ|ニューウェーブ|false
ニュー・ウエーブ|ニューウェーブ|false
ニュー・ジャージー|ニュージャージー|false
ニュー・タウン|ニュータウン|false
ニュー・ハンプシャー|ニューハンプシャー|false
ニュー・フェイス|ニューフェイス|false
ニュー・フェース|ニューフェイス|false
ニュー・メキシコ|ニューメキシコ|false
ニュー・メディア|ニューメディア|false
ニュー・ヨーカー|ニューヨーカー|false
ニュー・ヨーク|ニューヨーク|false
ニュー・リーダー|ニューリーダー|false
ニワトリ|にわとり|false
ニンジン|にんじん|false
ニンニク|にんにく|true
ニー|ニー|true
ニーズ|ニーズ|true
ニート|ニート|true
ヌメリ|ぬめり|false
ヌルヌル|ヌルヌル|true
ヌード|ヌード|true
ヌードル|ヌードル|true
ヌーベル|ヌーベル|true
ヌーボ|ヌーボー|false
ヌーボー|ヌーボー|true
ヌーヴェル|ヌーベル|false
ヌーヴォ|ヌーボー|false
ヌーヴォー|ヌーボー|false
ネアンデルタール|ネアンデルタール|true
ネイキット|ネイキッド|false
ネイキッド|ネイキッド|true
ネイチャー|ネイチャー|true
ネイビー|ネイビー|true
ネイル|ネイル|true
ネオ|ネオ|true
ネオナチ|ネオナチ|true
ネオン|ネオン|true
ネガ|ネガ|true
ネガチィブ|ネガティブ|false
ネガチブ|ネガティブ|false
ネガティブ|ネガティブ|true
ネガティヴ|ネガティブ|false
ネギ|ねぎ|false
ネクタイ|ネクタイ|true
ネコ|ねこ|false
ネジ|ネジ|true
ネス|ネス|true
ネスト|ネスト|true
ネズミ|ネズミ|true
ネタ|ねた|true
ネッカチーフ|ネッカチーフ|true
ネック|ネック|true
ネックレス|ネックレス|true
ネックレース|ネックレス|false
ネット|ネット|true
ネットプレー|ネットプレー|true
ネットワーク|ネットワーク|true
ネット・プレー|ネットプレー|false
ネバネバ|ねばねば|false
ネブラスカ|ネブラスカ|true
ネーキッド|ネイキッド|false
ネーチャー|ネイチャー|true
ネービー|ネイビー|false
ネーミング|ネーミング|true
ネーム|ネーム|true
ネール|ネイル|true
ノる|のる|false
ノア|ノア|true
ノイズ|ノイズ|true
ノイローゼ|ノイローゼ|true
ノウ|ノー|false
ノウハウ|ノウハウ|true
ノエル|ノエル|true
ノコギリ|のこぎり|false
ノスタルジア|ノスタルジア|true
ノスタルジック|ノスタルジック|true
ノスタルジー|ノスタルジー|true
ノズル|ノズル|true
ノッカー|ノッカー|true
ノック|ノック|true
ノックダウン|ノックダウン|true
ノッブ|ノブ|false
ノド|のど|false
ノビ|のび|false
ノブ|ノブ|true
ノミネート|ノミネート|true
ノリ|のり|false
ノリ気|のりき|false
ノルタルジック|ノスタルジック|false
ノルディック|ノルディック|true
ノルマ|ノルマ|true
ノロマ|のろま|false
ノン|ノン|true
ノンアルコール|ノンアルコール|true
ノンキ|のんき|false
ノンストップ|ノンストップ|true
ノンセンス|ナンセンス|false
ノンバンク|ノンバンク|true
ノンビリ|のんびり|false
ノンフィクション|ノンフィクション|true
ノー|ノー|true
ノーコメント|ノーコメント|true
ノーサイド|ノーサイド|true
ノースカロライナ|ノースカロライナ|true
ノース・カロライナ|ノースカロライナ|false
ノータッチ|ノータッチ|true
ノート|ノート|true
ノーハウ|ノウハウ|false
ノーヒットノーランゲーム|ノーヒットノーランゲーム|true
ノーブル|ノーブル|true
ノーベルしょう|ノーベルしょう|true
ノーベル賞|ノーベルしょう|true
ノーマライズ|ノーマライズ|true
ノーマル|ノーマル|true
ノーマーク|ノーマーク|true
ノー・コメント|ノーコメント|false
ノー・サイド|ノーサイド|false
ノー・タッチ|ノータッチ|false
ノー・マーク|ノーマーク|false
ハイ|ハイ|true
ハイウェイ|ハイウェイ|true
ハイウェー|ハイウェイ|false
ハイウエイ|ハイウェイ|false
ハイウエー|ハイウェイ|false
ハイカー|ハイカー|true
ハイキング|ハイキング|true
ハイク|ハイク|true
ハイジャック|ハイジャック|true
ハイスクール|ハイスクール|true
ハイツ|ハイツ|true
ハイティーン|ハイティーン|true
ハイテク|ハイテク|true
ハイテック|ハイテク|false
ハイパー|ハイパー|true
ハイヒール|ハイヒール|true
ハイビション|ハイビジョン|false
ハイビジョン|ハイビジョン|true
ハイビスカス|ハイビスカス|true
ハイファイ|ハイファイ|true
ハイブリット|ハイブリッド|false
ハイブリッド|ハイブリッド|true
ハイペース|ハイペース|true
ハイム|ハイム|true
ハイヤー|ハイヤー|true
ハイライト|ハイライト|true
ハイランド|ハイランド|true
ハイレグ|ハイレグ|true
ハイレベル|ハイレベル|true
ハイ・スクール|ハイスクール|false
ハイ・ティーン|ハイティーン|false
ハイ・ヒール|ハイヒール|false
ハイ・ペース|ハイペース|false
ハイ・レグ|ハイレグ|false
ハイ・レベル|ハイレベル|false
ハウ|ハウ|true
ハウジング|ハウジング|true
ハウス|ハウス|true
ハウツー|ハウツー|true
ハウトゥー|ハウツー|false
ハウ・ツー|ハウツー|false
ハウ・トゥー|ハウツー|false
ハエ|はえ|true
ハガキ|はがき|true
ハギ|はぎ|false
ハクサイ|はくさい|false
ハクチョウ|はくちょう|false
ハゲ|はげ|true
ハゲる|はげる|false
ハコ|はこ|false
ハサむ|はさむ|false
ハサミ|はさみ|false
ハザマ|はざま|false
ハシゴ|はしご|false
ハス|はす|false
ハスキー|ハスキー|true
ハズレ|はずれ|false
ハタキ|はたき|false
ハチ|はち|false
ハチマキ|はちまき|false
ハチミツ|はちみつ|false
ハッカー|ハッカー|true
ハッキリ|はっきり|true
ハッスル|ハッスル|true
ハッチ|ハッチ|true
ハット|ハット|true
ハッパ|はっぱ|false
ハッピ|ハッピー|false
ハッピエンド|ハッピーエンド|false
ハッピー|ハッピー|true
ハッピーエンド|ハッピーエンド|true
ハッピー・エンド|ハッピーエンド|false
ハト|はと|false
ハニムーン|ハネムーン|false
ハニームーン|ハネムーン|false
ハネる|はねる|false
ハネムーン|ハネムーン|true
ハネームーン|ハネムーン|false
ハピーエンド|ハッピーエンド|false
ハプニング|ハプニング|true
ハマ|はま|false
ハマる|ハマる|true
ハム|ハム|true
ハムスター|ハムスター|true
ハメる|はめる|false
ハモニカ|ハーモニカ|false
ハヤブサ|はやぶさ|false
ハラハラ|ハラハラ|true
ハリケイン|ハリケーン|false
ハリケーン|ハリケーン|true
ハレム|ハーレム|false
ハロウィン|ハロウィン|true
ハロウィーン|ハロウィン|true
ハロゲン|ハロゲン|true
ハロン|ハロン|true
ハロー|ハロー|true
ハローウィン|ハロウィン|false
ハローウィーン|ハロウィン|false
ハワイ|ハワイ|true
ハンカチ|ハンカチ|true
ハンガー|ハンガー|true
ハング|ハング|true
ハングリー|ハングリー|true
ハングル|ハングル|true
ハンケチ|ハンカチ|false
ハンコ|はんこ|false
ハンサム|ハンサム|true
ハンスト|ハンスト|true
ハンター|ハンター|true
ハンチング|ハンティング|false
ハンティング|ハンティング|true
ハンデ|ハンデ|true
ハンディ|ハンデ|false
ハンディキャップ|ハンディキャップ|true
ハンディーキャップ|ハンディキャップ|false
ハンデキャップ|ハンディキャップ|false
ハンド|ハンド|true
ハンドバック|ハンドバッグ|false
ハンドバッグ|ハンドバッグ|true
ハンドブック|ハンドブック|true
ハンドボール|ハンドボール|true
ハンドメイド|ハンドメイド|true
ハンドメード|ハンドメイド|false
ハンドル|ハンドル|true
ハンバーガー|ハンバーガー|true
ハンバーグ|ハンバーグ|true
ハンマー|ハンマー|true
ハート|ハート|true
ハード|ハード|true
ハードウェア|ハードウェア|true
ハードウエア|ハードウェア|false
ハードカバー|ハードカバー|true
ハードディスク|ハードディスク|true
ハードトップ|ハードトップ|true
ハードボイルド|ハードボイルド|true
ハードル|ハードル|true
ハードロック|ハードロック|true
ハード・ディスク|ハードディスク|false
ハード・ロック|ハードロック|false
ハーバー|ハーバー|true
ハーフ|ハーフ|true
ハーフタイム|ハーフタイム|true
ハーフ・タイム|ハーフタイム|false
ハーブ|ハーブ|true
ハープ|ハープ|true
ハーモニカ|ハーモニカ|true
ハーモニー|ハーモニー|true
ハーラーダービー|ハーラーダービー|true
ハーラー・ダービー|ハーラーダービー|false
ハーレム|ハーレム|true
バイアスロン|バイアスロン|true
バイオ|バイオ|true
バイオテクノロジー|バイオテクノロジー|true
バイオリニスト|ヴァイオリニスト|false
バイオリン|バイオリン|true
バイキン|ばいきん|false
バイキング|バイキング|true
バイク|バイク|true
バイタミン|ビタミン|false
バイタリティ|バイタリティ|true
バイタリティー|バイタリティ|false
バイト|バイト|true
バイナル|ビニール|false
バイパス|バイパス|true
バイブル|バイブル|true
バイヤー|バイヤー|true
バイリンガル|バイリンガル|true
バイ菌|ばいきん|false
バウサイド|バウサイド|true
バウムクーヘン|バウムクーヘン|true
バウンド|バウンド|true
バウ・サイド|バウサイド|false
バカ|ばか|true
バカらしい|ばからしい|false
バカンス|バカンス|true
バガボンド|バガボンド|true
バギー|バギー|true
バクダット|バグダッド|false
バクダッド|バグダッド|false
バクダン|ばくだん|false
バクダード|バグダッド|false
バクテリア|バクテリア|true
バクテリヤ|バクテリア|false
バグダット|バグダッド|false
バグダッド|バグダッド|true
バグダード|バグダッド|false
バケツ|バケツ|true
バケモノ|ばけもの|false
バザー|バザー|true
バザール|バザー|true
バス|バス|true
バスてい|バスてい|true
バスク|バスク|true
バスケット|バスケット|true
バスケットボール|バスケットボール|true
バスター|バスター|true
バスツアー|バスツアー|true
バスト|バスト|true
バスルーム|バスルーム|true
バス・ツアー|バスツアー|false
バス停|バスてい|true
バタ|バター|false
バタバタ|バタバタ|true
バタフライ|バタフライ|true
バタン|バタン|true
バター|バター|true
バチカン|バチカン|true
バック|バック|true
バック|バッグ|false
バックアップ|バックアップ|true
バックグラウンド|バックグラウンド|true
バックグランド|バックグラウンド|false
バックス|バックス|true
バックスクリーン|バックスクリーン|true
バックネット|バックネット|true
バックハンド|バックハンド|true
バックボーン|バックボーン|true
バック・スクリーン|バックスクリーン|false
バック・ネット|バックネット|false
バッグ|バッグ|true
バッジ|バッジ|true
バッチ|バッジ|false
バッヂ|バッジ|false
バッティング|バッティング|true
バッテリ|バッテリー|false
バッテリー|バッテリー|true
バッテン|ばってん|false
バット|バット|true
バッハ|バッハ|true
バッファリン|バファリン|false
バツグン|ばつぐん|false
バテる|ばてる|false
バティカン|バチカン|false
バディ|ボディー|false
バディー|ボディー|false
バトミントン|バドミントン|false
バトン|バトン|true
バトンタッチ|バトンタッチ|true
バトン・タッチ|バトンタッチ|false
バドミントン|バドミントン|true
バナナ|バナナ|true
バニラ|バニラ|true
バネ|ばね|false
バファリン|バファリン|true
バブル|バブル|true
バプテスト|バプテスト|true
バベルのとう|バベルのとう|true
バベルの塔|バベルのとう|true
バムバム|バムバム|true
バラ|ばら|false
バラいろ|バラいろ|true
バラす|ばらす|false
バラまく|ばらまく|false
バラエティ|バラエティ|true
バラエティー|バラエティ|false
バラック|バラック|true
バラバラ|バラバラ|true
バランス|バランス|true
バランスシート|バランスシート|true
バランス・シート|バランスシート|false
バラード|バラード|true
バラ撒く|ばらまく|false
バラ色|バラいろ|true
バラ蒔く|ばらまく|false
バリア|バリア|true
バリアー|バリア|false
バリウム|バリウム|true
バリエーション|バリエーション|true
バリカン|バリカン|true
バリケイド|バリケード|false
バリケード|バリケード|true
バリトン|バリトン|true
バリバリ|ばりばり|false
バリヤ|バリア|false
バリヤー|バリア|false
バルカンラバー|バルカンラバー|true
バルカン・ラバー|バルカンラバー|false
バルコニー|バルコニー|true
バルセロナ|バルセロナ|true
バルブ|バルブ|true
バルーン|バルーン|true
バレる|ばれる|false
バレエ|バレエ|true
バレリーナ|バレリーナ|true
バレル|バレル|true
バレンタイン|バレンタイン|true
バレンタインデー|バレンタインデー|true
バレンタイン・デー|バレンタインデー|false
バレー|バレエ|false
バレー|バレー|true
バレーボール|バレーボール|true
バロック|バロック|true
バロメータ|バロメーター|false
バロメーター|バロメーター|true
バン|バン|true
バンカー|バンカー|true
バンク|バンク|true
バンクーバー|バンクーバー|true
バンコク|バンコク|true
バンコック|バンコク|false
バンコーク|バンコク|false
バンザイ|ばんざい|false
バンス|バンス|true
バンタムきゅう|バンタムきゅう|true
バンタム級|バンタムきゅう|true
バント|バント|true
バンド|バンド|true
バンパイア|ヴァンパイア|false
バンパイヤ|ヴァンパイア|false
バンパー|バンパー|true
バー|バー|true
バーガー|バーガー|true
バーゲン|バーゲン|true
バーゲンセール|バーゲンセール|true
バーゲン・セール|バーゲンセール|false
バーコード|バーコード|true
バージニア|バージニア|true
バージョン|バージョン|true
バージン|バージン|true
バースディ|バースデー|false
バースデイ|バースデー|false
バースデー|バースデー|true
バースト|バースト|true
バーター|バーター|true
バーチャル|バーチャル|true
バーチュアル|バーチャル|false
バーテン|バーテン|true
バーディー|バーディー|true
バードコール|バードコール|true
バーナー|バーナー|true
バーバー|バーバー|true
バーベキュウ|バーベキュー|false
バーベキュー|バーベキュー|true
バーベル|バーベル|true
バーベＱ|バーベキュー|false
バーボン|バーボン|true
バーミンガム|バーミンガム|true
バームクーヘン|バウムクーヘン|false
バール|バール|true
バーレスク|バーレスク|true
バーレル|バレル|true
バー・コード|バーコード|false
パっと|パッと|false
パイ|パイ|true
パイオニア|パイオニア|true
パイナップル|パイナップル|true
パイナッポー|パイナップル|false
パイナポー|パイナップル|false
パイプ|パイプ|true
パイロット|パイロット|true
パインアップル|パイナップル|false
パインジュース|パインジュース|true
パインナップル|パイナップル|false
パイン・ジュース|パインジュース|false
パウダー|パウダー|true
パウチ|ポーチ|false
パカン|ぽかん|false
パキスタン|パキスタン|true
パゴダ|パゴダ|true
パサパサ|パサパサ|true
パシフィック|パシフィック|true
パジャマ|パジャマ|true
パス|パス|true
パスカル|パスカル|true
パスケース|パスケース|true
パスタ|パスタ|true
パステル|パステル|true
パスポート|パスポート|true
パスワード|パスワード|true
パス・ケース|パスケース|false
パズル|パズル|true
パセリ|パセリ|true
パソコン|パソコン|true
パタン|パターン|false
パター|パター|true
パターン|パターン|true
パチパチ|パチパチ|true
パチンコ|パチンコ|true
パッと|パッと|true
パッキン|パッキング|false
パッキング|パッキング|true
パック|パック|true
パッケージ|パッケージ|true
パッション|パッション|true
パッシング|パッシング|true
パッチワーク|パッチワーク|true
パッティング|パッティング|true
パット|パット|true
パット|パッド|false
パッド|パッド|true
パテ|パテ|true
パティオ|パティオ|true
パトカー|パトカー|true
パトリオティズム|パトリオティズム|true
パトロン|パトロン|true
パトロール|パトロール|true
パドック|パドック|true
パドル|パドル|true
パナマ|パナマ|true
パニック|パニック|true
パネラー|パネラー|true
パネリスト|パネリスト|true
パネル|パネル|true
パノラマ|パノラマ|true
パパ|パパ|true
パパさん|パパさん|true
パパイア|パパイヤ|false
パパイヤ|パパイヤ|true
パパヤ|パパイヤ|false
パビリオン|パビリオン|true
パフォーマンス|パフォーマンス|true
パブ|パブ|true
パブリシティ|パブリシティー|false
パブリシティー|パブリシティー|true
パブリック|パブリック|true
パラグライダー|パラグライダー|true
パラシュート|パラシュート|true
パラス|パレス|false
パラソル|パラソル|true
パラダイス|パラダイス|true
パラダイム|パラダイム|true
パラドクス|パラドックス|false
パラドックス|パラドックス|true
パラパラ|ぱらぱら|false
パラパラ|パラパラ|true
パラボラ|パラボラ|true
パラボラアンテナ|パラボラアンテナ|true
パラボラ・アンテナ|パラボラアンテナ|false
パラリンピック|パラリンピック|true
パリ|パリ|true
パリーグ|パリーグ|true
パルサー|パルサー|true
パルス|パルス|true
パルチザン|パルチザン|true
パルティザン|パルチザン|false
パルプ|パルプ|true
パレス|パレス|true
パレスチナ|パレスチナ|true
パレスティナ|パレスチナ|false
パレット|パレット|true
パレード|パレード|true
パロディ|パロディー|false
パロディー|パロディー|true
パワフル|パワフル|true
パワー|パワー|true
パワーアップ|パワーアップ|true
パワーステアリング|パワーステアリング|true
パワー・アップ|パワーアップ|false
パワー・ステアリング|パワーステアリング|false
パン|パン|true
パンこ|パンこ|true
パンや|パンや|true
パンアメリカニズム|パンアメリカニズム|true
パンク|パンク|true
パンジー|パンジー|true
パンタグラフ|パンタグラフ|true
パンダ|パンダ|true
パンチ|パンチ|true
パンチパーマ|パンチパーマ|true
パンチ・パーマ|パンチパーマ|false
パンツ|パンツ|true
パンティ|パンティー|false
パンティー|パンティー|true
パント|パント|true
パントグラフ|パンタグラフ|false
パントマイム|パントマイム|true
パンフ|パンフ|true
パンフレット|パンフレット|true
パンプス|パンプス|true
パンムンジョム|パンムンジョム|true
パン屋|パンや|true
パン粉|パンこ|true
パ・リーグ|パリーグ|false
パー|パー|true
パーカ|パーカー|false
パーカッション|パーカッション|true
パーカー|パーカー|true
パーキング|パーキング|true
パーク|パーク|true
パージ|パージ|true
パース|パース|true
パーセプトロン|パーセプトロン|true
パーセント|パーセント|true
パーソナリティ|パーソナリティー|false
パーソナリティー|パーソナリティー|true
パーソナル|パーソナル|true
パーツ|パーツ|true
パーティ|パーティー|true
パーティー|パーティー|true
パート|パート|true
パートタイマー|パートタイマー|true
パートタイム|パートタイム|true
パートナ|パートナー|false
パートナー|パートナー|true
パート・タイム|パートタイム|false
パーフェクト|パーフェクト|true
パーフォーマンス|パフォーマンス|false
パープル|パープル|true
パープレー|パープレー|true
パーマ|パーマ|true
パームボール|パームボール|true
パーム・ボール|パームボール|false
パーラー|パーラー|true
パーリー|パーティー|false
パール|パール|true
パーレン|パーレン|true
パー・プレー|パープレー|false
ヒア|ヒア|true
ヒアリング|ヒアリング|true
ヒキコモリ|ひきこもり|false
ヒゲ|ひげ|false
ヒザ|ひざ|false
ヒシヒシ|ひしひし|false
ヒジ|ひじ|false
ヒステリック|ヒステリック|true
ヒステリー|ヒステリー|true
ヒソヒソ|ヒソヒソ|true
ヒッチハイク|ヒッチハイク|true
ヒット|ヒット|true
ヒッピー|ヒッピー|true
ヒップ|ヒップ|true
ヒツジ|ひつじ|false
ヒト|ひと|false
ヒドい|ひどい|false
ヒドイ|ひどい|false
ヒナ|ひな|false
ヒバリ|ひばり|false
ヒビ|ひび|false
ヒビスカス|ハイビスカス|false
ヒフか|ひふか|false
ヒフ科|ひふか|false
ヒマ|ひま|false
ヒマラヤ|ヒマラヤ|true
ヒモ|ひも|false
ヒヤリング|ヒアリング|true
ヒュージョン|フュージョン|false
ヒューズ|ヒューズ|true
ヒューマニズム|ヒューマニズム|true
ヒューマン|ヒューマン|true
ヒューモア|ユーモア|false
ヒヨコ|ひよこ|false
ヒラく|ひらく|false
ヒラキ|ひらき|false
ヒラヒラ|ひらひら|false
ヒレ|ヒレ|true
ヒロイズム|ヒロイズム|true
ヒロイン|ヒロイン|true
ヒロシマ|ひろしま|false
ヒンジ|ヒンジ|true
ヒンズ|ヒンドゥー|false
ヒンズー|ヒンドゥー|true
ヒンヂ|ヒンジ|false
ヒント|ヒント|true
ヒンドゥ|ヒンドゥー|false
ヒンドゥー|ヒンドゥー|true
ヒータ|ヒーター|true
ヒーター|ヒーター|true
ヒート|ヒート|true
ヒーリング|ヒーリング|true
ヒール|ヒール|true
ヒーロー|ヒーロー|true
ビア|ビア|true
ビアガーデン|ビアガーデン|true
ビア・ガーデン|ビアガーデン|false
ビアー|ビア|false
ビエンナーレ|ビエンナーレ|true
ビオラ|ビオラ|true
ビカビカ|ピカピカ|false
ビキニ|ビキニ|true
ビギナー|ビギナー|true
ビクタ|ビクター|false
ビクター|ビクター|true
ビクトリア|ビクトリア|true
ビクトリー|ビクトリー|true
ビクビク|びくびく|false
ビザ|ビザ|true
ビショビショ|びしょびしょ|false
ビジタ|ビジター|false
ビジター|ビジター|true
ビジネス|ビジネス|true
ビジネスマン|ビジネスマン|true
ビジネスライク|ビジネスライク|true
ビジュアル|ビジュアル|true
ビジョン|ビジョン|true
ビス|ビス|true
ビスケット|ビスケット|true
ビスタカー|ビスタカー|true
ビスタ・カー|ビスタカー|false
ビタミン|ビタミン|true
ビチョビチョ|びしょびしょ|false
ビック|ビッグ|false
ビックイベント|ビッグイベント|false
ビックバン|ビッグバン|false
ビックリ|びっくり|false
ビッグ|ビッグ|true
ビッグイベント|ビッグイベント|true
ビッグバン|ビッグバン|true
ビッグ・イベント|ビッグイベント|false
ビッグ・バン|ビッグバン|false
ビッシリ|びっしり|false
ビット|ビット|true
ビデオ|ビデオ|true
ビデオテープ|ビデオテープ|true
ビデオ・テープ|ビデオテープ|false
ビト|ビット|false
ビニル|ビニール|false
ビニール|ビニール|true
ビバ|ビバ|true
ビバーク|ビバーク|true
ビビット|ビビッド|false
ビビッド|ビビッド|true
ビミョー|びみょう|false
ビヤ|ビア|false
ビヤガーデン|ビアガーデン|false
ビヤ・ガーデン|ビアガーデン|false
ビヤー|ビア|false
ビュッフェ|ビュッフェ|true
ビュフェ|ビュッフェ|false
ビュー|ビュー|true
ビューティフォー|ビューティフル|false
ビューティフル|ビューティフル|true
ビューティホー|ビューティフル|false
ビューロー|ビューロー|true
ビョーキ|びょうき|false
ビラ|ビラ|true
ビリアード|ビリヤード|false
ビリビリ|ビリビリ|true
ビリヤード|ビリヤード|true
ビル|ビル|true
ビルヂング|ビルディング|false
ビルディング|ビルディング|true
ビルトイン|ビルトイン|true
ビルボード|ビルボード|true
ビレッジ|ビレッジ|true
ビン|びん|false
ビンゴ|ビンゴ|true
ビンテージ|ヴィンテージ|false
ビンボー|びんぼう|false
ビン詰め|びんづめ|false
ビーだま|ビーだま|true
ビーア|ビア|false
ビーカ|ビーカ|true
ビーカー|ビーカ|false
ビーグル|ビーグル|true
ビージーエム|ビー・ジー・エム|false
ビースト|ビースト|true
ビーズ|ビーズ|true
ビーチ|ビーチ|true
ビーチサンダル|ビーチサンダル|true
ビーチ・サンダル|ビーチサンダル|false
ビート|ビート|true
ビーバ|ビバ|false
ビーバー|ビーバー|true
ビーフ|ビーフ|true
ビーム|ビーム|true
ビール|ビール|true
ビーンズ|ビーンズ|true
ビー・ジー・エム|ビー・ジー・エム|true
ビー玉|ビーだま|true
ピアジェ|ピアジェ|true
ピアス|ピアス|true
ピアニスト|ピアニスト|true
ピアノ|ピアノ|true
ピエロ|ピエロ|true
ピカソ|ピカソ|true
ピカピカ|ピカピカ|true
ピクチャ|ピクチャー|false
ピクチャー|ピクチャー|true
ピクニック|ピクニック|true
ピケ|ピケ|true
ピコ|ピコ|true
ピザ|ピザ|true
ピストル|ピストル|true
ピストン|ピストン|true
ピタリ|ぴったり|false
ピッカピカ|ピカピカ|false
ピッキング|ピッキング|true
ピック|ピック|true
ピックアップサービス|ピックアップサービス|true
ピックアップ・サービス|ピックアップサービス|false
ピッタシ|ぴったり|false
ピッタリ|ぴったり|true
ピッチ|ピッチ|true
ピッチャー|ピッチャー|true
ピッチング|ピッチング|true
ピッツァ|ピザ|true
ピッツア|ピザ|false
ピット|ピット|true
ピヤノ|ピアノ|false
ピュア|ピュア|true
ピュアー|ピュア|false
ピョンピョン|ぴょんぴょん|false
ピョンヤン|ピョンヤン|true
ピラニア|ピラニア|true
ピラフ|ピラフ|true
ピラミット|ピラミッド|false
ピラミッド|ピラミッド|true
ピリ|ピリ|true
ピリオド|ピリオド|true
ピリピリ|ぴりぴり|false
ピル|ピル|true
ピン|ピン|true
ピンク|ピンク|true
ピンセット|ピンセット|true
ピンチ|ピンチ|true
ピンチヒッター|ピンチヒッター|true
ピンチ・ヒッター|ピンチヒッター|false
ピント|ピント|true
ピンピン|ぴんぴん|false
ピンポイント|ピンポイント|true
ピンポン|ピンポン|true
ピーク|ピーク|true
ピース|ピース|true
ピーターパンシンドローム|ピーターパンシンドローム|true
ピーター・パン・シンドローム|ピーターパンシンドローム|false
ピーチ|ピーチ|true
ピーナッツ|ピーナッツ|true
ピーナツ|ピーナッツ|true
ピーピングトム|ピーピングトム|true
ピーピング・トム|ピーピングトム|false
ピープル|ピープル|true
ピープルズキャピタリズム|ピープルズキャピタリズム|true
ピープルズ・キャピタリズム|ピープルズキャピタリズム|false
ピーマン|ピーマン|true
ファイア|ファイア|true
ファイアウォール|ファイアウォール|true
ファイアウオール|ファイアウォール|false
ファイアー|ファイア|false
ファイアーウォール|ファイアウォール|false
ファイアーウオール|ファイアウォール|false
ファイター|ファイター|true
ファイティングスピリット|ファイティングスピリット|true
ファイティング・スピリット|ファイティングスピリット|false
ファイト|ファイト|true
ファイナル|ファイナル|true
ファイナルセット|ファイナルセット|true
ファイナル・セット|ファイナルセット|false
ファイナンス|ファイナンス|true
ファイバ|ファイバー|false
ファイバー|ファイバー|true
ファイブスター|ファイブスター|true
ファイヤ|ファイア|false
ファイヤウォール|ファイアウォール|false
ファイヤウオール|ファイアウォール|false
ファイヤー|ファイア|false
ファイヤーウォール|ファイアウォール|false
ファイヤーウオール|ファイアウォール|false
ファイリングシステム|ファイリングシステム|true
ファイリング・システム|ファイリングシステム|false
ファイル|ファイル|true
ファインダ|ファインダー|false
ファインダー|ファインダー|true
ファインプレー|ファインプレー|true
ファイン・プレー|ファインプレー|false
ファウル|ファウル|true
ファウンデイション|ファンデーション|false
ファウンデーション|ファンデーション|false
ファクシミリ|ファクシミリ|true
ファクス|ファックス|true
ファクター|ファクター|true
ファクトリ|ファクトリー|false
ファクトリー|ファクトリー|true
ファシスタ|ファシスト|false
ファシスト|ファシスト|true
ファシズム|ファシズム|true
ファシリティ|ファシリティ|true
ファシリティー|ファシリティ|false
ファシリテイ|ファシリティ|false
ファジィ|ファジー|false
ファジー|ファジー|true
ファスト|ファースト|false
ファストフード|ファストフード|true
ファスト・フード|ファストフード|false
ファスナー|ファスナー|true
ファックス|ファックス|true
ファッショ|ファッショ|true
ファッショナブル|ファッショナブル|true
ファッション|ファッション|true
ファッションショウ|ファッションショー|false
ファッションショー|ファッションショー|true
ファッション・ショー|ファッションショー|false
ファミリ|ファミリー|false
ファミリア|ファミリア|true
ファミリアー|ファミリア|false
ファミリー|ファミリー|true
ファラウェイ|ファラウェイ|true
ファルス|ファルス|true
ファン|ファン|true
ファンキー|ファンキー|true
ファンク|ファンク|true
ファンクラブ|ファンクラブ|true
ファンサイト|ファンサイト|true
ファンタジー|ファンタジー|true
ファンタスティック|ファンタスティック|true
ファンダメンタルズ|ファンダメンタルズ|true
ファンデーション|ファンデーション|true
ファントム|ファントム|true
ファンド|ファンド|true
ファン・クラブ|ファンクラブ|false
ファン・サイト|ファンサイト|false
ファン倶楽部|ファンクラブ|false
ファース|ファルス|false
ファースト|ファースト|true
ファーストフード|ファストフード|false
ファースト・フード|ファストフード|false
ファーム|ファーム|true
ファール|ファウル|false
フアン|ファン|false
フアンデーション|ファンデーション|false
フィアンセ|フィアンセ|true
フィギア|フィギュア|false
フィギュア|フィギュア|true
フィクサー|フィクサー|true
フィクション|フィクション|true
フィスカルポリシー|フィスカルポリシー|true
フィスカル・ポリシー|フィスカルポリシー|false
フィッシュ|フィッシュ|true
フィッティング|フィッティング|true
フィット|フィット|true
フィットネス|フィットネス|true
フィナカップ|フィナカップ|true
フィナンス|ファイナンス|false
フィナ・カップ|フィナカップ|false
フィニッシュ|フィニッシュ|true
フィフティーフィフティー|フィフティーフィフティー|true
フィヨルド|フィヨルド|true
フィラデルフィア|フィラデルフィア|true
フィリッピン|フィリピン|false
フィリピン|フィリピン|true
フィル|フィル|true
フィルタ|フィルター|false
フィルター|フィルター|true
フィルダースチョイス|フィルダースチョイス|true
フィルダース・チョイス|フィルダースチョイス|false
フィルダーズチョイス|フィルダースチョイス|false
フィルダーズ・チョイス|フィルダースチョイス|false
フィルダーチョイス|フィルダースチョイス|false
フィルダー・チョイス|フィルダースチョイス|false
フィルハーモニー|フィルハーモニー|true
フィルム|フィルム|true
フィレ|ヒレ|false
フィレー|ヒレ|false
フィン|フィン|true
フィンランド|フィンランド|true
フィーダ|フィーダ|true
フィーダー|フィーダ|false
フィート|フィート|true
フィードバック|フィードバック|true
フィーバー|フィーバー|true
フィーリング|フィーリング|true
フィールダースチョイス|フィルダースチョイス|false
フィールダース・チョイス|フィルダースチョイス|false
フィールダーズチョイス|フィルダースチョイス|false
フィールダーズ・チョイス|フィルダースチョイス|false
フィールド|フィールド|true
フィールドワーク|フィールドワーク|true
フイニッシュ|フィニッシュ|false
フイリピン|フィリピン|false
フイルム|フィルム|true
フェア|フェア|true
フェアウェイ|フェアウェイ|true
フェアウェー|フェアウェイ|false
フェアウエイ|フェアウェイ|false
フェアウエー|フェアウェイ|false
フェアプレー|フェアプレー|true
フェア・プレー|フェアプレー|false
フェアー|フェア|false
フェイク|フェイク|true
フェイス|フェイス|true
フェイント|フェイント|true
フェスティバル|フェスティバル|true
フェスティヴァル|フェスティバル|false
フェデレーション|フェデレーション|true
フェニックス|フェニックス|true
フェミニスト|フェミニスト|true
フェミニズム|フェミニズム|true
フェラチオ|フェラチオ|true
フェリー|フェリー|true
フェルト|フェルト|true
フェレット|フェレット|true
フェロモン|フェロモン|true
フェローシップ|フェローシップ|true
フェンシング|フェンシング|true
フェンス|フェンス|true
フェーク|フェイク|false
フェース|フェイス|false
フォア|フォア|true
フォアグラ|フォアグラ|true
フォアハンド|フォアハンド|true
フォアボール|フォアボール|true
フォアマン|フォアマン|true
フォア・グラ|フォアグラ|false
フォア・ボール|フォアボール|false
フォスターチャイルド|フォスターチャイルド|true
フォスター・チャイルド|フォスターチャイルド|false
フォックストロット|フォックストロット|true
フォト|フォト|true
フォルト|フォールト|false
フォロー|フォロー|true
フォワグラ|フォアグラ|false
フォワ・グラ|フォアグラ|false
フォワード|フォワード|true
フォー|フォア|false
フォーカス|フォーカス|true
フォーク|フォーク|true
フォークソング|フォークソング|true
フォークボール|フォークボール|true
フォーク・ソング|フォークソング|false
フォース|フォース|true
フォーチュン|フォーチュン|true
フォード|フォード|true
フォーマット|フォーマット|true
フォーマル|フォーマル|true
フォーミュラカー|フォーミュラカー|true
フォーミュラ・カー|フォーミュラカー|false
フォーム|フォーム|true
フォーメーション|フォーメーション|true
フォーラム|フォーラム|true
フォール|フォール|true
フォールト|フォールト|true
フクロウ|ふくろう|false
フシ|ふし|false
フシめ|ふしめ|false
フシ目|ふしめ|false
フジ|ふじ|false
フタ|ふた|false
フッカー|フッカー|true
フック|フック|true
フットボール|フットボール|true
フットワーク|フットワーク|true
フッロピーディスク|フロッピーディスク|false
フツー|ふつう|false
フトモモ|ふともも|false
フュージョン|フュージョン|true
フューズ|ヒューズ|false
フューチャー|フューチャー|true
フライ|フライ|true
フライきゅう|フライきゅう|true
フライイング|フライング|false
フライト|フライト|true
フライドチキン|フライドチキン|true
フライド・チキン|フライドチキン|false
フライパン|フライパン|true
フライホイイル|フライホイール|false
フライホイール|フライホイール|true
フライング|フライング|true
フライ・パン|フライパン|false
フライ級|フライきゅう|true
フラグ|フラグ|true
フラスコ|フラスコ|true
フラストレーション|フラストレーション|true
フラッグ|フラッグ|true
フラッシュ|フラッシュ|true
フラップ|フラップ|true
フラフラ|ふらふら|false
フラメンコ|フラメンコ|true
フラワーアレンジメント|フラワーアレンジメント|true
フラワー・アレンジメント|フラワーアレンジメント|false
フラン|フラン|true
フランク|フランク|true
フランクフルト|フランクフルト|true
フランス|フランス|true
フランスご|フランスご|true
フランスりょうり|フランスりょうり|true
フランスパン|フランスパン|true
フランス・パン|フランスパン|false
フランス料理|フランスりょうり|true
フランス語|フランスご|true
フランチャイズ|フランチャイズ|true
フリ|ふり|false
フリガナ|ふりがな|false
フリゲート|フリゲート|true
フリッカ|フリッカー|false
フリッカー|フリッカー|true
フリップフロップ|フリップフロップ|true
フリップ・フロップ|フリップフロップ|false
フリュート|フルート|false
フリンジ|フリンジ|true
フリー|フリー|true
フリーエージェント|フリーエージェント|true
フリーキック|フリーキック|true
フリースタイル|フリースタイル|true
フリーズ|フリーズ|true
フリーター|フリーター|true
フリーダイアル|フリーダイヤル|false
フリーダイヤル|フリーダイヤル|true
フリーダム|フリーダム|true
フリーハンド|フリーハンド|true
フリーパス|フリーパス|true
フリーマケット|フリーマーケット|false
フリーマーケット|フリーマーケット|true
フリーランサー|フリーランサー|true
フリーランス|フリーランス|true
フリー・エージェント|フリーエージェント|false
フリー・キック|フリーキック|false
フリー・ダイアル|フリーダイヤル|false
フリー・ダイヤル|フリーダイヤル|false
フリー・パス|フリーパス|false
フリー・マーケット|フリーマーケット|false
フリ仮名|ふりがな|false
フル|フル|true
フルーツ|フルーツ|true
フルート|フルート|true
フレア|フレア|true
フレアー|フレア|true
フレイバ|フレーバー|false
フレイバー|フレーバー|false
フレイヴァ|フレーバー|false
フレイヴァー|フレーバー|false
フレキシブル|フレキシブル|true
フレックス|フレックス|true
フレッシュ|フレッシュ|true
フレッシュマン|フレッシュマン|true
フレッシュ・マン|フレッシュマン|false
フレンズ|フレンズ|true
フレンチ|フレンチ|true
フレンド|フレンド|true
フレンドリ|フレンドリー|false
フレンドリー|フレンドリー|true
フレーズ|フレーズ|true
フレーバ|フレーバー|false
フレーバー|フレーバー|true
フレーム|フレーム|true
フレーヴァ|フレーバー|false
フレーヴァー|フレーバー|false
フロア|フロア|true
フロアリング|フローリング|false
フロアー|フロア|false
フロアーリング|フローリング|false
フロスト|フロスト|true
フロック|フロック|true
フロッピ|フロッピー|false
フロッピィ|フロッピー|false
フロッピィディスク|フロッピーディスク|false
フロッピディスク|フロッピーディスク|false
フロッピー|フロッピー|true
フロッピーディスク|フロッピーディスク|true
フロッピー・ディスク|フロッピーディスク|false
フロリダ|フロリダ|true
フロン|フロン|true
フロンガス|フロンガス|true
フロンティア|フロンティア|true
フロント|フロント|true
フロン・ガス|フロンガス|false
フロー|フロー|true
フローズンフード|フローズンフード|true
フローズン・フード|フローズンフード|false
フロート|フロート|true
フローリング|フローリング|true
フロ場|ふろば|false
フワフワ|ふわふわ|true
フン|ふん|false
フンワリ|ふんわり|false
フーガ|フーガ|true
フーゾク|ふうぞく|false
フード|フード|true
フーン|ふん|false
ブイ|ブイ|true
ブカブカ|ぶかぶか|false
ブケー|ブーケ|false
ブザー|ブザー|true
ブタ|ぶた|false
ブタン|ブタン|true
ブタ肉|ぶたにく|false
ブチキレ|ぶちぎれ|false
ブチギレ|ぶちぎれ|false
ブチ切れ|ぶちぎれ|true
ブッカー|ブッカー|true
ブック|ブック|true
ブックメーカー|ブックメーカー|true
ブックレット|ブックレット|true
ブッフェ|ビュッフェ|false
ブツブツ|ぶつぶつ|false
ブティック|ブティック|true
ブドウ|ぶどう|false
ブライダル|ブライダル|true
ブラインド|ブラインド|true
ブラウス|ブラウス|true
ブラウンかん|ブラウンかん|true
ブラウン管|ブラウンかん|true
ブラシ|ブラシ|true
ブラジャー|ブラジャー|true
ブラジル|ブラジル|true
ブラスバンド|ブラスバンド|true
ブラス・バンド|ブラスバンド|false
ブラセラ|ブルセラ|false
ブラチスラバ|ブラチスラバ|true
ブラチスラヴァ|ブラチスラバ|false
ブラック|ブラック|true
ブラッシュ|ブラシ|false
ブラッシー|ブラッシー|true
ブラティスラバ|ブラチスラバ|false
ブラティスラヴァ|ブラチスラバ|false
ブラブラ|ぶらぶら|false
ブラボー|ブラボー|true
ブランク|ブランク|true
ブランコ|ぶらんこ|true
ブランチ|ブランチ|true
ブランデ|ブランデー|false
ブランディ|ブランデー|false
ブランディー|ブランデー|false
ブランデー|ブランデー|true
ブランド|ブランド|true
ブラヴォー|ブラボー|false
ブラース|ブラウス|false
ブリキ|ブリキ|true
ブリスベン|ブリスベン|true
ブリタニア|ブリタニア|true
ブリッキ|ブリキ|false
ブリッジ|ブリッジ|true
ブリュッセル|ブリュッセル|true
ブリージング|ブリージング|true
ブリーフ|ブリーフ|true
ブル|ブル|true
ブルガリア|ブルガリア|true
ブルジョア|ブルジョア|true
ブルジョワ|ブルジョア|false
ブルセラ|ブルセラ|true
ブルゾン|ブルゾン|true
ブルヂヨア|ブルジョア|false
ブルネット|ブルネット|true
ブルブル|ぶるぶる|false
ブルペン|ブルペン|true
ブル・ペン|ブルペン|false
ブルー|ブルー|true
ブルーカラー|ブルーカラー|true
ブルース|ブルース|true
ブルーズ|ブルース|false
ブルーネット|ブルネット|false
ブルーバード|ブルーバード|true
ブルー・カラー|ブルーカラー|false
ブレイク|ブレイク|true
ブレイド|ブレード|false
ブレイン|ブレーン|false
ブレザー|ブレザー|true
ブレスト|ブレスト|true
ブレスレット|ブレスレット|true
ブレット|ブレッド|false
ブレッド|ブレッド|true
ブレンド|ブレンド|true
ブレーカ|ブレーカー|true
ブレーカー|ブレーカー|true
ブレーキ|ブレーキ|true
ブレーク|ブレイク|true
ブレード|ブレード|true
ブレーン|ブレーン|true
ブロイラー|ブロイラー|true
ブログ|ブログ|true
ブロッカー|ブロッカー|true
ブロック|ブロック|true
ブロマイド|ブロマイド|true
ブロンズ|ブロンズ|true
ブロー|ブロー|true
ブローカ|ブローカー|false
ブローカー|ブローカー|true
ブローチ|ブローチ|true
ブロード|ブロード|true
ブンド|ブンド|true
ブーイング|ブーイング|true
ブーケ|ブーケ|true
ブーケー|ブーケ|false
ブース|ブース|true
ブーツ|ブーツ|true
ブーム|ブーム|true
ブーメラン|ブーメラン|true
ブール|ブール|true
プチ|プチ|true
プッシュ|プッシュ|true
プッシュホン|プッシュホン|true
プライス|プライス|true
プライド|プライド|true
プライバシ|プライバシー|false
プライバシィ|プライバシー|false
プライバシイ|プライバシー|false
プライバシー|プライバシー|true
プライベート|プライベート|true
プライムタイム|プライムタイム|true
プライムレート|プライムレート|true
プライム・タイム|プライムタイム|false
プライム・レート|プライムレート|false
プライヴァシー|プライバシー|false
プラカード|プラカード|true
プラグ|プラグ|true
プラグマチズム|プラグマティズム|false
プラグマティズム|プラグマティズム|true
プラザ|プラザ|true
プラス|プラス|true
プラスチック|プラスチック|true
プラスティク|プラスチック|false
プラスティック|プラスチック|false
プラズマ|プラズマ|true
プラチック|プラスチック|false
プラチナ|プラチナ|true
プラッチック|プラスチック|false
プラットフォーム|プラットホーム|false
プラットホーム|プラットホーム|true
プラニング|プランニング|false
プラネタリウム|プラネタリウム|true
プラハ|プラハ|true
プラモ|プラモデル|false
プラモデル|プラモデル|true
プラン|プラン|true
プランクトン|プランクトン|true
プランタン|プランタン|true
プランター|プランター|true
プラント|プラント|true
プランナー|プランナー|true
プランニング|プランニング|true
プラーザ|プラザ|false
プリ|プリ|true
プリズム|プリズム|true
プリチー|プリティ|false
プリティ|プリティ|true
プリティー|プリティ|false
プリン|プリン|true
プリンス|プリンス|true
プリンセス|プリンセス|true
プリンタ|プリンタ|true
プリンタン|プランタン|false
プリンター|プリンタ|true
プリント|プリント|true
プリーツ|プリーツ|true
プルトニウム|プルトニウム|true
プルークボーゲン|プルークボーゲン|true
プレイ|プレイ|true
プレイオフ|プレーオフ|false
プレイガール|プレイガール|true
プレイボーイ|プレイボーイ|true
プレイボール|プレーボール|false
プレイヤ|プレイヤー|false
プレイヤー|プレイヤー|true
プレイリスト|プレイリスト|true
プレイン|プレーン|false
プレイ・ボール|プレーボール|false
プレジデント|プレジデント|true
プレス|プレス|true
プレスクラブ|プレスクラブ|true
プレスセンター|プレスセンター|true
プレスリリース|プレスリリース|true
プレス・クラブ|プレスクラブ|false
プレス・センター|プレスセンター|false
プレス・リリース|プレスリリース|false
プレゼンテーション|プレゼンテーション|true
プレゼント|プレゼント|true
プレタポルテ|プレタポルテ|true
プレッシャー|プレッシャー|true
プレトリア|プレトリア|true
プレハブ|プレハブ|true
プレファブ|プレハブ|false
プレミアム|プレミアム|true
プレリュード|プレリュード|true
プレー|プレイ|true
プレーオフ|プレーオフ|true
プレーガール|プレイガール|false
プレート|プレート|true
プレーボーイ|プレイボーイ|false
プレーボール|プレーボール|true
プレーヤ|プレイヤー|false
プレーヤー|プレイヤー|true
プレーン|プレーン|true
プレー・ボール|プレーボール|false
プロ|プロ|true
プロやきゅう|プロやきゅう|true
プログラム|プログラム|true
プロジェクタ|プロジェクター|false
プロジェクター|プロジェクター|true
プロジェクト|プロジェクト|true
プロセス|プロセス|true
プロセッサ|プロセッサー|false
プロセッサー|プロセッサー|true
プロダクション|プロダクション|true
プロダクト|プロダクト|true
プロップジェット|プロップジェット|true
プロテスタント|プロテスタント|true
プロデュサー|プロデューサー|false
プロデューサ|プロデューサー|false
プロデューサー|プロデューサー|true
プロデュース|プロデュース|true
プロパ|プロパー|false
プロパガンダ|プロパガンダ|true
プロパン|プロパン|true
プロパー|プロパー|true
プロフィル|プロフィール|false
プロフィール|プロフィール|true
プロフィールがぞう|プロフィールがぞう|true
プロフィール画像|プロフィールがぞう|true
プロフェショナル|プロフェッショナル|false
プロフェッショナル|プロフェッショナル|true
プロペラ|プロペラ|true
プロポーザル|プロポーザル|true
プロポーズ|プロポーズ|true
プロマイド|ブロマイド|false
プロモウト|プロモート|false
プロモーション|プロモーション|true
プロモーター|プロモーター|true
プロモート|プロモート|true
プロレス|プロレス|true
プロレタリア|プロレタリア|true
プロローグ|プロローグ|true
プロンプター|プロンプター|true
プロ野球|プロやきゅう|true
プンプン|プンプン|true
プーたろう|プータロー|false
プータロー|プータロー|true
プール|プール|true
プー太郎|プータロー|false
ヘア|ヘア|true
ヘアケア|ヘアケア|true
ヘアスタイル|ヘアスタイル|true
ヘア・ケア|ヘアケア|false
ヘアー|ヘア|false
ヘアースタイル|ヘアスタイル|false
ヘクタール|ヘクタール|true
ヘクト|ヘクト|true
ヘザー|ヘザー|true
ヘソ|へそ|false
ヘタ|へた|false
ヘタクソ|へたくそ|false
ヘッジ|ヘッジ|true
ヘッダ|ヘッダー|false
ヘッダー|ヘッダー|true
ヘッディング|ヘディング|false
ヘットライト|ヘッドライト|false
ヘッド|ヘッド|true
ヘッドコーチ|ヘッドコーチ|true
ヘッドフォン|ヘッドホン|false
ヘッドフォーン|ヘッドホン|false
ヘッドホン|ヘッドホン|true
ヘッドホーン|ヘッドホン|false
ヘッドライト|ヘッドライト|true
ヘッド・コーチ|ヘッドコーチ|false
ヘディング|ヘディング|true
ヘトヘト|ヘトヘト|true
ヘドロ|ヘドロ|true
ヘビ|へび|false
ヘビイ|ヘビー|false
ヘビー|ヘビー|true
ヘビースモカー|ヘビースモーカー|false
ヘビースモーカー|ヘビースモーカー|true
ヘビー・スモーカー|ヘビースモーカー|false
ヘブライズム|ヘブライズム|true
ヘム|ヘム|true
ヘモグロビン|ヘモグロビン|true
ヘヤ|ヘア|false
ヘヤー|ヘア|false
ヘラ|へら|false
ヘラルド|ヘラルド|true
ヘリ|ヘリ|true
ヘリウム|ヘリウム|true
ヘリコプタ|ヘリコプター|false
ヘリコプター|ヘリコプター|true
ヘリポート|ヘリポート|true
ヘリングボン|ヘリンボーン|false
ヘリングボーン|ヘリンボーン|false
ヘリンボン|ヘリンボーン|false
ヘリンボーン|ヘリンボーン|true
ヘル|ヘル|true
ヘルシンキ|ヘルシンキ|true
ヘルシー|ヘルシー|true
ヘルス|ヘルス|true
ヘルスクラブ|ヘルスクラブ|true
ヘルス・クラブ|ヘルスクラブ|false
ヘルツ|ヘルツ|true
ヘルツェゴビナ|ヘルツェゴビナ|true
ヘルニア|ヘルニア|true
ヘルパー|ヘルパー|true
ヘルメット|ヘルメット|true
ヘレニズム|ヘレニズム|true
ヘロイズム|ヒロイズム|false
ヘロイン|ヘロイン|true
ヘンタイ|へんたい|false
ヘヴィ|ヘビー|false
ベア|ベア|true
ベアリング|ベアリング|true
ベイシック|ベーシック|false
ベイス|ベース|false
ベイビ|ベビー|false
ベイビー|ベビー|false
ベイビーシッター|ベビーシッター|false
ベイルート|ベイルート|true
ベオグラード|ベオグラード|true
ベクタ|ベクター|false
ベクター|ベクター|true
ベクトル|ベクトル|true
ベジタブル|ベジタブル|true
ベスト|ベスト|true
ベストセラー|ベストセラー|true
ベストテン|ベストテン|true
ベスト・セラー|ベストセラー|false
ベスト・テン|ベストテン|false
ベタ|ベタ|true
ベタベタ|ベタベタ|true
ベター|ベター|true
ベッド|ベッド|true
ベテラン|ベテラン|true
ベドウィン|ベドウィン|true
ベニア|ベニヤ|false
ベニヤ|ベニヤ|true
ベニヤいた|ベニヤいた|true
ベニヤ板|ベニヤいた|true
ベネチアングラス|ベネチアングラス|true
ベネチアン・グラス|ベネチアングラス|false
ベネフィット|ベネフィット|true
ベビ|ベビー|false
ベビィ|ベビー|false
ベビカー|ベビーカー|false
ベビシッター|ベビーシッター|false
ベビー|ベビー|true
ベビーカー|ベビーカー|true
ベビーシッタ|ベビーシッター|false
ベビーシッター|ベビーシッター|true
ベビーフード|ベビーフード|true
ベビー・カー|ベビーカー|false
ベビー・シッター|ベビーシッター|false
ベビー・フード|ベビーフード|false
ベランダ|ベランダ|true
ベランダー|ベランダ|false
ベリーダンス|ベリーダンス|true
ベリー・ダンス|ベリーダンス|false
ベル|ベル|true
ベルギー|ベルギー|true
ベルト|ベルト|true
ベルトコンベア|ベルトコンベア|true
ベルトコンベアー|ベルトコンベア|false
ベルトコンベヤ|ベルトコンベア|false
ベルトコンベヤー|ベルトコンベア|false
ベルト・コンベア|ベルトコンベア|false
ベルト・コンベアー|ベルトコンベア|false
ベルト・コンベヤ|ベルトコンベア|false
ベルト・コンベヤー|ベルトコンベア|false
ベルファスト|ベルファスト|true
ベルマーク|ベルマーク|true
ベルモット|ベルモット|true
ベル・マーク|ベルマーク|false
ベレー|ベレー|true
ベロ|ベロ|true
ベンジン|ベンジン|true
ベンチ|ベンチ|true
ベンチャ|ベンチャー|false
ベンチャー|ベンチャー|true
ベーカリー|ベーカリー|true
ベーコン|ベーコン|true
ベーシック|ベーシック|true
ベージュ|ベージュ|true
ベース|ベース|true
ベースアップ|ベースアップ|true
ベースキャンプ|ベースキャンプ|true
ベース・アップ|ベースアップ|false
ベース・キャンプ|ベースキャンプ|false
ベータ|ベータ|true
ベーター|ベータ|false
ベートーベン|ベートーヴェン|false
ベートーヴェン|ベートーヴェン|true
ベービー|ベビー|false
ベービーシッター|ベビーシッター|false
ベール|ベール|true
ペア|ペア|true
ペアリング|ペアリング|true
ペア・リング|ペアリング|false
ペアー|ペア|false
ペイ|ペイ|true
ペイチン|ペキン|false
ペイパー|ペーパー|false
ペインクリニック|ペインクリニック|true
ペイント|ペイント|true
ペイン・クリニック|ペインクリニック|false
ペキン|ペキン|true
ペコペコ|ぺこぺこ|false
ペシミスチック|ペシミスティック|false
ペシミスティック|ペシミスティック|true
ペスト|ペスト|true
ペダル|ペダル|true
ペッサリー|ペッサリー|true
ペット|ペット|true
ペットフード|ペットフード|true
ペット・フード|ペットフード|false
ペドメーター|ペドメーター|true
ペナルティ|ペナルティー|false
ペナルティー|ペナルティー|true
ペナント|ペナント|true
ペニシリン|ペニシリン|true
ペネルティ|ペナルティー|false
ペネルティー|ペナルティー|false
ペプシン|ペプシン|true
ペラペラ|ぺらぺら|false
ペリカン|ペリカン|true
ペルー|ペルー|true
ペン|ペン|true
ペンさき|ペンさき|true
ペンキ|ペンキ|true
ペンギン|ペンギン|true
ペンクラブ|ペンクラブ|true
ペンション|ペンション|true
ペンシルバニア|ペンシルベニア|false
ペンシルベニア|ペンシルベニア|true
ペンシルヴァニア|ペンシルベニア|false
ペンシルヴェニア|ペンシルベニア|false
ペンタゴン|ペンタゴン|true
ペンダント|ペンダント|true
ペンチ|ペンチ|true
ペンネーム|ペンネーム|true
ペン・クラブ|ペンクラブ|false
ペン先|ペンさき|true
ページ|ページ|true
ペース|ペース|true
ペースメーカ|ペースメーカー|false
ペースメーカー|ペースメーカー|true
ペーソス|ペーソス|true
ペーパー|ペーパー|true
ペール|ペール|true
ホっと|ほっと|false
ホイッスル|ホイッスル|true
ホイル|ホイール|false
ホイール|ホイール|true
ホウレンソウ|ほうれんそう|false
ホウレン草|ほうれんそう|false
ホクロ|ほくろ|false
ホコリ|ほこり|false
ホシ|ほし|false
ホステス|ホステス|true
ホステル|ホステル|true
ホスト|ホスト|true
ホスピス|ホスピス|true
ホタル|ほたる|false
ホッと|ほっと|true
ホック|ホック|true
ホッケー|ホッケー|true
ホット|ホット|true
ホットライン|ホットライン|true
ホット・ライン|ホットライン|false
ホップ|ホップ|true
ホテル|ホテル|true
ホトケ|ほとけ|false
ホノルル|ホノルル|true
ホモ|ホモ|true
ホラー|ホラー|true
ホリディ|ホリデー|false
ホリデイ|ホリデー|true
ホリデー|ホリデー|true
ホルスター|ホルスター|true
ホルダ|ホルダー|false
ホルダー|ホルダー|true
ホルモン|ホルモン|true
ホルン|ホルン|true
ホログラフィ|ホログラフィ|true
ホログラフィー|ホログラフィ|false
ホロコースト|ホロコースト|true
ホワイト|ホワイト|true
ホワイトカラー|ホワイトカラー|true
ホワイトニング|ホワイトニング|true
ホワイト・カラー|ホワイトカラー|false
ホングコング|ホンコン|false
ホンコン|ホンコン|true
ホント|ほんとう|false
ホントに|ほんとうに|false
ホントウ|ほんとう|false
ホントウに|ほんとうに|false
ホントー|ほんとう|false
ホントーに|ほんとうに|false
ホンモノ|ほんもの|false
ホーク|フォーク|true
ホース|ホース|true
ホープ|ホープ|true
ホーマー|ホーマー|true
ホーミング|ホーミング|true
ホーム|ホーム|true
ホームイン|ホームイン|true
ホームグラウンド|ホームグラウンド|true
ホームグランド|ホームグラウンド|false
ホームシック|ホームシック|true
ホームステイ|ホームステイ|true
ホームステー|ホームステイ|false
ホームセキュリティ|ホームセキュリティ|true
ホームセキュリティー|ホームセキュリティ|false
ホームターミナル|ホームターミナル|true
ホームドラマ|ホームドラマ|true
ホームヘルパー|ホームヘルパー|true
ホームページ|ホームページ|true
ホームラン|ホームラン|true
ホームルーム|ホームルーム|true
ホーム・イン|ホームイン|false
ホーム・グラウンド|ホームグラウンド|false
ホーム・グランド|ホームグラウンド|false
ホーム・セキュリティ|ホームセキュリティ|false
ホーム・セキュリティー|ホームセキュリティ|false
ホーム・ターミナル|ホームターミナル|false
ホーム・ドラマ|ホームドラマ|false
ホーム・ヘルパー|ホームヘルパー|false
ホーム・ページ|ホームページ|false
ホーム・ラン|ホームラン|false
ホール|ホール|true
ホールダー|ホルダー|false
ホーン|ホーン|true
ボイエジャ|ボイジャー|false
ボイコット|ボイコット|true
ボイジャー|ボイジャー|true
ボイス|ボイス|true
ボイスレコーダ|ボイスレコーダー|false
ボイスレコーダー|ボイスレコーダー|true
ボイス・レコーダー|ボイスレコーダー|false
ボイラ|ボイラー|false
ボイラー|ボイラー|true
ボウ|ボー|false
ボウっと|ぼーっと|false
ボウイング|ボーイング|false
ボウシ|ぼうし|false
ボウッと|ぼーっと|false
ボウリング|ボウリング|true
ボウル|ボウル|true
ボオッと|ぼーっと|false
ボギー|ボギー|true
ボク|ぼく|false
ボクサー|ボクサー|true
ボクシング|ボクシング|true
ボケ|ぼけ|false
ボケる|ぼける|false
ボコーダ|ボコーダー|false
ボコーダー|ボコーダー|true
ボサノバ|ボサノバ|true
ボサノヴァ|ボサノバ|false
ボサノーヴァ|ボサノバ|false
ボサ・ノバ|ボサノバ|false
ボサ・ノヴァ|ボサノバ|false
ボサ・ノーヴァ|ボサノバ|false
ボス|ボス|true
ボストン|ボストン|true
ボスニア|ボスニア|true
ボタボタ|ポタポタ|false
ボタン|ボタン|true
ボックス|ボックス|true
ボッブ|ボブ|false
ボッブスレー|ボブスレー|false
ボツワナ|ボツワナ|true
ボディ|ボディー|true
ボディコン|ボディコン|true
ボディブロー|ボディーブロー|false
ボディ・ブロー|ボディーブロー|false
ボディー|ボディー|true
ボディーブロー|ボディーブロー|true
ボディー・ブロー|ボディーブロー|false
ボデー|ボディー|false
ボトボト|ポタポタ|false
ボトム|ボトム|true
ボトル|ボトル|true
ボナス|ボーナス|false
ボブ|ボブ|true
ボブスレー|ボブスレー|true
ボヤ|ぼや|false
ボヤける|ぼやける|false
ボヤボヤ|ぼやぼや|true
ボランテァ|ボランティア|false
ボランテア|ボランティア|false
ボランティア|ボランティア|true
ボリウム|ボリューム|false
ボリューム|ボリューム|true
ボルテイジ|ボルテージ|false
ボルテージ|ボルテージ|true
ボルト|ボルト|true
ボレロ|ボレロ|true
ボレー|ボレー|true
ボロボロ|ボロボロ|true
ボン|ボン|true
ボンド|ボンド|true
ボンネット|ボンネット|true
ボンベ|ボンベ|true
ボンヤリ|ぼんやり|false
ボー|ボー|true
ボーっと|ぼーっと|true
ボーイ|ボーイ|true
ボーイスカウト|ボーイスカウト|true
ボーイフレンド|ボーイフレンド|true
ボーイング|ボーイング|true
ボーイ・スカウト|ボーイスカウト|false
ボーカラー|ボーカラー|true
ボーカリスト|ボーカリスト|true
ボーカル|ボーカル|true
ボーク|ボーク|true
ボーダー|ボーダー|true
ボーダーライン|ボーダーライン|true
ボーダー・ライン|ボーダーライン|false
ボーッと|ぼーっと|false
ボート|ボート|true
ボートピープル|ボートピープル|true
ボート・ピープル|ボートピープル|false
ボード|ボード|true
ボードセイリング|ボードセーリング|false
ボードセーリング|ボードセーリング|true
ボーナス|ボーナス|true
ボーリング|ボウリング|false
ボール|ボウル|false
ボール|ボール|true
ボールド|ボールド|true
ボールペン|ボールペン|true
ボール・ペン|ボールペン|false
ボーン|ボーン|true
ボー・カラー|ボーカラー|false
ポイント|ポイント|true
ポエム|ポエム|true
ポカポカ|ぽかぽか|false
ポカン|ぽかん|false
ポケット|ポケット|true
ポケットサイズ|ポケットサイズ|true
ポケットベル|ポケットベル|true
ポケットマネー|ポケットマネー|true
ポケット・ベル|ポケットベル|false
ポケット・マネー|ポケットマネー|false
ポシェット|ポシェット|true
ポシビリティ|ポシビリティ|true
ポシビリティー|ポシビリティ|false
ポジェット|ポシェット|false
ポジショニング|ポジショニング|true
ポジション|ポジション|true
ポジティブ|ポジティブ|true
ポジティヴ|ポジティブ|false
ポスタ|ポスター|false
ポスター|ポスター|true
ポスト|ポスト|true
ポタポタ|ポタポタ|true
ポタージュ|ポタージュ|true
ポッカポカ|ぽかぽか|false
ポッシビリティ|ポシビリティ|false
ポッシビリティー|ポシビリティ|false
ポット|ポット|true
ポットキャスト|ポッドキャスト|false
ポッドキャスト|ポッドキャスト|true
ポップ|ポップ|true
ポップアート|ポップアート|true
ポップコーン|ポップコーン|true
ポップス|ポップス|true
ポップ・アート|ポップアート|false
ポテト|ポテト|true
ポテトチップス|ポテトチップス|true
ポテト・チップス|ポテトチップス|false
ポテンシャル|ポテンシャル|true
ポトフ|ポトフ|true
ポトフー|ポトフ|false
ポトポト|ポタポタ|false
ポニーテイル|ポニーテール|false
ポニーテール|ポニーテール|true
ポピュラ|ポピュラー|false
ポピュラー|ポピュラー|true
ポプリ|ポプリ|true
ポリ|ポリ|true
ポリエチレン|ポリエチレン|true
ポリオ|ポリオ|true
ポリシ|ポリシー|false
ポリシー|ポリシー|true
ポリス|ポリス|true
ポリネシア|ポリネシア|true
ポリプ|ポリープ|false
ポリプロピレン|ポリプロピレン|true
ポリマー|ポリマー|true
ポリープ|ポリープ|true
ポルカ|ポルカ|true
ポルトガル|ポルトガル|true
ポルノ|ポルノ|true
ポロ|ポロ|true
ポンド|ポンド|true
ポンプ|ポンプ|true
ポンポン|ポンポン|true
ポーカー|ポーカー|true
ポーズ|ポーズ|true
ポータブル|ポータブル|true
ポーター|ポーター|true
ポーチ|ポーチ|true
ポート|ポート|true
ポートフォリオ|ポートフォリオ|true
ポートレイト|ポートレート|false
ポートレート|ポートレート|true
ポール|ポール|true
マイ|マイ|true
マイアミ|マイアミ|true
マイカー|マイカー|true
マイク|マイク|true
マイクロ|マイクロ|true
マイクロバス|マイクロバス|true
マイクロフィルム|マイクロフィルム|true
マイコン|マイコン|true
マイナス|マイナス|true
マイナー|マイナー|true
マイノリティ|マイノリティー|false
マイノリティー|マイノリティー|true
マイペース|マイペース|true
マイホーム|マイホーム|true
マイム|マイム|true
マイル|マイル|true
マイルド|マイルド|true
マインド|マインド|true
マイ・カー|マイカー|false
マイ・ペース|マイペース|false
マイ・ホーム|マイホーム|false
マウス|マウス|true
マウンテン|マウンテン|true
マウント|マウント|true
マウンド|マウンド|true
マエストロ|マエストロ|true
マカダム|マカダム|true
マカロニ|マカロニ|true
マガジン|マガジン|true
マキシ|マキシ|true
マクラメ|マクラメ|true
マクロ|マクロ|true
マグナム|マグナム|true
マグニチュード|マグニチュード|true
マグネシウム|マグネシウム|true
マグネット|マグネット|true
マグマ|マグマ|true
マグレ|まぐれ|false
マグロ|マグロ|true
マケドニア|マケドニア|true
マサチューセッツ|マサチューセッツ|true
マサージュ|マッサージ|false
マザコン|マザコン|true
マザリング|マザリング|true
マザーグース|マザーグース|true
マザーリング|マザリング|false
マザー・グース|マザーグース|false
マシ|まし|false
マシュルーム|マッシュルーム|false
マシン|マシン|true
マシンガン|マシンガン|true
マシン・ガン|マシンガン|false
マシーン|マシン|true
マシーンガン|マシンガン|false
マジシャン|マジシャン|true
マジック|マジック|true
マジメ|まじめ|true
マス|ます|false
マス|マス|true
マスク|マスク|true
マスゲーム|マスゲーム|true
マスコット|マスコット|true
マスコミ|マスコミ|true
マスタ|マスター|false
マスタング|ムスタング|false
マスター|マスター|true
マスタード|マスタード|true
マスト|マスト|true
マスメディア|マスメディア|true
マス・ゲーム|マスゲーム|false
マス・メディア|マスメディア|false
マズい|まずい|false
マズイ|まずい|false
マゾ|マゾ|true
マターリ|まったり|false
マダム|マダム|true
マッカ|メッカ|false
マッキントッシュ|マッキントッシュ|true
マック|マック|true
マックス|マックス|true
マッサージ|マッサージ|true
マッシュルーム|マッシュルーム|true
マッス|マス|false
マッタリ|まったり|false
マッチ|マッチ|true
マッチプレイ|マッチプレー|false
マッチプレー|マッチプレー|true
マッチ・プレー|マッチプレー|false
マット|マット|true
マットレス|マットレス|true
マッハ|マッハ|true
マップ|マップ|true
マツ|まつ|false
マティリアル|マテリアル|false
マテリアル|マテリアル|true
マドラス|マドラス|true
マドレーヌ|マドレーヌ|true
マドンナ|マドンナ|true
マナー|マナー|true
マナーモード|マナーモード|true
マナー・モード|マナーモード|false
マニア|マニア|true
マニアック|マニアック|true
マニアル|マニュアル|false
マニキュア|マニキュア|true
マニフェスト|マニフェスト|true
マニヤ|マニア|false
マニュアル|マニュアル|true
マニュキア|マニキュア|false
マニュキュア|マニキュア|false
マニュフェスト|マニフェスト|false
マニラ|マニラ|true
マヌケ|まぬけ|false
マネ|まね|false
マネキン|マネキン|true
マネジメント|マネジメント|true
マネジャー|マネージャー|true
マネー|マネー|true
マネーゲーム|マネーゲーム|true
マネーサプライ|マネーサプライ|true
マネージメント|マネジメント|true
マネージャ|マネージャー|false
マネージャー|マネージャー|true
マネー・ゲーム|マネーゲーム|false
マネー・サプライ|マネーサプライ|false
マヒ|まひ|false
マフィア|マフィア|true
マフラー|マフラー|true
マホービン|まほうびん|false
ママ|まま|false
ママ|ママ|true
ママさん|ママさん|true
マメ|まめ|false
マメ知識|まめちしき|false
マヤ|マヤ|true
マヨネーズ|マヨネーズ|true
マラカス|マラカス|true
マラソン|マラソン|true
マラリア|マラリア|true
マリファナ|マリファナ|true
マリフアナ|マリファナ|false
マリワナ|マリファナ|false
マリン|マリン|true
マリンバ|マリンバ|true
マリーナ|マリーナ|true
マリーン|マリン|true
マル|まる|false
マルク|マルク|true
マルクスしゅぎ|マルクスしゅぎ|true
マルクス主義|マルクスしゅぎ|true
マルタ|まるた|false
マルターゼ|マルターゼ|true
マルチ|マルチ|true
マルチナショナル|マルチナショナル|true
マルチメディア|マルチメディア|true
マレーシア|マレーシア|true
マロン|マロン|true
マン|マン|true
マンガ|まんが|true
マンガか|まんがか|false
マンガン|マンガン|true
マンガ家|まんがか|false
マングローブ|マングローブ|true
マンゴ|マンゴー|false
マンゴー|マンゴー|true
マンション|マンション|true
マンスリー|マンスリー|true
マンチェスター|マンチェスター|true
マンツーマン|マンツーマン|true
マント|マント|true
マントル|マントル|true
マンドリン|マンドリン|true
マンネリ|マンネリ|true
マンパワー|マンパワー|true
マンホール|マンホール|true
マンボ|マンボ|true
マンモス|マンモス|true
マーカ|マーカー|false
マーカー|マーカー|true
マーガリン|マーガリン|true
マーク|マーク|true
マークシート|マークシート|true
マーク・シート|マークシート|false
マーケッティング|マーケティング|false
マーケット|マーケット|true
マーケティング|マーケティング|true
マージャン|マージャン|true
マージン|マージン|true
マーチ|マーチ|true
マート|マート|true
マーブル|マーブル|true
マーメイド|マーメイド|true
マーメード|マーメイド|false
ミイラ|ミイラ|true
ミカン|みかん|false
ミキサ|ミキサー|false
ミキサー|ミキサー|true
ミクサ|ミキサー|false
ミクサー|ミキサー|false
ミクス|ミックス|false
ミクロ|ミクロ|true
ミクロネシア|ミクロネシア|true
ミクロン|ミクロン|true
ミグ|ミグ|true
ミサ|ミサ|true
ミサイル|ミサイル|true
ミシガン|ミシガン|true
ミシン|ミシン|true
ミス|ミス|true
ミスター|ミスター|true
ミステリ|ミステリー|true
ミステリアス|ミステリアス|true
ミステリィ|ミステリー|false
ミステリー|ミステリー|true
ミスプリント|ミスプリント|true
ミスマッチ|ミスマッチ|true
ミズ|ミズ|true
ミズーリ|ミズーリ|true
ミセス|ミセス|true
ミセズ|ミセス|false
ミソ|みそ|false
ミックス|ミックス|true
ミッション|ミッション|true
ミット|ミット|true
ミットナイト|ミッドナイト|false
ミッドナイト|ミッドナイト|true
ミディ|ミディ|true
ミトコンドリア|ミトコンドリア|true
ミドル|ミドル|true
ミドルきゅう|ミドルきゅう|true
ミドルホール|ミドルホール|true
ミドル・ホール|ミドルホール|false
ミドル級|ミドルきゅう|true
ミニ|ミニ|true
ミニアチュア|ミニチュア|false
ミニアチュール|ミニチュア|false
ミニコミ|ミニコミ|true
ミニスカート|ミニスカート|true
ミニチュア|ミニチュア|true
ミニディスク|ミニディスク|true
ミニバッファ|ミニバッファ|true
ミニマム|ミニマム|true
ミネソタ|ミネソタ|true
ミネラル|ミネラル|true
ミミック|ミミック|true
ミャンマー|ミャンマー|true
ミュンヘン|ミュンヘン|true
ミュージアム|ミュージアム|true
ミュージカル|ミュージカル|true
ミュージシャン|ミュージシャン|true
ミュージック|ミュージック|true
ミューズ|ミューズ|true
ミラクル|ミラクル|true
ミラー|ミラー|true
ミラージュ|ミラージュ|true
ミリ|ミリ|true
ミリオン|ミリオン|true
ミリオンセラー|ミリオンセラー|true
ミリオン・セラー|ミリオンセラー|false
ミリグラム|ミリグラム|true
ミリタリールック|ミリタリールック|true
ミリタリー・ルック|ミリタリールック|false
ミリバール|ミリバール|true
ミリメーター|ミリメートル|false
ミリメートル|ミリメートル|true
ミリリットル|ミリリットル|true
ミルウォーキー|ミルウォーキー|true
ミルク|ミルク|true
ミレニアム|ミレニアム|true
ミレニウム|ミレニアム|false
ミンク|ミンク|true
ミンチ|ミンチ|true
ミント|ミント|true
ミーイズム|ミーイズム|true
ミーティング|ミーティング|true
ミート|ミート|true
ミーハー|ミーハー|true
ミール|ミール|true
ムカムカ|ムカムカ|true
ムスコ|むすこ|false
ムスタング|ムスタング|true
ムダ|むだ|false
ムダ使い|むだづかい|false
ムダ遣い|むだづかい|false
ムチャクチャ|むちゃくちゃ|false
ムッと|ムッと|true
ムッツリ|むっつり|false
ムラ|むら|false
ムラサキ|むらさき|false
ムラート|ムラート|true
ムリ|むり|false
ムリヤリ|むりやり|false
ムーサ|ミューズ|false
ムース|ムース|true
ムーディ|ムーディー|false
ムーディー|ムーディー|true
ムード|ムード|true
ムービー|ムービー|true
ムーブメント|ムーブメント|true
ムーラン|ムーラン|true
ムール|ムール|true
ムーン|ムーン|true
ムーヴィー|ムービー|false
ムーヴメント|ムーブメント|false
メイカー|メーカー|false
メイキャップ|メイクアップ|false
メイク|メイク|true
メイクアップ|メイクアップ|true
メイジャー|メジャー|false
メイデイ|メーデー|false
メイデー|メーデー|false
メイト|メート|true
メイド|メイド|true
メイル|メール|false
メイン|メイン|true
メインストリート|メインストリート|true
メインテナンス|メンテナンス|false
メインバンク|メーンバンク|false
メイン・ストリート|メインストリート|false
メイン・バンク|メーンバンク|false
メェル|メール|false
メカ|メカ|true
メカニズム|メカニズム|true
メカニック|メカニック|true
メガ|メガ|true
メガネ|メガネ|true
メガフォン|メガホン|false
メガヘルツ|メガヘルツ|true
メガホン|メガホン|true
メキシコ|メキシコ|true
メキシコわん|メキシコわん|true
メキシコ湾|メキシコわん|true
メキメキ|メキメキ|true
メクラ|めくら|false
メグロ|めぐろ|false
メコンデルタ|メコンデルタ|true
メコン・デルタ|メコンデルタ|false
メサイア|メシア|false
メサイヤ|メシア|false
メシア|メシア|true
メシヤ|メシア|false
メシュ|メッシュ|false
メジャー|メジャー|true
メジロ|めじろ|false
メス|めす|false
メス|メス|true
メセージ|メッセージ|false
メソジスト|メソジスト|true
メソポタミア|メソポタミア|true
メゾソプラノ|メゾソプラノ|true
メゾン|メゾン|true
メゾ・ソプラノ|メゾソプラノ|true
メタノール|メタノール|true
メタボリック|メタボリック|true
メタリック|メタリック|true
メタル|メタル|true
メタン|メタン|true
メタンガス|メタンガス|true
メタン・ガス|メタンガス|false
メダリスト|メダリスト|true
メダル|メダル|true
メチャクチャ|めちゃくちゃ|false
メチャメチャ|めちゃめちゃ|false
メチル|メチル|true
メチール|メチル|false
メッカ|メッカ|true
メッシュ|メッシュ|true
メッセ|メッセ|true
メッセージ|メッセージ|true
メッツォソプラノ|メゾソプラノ|false
メッツォ・ソプラノ|メゾソプラノ|false
メディア|メディア|true
メディカルエンジニアリング|メディカルエンジニアリング|true
メディカル・エンジニアリング|メディカルエンジニアリング|false
メトリック|メトリック|true
メトロ|メトロ|true
メトロノーム|メトロノーム|true
メトロポリタン|メトロポリタン|true
メド|めど|false
メドレー|メドレー|true
メドレーリレー|メドレーリレー|true
メドレー・リレー|メドレーリレー|false
メニュー|メニュー|true
メネジメント|マネジメント|false
メモ|メモ|true
メモちょう|メモちょう|true
メモリ|メモリー|false
メモリアル|メモリアル|true
メモリアルホール|メモリアルホール|true
メモリアル・ホール|メモリアルホール|false
メモリカード|メモリーカード|false
メモリ・カード|メモリーカード|false
メモリー|メモリー|true
メモリーカード|メモリーカード|true
メモリー・カード|メモリーカード|false
メモ帳|メモちょう|true
メラニン|メラニン|true
メリット|メリット|true
メリー|メリー|true
メルクマール|メルクマール|true
メルシ|メルシー|false
メルシー|メルシー|true
メルヘン|メルヘン|true
メルボルン|メルボルン|true
メレンゲ|メレンゲ|true
メロディ|メロディー|true
メロディー|メロディー|true
メロデー|メロディー|false
メロドラマ|メロドラマ|true
メロン|メロン|true
メロ・ドラマ|メロドラマ|false
メンタリティ|メンタリティ|true
メンタリティー|メンタリティ|true
メンタル|メンタル|true
メンタルヘルス|メンタルヘルス|true
メンタル・ヘルス|メンタルヘルス|false
メンチ|ミンチ|false
メンツ|メンツ|true
メンテナンス|メンテナンス|true
メンドくさい|めんどくさい|false
メンド臭い|めんどくさい|false
メンバ|メンバー|false
メンバー|メンバー|true
メンフィス|メンフィス|true
メーカ|メーカー|false
メーカー|メーカー|true
メーキャップ|メイクアップ|false
メーク|メイク|true
メークアップ|メイクアップ|false
メージャー|メジャー|false
メータ|メーター|true
メーター|メーター|true
メーデー|メーデー|true
メート|メート|true
メートル|メートル|true
メード|メイド|false
メール|メール|true
メールアドレス|メールアドレス|true
メール・アドレス|メールアドレス|false
メーン|メイン|true
メーンストリート|メインストリート|false
メーンバンク|メーンバンク|true
メーン・ストリート|メインストリート|false
メーン・バンク|メーンバンク|false
メー・デー|メーデー|false
モアゲージ|モーゲージ|false
モアレ|モアレ|true
モサド|モサド|true
モザイク|モザイク|true
モザンビーク|モザンビーク|true
モスク|モスク|true
モスクワ|モスクワ|true
モスグリーン|モスグリーン|true
モス・グリーン|モスグリーン|false
モダニズム|モダニズム|true
モダン|モダン|true
モダンダンス|モダンダンス|true
モダン・ダンス|モダンダンス|false
モダーン|モダン|false
モチーフ|モチーフ|true
モックアップ|モックアップ|true
モットー|モットー|true
モツなべ|もつなべ|false
モツ鍋|もつなべ|false
モテない|モテない|true
モティーフ|モチーフ|true
モディスト|モディスト|true
モデム|モデム|true
モデル|モデル|true
モデルガン|モデルガン|true
モデルケース|モデルケース|true
モデル・ガン|モデルガン|false
モデル・ケース|モデルケース|false
モトクロス|モトクロス|true
モニタ|モニター|false
モニタニング|モニタリング|false
モニタリング|モニタリング|true
モニター|モニター|true
モニュメント|モニュメント|true
モノ|もの|false
モノ|モノ|true
モノクロ|モノクロ|true
モノトーン|モノトーン|true
モノラル|モノラル|true
モノレール|モノレール|true
モノローグ|モノローグ|true
モノーラル|モノラル|false
モノ足りない|ものたりない|false
モミジ|もみじ|false
モミズム|モミズム|true
モメる|もめる|false
モモ|もも|false
モラトリアム|モラトリアム|true
モラル|モラル|true
モリスダンス|モリスダンス|true
モリス・ダンス|モリスダンス|false
モルグ|モルグ|true
モルタル|モルタル|true
モルドバ|モルドバ|true
モルドヴァ|モルドバ|false
モルヒネ|モルヒネ|true
モルモット|モルモット|true
モロッコ|モロッコ|true
モワレ|モアレ|false
モンキー|モンキー|true
モンゴリズム|モンゴリズム|true
モンスター|モンスター|true
モンスーン|モンスーン|true
モンタナ|モンタナ|true
モンタージュ|モンタージュ|true
モンテカルロ|モンテカルロ|true
モンテ・カルロ|モンテカルロ|false
モンパリ|モンパリ|true
モン・パリ|モンパリ|false
モーゲッジ|モーゲージ|false
モーゲージ|モーゲージ|true
モーション|モーション|true
モーゼル|モーゼル|true
モータ|モーター|true
モータショー|モーターショー|false
モータリゼーション|モータリゼーション|true
モーター|モーター|true
モーターサイクル|モーターサイクル|true
モーターショウ|モーターショー|false
モーターショー|モーターショー|true
モーター・ショウ|モーターショー|false
モーター・ショー|モーターショー|false
モーツァルト|モーツァルト|true
モーツアルト|モーツァルト|false
モード|モード|true
モーニング|モーニング|true
モービルハウス|モービルハウス|true
モービル・ハウス|モービルハウス|false
モール|モール|true
ヤる|やる|false
ヤキソバ|やきそば|false
ヤキモチ|やきもち|false
ヤクザ|ヤクザ|true
ヤケ|やけ|false
ヤケド|やけど|false
ヤッタ|やった|false
ヤッター|やった|false
ヤツ|やつ|false
ヤツら|やつら|false
ヤツ等|やつら|false
ヤナギ|やなぎ|false
ヤバい|やばい|false
ヤバイ|やばい|false
ヤボ|やぼ|false
ヤマ|やま|false
ヤマネコ|やまねこ|false
ヤル気|やるき|false
ヤンガージェネレーション|ヤンガージェネレーション|true
ヤンガー・ジェネレーション|ヤンガージェネレーション|false
ヤンキー|ヤンキー|true
ヤング|ヤング|true
ヤンマ|ヤンマ|true
ヤード|ヤード|true
ユウトピア|ユートピア|false
ユカラ|ユーカラ|false
ユズ|ゆず|true
ユタ|ユタ|true
ユダヤ|ユダヤ|true
ユダヤきょう|ユダヤきょう|true
ユダヤ教|ユダヤきょう|true
ユニオン|ユニオン|true
ユニク|ユニーク|false
ユニセフ|ユニセフ|true
ユニット|ユニット|true
ユニバーサル|ユニバーサル|true
ユニバーシアード|ユニバーシアード|true
ユニバース|ユニバース|true
ユニフォーム|ユニフォーム|true
ユニホーム|ユニフォーム|true
ユニヴァーサル|ユニバーサル|false
ユニーク|ユニーク|true
ユラユラ|ゆらゆら|false
ユリ|ゆり|false
ユリア|ユリア|true
ユリイカ|ユーレカ|false
ユー|ユー|true
ユーエスエー|ユー・エス・エー|false
ユーカラ|ユーカラ|true
ユーカリ|ユーカリ|true
ユーゴ|ユーゴ|true
ユーゴスラビア|ユーゴスラビア|true
ユーゴスラヴィア|ユーゴスラビア|false
ユーゴースラビア|ユーゴスラビア|false
ユーゴースラヴィア|ユーゴスラビア|false
ユーザ|ユーザー|false
ユーザー|ユーザー|true
ユース|ユース|true
ユースホステル|ユースホステル|true
ユース・ホステル|ユースホステル|false
ユーズド|ユーズド|true
ユートピア|ユートピア|true
ユーニーク|ユニーク|false
ユーモア|ユーモア|true
ユーモラス|ユーモラス|true
ユーレカ|ユーレカ|true
ユーロ|ユーロ|true
ユー・エス・エー|ユー・エス・エー|true
ヨウグルト|ヨーグルト|false
ヨオロッパ|ヨーロッパ|false
ヨオロツパ|ヨーロッパ|false
ヨガ|ヨガ|true
ヨグルト|ヨーグルト|false
ヨコ|よこ|false
ヨコバイ|よこばい|false
ヨコ目|よこめ|false
ヨセ|よせ|false
ヨチヨチ|よちよち|false
ヨット|ヨット|true
ヨットハーバー|ヨットハーバー|true
ヨット・ハーバー|ヨットハーバー|false
ヨルダン|ヨルダン|true
ヨロヨロ|よろよろ|false
ヨーガ|ヨガ|true
ヨーク|ヨーク|true
ヨーグルト|ヨーグルト|true
ヨーロッパ|ヨーロッパ|true
ヨーロパ|ヨーロッパ|false
ライアビリティー|ライアビリティー|true
ライオン|ライオン|true
ライス|ライス|true
ライセンス|ライセンス|true
ライタ|ライター|false
ライター|ライター|true
ライダー|ライダー|true
ライト|ライト|true
ライトバン|ライトバン|true
ライト・バン|ライトバン|false
ライド|ライド|true
ライナップ|ラインアップ|false
ライナー|ライナー|true
ライバル|ライバル|true
ライフ|ライフ|true
ライフル|ライフル|true
ライフワーク|ライフワーク|true
ライブ|ライブ|true
ライブハウス|ライブハウス|true
ライブラリ|ライブラリー|false
ライブラリー|ライブラリー|true
ライブ・ハウス|ライブハウス|false
ライム|ライム|true
ライン|ライン|true
ラインアップ|ラインアップ|true
ラインナップ|ラインアップ|false
ライヴ|ライブ|false
ライヴァル|ライバル|false
ライヴハウス|ライブハウス|false
ライヴ・ハウス|ライブハウス|false
ラウドスピーカー|ラウドスピーカー|true
ラウンジ|ラウンジ|true
ラウンド|ラウンド|true
ラオス|ラオス|true
ラガー|ラガー|true
ラグ|ラグ|true
ラグビー|ラグビー|true
ラケット|ラケット|true
ラジアル|ラジアル|true
ラジウム|ラジウム|true
ラジェーター|ラジエーター|false
ラジエタ|ラジエーター|false
ラジエター|ラジエーター|false
ラジエータ|ラジエーター|false
ラジエーター|ラジエーター|true
ラジオ|ラジオ|true
ラジカセ|ラジカセ|true
ラジカル|ラジカル|true
ラス|ラス|true
ラスト|ラスト|true
ラストスパート|ラストスパート|true
ラスト・スパート|ラストスパート|false
ラダー|ラダー|true
ラヂオ|ラジオ|false
ラッキィ|ラッキー|false
ラッキー|ラッキー|true
ラッキーゾーン|ラッキーゾーン|true
ラッキー・ゾーン|ラッキーゾーン|false
ラック|ラック|true
ラッグ|ラグ|false
ラッシュ|ラッシュ|true
ラッシュアワー|ラッシュアワー|true
ラッシュ・アワー|ラッシュアワー|false
ラッセル|ラッセル|true
ラッチ|ラッチ|true
ラッピング|ラッピング|true
ラップ|ラップ|true
ラテックス|ラテックス|true
ラテン|ラテン|true
ラテンご|ラテンご|true
ラテンアメリカ|ラテンアメリカ|true
ラテン・アメリカ|ラテンアメリカ|false
ラテン語|ラテンご|true
ラディカル|ラジカル|true
ラトビア|ラトビア|true
ラトヴィア|ラトビア|false
ラドン|ラドン|true
ラバトリー|ラバトリー|true
ラバー|ラバー|true
ラビオリ|ラビオリ|true
ラフ|ラフ|true
ラフト|ラフト|true
ラフプレイ|ラフプレー|false
ラフプレー|ラフプレー|true
ラフマニノフ|ラフマニノフ|true
ラフ・プレイ|ラフプレー|false
ラフ・プレー|ラフプレー|false
ラブ|ラブ|true
ラブコメ|ラブコメ|true
ラブソング|ラブソング|true
ラブレター|ラブレター|true
ラブ・ソング|ラブソング|false
ラブ・レター|ラブレター|false
ラベル|ラベル|true
ラボ|ラボ|true
ラマ|ラマ|true
ラミネート|ラミネート|true
ラム|ラム|true
ラメ|ラメ|true
ララバイ|ララバイ|true
ラリー|ラリー|true
ラワン|ラワン|true
ラン|らん|true
ラン|ラン|true
ランキング|ランキング|true
ランク|ランク|true
ラング|ラング|true
ランジェリー|ランジェリー|true
ランス|ランス|true
ランダム|ランダム|true
ランチ|ランチ|true
ランディング|ランディング|true
ランド|ランド|true
ランドサット|ランドサット|true
ランドセル|ランドセル|true
ランドマーク|ランドマーク|true
ランドリ|ランドリー|false
ランドリー|ランドリー|true
ランナー|ランナー|true
ランニング|ランニング|true
ランプ|ランプ|true
ラヴ|ラブ|true
ラヴコメ|ラブコメ|false
ラーゲ|ラーゲ|true
ラード|ラード|true
ラーニング|ラーニング|true
ラーメン|ラーメン|true
ラー麺|ラーメン|false
リア|リア|true
リアクション|リアクション|true
リアリズム|リアリズム|true
リアル|リアル|true
リキッド|リキッド|true
リキュール|リキュール|true
リクエスト|リクエスト|true
リクリェーション|レクリエーション|false
リクリエーション|レクリエーション|false
リクルーター|リクルーター|true
リクルート|リクルート|true
リクード|リクード|true
リコーダ|レコーダー|false
リコーダー|レコーダー|true
リコール|リコール|true
リサイクル|リサイクル|true
リサイクルショップ|リサイクルショップ|true
リサイクル・ショップ|リサイクルショップ|false
リサイタル|リサイタル|true
リサーチ|リサーチ|true
リザーブ|リザーブ|true
リス|リス|true
リスク|リスク|true
リスト|リスト|true
リストラ|リストラ|true
リスナ|リスナー|false
リスナー|リスナー|true
リスボア|リスボン|false
リスボン|リスボン|true
リズミカル|リズミカル|true
リズム|リズム|true
リセ|リセ|true
リセッション|リセッション|true
リセプション|レセプション|false
リゾット|リゾット|true
リゾート|リゾート|true
リゾートホテル|リゾートホテル|true
リゾート・ホテル|リゾートホテル|false
リタイア|リタイア|true
リタイヤ|リタイア|false
リターン|リターン|true
リターンマッチ|リターンマッチ|true
リターン・マッチ|リターンマッチ|false
リチウム|リチウム|true
リッターカー|リッターカー|true
リッター・カー|リッターカー|false
リッチ|リッチ|true
リットル|リットル|true
リップサービス|リップサービス|true
リップ・サービス|リップサービス|false
リトアニア|リトアニア|true
リトグラフ|リトグラフ|true
リトル|リトル|true
リトルロック|リトルロック|true
リトル・ロック|リトルロック|false
リニア|リニア|true
リニアモーターカー|リニアモーターカー|true
リニア・モーターカー|リニアモーターカー|false
リニア・モーター・カー|リニアモーターカー|false
リニュアル|リニューアル|false
リニューアル|リニューアル|true
リネーム|リネーム|true
リハビリ|リハビリ|true
リハビリテーション|リハビリテーション|true
リハーサル|リハーサル|true
リバイバル|リバイバル|true
リバウンド|リバウンド|true
リバティ|リバティ|true
リバティー|リバティ|false
リバーシブル|リバーシブル|true
リビア|リビア|true
リビジョン|リビジョン|true
リビング|リビング|true
リピータ|リピーター|false
リピーター|リピーター|true
リファイナンス|リファイナンス|true
リフォーム|リフォーム|true
リフト|リフト|true
リフレシュ|リフレッシュ|false
リフレッシュ|リフレッシュ|true
リフレット|リーフレット|false
リブ|リブ|true
リプライ|リプライ|true
リベラリスト|リベラリスト|true
リベラリズム|リベラリズム|true
リベラル|リベラル|true
リベリア|リベリア|true
リベート|リベート|true
リボン|リボン|true
リポーター|リポーター|true
リポート|レポート|true
リマ|リマ|true
リミット|リミット|true
リミティッド|リミテッド|false
リミテット|リミテッド|false
リミテッド|リミテッド|true
リム|リム|true
リムジン|リムジン|true
リムジーン|リムジン|false
リメイク|リメイク|true
リメーク|リメイク|false
リモコン|リモコン|true
リモート|リモート|true
リャマ|ラマ|false
リヤ|リア|false
リュックサック|リュックサック|true
リュックザック|リュックサック|false
リュージュ|リュージュ|true
リュート|リュート|true
リラ|リラ|true
リラックス|リラックス|true
リリース|リリース|true
リリーフ|リリーフ|true
リリーフ|レリーフ|false
リレー|リレー|true
リンク|リンク|true
リング|リング|true
リングサイド|リングサイド|true
リンケージ|リンケージ|true
リンゴ|りんご|false
リンス|リンス|true
リンチ|リンチ|true
リンパ|リンパ|true
リヴァイヴァル|リバイバル|false
リヴィジョン|リビジョン|false
リーガー|リーガー|true
リーク|リーク|true
リーグ|リーグ|true
リーグせん|リーグせん|true
リーグ戦|リーグせん|true
リース|リース|true
リースナブル|リーズナブル|false
リーズナブル|リーズナブル|true
リーダ|リーダー|false
リーダー|リーダー|true
リーダーシップ|リーダーシップ|true
リーチ|リーチ|true
リーディング|リーディング|true
リート|リート|true
リード|リート|false
リード|リード|true
リードオフマン|リードオフマン|true
リード・オフ・マン|リードオフマン|false
リーフレット|リーフレット|true
リーマン|リーマン|true
リール|リール|true
ルアー|ルアー|true
ルイジアナ|ルイジアナ|true
ルウ|ルー|false
ルクス|ルクス|true
ルサンチマン|ルサンチマン|true
ルズム|リズム|false
ルック|ルック|true
ルックサック|リュックサック|false
ルックザック|リュックサック|false
ルックス|ルクス|false
ルックス|ルックス|true
ルネサンス|ルネサンス|true
ルネッサンス|ルネサンス|true
ルネッサーンス|ルネサンス|false
ルビ|ルビー|true
ルビー|ルビー|true
ルポ|ルポ|true
ルポタージュ|ルポルタージュ|false
ルポルタージュ|ルポルタージュ|true
ルミノール|ルミノール|true
ルレット|ルーレット|false
ルンゲ|ルンゲ|true
ルー|ルー|true
ルーキー|ルーキー|true
ルージュ|ルージュ|true
ルーズ|ルーズ|true
ルーチン|ルーチン|true
ルーツ|ルーツ|true
ルーティン|ルーチン|true
ルーティーン|ルーチン|false
ルート|ルート|true
ルーフ|ルーフ|true
ルーブル|ルーブル|true
ループ|ループ|true
ルーム|ルーム|true
ルール|ルール|true
ルーレット|ルーレット|true
ルーヴル|ルーブル|false
レア|レア|true
レアー|レア|false
レイア|レア|false
レイアウト|レイアウト|true
レイアー|レア|false
レイオフ|レイオフ|true
レイク|レーク|false
レイト|レート|false
レイプ|レイプ|true
レイヨン|レーヨン|false
レインコート|レインコート|true
レインジャー|レンジャー|false
レインボウフィッシュ|レインボーフィッシュ|false
レインボーフィッシュ|レインボーフィッシュ|true
レインボー・フィッシュ|レインボーフィッシュ|false
レイン・コート|レインコート|false
レオタード|レオタード|true
レガッタ|レガッタ|true
レガース|レガース|true
レガーズ|レガース|false
レギュラー|レギュラー|true
レギュラーしゅつえん|レギュラーしゅつえん|true
レギュラー出演|レギュラーしゅつえん|true
レクイエム|レクイエム|true
レクエム|レクイエム|false
レクチャ|レクチャー|false
レクチャー|レクチャー|true
レクチュア|レクチャー|false
レクリェーション|レクリエーション|true
レクリエーション|レクリエーション|true
レクレーション|レクリエーション|false
レゲエ|レゲエ|true
レコーダ|レコーダー|false
レコーダー|レコーダー|true
レコーディング|レコーディング|true
レコード|レコード|true
レザー|レザー|true
レシート|レシート|true
レシーバ|レシーバー|false
レシーバー|レシーバー|true
レシーブ|レシーブ|true
レジ|レジ|true
レジスタ|レジスター|false
レジスタンス|レジスタンス|true
レジスター|レジスター|true
レジデンス|レジデンス|true
レジャー|レジャー|true
レス|レス|true
レスキュー|レスキュー|true
レスト|レスト|true
レストラン|レストラン|true
レスリング|レスリング|true
レズ|レズ|true
レセプション|レセプション|true
レタス|レタス|true
レタリング|レタリング|true
レター|レター|true
レッカー|レッカー|true
レッスン|レッスン|true
レッテル|レッテル|true
レット|レッド|false
レッド|レッド|true
レディ|レディー|true
レディー|レディー|true
レトリック|レトリック|true
レトルト|レトルト|true
レトロ|レトロ|true
レハビリ|リハビリ|false
レバノン|レバノン|true
レバー|レバー|true
レパートリ|レパートリー|false
レパートリー|レパートリー|true
レビュー|レビュー|true
レフェリー|レフェリー|true
レフト|レフト|true
レフリー|レフェリー|false
レプラ|レプラ|true
レプリカ|レプリカ|true
レベル|レベル|true
レポルタージュ|ルポルタージュ|false
レポーター|リポーター|false
レポート|レポート|true
レモン|レモン|true
レリーフ|リリーフ|false
レリーフ|レリーフ|true
レンガ|れんが|true
レングス|レングス|true
レンジ|レンジ|true
レンジャー|レンジャー|true
レンズ|レンズ|true
レンタカー|レンタカー|true
レンタル|レンタル|true
レンタルビデオ|レンタルビデオ|true
レンタル・ビデオ|レンタルビデオ|false
レントゲン|レントゲン|true
レヴェル|レベル|false
レヴュー|レビュー|false
レーク|レーク|true
レーサー|レーサー|true
レーザ|レーザー|false
レーザー|レザー|false
レーザー|レーザー|true
レーザーディスク|レーザーディスク|true
レーザー・ディスク|レーザーディスク|false
レーシングカー|レーシングカー|true
レーシング・カー|レーシングカー|false
レース|レース|true
レーダ|レーダー|false
レーダー|レーダー|true
レート|レート|true
レーベル|ラベル|true
レーヨン|レーヨン|true
レール|レール|true
レーン|レーン|true
レーンコート|レインコート|false
レーンジャー|レンジャー|false
レーンボーフィッシュ|レインボーフィッシュ|false
レーン・コート|レインコート|false
ロイアリティ|ロイヤリティ|false
ロイアリティー|ロイヤリティ|false
ロイアルティ|ロイヤリティ|false
ロイアルティー|ロイヤリティ|false
ロイヤリティ|ロイヤリティ|true
ロイヤリティー|ロイヤリティ|false
ロイヤリテイ|ロイヤリティ|false
ロイヤル|ロイヤル|true
ロイヤルティ|ロイヤリティ|false
ロイヤルティー|ロイヤリティ|false
ロウソク|ろうそく|false
ロカビリー|ロカビリー|true
ロクな|ろくな|false
ログ|ログ|true
ロケ|ロケ|true
ロケット|ロケット|true
ロケットだん|ロケットだん|true
ロケット弾|ロケットだん|true
ロケハン|ロケハン|true
ロケーション|ロケーション|true
ロココ|ロココ|true
ロゴ|ロゴ|true
ロサンジェルス|ロサンゼルス|false
ロサンゼルス|ロサンゼルス|true
ロシア|ロシア|true
ロシヤ|ロシア|false
ロジアナ|ロジアナ|true
ロジック|ロジック|true
ロス|ロス|true
ロスアンジェルス|ロサンゼルス|false
ロスアンゼルス|ロサンゼルス|false
ロス・アンジェルス|ロサンゼルス|false
ロス・アンゼルス|ロサンゼルス|false
ロゼ|ロゼ|true
ロッカー|ロッカー|true
ロッカールーム|ロッカールーム|true
ロッカー・ルーム|ロッカールーム|false
ロック|ロック|true
ロックウール|ロックウール|true
ロックンロール|ロックンロール|true
ロック・ウール|ロックウール|false
ロッケンロール|ロックンロール|false
ロッジ|ロッジ|true
ロッド|ロッド|true
ロップ|ロープ|false
ロデオ|ロデオ|true
ロビイスト|ロビイスト|true
ロビング|ロビング|true
ロビー|ロビー|true
ロフト|ロフト|true
ロブ|ロブ|true
ロボット|ロボット|true
ロマン|ロマン|true
ロマンス|ロマンス|true
ロマンチック|ロマンチック|true
ロマンチツク|ロマンチック|false
ロマンティック|ロマンチック|true
ロム|ロム|true
ロヤリティー|ロイヤリティ|false
ロング|ロング|true
ロングセラー|ロングセラー|true
ロングホール|ロングホール|true
ロングラン|ロングラン|true
ロング・セラー|ロングセラー|false
ロング・ホール|ロングホール|false
ロング・ラン|ロングラン|false
ロンドン|ロンドン|true
ロー|ロー|true
ローカル|ローカル|true
ローション|ローション|true
ロース|ロース|true
ロースト|ロースト|true
ローズ|ローズ|true
ローソク|ろうそく|false
ロータス|ロータス|true
ロータリー|ロータリー|true
ローター|ローター|true
ローテーション|ローテーション|true
ロード|ロード|true
ロードショウ|ロードショー|false
ロードショー|ロードショー|true
ロードレース|ロードレース|true
ロード・ショウ|ロードショー|false
ロード・ショー|ロードショー|false
ロード・レース|ロードレース|false
ロープ|ロープ|true
ロープウェイ|ロープウェイ|true
ロープウェー|ロープウェイ|false
ロープウエイ|ロープウェイ|false
ロープウエー|ロープウェイ|false
ローマ|ローマ|true
ローマじ|ローマじ|true
ローマン|ロマン|false
ローマンス|ロマンス|false
ローマ字|ローマじ|true
ローム|ローム|true
ローヤリティ|ロイヤリティ|false
ローヤリティー|ロイヤリティ|false
ローヤル|ロイヤル|false
ローヤルティ|ロイヤリティ|false
ローヤルティー|ロイヤリティ|false
ローラ|ローラー|false
ローラー|ローラー|true
ローラースケート|ローラースケート|true
ローラー・スケート|ローラースケート|false
ローリング|ローリング|true
ロール|ロール|true
ローレル|ローレル|true
ローン|ローン|true
ワイア|ワイヤ|true
ワイアレス|ワイヤレス|false
ワイシャツ|ワイシャツ|true
ワイズ|ワイズ|true
ワイド|ワイド|true
ワイドショウ|ワイドショー|false
ワイドショー|ワイドショー|true
ワイド・ショー|ワイドショー|false
ワイパ|ワイパー|false
ワイパー|ワイパー|true
ワイヤ|ワイヤ|true
ワイヤレス|ワイヤレス|true
ワイヤー|ワイヤ|false
ワイヤーレス|ワイヤレス|false
ワイルド|ワイルド|true
ワイロ|わいろ|false
ワイワイ|わいわい|false
ワイン|ワイン|true
ワウ|ワウ|true
ワカメ|わかめ|false
ワクチン|ワクチン|true
ワクワク|わくわく|true
ワケ|わけ|false
ワゴン|ワゴン|true
ワサビ|わさび|false
ワシ|わし|false
ワシントン|ワシントン|true
ワタ|わた|false
ワタシ|わたし|false
ワタシ達|わたしたち|false
ワタリ|わたり|false
ワックス|ワックス|true
ワックワク|わくわく|false
ワット|ワット|true
ワッペン|ワッペン|true
ワニラ|バニラ|false
ワラ|わら|false
ワラビー|ワラビー|true
ワラント|ワラント|true
ワリカン|わりかん|false
ワリコミ|わりこみ|false
ワリバシ|わりばし|false
ワレメ|われめ|false
ワン|ワン|true
ワンこ|ワンコ|false
ワンちゃん|ワンちゃん|true
ワンコ|ワンコ|true
ワンセグ|ワンセグ|true
ワンタッチ|ワンタッチ|true
ワンダフォー|ワンダフル|false
ワンダフル|ワンダフル|true
ワンダホー|ワンダフル|false
ワンチャン|ワンちゃん|false
ワンピース|ワンピース|true
ワンボックスカー|ワンボックスカー|true
ワンポイントリリーフ|ワンポイントリリーフ|true
ワンマン|ワンマン|true
ワンルームマンション|ワンルームマンション|true
ワンルーム・マンション|ワンルームマンション|false
ワン・タッチ|ワンタッチ|false
ワン・ボックス・カー|ワンボックスカー|false
ワン・ポイント・リリーフ|ワンポイントリリーフ|false
ワン・マン|ワンマン|false
ワン子|ワンコ|false
ワーカー|ワーカー|true
ワーキング|ワーキング|true
ワーク|ワーク|true
ワークショップ|ワークショップ|true
ワークショプ|ワークショップ|false
ワークステーション|ワークステーション|true
ワースト|ワースト|true
ワード|ワード|true
ワープ|ワープ|true
ワープロ|ワープロ|true
ワールド|ワールド|true
ワールドカップ|ワールドカップ|true
ワールドシリーズ|ワールドシリーズ|true
ワールド・カップ|ワールドカップ|false
ワールド・シリーズ|ワールドシリーズ|false
ヲタク|オタク|false
ヲッカ|ウォッカ|false
ヴァイオリニスト|ヴァイオリニスト|true
ヴァイオリン|バイオリン|true
ヴァイキング|バイキング|false
ヴァイタリティ|バイタリティ|false
ヴァイタリティー|バイタリティ|false
ヴァイナル|ビニール|false
ヴァカンス|バカンス|false
ヴァチカン|バチカン|false
ヴァティカン|バチカン|false
ヴァニラ|バニラ|false
ヴァラエティ|バラエティ|false
ヴァラエティー|バラエティ|false
ヴァリエーション|バリエーション|false
ヴァルヴ|バルブ|false
ヴァレンタイン|バレンタイン|false
ヴァレンタインデー|バレンタインデー|false
ヴァレンタイン・デー|バレンタインデー|false
ヴァンパイア|ヴァンパイア|true
ヴァンパイヤ|ヴァンパイア|false
ヴァージョン|バージョン|false
ヴァージン|バージン|false
ヴァーチャル|バーチャル|false
ヴィオラ|ビオラ|false
ヴィオーラ|ビオラ|false
ヴィクトリア|ビクトリア|false
ヴィクトリー|ビクトリー|false
ヴィジタ|ビジター|false
ヴィジター|ビジター|false
ヴィジュアル|ビジュアル|false
ヴィジョン|ビジョン|false
ヴィタ|ベータ|false
ヴィタミン|ビタミン|false
ヴィデオ|ビデオ|false
ヴィデオテープ|ビデオテープ|false
ヴィデオ・テープ|ビデオテープ|false
ヴィラ|ビラ|false
ヴィレッジ|ビレッジ|false
ヴィンテージ|ヴィンテージ|true
ヴィヴィッド|ビビッド|false
ヴィーグル|ビーグル|false
ヴェスト|ベスト|false
ヴェテラン|ベテラン|false
ヴェネツィアングラス|ベネチアングラス|false
ヴェネツィアン・グラス|ベネチアングラス|false
ヴェルモット|ベルモット|false
ヴェンチャー|ベンチャー|false
ヴェートーベン|ベートーヴェン|false
ヴェール|ベール|false
ヴォイス|ボイス|false
ヴォケ|ぼけ|false
ヴォコーダ|ボコーダー|false
ヴォコーダー|ボコーダー|false
ヴォッカ|ウォッカ|false
ヴォトカ|ウォッカ|false
ヴォドカ|ウォッカ|false
ヴォリューム|ボリューム|false
ヴォルト|ボルト|false
ヴォーカリスト|ボーカリスト|true
ヴォーカル|ボーカル|false
ヴュー|ビュー|false
ヵ国|かこく|false
ヵ所|かしょ|false
ヵ月|かげつ|true
ヶ|が|false
ヶ|こ|false
ヶ国|かこく|true
ヶ所|かしょ|false
ヶ月|かげつ|true
㋿|れいわ|false
㍻|へいせい|false
㍼|しょうわ|false
㍽|たいしょう|false
㍾|めいじ|false
㐂寿|きじゅ|false
一|いち|true
一|ひと|true
一|ひとつ|false
一々|いちいち|true
一〇|じゅう|false
一〇〇|ひゃく|false
一〇〇〇|いっせん|false
一〇〇〇〇|いちまん|false
一〇〇〇〇〇|じゅうまん|false
一〇日|とおか|false
一〇月|じゅうがつ|false
一か月|いっかげつ|false
一しょ|いっしょ|false
一すじ|ひとすじ|false
一たび|いちど|false
一つ|ひとつ|true
一つひとつ|ひとつひとつ|false
一つ一つ|ひとつひとつ|true
一とたび|いちど|false
一と先ず|ひとまず|false
一と足|ひとあし|false
一ぱい|いっぱい|false
一まず|ひとまず|false
一まわり|ひとまわり|false
一カ月|いっかげつ|false
一ケ|いっこ|false
一ケ月|いっかげつ|false
一ヵ月|いっかげつ|false
一ヶ|いっこ|false
一ヶ月|いっかげつ|true
一一|いちいち|true
一一|じゅういち|false
一一〇番|ひゃくとおばん|false
一一九番|ひゃくじゅうきゅうばん|true
一一日|じゅういちにち|false
一一月|じゅういちがつ|false
一丁|いっちょう|true
一七|じゅうなな|false
一七日|じゅうしちにち|false
一万|いちまん|true
一三|じゅうさん|false
一三日|じゅうさんにち|false
一世|いっせい|true
一両|いちりょう|true
一丸|いちがん|true
一九|じゅうきゅう|false
一九日|じゅうくにち|false
一二|いちに|true
一二|じゅうに|false
一二日|じゅうににち|false
一二月|じゅうにがつ|false
一五|じゅうご|false
一五日|じゅうごにち|false
一人|ひとり|true
一人ごと|ひとりごと|false
一人っ子|ひとりっこ|true
一人で|ひとりで|true
一人でに|ひとりでに|false
一人ひとり|ひとりひとり|false
一人まえ|いちにんまえ|false
一人一人|ひとりひとり|true
一人前|いちにんまえ|true
一人占め|ひとりじめ|false
一人娘|ひとりむすめ|true
一人子|ひとりっこ|false
一人息子|ひとりむすこ|true
一人旅|ひとりたび|true
一人暮し|ひとりぐらし|false
一人暮らし|ひとりぐらし|true
一人歩き|ひとりあるき|true
一人物|いちじんぶつ|true
一人言|ひとりごと|false
一代|いちだい|true
一件|いっけん|true
一任|いちにん|true
一休み|ひとやすみ|true
一位|いちい|true
一体|いったい|true
一例|いちれい|true
一個|いっこ|true
一倍|いちばい|true
一億|いちおく|true
一元|いちげん|true
一元化|いちげんか|true
一先|ひとまず|false
一先ず|ひとまず|true
一克|いっこく|false
一党|いっとう|true
一八|じゅうはち|false
一八日|じゅうはちにち|false
一六|じゅうろく|false
一六日|じゅうろくにち|false
一円|いちえん|true
一冊|いっさつ|true
一分|いちぶ|true
一切|いっさい|true
一刻|いっこく|true
一剋|いっこく|false
一割|いちわり|false
一助|いちじょ|true
一匹|いっぴき|true
一千|いっせん|true
一口|ひとくち|true
一台|いちだい|true
一同|いちどう|true
一向|いっこう|true
一向|ひたすら|false
一向に|いっこうに|true
一周|いっしゅう|true
一周年|いっしゅうねん|true
一味ちがう|ひとあじちがう|false
一味違う|ひとあじちがう|true
一品|いっぴん|true
一員|いちいん|true
一問|いちもん|true
一喜一憂|いっきいちゆう|true
一嗹|いちれん|false
一四|じゅうし|false
一四日|じゅうよっか|false
一回|いっかい|true
一回り|ひとまわり|true
一因|いちいん|true
一団|いちだん|true
一図|いちず|false
一国|いっこく|true
一堂|いちどう|true
一塁|いちるい|true
一変|いっぺん|true
一夜|いちや|true
一大|いちだい|true
一女|いちじょ|true
一字|いちじ|true
一安心|ひとあんしん|true
一定|いってい|true
一室|いっしつ|true
一家|いっか|true
一審|いっしん|true
一寸|ちょっと|false
一対一|いちたいいち|true
一局|いっきょく|true
一層|いっそう|true
一層のこと|いっそのこと|false
一層の事|いっそのこと|false
一帯|いったい|true
一幕|ひとまく|true
一年|いちねん|true
一年じゅう|いちねんじゅう|false
一年ぢゅう|いちねんじゅう|false
一年中|いちねんじゅう|true
一年生|いちねんせい|true
一年間|いちねんかん|true
一度|いちど|true
一度に|いちどに|true
一座|いちざ|true
一式|いっしき|true
一往|いちおう|false
一律|いちりつ|true
一心|いっしん|true
一心に|いっしんに|true
一応|いちおう|true
一息|ひといき|true
一戦|いっせん|true
一戸建|いっこだて|false
一戸建て|いっこだて|true
一手|いって|true
一打|いちだ|true
一抹|いちまつ|true
一括|いっかつ|true
一挙|いっきょ|true
一挙に|いっきょに|true
一挺|いっちょう|false
一掃|いっそう|true
一握り|ひとにぎり|true
一撃|いちげき|true
一敗|いっぱい|true
一文|いちもん|true
一斉|いっせい|true
一斉に|いっせいに|true
一新|いっしん|true
一方|いっぽう|true
一方的|いっぽうてき|true
一方通行|いっぽうつうこう|true
一族|いちぞく|true
一旒|いちりゅう|false
一日|いちにち|true
一日|ついたち|true
一日じゅう|いちにちじゅう|false
一日ぢゅう|いちにちじゅう|false
一日中|いちにちじゅう|true
一旦|いったん|true
一早く|いちはやく|false
一昔|ひとむかし|true
一昨年|おととし|true
一昨日|おととい|true
一時|いちじ|true
一時|ひととき|true
一時期|いちじき|true
一時的|いちじてき|true
一時金|いちじきん|true
一時間|いちじかん|true
一晩|ひとばん|true
一晩じゅう|ひとばんじゅう|false
一晩中|ひとばんじゅう|true
一曲|いっきょく|true
一月|いちがつ|true
一月|ひとつき|true
一期|いちご|true
一本|いっぽん|true
一条|いちじょう|true
一条|ひとすじ|false
一杯|いっぱい|true
一枚|いちまい|true
一枚岩|いちまいいわ|true
一校|いっこう|true
一梃|いっちょう|false
一概に|いちがいに|true
一様|いちよう|true
一歩|いっぽ|true
一段|いちだん|true
一段落|いちだんらく|true
一気|いっき|true
一気に|いっきに|true
一泊|いっぱく|true
一派|いっぱ|true
一流|いちりゅう|true
一点|いってん|true
一率|いちりつ|false
一環|いっかん|true
一生|いっしょう|true
一生けんめい|いっしょうけんめい|false
一生けん命|いっしょうけんめい|false
一生懸命|いっしょうけんめい|true
一男|いちなん|true
一番|いちばん|true
一番のり|いちばんのり|false
一番上|いちばんうえ|true
一番乗り|いちばんのり|true
一番手|いちばんて|true
一疋|いっぴき|false
一発|いっぱつ|true
一盃|いっぱい|false
一目|ひとめ|true
一直線|いっちょくせん|true
一着|いっちゃく|true
一瞬|いっしゅん|true
一石|いっせき|true
一石二鳥|いっせきにちょう|true
一票|いっぴょう|true
一種|いっしゅ|true
一端|いったん|true
一等|いっとう|true
一筋|ひとすじ|true
一箇|いっこ|false
一箇月|いっかげつ|false
一節|いっせつ|true
一級|いっきゅう|true
一緒|いっしょ|true
一緒に|いっしょに|true
一線|いっせん|true
一義|いちぎ|true
一翼|いちよく|true
一致|いっち|true
一般|いっぱん|true
一般に|いっぱんに|true
一般人|いっぱんじん|true
一般的|いっぱんてき|true
一色|いっしょく|true
一行|いちぎょう|true
一行|いっこう|true
一見|いっけん|true
一覧|いちらん|true
一覧表|いちらんひょう|true
一角|いっかく|true
一言|ひとこと|true
一貫|いっかん|true
一足|いっそく|true
一足|ひとあし|true
一躍|いちやく|true
一身|いっしん|true
一軍|いちぐん|true
一軒|いっけん|true
一輛|いちりょう|false
一辺倒|いっぺんとう|true
一途|いちず|true
一通|いっつう|true
一通り|ひととおり|true
一連|いちれん|true
一週間|いっしゅうかん|true
一遍|いっぺん|true
一遍に|いっぺんに|true
一過|いっか|true
一部|いちぶ|true
一部分|いちぶぶん|true
一酸化炭素|いっさんかたんそ|true
一里塚|いちりづか|true
一重|ひとえ|true
一門|いちもん|true
一隅|いちぐう|true
一階|いっかい|true
一面|いちめん|true
一風|いっぷう|true
一首|いっしゅ|true
一騎打|いっきうち|false
一騎打ち|いっきうち|true
一騎討|いっきうち|false
一騎討ち|いっきうち|false
丁寧|ていねい|true
丁度|ちょうど|true
丁目|ちょうめ|true
丁重|ていちょう|true
七|しち|true
七々日|しちしちにち|false
七〇|しちじゅう|false
七つ|ななつ|true
七七日|しちしちにち|true
七五三|しちごさん|true
七十|しちじゅう|true
七夕|たなばた|true
七日|なのか|true
七時|しちじ|true
七月|しちがつ|true
七福神|しちふくじん|true
万|まん|true
万が一|まんがいち|true
万一|まんいち|true
万事|ばんじ|true
万人|ばんにん|true
万全|ばんぜん|true
万国|ばんこく|true
万場一致|まんじょういっち|false
万年|まんねん|true
万年筆|まんねんひつ|true
万引|まんびき|true
万引き|まんびき|true
万才|ばんざい|false
万才|まんざい|false
万更|まんざら|false
万歳|ばんざい|true
万歳|まんねん|false
万能|ばんのう|true
万里|ばんり|true
丈|たけ|true
丈|だけ|true
丈夫|じょうぶ|true
三|さん|true
三〇|さんじゅう|false
三〇〇|さんびゃく|false
三〇〇〇|さんぜん|false
三〇日|さんじゅうにち|false
三つ|みっつ|true
三一日|さんじゅういちにち|false
三人|さんにん|true
三代|さんだい|true
三冠馬|さんかんば|true
三十|さんじゅう|true
三十一日|さんじゅういちにち|true
三十八度線|さんじゅうはちどせん|true
三十日|さんじゅうにち|true
三十日|みそか|true
三千|さんぜん|true
三味線|しゃみせん|true
三回|さんかい|true
三塁|さんるい|true
三塁手|さんるいしゅ|true
三塁打|さんるいだ|true
三女|さんじょ|true
三年|さんねん|true
三度|さんど|true
三役|さんやく|true
三振|さんしん|true
三方|さんぼう|true
三日|みっか|true
三日月|みかづき|true
三時|さんじ|true
三月|さんがつ|true
三本|さんぼん|true
三枚|さんまい|true
三権|さんけん|true
三次|さんじ|true
三次元|さんじげん|false
三流|さんりゅう|true
三男|さんなん|true
三百|さんびゃく|true
三省|さんせい|true
三種|さんしゅ|true
三者|さんしゃ|true
三角|さんかく|true
三角形|さんかくけい|true
三輪|さんりん|true
三選|さんせん|true
三部|さんぶ|true
三部作|さんぶさく|true
三鞭酒|シャンパン|false
上|うえ|true
上|かみ|true
上|じょう|true
上々|じょうじょう|true
上がったり|あがったり|true
上がり|あがり|true
上がる|あがる|true
上くちびる|うわくちびる|false
上げ|あげ|true
上げる|あげる|true
上せる|のぼせる|true
上っ調子|うわっちょうし|true
上まわる|うわまわる|false
上り|のぼり|true
上り下り|のぼりくだり|true
上り坂|のぼりざか|true
上り降り|のぼりくだり|false
上る|あがる|false
上る|のぼる|true
上ル|あがる|false
上上|じょうじょう|false
上下|うえした|true
上下|じょうげ|true
上乗|じょうじょう|false
上乗せ|うわのせ|true
上京|じょうきょう|true
上位|じょうい|true
上体|じょうたい|true
上半期|かみはんき|true
上半身|じょうはんしん|true
上司|じょうし|true
上向き|うわむき|true
上告|じょうこく|true
上品|じょうひん|true
上唇|うわくちびる|true
上回る|うわまわる|true
上場|じょうじょう|true
上層|じょうそう|true
上廻る|うわまわる|false
上手|じょうず|true
上手い|うまい|true
上手くいく|うまくいく|false
上手く行く|うまくいく|false
上手投げ|うわてなげ|true
上方|じょうほう|true
上旬|じょうじゅん|true
上昇|じょうしょう|true
上映|じょうえい|true
上期|かみき|true
上機嫌|じょうきげん|true
上気|うわき|false
上気せる|のぼせる|false
上流|じょうりゅう|true
上海|シャンハイ|true
上演|じょうえん|true
上田|じょうでん|true
上申|じょうしん|true
上皇|じょうこう|true
上着|うわぎ|true
上積み|うわづみ|true
上空|じょうくう|true
上等|じょうとう|true
上級|じょうきゅう|true
上衣|うわぎ|false
上記|じょうき|true
上越|じょうえつ|true
上達|じょうたつ|true
上部|じょうぶ|true
上限|じょうげん|true
上院|じょういん|true
上陸|じょうりく|true
下|した|true
下|もと|true
下がり|さがり|true
下がる|さがる|true
下げる|さげる|true
下さい|ください|true
下さる|くださる|true
下す|おろす|false
下す|くだす|true
下っ腹|したっぱら|true
下らない|くだらない|true
下り|くだり|true
下りる|おりる|true
下り坂|くだりざか|true
下る|くだる|true
下る|さがる|false
下ろす|おろす|true
下位|かい|true
下値|したね|true
下半期|しもはんき|true
下半身|かはんしん|true
下品|げひん|true
下唇|したくちびる|true
下地|したじ|true
下宿|げしゅく|true
下山|げざん|true
下戸|げこ|true
下手|したて|true
下手|へた|true
下手くそ|へたくそ|true
下手投げ|したてなげ|true
下手糞|へたくそ|false
下敷|したじき|true
下敷き|したじき|true
下方|かほう|true
下旬|げじゅん|true
下書き|したがき|true
下期|しもき|true
下水|げすい|true
下水道|げすいどう|true
下流|かりゅう|true
下火|したび|true
下町|したまち|true
下界|げかい|true
下痢|げり|true
下着|したぎ|true
下等|かとう|true
下級|かきゅう|true
下肢|かし|true
下落|げらく|true
下見|したみ|true
下記|かき|true
下調べ|したしらべ|true
下請|したうけ|false
下請け|したうけ|true
下車|げしゃ|true
下部|かぶ|true
下野|げや|true
下降|かこう|true
下限|かげん|true
下院|かいん|true
下駄|げた|true
不|ふ|true
不きげん|ふきげん|false
不二山|ふじさん|false
不人気|ふにんき|true
不仕合わせ|ふしあわせ|false
不仕末|ふしまつ|false
不仲|ふなか|true
不作|ふさく|true
不便|ふべん|true
不信|ふしん|true
不信任|ふしんにん|true
不倫|ふりん|true
不偏不党|ふへんふとう|true
不健康|ふけんこう|true
不備|ふび|true
不充分|ふじゅうぶん|true
不全|ふぜん|true
不公平|ふこうへい|true
不利|ふり|true
不利益|ふりえき|true
不動|ふどう|true
不動産|ふどうさん|true
不動産屋|ふどうさんや|true
不十分|ふじゅうぶん|true
不協和音|ふきょうわおん|true
不可|ふか|true
不可侵|ふかしん|true
不可分|ふかぶん|true
不可欠|ふかけつ|true
不可能|ふかのう|true
不可解|ふかかい|true
不可避|ふかひ|true
不合格|ふごうかく|true
不合理|ふごうり|true
不吉|ふきつ|true
不味い|まずい|true
不和|ふわ|true
不問|ふもん|true
不器用|ぶきよう|true
不図|ふと|false
不圖|ふと|false
不在|ふざい|true
不在者投票|ふざいしゃとうひょう|true
不均衡|ふきんこう|true
不変|ふへん|true
不妊|ふにん|true
不始末|ふしまつ|true
不姙|ふにん|false
不孝|ふこう|true
不安|ふあん|true
不安定|ふあんてい|true
不完全|ふかんぜん|true
不定|ふてい|true
不審|ふしん|true
不尽山|ふじさん|false
不屈|ふくつ|true
不平|ふへい|true
不平等|ふびょうどう|true
不幸|ふこう|true
不幸せ|ふしあわせ|true
不当|ふとう|true
不得意|ふとくい|true
不徳|ふとく|true
不必要|ふひつよう|true
不快|ふかい|true
不思議|ふしぎ|true
不悪|あしからず|false
不愉快|ふゆかい|true
不意|ふい|true
不意に|ふいに|true
不慣|ふなれ|false
不慣れ|ふなれ|true
不慮|ふりょ|true
不成立|ふせいりつ|true
不戦|ふせん|true
不払い|ふばらい|true
不振|ふしん|true
不整脈|ふせいみゃく|true
不敵|ふてき|true
不文律|ふぶんりつ|true
不斗|ふと|false
不断|ふだん|true
不断着|ふだんぎ|false
不明|ふめい|true
不時着|ふじちゃく|true
不景気|ふけいき|true
不服|ふふく|true
不本意|ふほんい|true
不朽|ふきゅう|true
不条理|ふじょうり|true
不機嫌|ふきげん|true
不正|ふせい|true
不死身|ふじみ|true
不毛|ふもう|true
不気味|ぶきみ|true
不況|ふきょう|true
不法|ふほう|true
不注意|ふちゅうい|true
不浄|ふじょう|true
不渡り|ふわたり|true
不満|ふまん|true
不潔|ふけつ|true
不燃物|ふねんぶつ|true
不用意|ふようい|true
不発|ふはつ|true
不相応|ふそうおう|true
不眠|ふみん|true
不眠症|ふみんしょう|true
不知不識|しらずしらず|false
不確か|ふたしか|true
不確実|ふかくじつ|true
不祥事|ふしょうじ|true
不穏|ふおん|true
不精|ぶしょう|false
不純|ふじゅん|true
不肖|ふしょう|true
不能|ふのう|true
不自然|ふしぜん|true
不自由|ふじゆう|true
不良|ふりょう|true
不良品|ふりょうひん|true
不苦労|ふくろう|false
不要|ふよう|true
不規則|ふきそく|true
不親切|ふしんせつ|true
不評|ふひょう|true
不詳|ふしょう|true
不調|ふちょう|true
不識不知|しらずしらず|false
不起訴|ふきそ|true
不足|ふそく|true
不退転|ふたいてん|true
不透明|ふとうめい|true
不通|ふつう|true
不運|ふうん|true
不適切|ふてきせつ|true
不適当|ふてきとう|true
不都合|ふつごう|true
不釣り合い|ふつりあい|false
不釣合|ふつりあい|false
不釣合い|ふつりあい|true
不順|ふじゅん|true
不馴|ふなれ|false
不馴れ|ふなれ|false
与える|あたえる|true
与党|よとう|true
与野党|よやとう|true
丑|うし|true
且|かつ|false
且つ|かつ|true
世|よ|true
世の中|よのなか|true
世代|せだい|true
世帯|せたい|true
世界|せかい|true
世界じゅう|せかいじゅう|false
世界一|せかいいち|true
世界中|せかいじゅう|true
世界各国|せかいかっこく|true
世界各地|せかいかくち|true
世界大戦|せかいたいせん|true
世界的|せかいてき|true
世界観|せかいかん|true
世界遺産|せかいいさん|true
世界銀行|せかいぎんこう|true
世相|せそう|true
世紀|せいき|true
世紀末|せいきまつ|true
世襲|せしゅう|true
世話|せわ|true
世話人|せわにん|true
世論|よろん|true
世銀|せぎん|true
世間|せけん|true
丗|さんじゅう|false
丘|おか|true
丘陵|きゅうりょう|true
丙|へい|true
両|りょう|true
両はし|りょうたん|false
両側|りょうがわ|true
両党|りょうとう|true
両国|りょうこく|true
両岸|りょうがん|true
両手|りょうて|true
両方|りょうほう|true
両日|りょうじつ|true
両替|りょうがえ|true
両氏|りょうし|true
両眼|りょうがん|true
両立|りょうりつ|true
両端|りょうたん|true
両翼|りょうよく|true
両者|りょうしゃ|true
両腕|りょううで|true
両親|りょうしん|true
両論|りょうろん|true
両足|りょうあし|true
両軍|りょうぐん|true
両輪|りょうりん|true
両院|りょういん|true
両雄|りょうゆう|true
両面|りょうめん|true
並|なみ|true
並に|ならびに|false
並び|ならび|true
並びかえる|ならびかえる|true
並びに|ならびに|true
並び変える|ならびかえる|false
並び替える|ならびかえる|true
並ぶ|ならぶ|true
並べる|ならべる|true
並み|なみ|true
並み木|なみき|false
並列|へいれつ|true
並変える|ならびかえる|false
並替える|ならびかえる|false
並木|なみき|true
並樹|なみき|false
並用|へいよう|false
並立|へいりつ|true
並行|へいこう|true
並記|へいき|false
中|うち|false
中|じゅう|true
中|ちゅう|true
中|なか|true
中々|なかなか|true
中たり|あたり|false
中たる|あたる|false
中でも|なかでも|true
中にも|なかにも|true
中ば|なかば|false
中り|あたり|false
中る|あたる|false
中世|ちゅうせい|true
中中|なかなか|true
中京|ちゅうきょう|true
中佐|ちゅうさ|true
中傷|ちゅうしょう|true
中元|ちゅうげん|true
中前|ちゅうぜん|true
中卒|ちゅうそつ|true
中南米|ちゅうなんべい|true
中原|ちゅうげん|true
中古|ちゅうこ|true
中古車|ちゅうこしゃ|true
中味|なかみ|false
中和|ちゅうわ|true
中国|ちゅうごく|true
中国人|ちゅうごくじん|true
中国語|ちゅうごくご|true
中國|ちゅうごく|false
中型|ちゅうがた|true
中執|ちゅうしつ|true
中堅|ちゅうけん|true
中央|ちゅうおう|true
中央集権|ちゅうおうしゅうけん|true
中学|ちゅうがく|true
中学校|ちゅうがっこう|true
中学生|ちゅうがくせい|true
中将|ちゅうじょう|true
中尉|ちゅうい|true
中小|ちゅうしょう|true
中小企業|ちゅうしょうきぎょう|true
中島|なかじま|true
中年|ちゅうねん|true
中庭|なかにわ|true
中形|ちゅうがた|false
中心|ちゅうしん|true
中心部|ちゅうしんぶ|true
中性|ちゅうせい|true
中性子|ちゅうせいし|true
中指|なかゆび|true
中断|ちゅうだん|true
中日|ちゅうにち|true
中旬|ちゅうじゅん|true
中期|ちゅうき|true
中東|ちゅうとう|true
中枢|ちゅうすう|true
中核|ちゅうかく|true
中次|なかつぎ|false
中次ぎ|なかつぎ|true
中欧|ちゅうおう|true
中止|ちゅうし|true
中毒|ちゅうどく|true
中流|ちゅうりゅう|true
中産階級|ちゅうさんかいきゅう|true
中略|ちゅうりゃく|true
中盤|ちゅうばん|true
中立|ちゅうりつ|true
中等|ちゅうとう|true
中級|ちゅうきゅう|true
中絶|ちゅうぜつ|true
中継|ちゅうけい|true
中継|なかつぎ|false
中継ぎ|なかつぎ|true
中耳|ちゅうじ|true
中耳炎|ちゅうじえん|true
中腹|ちゅうふく|true
中華|ちゅうか|true
中華人民共和国|ちゅうかじんみんきょうわこく|true
中華料理|ちゅうかりょうり|true
中華街|ちゅうかがい|true
中越|ちゅうえつ|true
中身|なかみ|true
中軸|ちゅうじく|true
中退|ちゅうたい|true
中途|ちゅうと|true
中途ハンパ|ちゅうとはんぱ|false
中途半端|ちゅうとはんぱ|true
中道|ちゅうどう|true
中部|ちゅうぶ|true
中間|ちゅうかん|true
中隊|ちゅうたい|true
中高|ちゅうこう|true
串戯|じょうだん|false
丸|まる|true
丸々|まるまる|true
丸い|まるい|true
丸ごと|まるごと|true
丸っきり|まるっきり|true
丸っ切り|まるっきり|false
丸で|まるで|false
丸まる|まるまる|true
丸み|まるみ|true
丸めこむ|まるめこむ|false
丸める|まるめる|true
丸め込む|まるめこむ|true
丸丸|まるまる|false
丸事|まるごと|false
丸刈|まるがり|false
丸刈り|まるがり|true
丸味|まるみ|false
丸型|えんけい|false
丸太|まるた|true
丸形|えんけい|false
丸柱|えんちゅう|false
丸毎|まるごと|false
丹い|あかい|false
丹念|たんねん|true
丹精|たんせい|true
丹誠|たんせい|true
主|あるじ|true
主|おも|true
主|しゅ|true
主|ぬし|true
主たる|しゅたる|true
主として|しゅとして|true
主に|おもに|true
主る|つかさどる|false
主人|あるじ|false
主人|しゅじん|true
主人公|しゅじんこう|true
主任|しゅにん|true
主位|しゅい|false
主体|しゅたい|true
主体的|しゅたいてき|true
主催|しゅさい|true
主力|しゅりょく|true
主唱|しゅしょう|true
主因|しゅいん|true
主婦|しゅふ|true
主宰|しゅさい|true
主審|しゅしん|true
主将|しゅしょう|true
主導|しゅどう|true
主導権|しゅどうけん|true
主席|しゅせき|true
主幹|しゅかん|true
主張|しゅちょう|true
主役|しゅやく|true
主戦|しゅせん|true
主旨|しゅし|false
主査|しゅさ|true
主権|しゅけん|true
主權|しゅけん|false
主治医|しゅじい|true
主流|しゅりゅう|true
主演|しゅえん|true
主犯|しゅはん|true
主眼|しゅがん|true
主砲|しゅほう|true
主税局|しゅぜいきょく|true
主筆|しゅひつ|true
主管|しゅかん|true
主義|しゅぎ|true
主義者|しゅぎしゃ|true
主脳|しゅのう|false
主脳部|しゅのうぶ|false
主要|しゅよう|true
主観|しゅかん|true
主観的|しゅかんてき|true
主計|しゅけい|true
主計局|しゅけいきょく|true
主語|しゅご|true
主謀|しゅぼう|false
主軸|しゅじく|true
主領|しゅりょう|false
主題|しゅだい|true
主食|しゅしょく|true
丼|どんぶり|true
丼ぶり|どんぶり|false
乃|の|false
乃ち|すなわち|false
乃至|ないし|true
乄切り|しめきり|false
久々|ひさびさ|true
久しい|ひさしい|true
久しぶり|ひさしぶり|true
久し振り|ひさしぶり|true
久久|ひさびさ|false
久留子|クルス|false
之|これ|false
之|の|false
之れ|これ|false
之等|これら|false
乍ら|ながら|false
乍らも|ながらも|false
乏しい|とぼしい|true
乗じる|じょうじる|true
乗ずる|じょうずる|true
乗せる|のせる|true
乗っとり|のっとり|false
乗っとる|のっとる|false
乗っ取り|のっとり|true
乗っ取る|のっとる|true
乗り|のり|true
乗りおくれる|のりおくれる|false
乗りかえ|のりかえ|false
乗りかえる|のりかえる|false
乗りきる|のりきる|false
乗りこえる|のりこえる|false
乗りこむ|のりこむ|false
乗りだす|のりだす|false
乗りまわす|のりまわす|false
乗りもの|のりもの|false
乗り出す|のりだす|true
乗り切る|のりきる|true
乗り回す|のりまわす|true
乗り場|のりば|true
乗り換え|のりかえ|true
乗り換える|のりかえる|true
乗り替え|のりかえ|false
乗り替える|のりかえる|false
乗り気|のりき|true
乗り物|のりもの|true
乗り越える|のりこえる|true
乗り越し|のりこし|true
乗り越す|のりこす|true
乗り込む|のりこむ|true
乗り遅れる|のりおくれる|true
乗り降り|のりおり|true
乗る|のる|true
乗出す|のりだす|false
乗務員|じょうむいん|true
乗員|じょういん|true
乗回す|のりまわす|false
乗場|のりば|true
乗客|じょうきゃく|true
乗換|のりかえ|true
乗換え|のりかえ|true
乗換える|のりかえる|false
乗替え|のりかえ|false
乗替える|のりかえる|false
乗気|のりき|false
乗物|のりもの|false
乗用車|じょうようしゃ|true
乗組員|のりくみいん|true
乗越える|のりこえる|false
乗越し|のりこし|true
乗越す|のりこす|false
乗車|じょうしゃ|true
乗車券|じょうしゃけん|true
乗込む|のりこむ|false
乗遅れる|のりおくれる|false
乗降|じょうこう|true
乗馬|じょうば|true
乘る|のる|false
乙|おつ|true
九|きゅう|true
九々|くく|false
九〇|きゅうじゅう|false
九つ|ここのつ|true
九九|くく|true
九十|きゅうじゅう|true
九州|きゅうしゅう|true
九日|ここのか|true
九月|くがつ|true
九重|ここのえ|true
乞う|こう|true
乞食|こじき|true
乱す|みだす|true
乱れ|みだれ|true
乱れる|みだれる|true
乱吹|ふぶき|false
乱売|らんばい|true
乱暴|らんぼう|true
乱獲|らんかく|true
乱用|らんよう|true
乱発|らんぱつ|true
乱立|らんりつ|true
乱調|らんちょう|true
乱闘|らんとう|true
乱雑|らんざつ|true
乳|ちち|true
乳児|にゅうじ|true
乳幼児|にゅうようじ|true
乳房|ちぶさ|true
乳製品|にゅうせいひん|true
乳首|ちくび|true
乾かす|かわかす|true
乾く|かわく|true
乾す|ほす|false
乾る|ひる|false
乾季|かんき|true
乾期|かんき|true
乾杯|かんぱい|true
乾燥|かんそう|true
乾物|かんぶつ|true
乾盃|かんぱい|false
乾電池|かんでんち|true
亀|かめ|true
亀裂|きれつ|true
亂暴|らんぼう|false
了|りょう|true
了う|しまう|false
了える|おえる|false
了る|おわる|false
了承|りょうしょう|true
了解|りょうかい|true
予て|かねて|true
予め|あらかじめ|true
予備|よび|true
予備校|よびこう|true
予備費|よびひ|true
予告|よこく|true
予告篇|よこくへん|false
予告編|よこくへん|true
予報|よほう|true
予定|よてい|true
予定表|よていひょう|true
予想|よそう|true
予想以上|よそういじょう|true
予想外|よそうがい|true
予感|よかん|true
予断|よだん|true
予期|よき|true
予期せぬ|よきせぬ|true
予測|よそく|true
予知|よち|true
予算|よさん|true
予約|よやく|true
予約注文|よやくちゅうもん|true
予習|よしゅう|true
予言|よげん|true
予選|よせん|true
予防|よぼう|true
予防接種|よぼうせっしゅ|true
争い|あらそい|true
争う|あらそう|true
争奪|そうだつ|true
争点|そうてん|true
争議|そうぎ|true
事|こと|true
事える|つかえる|false
事がある|ことがある|true
事ができる|ことができる|true
事がない|ことがない|true
事がら|ことがら|false
事が出来る|ことができる|true
事が無い|ことがない|false
事にする|ことにする|true
事になる|ことになる|true
事によって|ことによって|true
事により|ことにより|true
事による|ことによる|true
事ム所|じむしょ|false
事件|じけん|true
事体|じたい|false
事例|じれい|true
事例集|じれいしゅう|true
事典|じてん|true
事前|じぜん|true
事務|じむ|true
事務処|じむしょ|false
事務員|じむいん|true
事務官|じむかん|true
事務室|じむしつ|true
事務局|じむきょく|true
事務当局|じむとうきょく|true
事務所|じむしょ|true
事務次官|じむじかん|true
事務的|じむてき|true
事変|じへん|true
事実|じじつ|true
事実上|じじつじょう|true
事実無根|じじつむこん|true
事後|じご|true
事情|じじょう|true
事態|じたい|true
事故|じこ|true
事柄|ことがら|true
事業|じぎょう|true
事業所|じぎょうしょ|true
事由|じゆう|true
事象|じしょう|true
事項|じこう|true
二|に|true
二〇|にじゅう|false
二〇〇|にひゃく|false
二〇日|はつか|false
二つ|ふたつ|true
二つめ|ふたつめ|false
二つ目|ふたつめ|true
二どと|にどと|false
二の次|にのつぎ|true
二一日|にじゅういちにち|false
二七日|にじゅうしちにち|false
二七日|ふたなぬか|true
二三日|にじゅうさんにち|false
二世|にせい|true
二九日|にじゅうくにち|false
二二日|にじゅうににち|false
二五日|にじゅうごにち|false
二人|ふたり|true
二人とも|ふたりとも|true
二人三脚|ににんさんきゃく|true
二人共|ふたりとも|false
二人前|ににんまえ|true
二八日|にじゅうはちにち|false
二六日|にじゅうろくにち|false
二分|にぶん|true
二割|にわり|true
二十|にじゅう|true
二十|はたち|false
二十一日|にじゅういちにち|true
二十七日|にじゅうしちにち|true
二十三日|にじゅうさんにち|true
二十世紀|にじっせいき|true
二十九日|にじゅうくにち|true
二十二日|にじゅうににち|true
二十五日|にじゅうごにち|true
二十八日|にじゅうはちにち|true
二十六日|にじゅうろくにち|true
二十四日|にじゅうよっか|true
二十四時間制|にじゅうよじかんせい|true
二十日|はつか|true
二十歳|はたち|true
二号|にごう|true
二四日|にじゅうよっか|false
二回|にかい|true
二塁|にるい|true
二塁手|にるいしゅ|true
二塁打|にるいだ|true
二子|ふたご|false
二宮|にぐう|true
二度|にど|true
二度|ふたたび|false
二度と|にどと|true
二度寝|にどね|true
二日|ふつか|true
二月|にがつ|true
二期|にき|true
二本立て|にほんだて|true
二枚|にまい|true
二枚目|にまいめ|true
二枚舌|にまいじた|true
二次|にじ|true
二死|にし|true
二流|にりゅう|true
二王|におう|false
二男|じなん|false
二番|にばん|true
二百|にひゃく|true
二百二十日|にひゃくはつか|true
二百十日|にひゃくとおか|true
二者択一|にしゃたくいつ|true
二葉|ふたば|false
二軍|にぐん|true
二輪車|にりんしゃ|true
二部|にぶ|true
二酸化炭素|にさんかたんそ|true
二重|にじゅう|true
二重奏|にじゅうそう|true
二院|にいん|true
二階|にかい|true
二階建|にかいだて|false
二階建て|にかいだて|true
云々|うんぬん|true
云いだす|いいだす|false
云い出す|いいだす|false
云う|いう|false
云云|うんぬん|false
云出す|いいだす|false
互い|たがい|true
互いに|たがいに|true
互い違い|たがいちがい|true
互助|ごじょ|true
互換|ごかん|true
互格|ごかく|false
互角|ごかく|true
互選|ごせん|true
五|ご|true
五〇|ごじゅう|false
五つ|いつつ|true
五体|ごたい|true
五分|ごぶ|true
五十|ごじゅう|true
五十三次|ごじゅうさんつぎ|true
五十音|ごじゅうおん|true
五感|ごかん|true
五日|いつか|true
五月|ごがつ|true
五月蝿い|うるさい|false
五月蠅い|うるさい|false
五輪|ごりん|true
井堰|せき|false
井戸|いど|true
亘る|わたる|false
亙る|わたる|false
些|いささか|false
些か|いささか|false
些し|すこし|false
些とも|ちっとも|false
些細|ささい|true
亜ぐ|つぐ|false
亜墨利加|アメリカ|false
亜墨利加合衆国|アメリカがっしゅうこく|false
亜弗利加|アフリカ|false
亜熱帯|あねったい|true
亜爾加里|アルカリ|false
亜米利加|アメリカ|false
亜米利加合衆国|アメリカがっしゅうこく|false
亜細亜|アジア|false
亜美利加|アメリカ|false
亜鉛|あえん|true
亡う|うしなう|false
亡がら|なきがら|false
亡きがら|なきがら|false
亡き骸|なきがら|false
亡くす|なくす|true
亡くなる|なくなる|true
亡す|ほろぼす|false
亡びる|ほろびる|false
亡ぼす|ほろぼす|false
亡命|ぼうめい|true
亡夫|ぼうふ|true
亡父|ぼうふ|true
亡霊|ぼうれい|true
亡骸|なきがら|true
亢奮|こうふん|false
交うる|まじえる|false
交える|まじえる|true
交ざる|まざる|true
交じり|まじり|true
交じる|まじる|true
交す|かわす|false
交ぜる|まぜる|true
交る|まじる|false
交わす|かわす|true
交わる|まじわる|true
交互|こうご|true
交付|こうふ|true
交代|こうたい|true
交信|こうしん|true
交叉|こうさ|false
交叉点|こうさてん|false
交友|こうゆう|true
交差|こうさ|true
交差点|こうさてん|true
交戦|こうせん|true
交換|こうかん|true
交易|こうえき|true
交替|こうたい|true
交流|こうりゅう|true
交渉|こうしょう|true
交番|こうばん|true
交迭|こうてつ|false
交通|こうつう|true
交通事故|こうつうじこ|true
交通機関|こうつうきかん|true
交通網|こうつうもう|true
交通費|こうつうひ|true
交錯|こうさく|true
交際|こうさい|true
交際費|こうさいひ|true
交響曲|こうきょうきょく|true
交響楽団|こうきょうがくだん|true
亥|い|true
亦|また|false
享ける|うける|false
享受|きょうじゅ|true
享宴|きょうえん|false
京|きょう|true
京|みやこ|false
京坂|けいはん|false
京都|きょうと|true
京阪|けいはん|true
亭主|ていしゅ|true
人|じん|true
人|にん|true
人|ひと|true
人々|ひとびと|true
人かげ|ひとかげ|false
人ごと|ひとごと|false
人ごみ|ひとごみ|true
人さし指|ひとさしゆび|false
人さま|ひとさま|false
人たち|ひとたち|true
人だかり|ひとだかり|true
人びと|ひとびと|false
人まえ|ひとまえ|false
人一倍|ひといちばい|true
人並|ひとなみ|false
人並み|ひとなみ|true
人中|ひとなか|true
人事|じんじ|true
人事|ひとごと|true
人事異動|じんじいどう|true
人事院|じんじいん|true
人人|ひとびと|false
人件費|じんけんひ|true
人体|じんたい|true
人出|ひとで|true
人前|にんまえ|true
人前|ひとまえ|true
人力車|じんりきしゃ|true
人参|にんじん|true
人口|じんこう|true
人名|じんめい|true
人命|じんめい|true
人員|じんいん|true
人妻|ひとづま|true
人工|じんこう|true
人工呼吸|じんこうこきゅう|true
人工的|じんこうてき|true
人工衛星|じんこうえいせい|true
人差し指|ひとさしゆび|true
人差指|ひとさしゆび|false
人形|にんぎょう|true
人影|ひとかげ|true
人心|じんしん|true
人情|にんじょう|true
人指し指|ひとさしゆび|false
人数|にんずう|true
人文|じんぶん|true
人文科学|じんぶんかがく|true
人材|じんざい|true
人柄|ひとがら|true
人格|じんかく|true
人様|ひとさま|true
人権|じんけん|true
人権擁護|じんけんようご|true
人殺し|ひとごろし|true
人民|じんみん|true
人民元|じんみんげん|true
人民戦線|じんみんせんせん|true
人気|にんき|true
人気のある|にんきのある|true
人気者|にんきもの|true
人混|ひとごみ|false
人混み|ひとごみ|false
人為|じんい|true
人為的|じんいてき|true
人物|じんぶつ|true
人生|じんせい|true
人生感|じんせいかん|false
人生観|じんせいかん|true
人的|じんてき|true
人目|ひとめ|true
人相|にんそう|true
人眼|ひとめ|false
人種|じんしゅ|true
人脈|じんみゃく|true
人見しり|ひとみしり|false
人見知|ひとみしり|false
人見知り|ひとみしり|true
人財|じんざい|false
人質|ひとじち|true
人込|ひとごみ|false
人込み|ひとごみ|false
人通り|ひとどおり|true
人造|じんぞう|true
人道|じんどう|true
人道主義|じんどうしゅぎ|true
人道的|じんどうてき|true
人達|ひとたち|true
人違い|ひとちがい|true
人選|じんせん|true
人間|にんげん|true
人間ドック|にんげんドック|true
人間ドッグ|にんげんドック|false
人間像|にんげんぞう|true
人間国宝|にんげんこくほう|true
人間性|にんげんせい|true
人間的|にんげんてき|true
人間関係|にんげんかんけい|true
人集り|ひとだかり|false
人類|じんるい|true
人類学|じんるいがく|true
人骨|じんこつ|true
什|じゅう|false
仁|じん|true
仁王|におう|true
仁義|じんぎ|true
仁輪加|にわか|false
仄か|ほのか|true
仄めかす|ほのめかす|true
仆す|たおす|false
仆れる|たおれる|false
仇名|あだな|false
今|いま|true
今いち|いまいち|false
今ごろ|いまごろ|false
今さら|いまさら|false
今すぐ|いますぐ|true
今どき|いまどき|false
今に|いまに|true
今にも|いまにも|true
今ひとつ|いまひとつ|true
今まで|いままで|true
今や|いまや|true
今イチ|いまいち|false
今一|いまいち|true
今一つ|いまひとつ|false
今回|こんかい|true
今夏|こんか|true
今夜|こんや|true
今季|こんき|true
今宵|こよい|true
今年|ことし|true
今年度|こんねんど|true
今度|こんど|true
今後|こんご|true
今日|きょう|true
今日このごろ|きょうこのごろ|false
今日この頃|きょうこのごろ|true
今日は|こんにちは|true
今日わ|こんにちは|false
今日此の頃|きょうこのごろ|false
今日此頃|きょうこのごろ|false
今日的|こんにちてき|true
今昔|こんじゃく|true
今春|こんしゅん|true
今時|いまどき|true
今晩|こんばん|true
今晩は|こんばんは|true
今更|いまさら|true
今月|こんげつ|true
今朝|けさ|true
今期|こんき|true
今直ぐ|いますぐ|false
今秋|こんしゅう|true
今迄|いままで|false
今週|こんしゅう|true
今週末|こんしゅうまつ|true
今頃|いまごろ|true
介|かい|false
介入|かいにゅう|true
介助|かいじょ|true
介在|かいざい|true
介護|かいご|true
仏|ふつ|true
仏|ほとけ|true
仏像|ぶつぞう|true
仏壇|ぶつだん|true
仏教|ぶっきょう|true
仏文|ふつぶん|true
仏檀|ぶつだん|false
仏蘭西|フランス|false
仏語|ふつご|true
仔ネコ|こねこ|false
仔牛|こうし|false
仔犬|こいぬ|false
仔猫|こねこ|false
仔羊|こひつじ|false
仕あげ|しあげ|false
仕える|つかえる|true
仕かける|しかける|false
仕上|しあげ|false
仕上がり|しあがり|true
仕上げ|しあげ|true
仕上げる|しあげる|true
仕上り|しあがり|false
仕事|しごと|true
仕事はじめ|しごとはじめ|false
仕事中|しごとちゅう|true
仕事場|しごとば|true
仕事始|しごとはじめ|false
仕事始め|しごとはじめ|true
仕入|しいれ|false
仕入れ|しいれ|true
仕入れる|しいれる|true
仕出し|しだし|true
仕切|しきり|false
仕切り|しきり|true
仕合|しあい|false
仕合い|しあい|false
仕合せ|しあわせ|false
仕合わせ|しあわせ|false
仕度|したく|false
仕手|して|true
仕掛|しかけ|false
仕掛け|しかけ|true
仕掛ける|しかける|true
仕方|しかた|true
仕方がない|しかたがない|true
仕方が無い|しかたがない|false
仕方ない|しかたない|true
仕方無い|しかたない|false
仕末|しまつ|false
仕業|しわざ|true
仕様|しよう|true
仕様がない|しょうがない|false
仕様が無い|しょうがない|false
仕樣|しよう|false
仕種|しぐさ|false
仕立|したて|false
仕立て|したて|true
仕立てる|したてる|true
仕組|しくみ|false
仕組み|しくみ|true
仕舞う|しまう|false
仕舞った|しまった|false
仕草|しぐさ|true
仕込|しこみ|false
仕込み|しこみ|true
仕送り|しおくり|true
他|た|true
他|ほか|true
他に|ほかに|true
他にも|ほかにも|true
他人|たにん|true
他人ごと|ひとごと|false
他人事|ひとごと|true
他人様|ひとさま|false
他国|たこく|true
他所|よそ|false
他所行き|よそゆき|false
他方|たほう|true
他殺|たさつ|true
他派|たは|true
他社|たしゃ|true
他者|たしゃ|true
他薦|たせん|true
他面|ためん|true
付|つき|false
付いていく|ついていく|false
付いている|ついてる|true
付いてくる|ついてくる|true
付いてゆく|ついていく|false
付いてる|ついてる|true
付いて来る|ついてくる|false
付いて行く|ついていく|false
付き|つき|true
付きあう|つきあう|false
付き合い|つきあい|true
付き合う|つきあう|true
付き添い|つきそい|true
付く|つく|true
付け|つけ|true
付けくわえる|つけくわえる|false
付けこむ|つけこむ|false
付ける|つける|true
付け加える|つけくわえる|true
付け根|つけね|true
付け足す|つけたす|true
付け込む|つけこむ|false
付与|ふよ|true
付加|ふか|true
付加える|つけくわえる|false
付合い|つきあい|false
付合う|つきあう|false
付属|ふぞく|true
付帯|ふたい|true
付根|つけね|false
付添|つきそい|false
付添い|つきそい|true
付着|ふちゃく|true
付足す|つけたす|false
付近|ふきん|true
付録|ふろく|true
仙|セント|false
仙人|せんにん|true
仙台|せんだい|true
仙臺|せんだい|false
仟|せん|false
代|よ|false
代々|だいだい|true
代え|かえ|false
代える|かえる|true
代り|かわり|false
代る|かわる|false
代る代る|かわるがわる|false
代わり|かわり|true
代わる|かわる|true
代わる代わる|かわるがわる|true
代人|だいにん|true
代代|だいだい|true
代償|だいしょう|true
代名詞|だいめいし|true
代官|だいかん|true
代弁|だいべん|true
代役|だいやく|true
代打|だいだ|true
代替|だいたい|true
代替え|だいたい|false
代理|だいり|true
代理人|だいりにん|true
代理店|だいりてん|true
代用|だいよう|true
代目|だいめ|true
代行|だいこう|true
代表|だいひょう|true
代表作|だいひょうさく|true
代表的|だいひょうてき|true
代謝|たいしゃ|true
代議|だいぎ|true
代議士|だいぎし|true
代辨|だいべん|false
代辯|だいべん|false
代金|だいきん|true
令|れい|true
令和|れいわ|true
令嬢|れいじょう|true
令状|れいじょう|true
以って|もって|false
以て|もって|true
以上|いじょう|true
以下|いか|true
以内|いない|true
以前|いぜん|true
以呂波|いろは|false
以外|いがい|true
以後|いご|true
以来|いらい|true
以色列|イスラエル|false
以降|いこう|true
仮|かり|true
仮に|かりに|true
仮り|かり|false
仮令|たとえ|true
仮処分|かりしょぶん|true
仮名|かな|true
仮名|かめい|true
仮名使い|かなづかい|false
仮名遣|かなづかい|false
仮名遣い|かなづかい|true
仮字|かな|false
仮定|かてい|true
仮想|かそう|true
仮称|かしょう|true
仮空|かくう|false
仮粧|けしょう|false
仮装|かそう|true
仮設|かせつ|true
仮説|かせつ|true
仮面|かめん|true
仮題|かだい|true
仰ぐ|あおぐ|true
仰しゃる|おっしゃる|false
仰っしゃる|おっしゃる|false
仰むけ|あおむけ|false
仰る|おっしゃる|true
仰向け|あおむけ|true
仰天|ぎょうてん|true
仰有る|おっしゃる|false
仲|なか|true
仲々|なかなか|false
仲よく|なかよく|false
仲よし|なかよし|false
仲人|なこうど|true
仲介|ちゅうかい|true
仲仲|なかなか|false
仲好く|なかよく|false
仲好し|なかよし|false
仲核|ちゅうかく|false
仲直り|なかなおり|true
仲良く|なかよく|true
仲良し|なかよし|true
仲裁|ちゅうさい|true
仲買|なかがい|true
仲買い|なかがい|false
仲間|なかま|true
仲間たち|なかまたち|true
仲間入り|なかまいり|true
仲間達|なかまたち|false
件|けん|true
件数|けんすう|true
任|にん|true
任す|まかす|true
任せる|まかせる|true
任務|にんむ|true
任命|にんめい|true
任意|にんい|true
任期|にんき|true
企てる|くわだてる|true
企み|たくらみ|true
企む|たくらむ|true
企劃|きかく|false
企図|きと|true
企業|きぎょう|true
企業家|きぎょうか|true
企画|きかく|true
企画室|きかくしつ|true
伊|い|true
伊呂波|いろは|false
伊呂葉|いろは|false
伊太利|イタリア|false
伊太利亜|イタリア|false
伊拉久|イラク|false
伊達|だて|true
伍|ご|false
伍つ|いつつ|false
伎|わざ|false
伎能|ぎのう|false
伏せる|ふせる|true
伏兵|ふくへい|true
伏線|ふくせん|true
伐つ|うつ|false
伐採|ばっさい|true
休けい|きゅうけい|false
休する|きゅうする|true
休まる|やすまる|true
休み|やすみ|true
休む|やすむ|true
休める|やすめる|true
休刊|きゅうかん|true
休場|きゅうじょう|true
休学|きゅうがく|true
休息|きゅうそく|true
休憩|きゅうけい|true
休憩所|きゅうけいじょ|true
休憩時間|きゅうけいじかん|true
休戦|きゅうせん|true
休日|きゅうじつ|true
休暇|きゅうか|true
休校|きゅうこう|true
休業|きゅうぎょう|true
休止|きゅうし|true
休職|きゅうしょく|true
休講|きゅうこう|true
休足|きゅうそく|false
休養|きゅうよう|true
休館|きゅうかん|true
会|かい|true
会う|あう|true
会則|かいそく|true
会合|かいごう|true
会員|かいいん|true
会堂|かいどう|true
会報|かいほう|true
会場|かいじょう|true
会心|かいしん|true
会期|かいき|true
会社|かいしゃ|true
会社員|かいしゃいん|true
会社更生法|かいしゃこうせいほう|true
会舘|かいかん|false
会見|かいけん|true
会計|かいけい|true
会計士|かいけいし|true
会計年度|かいけいねんど|true
会計検査院|かいけいけんさいん|true
会話|かいわ|true
会談|かいだん|true
会議|かいぎ|true
会議室|かいぎしつ|true
会費|かいひ|true
会釈|えしゃく|true
会長|かいちょう|true
会頭|かいとう|true
会食|かいしょく|true
会館|かいかん|true
伝う|つたう|true
伝える|つたえる|true
伝わる|つたわる|true
伝承|でんしょう|true
伝染|でんせん|true
伝染病|でんせんびょう|true
伝票|でんぴょう|true
伝統|でんとう|true
伝統文化|でんとうぶんか|true
伝統的|でんとうてき|true
伝言|でんごん|true
伝記|でんき|true
伝説|でんせつ|true
伝送|でんそう|true
伝道|でんどう|true
伝達|でんたつ|true
伯|はく|true
伯仲|はくちゅう|true
伯剌西爾|ブラジル|false
伯母|おば|true
伯爵|はくしゃく|true
伯父|おじ|true
伴|とも|true
伴う|ともなう|true
伴なう|ともなう|false
伴侶|はんりょ|true
伴奏|ばんそう|true
伸し|のし|true
伸ばす|のばす|true
伸び|のび|true
伸びのび|のびのび|false
伸びやか|のびやか|true
伸びる|のびる|true
伸び伸び|のびのび|true
伸び悩む|のびなやむ|true
伸び率|のびりつ|true
伸縮|しんしゅく|true
伺う|うかがう|true
似あう|にあう|false
似かよう|にかよう|false
似せる|にせる|true
似る|にる|true
似合い|にあい|true
似合う|にあう|true
似通う|にかよう|true
似顔|にがお|true
似顔画|にがおえ|false
似顔絵|にがおえ|true
佃|つくだ|true
但|ただ|false
但し|ただし|true
佇む|たたずむ|true
位|い|true
位|くらい|true
位地|いち|false
位置|いち|true
位置づけ|いちづけ|false
位置づける|いちづける|false
位置付け|いちづけ|true
位置付ける|いちづける|true
低い|ひくい|true
低める|ひくめる|true
低下|ていか|true
低価格|ていかかく|true
低利|ていり|true
低地|ていち|true
低学年|ていがくねん|true
低料金|ていりょうきん|true
低気圧|ていきあつ|true
低水準|ていすいじゅん|true
低減|ていげん|true
低温|ていおん|true
低落|ていらく|true
低調|ていちょう|true
低辺|ていへん|false
低迷|ていめい|true
低音|ていおん|true
住|じゅう|true
住い|すまい|false
住う|すまう|false
住まい|すまい|true
住まう|すまう|true
住みここち|すみごこち|false
住みごこち|すみごこち|false
住み心地|すみごこち|true
住む|すむ|true
住人|じゅうにん|true
住処|じゅうしょ|false
住宅|じゅうたく|true
住宅地|じゅうたくち|true
住宅街|じゅうたくがい|true
住専|じゅうせん|true
住居|じゅうきょ|true
住居|すまい|false
住所|じゅうしょ|true
住民|じゅうみん|true
住民票|じゅうみんひょう|true
住民税|じゅうみんぜい|true
住職|じゅうしょく|true
佐ける|たすける|false
佑ける|たすける|false
体|からだ|true
体つき|からだつき|true
体付き|からだつき|true
体内|たいない|true
体制|たいせい|true
体力|たいりょく|true
体勢|たいせい|true
体型|たいけい|true
体外受精|たいがいじゅせい|true
体外授精|たいがいじゅせい|false
体形|たいけい|true
体得|たいとく|true
体感|たいかん|true
体操|たいそう|true
体格|たいかく|true
体温|たいおん|true
体温計|たいおんけい|true
体積|たいせき|true
体系|たいけい|true
体罰|たいばつ|true
体育|たいいく|true
体育館|たいいくかん|true
体裁|ていさい|true
体調|たいちょう|true
体質|たいしつ|true
体重|たいじゅう|true
体長|たいちょう|true
体験|たいけん|true
何|なに|true
何|なん|true
何う|どう|false
何か|なにか|true
何かと|なにかと|true
何げない|なにげない|false
何げなく|なにげなく|false
何ごと|なにごと|false
何しろ|なにしろ|true
何だか|なんだか|true
何だかだ|なんだかんだ|false
何だかんだ|なんだかんだ|true
何だ彼だ|なんだかんだ|false
何て|なんて|true
何で|なんで|true
何でも|なんでも|true
何と|なんと|true
何という|なんという|true
何とか|なんとか|true
何とぞ|なにとぞ|true
何となく|なんとなく|true
何とも|なんとも|true
何ともいえない|なんともいえない|false
何とも言えない|なんともいえない|true
何と無く|なんとなく|false
何と言う|なんという|false
何と言うか|なんというか|false
何なのか|なんなのか|true
何にも|なんにも|true
何の|どの|false
何のくらい|どのくらい|false
何の位|どのくらい|false
何の様|どのよう|false
何の様に|どのように|false
何の辺|どのへん|false
何びと|なにびと|false
何ぶん|なにぶん|false
何べん|なんべん|false
何も|なにも|true
何もの|なにもの|false
何やら|なにやら|true
何より|なにより|true
何ら|なんら|true
何れ|いずれ|false
何れ|どれ|false
何れか|いずれか|false
何れくらい|どれくらい|false
何れぐらい|どれくらい|false
何れでも|どれでも|false
何れ丈|どれだけ|false
何れ位|どれくらい|false
何れ何れ|どれどれ|false
何をかくそう|なにをかくそう|false
何を隠そう|なにをかくそう|true
何事|なにごと|true
何人|なにびと|true
何人|なんにん|true
何人か|なんにんか|true
何処|どこ|true
何処か|どこか|false
何処にも|どこにも|true
何処にもない|どこにもない|false
何処にも無い|どこにもない|false
何処までも|どこまでも|true
何処迄も|どこまでも|false
何分|なにぶん|true
何分|なんぷん|true
何十|なんじゅう|true
何千|なんぜん|true
何卒|なにとぞ|true
何回|なんかい|true
何年|なんねん|true
何度|なんど|true
何度でも|なんどでも|true
何彼と|なにかと|false
何所|どこ|false
何才|なんさい|false
何故|なぜ|true
何故か|なぜか|true
何故なら|なぜなら|true
何故ならば|なぜならば|true
何方|どちら|false
何方|どなた|true
何方か|どなたか|true
何方でも|どなたでも|true
何方も|どちらも|false
何日|なんにち|true
何時|いつ|false
何時|なんじ|true
何時ごろ|いつごろ|false
何時でも|いつでも|true
何時になく|いつになく|false
何時に無く|いつになく|true
何時の間にか|いつのまにか|true
何時までも|いつまでも|false
何時も|いつも|true
何時も通り|いつもどおり|false
何時迄も|いつまでも|false
何時間|なんじかん|true
何時頃|いつごろ|true
何歳|なんさい|true
何気ない|なにげない|true
何気なく|なにげなく|true
何気無い|なにげない|false
何気無く|なにげなく|true
何百|なんびゃく|true
何等|なんら|false
何者|なにもの|true
何處|どこ|false
何遍|なんべん|true
余す|あます|true
余っ程|よっぽど|false
余り|あまり|true
余りに|あまりに|true
余る|あまる|true
余人|よじん|true
余儀ない|よぎない|true
余儀なく|よぎなく|true
余儀なくされる|よぎなくされる|true
余儀無い|よぎない|false
余儀無く|よぎなく|false
余儀無くされる|よぎなくされる|false
余分|よぶん|true
余剰|よじょう|true
余力|よりょく|true
余命|よめい|true
余地|よち|true
余念|よねん|true
余所|よそ|true
余所行き|よそゆき|false
余所見|よそみ|false
余暇|よか|true
余波|よは|true
余猶|よゆう|false
余程|よほど|true
余裕|よゆう|true
余計|よけい|true
余談|よだん|true
余震|よしん|true
余韻|よいん|true
佛|ほとけ|false
佛像|ぶつぞう|false
佛教|ぶっきょう|false
佛蘭西|フランス|false
佛語|ふつご|false
作|さく|true
作り|つくり|true
作りあげる|つくりあげる|false
作りだす|つくりだす|false
作り上げる|つくりあげる|true
作り出す|つくりだす|true
作り笑い|つくりわらい|true
作り話|つくりばなし|true
作る|つくる|true
作付|さくづけ|false
作付け|さくづけ|true
作付面積|さくづけめんせき|true
作動|さどう|true
作品|さくひん|true
作家|さっか|true
作成|さくせい|true
作戦|さくせん|true
作文|さくぶん|true
作曲|さっきょく|true
作曲家|さっきょくか|true
作柄|さくがら|true
作業|さぎょう|true
作業環境|さぎょうかんきょう|true
作況指数|さっきょうしすう|true
作法|さほう|true
作物|さくもつ|true
作用|さよう|true
作者|さくしゃ|true
作製|さくせい|true
作詞|さくし|true
作風|さくふう|true
佩く|はく|false
佩びる|おびる|false
佰|ひゃく|false
佳い|よい|false
佳き|よき|false
佳作|かさく|true
佳境|かきょう|true
併し|しかし|false
併せる|あわせる|true
併合|へいごう|true
併殺|へいさつ|true
併用|へいよう|true
併発|へいはつ|true
併立|へいりつ|false
併行|へいこう|false
併記|へいき|true
併設|へいせつ|true
使い|つかい|true
使いみち|つかいみち|false
使いわけ|つかいわけ|false
使い分け|つかいわけ|true
使い捨|つかいすて|false
使い捨て|つかいすて|true
使い方|つかいかた|true
使い途|つかいみち|false
使い道|つかいみち|true
使う|つかう|true
使分け|つかいわけ|false
使命|しめい|true
使徒|しと|true
使用|しよう|true
使用人|しようにん|true
使用料|しようりょう|true
使用済み|しようずみ|true
使用者|しようしゃ|true
使節|しせつ|true
使者|ししゃ|true
使途|しと|true
來る|くる|false
來年|らいねん|false
來月|らいげつ|false
例|れい|true
例え|たとえ|true
例えば|たとえば|true
例える|たとえる|true
例会|れいかい|true
例外|れいがい|true
例外的|れいがいてき|true
例年|れいねん|true
例文|れいぶん|true
例題|れいだい|true
侍|さむらい|true
侍医|じい|true
侍女|じじょ|true
侍従|じじゅう|true
供|とも|true
供える|そなえる|true
供に|ともに|false
供与|きょうよ|true
供出|きょうしゅつ|true
供宴|きょうえん|false
供物|くもつ|true
供給|きょうきゅう|true
供述|きょうじゅつ|true
供養|くよう|true
依る|よる|false
依嘱|いしょく|false
依存|いぞん|true
依存症|いぞんしょう|true
依然|いぜん|true
依然として|いぜんとして|true
依頼|いらい|true
価|あたい|false
価する|あたいする|false
価値|かち|true
価値観|かちかん|true
価格|かかく|true
侭|まま|false
侮る|あなどる|true
侮蔑|ぶべつ|true
侮辱|ぶじょく|true
侯|こう|true
侯爵|こうしゃく|true
侯補|こうほ|false
侵す|おかす|true
侵入|しんにゅう|true
侵冦|しんこう|false
侵害|しんがい|true
侵掠|しんりゃく|false
侵攻|しんこう|true
侵水|しんすい|false
侵犯|しんぱん|true
侵略|しんりゃく|true
侵蝕|しんしょく|false
侵食|しんしょく|true
侶|とも|false
便|びん|true
便せん|びんせん|false
便ち|すなわち|false
便り|たより|true
便る|たよる|false
便乗|びんじょう|true
便利|べんり|true
便利さ|べんりさ|true
便宜|べんぎ|true
便所|べんじょ|true
便秘|べんぴ|true
便箋|びんせん|true
係|かかり|true
係り|かかり|false
係り員|かかりいん|false
係り官|かかりかん|false
係る|かかわる|false
係わらず|かかわらず|false
係わる|かかわる|true
係争|けいそう|true
係員|かかりいん|true
係官|かかりかん|true
係長|かかりちょう|true
促す|うながす|true
促成|そくせい|true
促進|そくしん|true
俄|にわか|true
俄か|にわか|false
俄かに|にわかに|true
俄に|にわかに|true
俊英|しゅんえい|true
俊足|しゅんそく|true
俎|まないた|false
俎板|まないた|false
俗|ぞく|true
俗語|ぞくご|true
保する|ほする|true
保ち合い|もちあい|false
保つ|たもつ|true
保健|ほけん|true
保健婦|ほけんふ|true
保健所|ほけんじょ|true
保全|ほぜん|true
保合|もちあい|false
保合い|もちあい|false
保姆|ほぼ|false
保存|ほぞん|true
保守|ほしゅ|true
保守党|ほしゅとう|true
保守的|ほしゅてき|true
保安|ほあん|true
保持|ほじ|true
保有|ほゆう|true
保母|ほぼ|true
保温|ほおん|true
保留|ほりゅう|true
保管|ほかん|true
保育|ほいく|true
保育園|ほいくえん|true
保育所|ほいくしょ|true
保証|ほしょう|true
保証つき|ほしょうつき|false
保証人|ほしょうにん|true
保証付|ほしょうつき|false
保証付き|ほしょうつき|true
保証金|ほしょうきん|true
保護|ほご|true
保護者|ほごしゃ|true
保釈|ほしゃく|true
保険|ほけん|true
保険金|ほけんきん|true
保障|ほしょう|true
保障つき|ほしょうつき|false
保障付|ほしょうつき|false
保障付き|ほしょうつき|false
保革|ほかく|true
保養|ほよう|true
保養所|ほようじょ|true
俟つ|まつ|false
信|しん|true
信じる|しんじる|true
信ずる|しんずる|true
信仰|しんこう|true
信任|しんにん|true
信号|しんごう|true
信号器|しんごうき|false
信号機|しんごうき|true
信奉|しんぽう|true
信徒|しんと|true
信念|しんねん|true
信条|しんじょう|true
信用|しんよう|true
信用組合|しんようくみあい|true
信用金庫|しんようきんこ|true
信義|しんぎ|true
信者|しんじゃ|true
信託|しんたく|true
信販会社|しんぱんがいしゃ|true
信金|しんきん|true
信頼|しんらい|true
信頼性|しんらいせい|true
俣|また|false
俤|おもかげ|false
修める|おさめる|true
修了|しゅうりょう|true
修士|しゅうし|true
修士課程|しゅうしかてい|true
修学旅行|しゅうがくりょこう|true
修得|しゅうとく|false
修復|しゅうふく|true
修業|しゅうぎょう|true
修正|しゅうせい|true
修煉|しゅうれん|false
修理|しゅうり|true
修練|しゅうれん|true
修繕|しゅうぜん|true
修行|しゅぎょう|true
修覆|しゅうふく|false
修道|しゅうどう|true
修道院|しゅうどういん|true
修錬|しゅうれん|false
俯く|うつむく|true
俯向く|うつむく|false
俱楽部|クラブ|false
俱樂部|クラブ|false
俳人|はいじん|true
俳優|はいゆう|true
俳句|はいく|true
俵|たわら|true
俸給|ほうきゅう|true
俺|おれ|true
倉|くら|true
倉庫|そうこ|true
倉敷|くらしき|true
個|こ|true
個々|ここ|true
個々人|ここじん|true
個人|こじん|true
個人差|こじんさ|true
個人的|こじんてき|true
個体|こたい|true
個個|ここ|false
個個人|ここじん|false
個別|こべつ|true
個室|こしつ|true
個展|こてん|true
個性|こせい|true
個性的|こせいてき|true
個所|かしょ|true
個月|かげつ|false
倍|ばい|true
倍加|ばいか|true
倍増|ばいぞう|true
倍率|ばいりつ|true
倒|さかしま|false
倒さ|さかさ|true
倒す|たおす|true
倒れ|たおれ|true
倒れる|たおれる|true
倒産|とうさん|true
倒置|とうち|true
倒錯|とうさく|true
倒閣|とうかく|true
倖せ|しあわせ|false
候補|こうほ|true
候補者|こうほしゃ|true
倚る|よる|false
倚子|いす|false
借り|かり|true
借りる|かりる|true
借り入れ|かりいれ|true
借り入れ金|かりいれきん|false
借入|かりいれ|false
借入れ|かりいれ|false
借入金|かりいれきん|true
借地|しゃくち|true
借家|しゃくや|true
借屋|しゃくや|false
借款|しゃっかん|true
借金|しゃっきん|true
倡婦|しょうふ|false
倣う|ならう|true
値|あたい|true
値うち|ねうち|false
値する|あたいする|true
値上|ねあげ|false
値上がり|ねあがり|true
値上げ|ねあげ|true
値上り|ねあがり|false
値下|ねさげ|false
値下がり|ねさがり|true
値下げ|ねさげ|true
値切る|ねぎる|true
値引|ねびき|false
値引き|ねびき|true
値打|ねうち|false
値打ち|ねうち|true
値段|ねだん|true
倦きる|あきる|false
倦怠|けんたい|true
倫敦|ロンドン|false
倫理|りんり|true
倫理学|りんりがく|true
倫理的|りんりてき|true
倭|やまと|false
倭|わ|false
倭歌|わか|false
倭語|わご|false
倶に|ともに|false
倶楽部|クラブ|true
倶樂部|クラブ|false
倹約|けんやく|true
假名|かな|false
偉い|えらい|true
偉人|いじん|true
偉力|いりょく|false
偉大|いだい|true
偉業|いぎょう|true
偏り|かたより|true
偏る|かたよる|true
偏人|へんじん|false
偏向|へんこう|true
偏差値|へんさち|true
偏狭|へんきょう|true
偏見|へんけん|true
偏重|へんちょう|true
偏食|へんしょく|true
偖|さて|false
停まる|とどまる|false
停まる|とまる|false
停める|とどめる|false
停める|とめる|false
停学|ていがく|true
停年|ていねん|false
停戦|ていせん|true
停止|ていし|true
停泊|ていはく|true
停滞|ていたい|true
停留所|ていりゅうじょ|true
停車|ていしゃ|true
停電|ていでん|true
健やか|すこやか|true
健保|けんぽ|true
健全|けんぜん|true
健在|けんざい|true
健実|けんじつ|false
健常者|けんじょうしゃ|true
健康|けんこう|true
健康保険|けんこうほけん|true
健康的|けんこうてき|true
健康診断|けんこうしんだん|true
健康食品|けんこうしょくひん|true
健気|けなげ|true
健診|けんしん|true
健闘|けんとう|true
偲ぶ|しのぶ|true
側|かたわら|false
側|がわ|true
側|そば|true
側か|ほのか|false
側ら|かたわら|false
側近|そっきん|true
側面|そくめん|true
偵察|ていさつ|true
偶|たまたま|false
偶々|たまたま|false
偶に|たまに|false
偶偶|たまたま|false
偶像|ぐうぞう|true
偶数|ぐうすう|true
偶然|ぐうぜん|true
偶発|ぐうはつ|true
偸む|ぬすむ|false
偽|にせ|true
偽もの|にせもの|false
偽る|いつわる|true
偽客|さくら|false
偽物|にせもの|true
偽装|ぎそう|true
偽証|ぎしょう|true
偽造|ぎぞう|true
傍|かたわら|false
傍|そば|false
傍ら|かたわら|true
傍受|ぼうじゅ|true
傍役|わきやく|false
傍聴|ぼうちょう|true
傍視|わきみ|false
傍観|ぼうかん|true
傑れる|すぐれる|false
傑作|けっさく|true
傑出|けっしゅつ|true
傘|かさ|true
傘下|さんか|true
備え|そなえ|true
備えつける|そなえつける|false
備える|そなえる|true
備え付ける|そなえつける|true
備わる|そなわる|true
備考|びこう|true
備蓄|びちく|true
傚う|ならう|false
催し|もよおし|true
催す|もよおす|true
催促|さいそく|true
催涙|さいるい|true
催眠|さいみん|true
傭う|やとう|false
傲る|おごる|false
傲慢|ごうまん|true
傳承|でんしょう|false
債|さい|true
債券|さいけん|true
債務|さいむ|true
債権|さいけん|true
傷|きず|true
傷あと|きずあと|false
傷つく|きずつく|true
傷つける|きずつける|true
傷ましい|いたましい|false
傷み|いたみ|false
傷む|いたむ|true
傷める|いためる|true
傷付く|きずつく|false
傷付ける|きずつける|true
傷口|きずぐち|true
傷害|しょうがい|true
傷手|いたで|false
傷痕|きずあと|false
傷者|しょうしゃ|true
傷跡|きずあと|true
傾|ななめ|false
傾く|かたむく|true
傾ける|かたむける|true
傾げる|かしげる|true
傾倒|けいとう|true
傾向|けいこう|true
傾斜|けいしゃ|true
傾注|けいちゅう|true
傾聴|けいちょう|true
傾聽|けいちょう|false
僅か|わずか|true
僊人|せんにん|false
働かせる|はたらかせる|true
働き|はたらき|true
働きかける|はたらきかける|true
働きざかり|はたらきざかり|false
働き口|はたらきぐち|true
働き手|はたらきて|true
働き掛ける|はたらきかける|true
働き盛り|はたらきざかり|true
働き者|はたらきもの|true
働く|はたらく|true
像|ぞう|true
僕|ぼく|true
僕たち|ぼくたち|true
僕ら|ぼくら|true
僕等|ぼくら|false
僕達|ぼくたち|false
僚友|りょうゆう|true
僧|そう|true
僧侶|そうりょ|true
僧院|そういん|true
價|あたい|false
僻|ひがみ|false
僻み|ひがみ|true
僻む|ひがむ|true
儀|ぎ|true
儀式|ぎしき|true
儀礼|ぎれい|true
億|おく|true
儒学|じゅがく|true
儒教|じゅきょう|true
儒艮|ジュゴン|false
儒良|ジュゴン|false
儘|まま|false
儚い|はかない|true
儛|まい|false
償い|つぐない|true
償う|つぐなう|true
償却|しょうきゃく|true
償還|しょうかん|true
優しい|やさしい|true
優る|まさる|false
優れる|すぐれる|true
優位|ゆうい|true
優先|ゆうせん|true
優先的|ゆうせんてき|true
優利|ゆうり|false
優劣|ゆうれつ|true
優勝|ゆうしょう|true
優勢|ゆうせい|true
優柔不断|ゆうじゅうふだん|true
優秀|ゆうしゅう|true
優等生|ゆうとうせい|true
優美|ゆうび|true
優良|ゆうりょう|true
優越感|ゆうえつかん|true
優遇|ゆうぐう|true
優雅|ゆうが|true
儲|もうけ|false
儲かる|もうかる|true
儲け|もうけ|true
儲ける|もうける|true
儲蓄|ちょちく|false
元|もと|true
元々|もともと|true
元より|もとより|true
元価|げんか|false
元元|もともと|false
元兇|げんきょう|false
元凶|げんきょう|true
元号|げんごう|true
元帥|げんすい|true
元師|げんすい|false
元年|がんねん|true
元日|がんじつ|true
元旦|がんたん|true
元本|がんぽん|true
元来|がんらい|true
元気|げんき|true
元氣|げんき|false
元祖|がんそ|true
元禄|げんろく|true
元素|げんそ|true
元老|げんろう|true
元金|がんきん|true
元首|げんしゅ|true
兄|あに|true
兄さん|にいさん|true
兄ちゃん|にいちゃん|true
兄弟|きょうだい|true
兄貴|あにき|true
充たす|みたす|false
充ちる|みちる|false
充てる|あてる|true
充二分|じゅうにぶん|false
充分|じゅうぶん|true
充塡|じゅうてん|false
充填|じゅうてん|true
充実|じゅうじつ|true
充当|じゅうとう|true
充満|じゅうまん|true
充足|じゅうそく|true
充電|じゅうでん|true
兆|ちょう|true
兆し|きざし|true
兆候|ちょうこう|true
兇器|きょうき|false
兇悪|きょうあく|false
先|さき|true
先|さっき|false
先々|さきざき|true
先がける|さきがける|false
先き|さき|false
先ごろ|さきごろ|false
先ず|まず|true
先だって|せんだって|true
先どり|さきどり|false
先に|さきに|true
先ほど|さきほど|true
先人|せんじん|true
先代|せんだい|true
先住|せんじゅう|true
先例|せんれい|true
先先|さきざき|false
先入感|せんにゅうかん|false
先入観|せんにゅうかん|true
先制|せんせい|true
先刻|さっき|false
先取|さきどり|false
先取|せんしゅ|true
先取り|さきどり|true
先天的|せんてんてき|true
先安|さきやす|true
先導|せんどう|true
先手|せんて|true
先方|せんぽう|true
先日|せんじつ|true
先月|せんげつ|true
先決|せんけつ|true
先物|さきもの|true
先生|せんせい|true
先発|せんぱつ|true
先着|せんちゃく|true
先祖|せんぞ|true
先程|さきほど|true
先立って|さきだって|true
先端|せんたん|true
先般|せんぱん|true
先行|せんこう|true
先行き|さきゆき|true
先見|せんけん|true
先輩|せんぱい|true
先送り|さきおくり|true
先週|せんしゅう|true
先進|せんしん|true
先進国|せんしんこく|true
先達て|せんだって|false
先遣|せんけん|true
先陣|せんじん|true
先頃|さきごろ|true
先頭|せんとう|true
先駆|せんく|true
先駆け|さきがけ|true
先駆ける|さきがける|true
先駈け|さきがけ|false
先駈ける|さきがける|false
光|ひかり|true
光り輝く|ひかりかがやく|true
光る|ひかる|true
光学|こうがく|true
光学式文字認識|こうがくしきもじにんしき|true
光年|こうねん|true
光彩|こうさい|true
光明|こうみょう|true
光景|こうけい|true
光栄|こうえい|true
光沢|こうたく|true
光熱費|こうねつひ|true
光線|こうせん|true
光輝|こうき|true
光輝く|ひかりかがやく|false
克く|よく|false
克つ|かつ|false
克明|こくめい|true
克服|こくふく|true
免れる|まぬがれる|true
免状|めんじょう|true
免疫|めんえき|true
免税|めんぜい|true
免職|めんしょく|true
免許|めんきょ|true
免許証|めんきょしょう|true
免責|めんせき|true
免除|めんじょ|true
兎|うさぎ|true
兎に角|とにかく|false
兎もあれ|ともあれ|false
兎も有れ|ともあれ|false
兎も角|ともかく|false
兎角|とかく|true
児|こ|false
児童|じどう|true
兔|うさぎ|false
党|とう|true
党内|とうない|true
党利|とうり|true
党務|とうむ|true
党勢|とうせい|true
党員|とういん|true
党派|とうは|true
党略|とうりゃく|true
党籍|とうせき|true
党議|とうぎ|true
党首|とうしゅ|true
兜|かぶと|true
入|いり|false
入り|いり|true
入りこむ|はいりこむ|false
入り口|いりぐち|true
入り込み|いりごみ|true
入り込む|はいりこむ|true
入る|いる|true
入る|はいる|true
入れもの|いれもの|false
入れる|いれる|true
入れ墨|いれずみ|true
入れ換え|いれかえ|false
入れ替え|いれかえ|true
入れ歯|いれば|true
入れ物|いれもの|true
入会|にゅうかい|true
入党|にゅうとう|true
入力|にゅうりょく|true
入口|いりぐち|true
入団|にゅうだん|true
入国|にゅうこく|true
入国管理局|にゅうこくかんりきょく|true
入園|にゅうえん|true
入場|にゅうじょう|true
入場券|にゅうじょうけん|true
入学|にゅうがく|true
入学試験|にゅうがくしけん|true
入室|にゅうしつ|true
入居|にゅうきょ|true
入幕|にゅうまく|true
入店|にゅうてん|true
入念|にゅうねん|true
入所|にゅうしょ|true
入手|にゅうしゅ|true
入換|いれかえ|false
入換え|いれかえ|false
入替|いれかえ|false
入替え|いれかえ|false
入札|にゅうさつ|true
入梅|つゆいり|true
入植|にゅうしょく|true
入歯|いれば|false
入浴|にゅうよく|true
入港|にゅうこう|true
入物|いれもの|false
入社|にゅうしゃ|true
入籍|にゅうせき|true
入苑|にゅうえん|false
入荷|にゅうか|true
入試|にゅうし|true
入賞|にゅうしょう|true
入選|にゅうせん|true
入金|にゅうきん|true
入門|にゅうもん|true
入閣|にゅうかく|true
入院|にゅういん|true
入館料|にゅうかんりょう|true
內|うち|false
內|ない|false
內容|ないよう|false
全|ぜん|true
全う|まっとう|false
全うする|まっとうする|true
全く|まったく|true
全っ然|ぜんぜん|false
全て|すべて|true
全べて|すべて|false
全世界|ぜんせかい|true
全人|ぜんじん|true
全会|ぜんかい|true
全体|ぜんたい|true
全体主義|ぜんたいしゅぎ|true
全体的|ぜんたいてき|true
全力|ぜんりょく|true
全勝|ぜんしょう|true
全員|ぜんいん|true
全国|ぜんこく|true
全国的|ぜんこくてき|true
全土|ぜんど|true
全域|ぜんいき|true
全学|ぜんがく|true
全容|ぜんよう|true
全廃|ぜんぱい|true
全快|ぜんかい|true
全文|ぜんぶん|true
全日|ぜんじつ|true
全日制|ぜんにちせい|true
全日本|ぜんにほん|true
全曲|ぜんきょく|true
全校|ぜんこう|true
全権|ぜんけん|true
全治|ぜんち|true
全滅|ぜんめつ|true
全点|ぜんてん|true
全然|ぜんぜん|true
全焼|ぜんしょう|true
全盛|ぜんせい|true
全社|ぜんしゃ|true
全米|ぜんべい|true
全線|ぜんせん|true
全般|ぜんぱん|true
全訳|ぜんやく|true
全貌|ぜんぼう|true
全身|ぜんしん|true
全速力|ぜんそくりょく|true
全部|ぜんぶ|true
全量|ぜんりょう|true
全長|ぜんちょう|true
全集|ぜんしゅう|true
全面|ぜんめん|true
全面的|ぜんめんてき|true
全額|ぜんがく|true
八|はち|true
八〇|はちじゅう|false
八つ|やっつ|true
八つあたり|やつあたり|false
八つ当たり|やつあたり|true
八つ当り|やつあたり|false
八丁|はっちょう|true
八分音符|はちぶおんぷ|true
八十|はちじゅう|true
八千代|やちよ|true
八幡|はちまん|true
八挺|はっちょう|false
八方|はっぽう|true
八日|ようか|true
八月|はちがつ|true
八百屋|やおや|true
八重|やえ|true
八重桜|やえざくら|true
八釜しい|やかましい|false
公|おおやけ|true
公|きみ|false
公人|こうじん|true
公会堂|こうかいどう|true
公使|こうし|true
公債|こうさい|true
公共|こうきょう|true
公共放送|こうきょうほうそう|true
公共料金|こうきょうりょうきん|true
公判|こうはん|true
公務|こうむ|true
公務員|こうむいん|true
公募|こうぼ|true
公司|コンス|true
公営|こうえい|true
公団|こうだん|true
公園|こうえん|true
公報|こうほう|true
公子|こうし|true
公安|こうあん|true
公安委員会|こうあんいいんかい|true
公定|こうてい|true
公定歩合|こうていぶあい|true
公害|こうがい|true
公布|こうふ|true
公平|こうへい|true
公序良俗|こうじょりょうぞく|true
公庫|こうこ|true
公式|こうしき|true
公式サイト|こうしきサイト|true
公式戦|こうしきせん|true
公文|こうぶん|true
公文書|こうぶんしょ|true
公明|こうめい|true
公明党|こうめいとう|true
公有|こうゆう|true
公正|こうせい|true
公民|こうみん|true
公民権|こうみんけん|true
公民館|こうみんかん|true
公海|こうかい|true
公演|こうえん|true
公然|こうぜん|true
公爵|こうしゃく|true
公用|こうよう|true
公的|こうてき|true
公益|こうえき|true
公益法人|こうえきほうじん|true
公示|こうじ|true
公社|こうしゃ|true
公社債|こうしゃさい|true
公私|こうし|true
公称|こうしょう|true
公立|こうりつ|true
公算|こうさん|true
公約|こうやく|true
公聴会|こうちょうかい|true
公職|こうしょく|true
公舍|こうしゃ|false
公舎|こうしゃ|true
公苑|こうえん|false
公衆|こうしゅう|true
公衆衛生|こうしゅうえいせい|true
公衆電話|こうしゅうでんわ|true
公表|こうひょう|true
公言|こうげん|true
公設|こうせつ|true
公訴|こうそ|true
公認|こうにん|true
公認会計士|こうにんかいけいし|true
公論|こうろん|true
公費|こうひ|true
公選|こうせん|true
公邸|こうてい|true
公金|こうきん|true
公開|こうかい|true
公開中|こうかいちゅう|true
公館|こうかん|true
六|ろく|true
六〇|ろくじゅう|false
六かしい|むずかしい|false
六つ|むっつ|true
六ヶ敷い|むずかしい|false
六借しい|むずかしい|false
六十|ろくじゅう|true
六十四分音符|ろくじゅうしぶおんぷ|true
六日|むいか|true
六月|ろくがつ|true
共|とも|true
共|ども|true
共々|ともども|true
共かせぎ|ともかせぎ|false
共に|ともに|true
共倒れ|ともだおれ|true
共催|きょうさい|true
共働き|ともばたらき|true
共共|ともども|false
共力|きょうりょく|false
共同|きょうどう|true
共同体|きょうどうたい|true
共同組合|きょうどうくみあい|false
共和|きょうわ|true
共和党|きょうわとう|true
共和制|きょうわせい|true
共和国|きょうわこく|true
共存|きょうぞん|true
共学|きょうがく|true
共感|きょうかん|true
共有|きょうゆう|true
共栄|きょうえい|true
共棲|きょうせい|false
共済|きょうさい|true
共演|きょうえん|true
共犯|きょうはん|true
共生|きょうせい|true
共産|きょうさん|true
共産主義|きょうさんしゅぎ|true
共産党|きょうさんとう|true
共用|きょうよう|true
共稼ぎ|ともかせぎ|true
共立|きょうりつ|true
共著|きょうちょ|true
共謀|きょうぼう|true
共通|きょうつう|true
共通点|きょうつうてん|true
共通語|きょうつうご|true
共闘|きょうとう|true
共鳴|きょうめい|true
兵|いくさ|false
兵|へい|true
兵力|へいりょく|true
兵員|へいいん|true
兵器|へいき|true
兵士|へいし|true
兵役|へいえき|true
兵粮|ひょうろう|false
兵糧|ひょうろう|true
兵舎|へいしゃ|true
兵隊|へいたい|true
其|それ|false
其々|それぞれ|false
其の|その|false
其のまま|そのまま|false
其の上|そのうえ|false
其の他|そのほか|false
其の儘|そのまま|true
其の内|そのうち|false
其の外|そのほか|false
其の様|そのよう|false
其の物|そのもの|false
其の辺|そのへん|false
其れ|それ|false
其れから|それから|false
其れで|それで|false
其れでは|それでは|false
其れでも|それでも|false
其れとも|それとも|false
其れなら|それなら|false
其れに|それに|false
其れ其れ|それぞれ|false
其れ程|それほど|true
其れ等|それら|false
其他|そのほか|false
其儘|そのまま|false
其其|それぞれ|false
其内|そのうち|false
其処|そこ|false
其処で|そこで|false
其処等辺|そこらへん|false
其奴|そいつ|false
其所|そこ|false
其方|そちら|false
其程|それほど|false
其等|それら|false
具|ぐ|true
具|つま|false
具える|そなえる|false
具わる|そなわる|true
具体|ぐたい|true
具体化|ぐたいか|true
具体的|ぐたいてき|true
具合|ぐあい|true
具合い|ぐあい|false
具象|ぐしょう|true
典型|てんけい|true
典型的|てんけいてき|true
兼|けん|true
兼ねて|かねて|true
兼ねる|かねる|true
兼ね備える|かねそなえる|true
兼ね合い|かねあい|true
兼任|けんにん|true
兼務|けんむ|true
兼合い|かねあい|false
兼業|けんぎょう|true
冀望|きぼう|false
内|うち|true
内|ない|true
内々|うちうち|true
内がわ|うちがわ|false
内乱|ないらん|true
内側|うちがわ|true
内偵|ないてい|true
内内|うちうち|false
内出血|ないしゅっけつ|true
内分泌|ないぶんぴ|true
内務|ないむ|true
内包|ないほう|true
内向|ないこう|true
内向的|ないこうてき|true
内堀|うちぼり|true
内壕|うちぼり|false
内外|ないがい|true
内定|ないてい|true
内実|ないじつ|true
内容|ないよう|true
内幕|うちまく|true
内心|ないしん|true
内情|ないじょう|true
内戦|ないせん|true
内所|ないしょ|false
内政|ないせい|true
内気|うちき|true
内海|ないかい|true
内濠|うちぼり|false
内状|ないじょう|false
内申|ないしん|true
内省|ないせい|true
内示|ないじ|true
内科|ないか|true
内緒|ないしょ|true
内線|ないせん|true
内職|ないしょく|true
内臓|ないぞう|true
内蔵|ないぞう|true
内装|ないそう|true
内規|ないき|true
内角|ないかく|true
内訳|うちわけ|true
内証|ないしょ|false
内諾|ないだく|true
内輪|うちわ|true
内部|ないぶ|true
内野|ないや|true
内野手|ないやしゅ|true
内閣|ないかく|true
内閣官房|ないかくかんぼう|true
内閣府|ないかくふ|true
内閣法制局|ないかくほうせいきょく|true
内陸|ないりく|true
内需|ないじゅ|true
内面|ないめん|true
円|えん|true
円|まる|false
円い|まるい|true
円み|まるみ|true
円卓|えんたく|true
円周|えんしゅう|true
円味|まるみ|false
円型|えんけい|false
円安|えんやす|true
円建て|えんだて|true
円弧|えんこ|true
円形|えんけい|true
円柱|えんちゅう|true
円満|えんまん|true
円滑|えんかつ|true
円熟|えんじゅく|true
円盤|えんばん|true
円相場|えんそうば|true
円筒|えんとう|true
円高|えんだか|true
冊|さつ|true
冊子|さっし|true
再|さい|true
再び|ふたたび|true
再スタート|さいスタート|true
再三|さいさん|true
再任|さいにん|true
再会|さいかい|true
再來|さいらい|false
再來週|さらいしゅう|false
再婚|さいこん|true
再審|さいしん|true
再度|さいど|true
再建|さいけん|true
再来|さいらい|true
再来年|さらいねん|true
再来月|さらいげつ|true
再来週|さらいしゅう|true
再検討|さいけんとう|true
再演|さいえん|true
再燃|さいねん|true
再現|さいげん|true
再生|さいせい|true
再発|さいはつ|true
再確認|さいかくにん|true
再編|さいへん|true
再考|さいこう|true
再販|さいはん|true
再起|さいき|true
再起動|さいきどう|true
再選|さいせん|true
再開|さいかい|true
再開発|さいかいはつ|true
冑|かぶと|false
冒す|おかす|true
冒険|ぼうけん|true
冒頭|ぼうとう|true
冗談|じょうだん|true
写し|うつし|true
写しだす|うつしだす|false
写し出す|うつしだす|false
写す|うつす|true
写る|うつる|true
写生|しゃせい|true
写真|しゃしん|true
写真家|しゃしんか|true
写真撮影|しゃしんさつえい|true
写真集|しゃしんしゅう|true
冠|かんむり|true
冠る|かぶる|false
冠婚葬祭|かんこんそうさい|true
冢|つか|false
冥い|くらい|false
冥想|めいそう|false
冥福|めいふく|true
冨有|ふゆう|false
冩眞|しゃしん|false
冬|ふゆ|true
冬もの|ふゆもの|false
冬休み|ふゆやすみ|true
冬場|ふゆば|true
冬季|とうき|true
冬期|とうき|true
冬物|ふゆもの|true
冬眠|とうみん|true
冬至|とうじ|true
冱える|さえる|false
冴える|さえる|true
冷|ひや|false
冷え|ひえ|true
冷えこむ|ひえこむ|false
冷える|ひえる|true
冷え性|ひえしょう|true
冷え症|ひえしょう|false
冷え込む|ひえこむ|true
冷かす|ひやかす|false
冷す|ひやす|false
冷ぞう庫|れいぞうこ|false
冷たい|つめたい|true
冷ます|さます|true
冷める|さめる|true
冷や|ひや|true
冷やか|ひややか|false
冷やかす|ひやかす|true
冷やす|ひやす|true
冷ややか|ひややか|true
冷や汗|ひやあせ|true
冷凍|れいとう|true
冷凍庫|れいとうこ|true
冷凍食品|れいとうしょくひん|true
冷却|れいきゃく|true
冷夏|れいか|true
冷害|れいがい|true
冷徹|れいてつ|true
冷性|ひえしょう|false
冷戦|れいせん|true
冷房|れいぼう|true
冷暖房|れいだんぼう|true
冷水|れいすい|true
冷汗|ひやあせ|true
冷淡|れいたん|true
冷笑|れいしょう|true
冷蔵|れいぞう|true
冷蔵庫|れいぞうこ|true
冷遇|れいぐう|true
冷酷|れいこく|true
冷静|れいせい|true
凄い|すごい|true
凄じい|すさまじい|false
凄まじい|すさまじい|true
准える|なぞらえる|false
准じる|じゅんじる|false
准ずる|じゅんずる|false
准拠|じゅんきょ|false
凉しい|すずしい|false
凉む|すずむ|false
凋む|しぼむ|false
凋れる|しおれる|false
凌ぐ|しのぐ|true
凍える|こごえる|true
凍り|こおり|false
凍る|こおる|true
凍死|とうし|true
凍結|とうけつ|true
凝った|こった|true
凝り性|こりしょう|true
凝る|こる|true
凝乎と|じっと|false
凝固|ぎょうこ|true
凝縮|ぎょうしゅく|true
凝視|ぎょうし|true
凝視める|みつめる|false
几上|きじょう|false
几帳面|きちょうめん|true
凡|ぼん|true
凡そ|およそ|true
凡て|すべて|false
凡ゆる|あらゆる|false
凡人|ぼんじん|true
凡庸|ぼんよう|true
処|ところ|false
処々|ところどころ|false
処処|ところどころ|false
処分|しょぶん|true
処刑|しょけい|true
処女|しょじょ|true
処方|しょほう|true
処方せん|しょほうせん|false
処方箋|しょほうせん|true
処理|しょり|true
処置|しょち|true
処罰|しょばつ|true
処遇|しょぐう|true
凧|たこ|true
凩|こがらし|false
凭る|よる|false
凭れる|もたれる|false
凶作|きょうさく|true
凶器|きょうき|true
凶悪|きょうあく|true
凸凹|でこぼこ|true
凸版|とっぱん|true
凸版印刷|とっぱんいんさつ|true
凸起|とっき|false
凹み|くぼみ|true
凹む|へこむ|true
凹凸|おうとつ|true
出|で|true
出あう|であう|false
出かける|でかける|true
出かせぎ|でかせぎ|false
出きる|できる|false
出し|だし|true
出す|だす|true
出すぎる|ですぎる|true
出はいり|でいり|false
出むかえ|でむかえ|false
出る|でる|true
出世|しゅっせ|true
出会|であい|false
出会い|であい|true
出会う|であう|true
出來る|できる|false
出入|しゅつにゅう|true
出入り|でいり|true
出入り口|でいりぐち|true
出入口|でいりぐち|true
出典|しゅってん|true
出処|しゅっしょ|false
出前|でまえ|true
出力|しゅつりょく|true
出動|しゅつどう|true
出勤|しゅっきん|true
出口|でぐち|true
出合|であい|false
出合い|であい|true
出合う|であう|true
出向|しゅっこう|true
出向く|でむく|true
出品|しゅっぴん|true
出国|しゅっこく|true
出土|しゅつど|true
出場|しゅつじょう|true
出塁|しゅつるい|true
出展|しゅってん|true
出席|しゅっせき|true
出席者|しゅっせきしゃ|true
出店|しゅってん|true
出廷|しゅってい|true
出張|しゅっちょう|true
出張所|しゅっちょうじょ|true
出征|しゅっせい|true
出所|しゅっしょ|true
出掛ける|でかける|true
出撃|しゅつげき|true
出方|でかた|true
出来|しゅったい|true
出来|でき|true
出来あがる|できあがる|false
出来ごと|できごと|false
出来る|できる|true
出来るだけ|できるだけ|true
出来るだけ早く|できるだけはやく|false
出来る丈|できるだけ|false
出来上がり|できあがり|true
出来上がる|できあがる|true
出来上り|できあがり|false
出来上る|できあがる|false
出来事|できごと|true
出来高|できだか|true
出板|しゅっぱん|false
出梅|つゆあけ|false
出欠|しゅっけつ|true
出汁|だし|false
出没|しゅつぼつ|true
出港|しゅっこう|true
出演|しゅつえん|true
出火|しゅっか|true
出版|しゅっぱん|true
出版物|しゅっぱんぶつ|true
出版社|しゅっぱんしゃ|true
出版者|しゅっぱんしゃ|false
出獄|しゅつごく|true
出現|しゅつげん|true
出生|しゅっしょう|true
出産|しゅっさん|true
出番|でばん|true
出発|しゅっぱつ|true
出直し|でなおし|true
出社|しゅっしゃ|true
出稼ぎ|でかせぎ|true
出納|すいとう|true
出荷|しゅっか|true
出血|しゅっけつ|true
出費|しゅっぴ|true
出資|しゅっし|true
出走|しゅっそう|true
出足|であし|true
出身|しゅっしん|true
出身地|しゅっしんち|true
出身者|しゅっしんしゃ|true
出迎え|でむかえ|true
出迎える|でむかえる|true
出這入り|でいり|false
出逢い|であい|false
出逢う|であう|false
出遅れる|でおくれる|true
出過ぎる|ですぎる|false
出遭い|であい|false
出遭う|であう|false
出金|しゅっきん|true
出陣|しゅつじん|true
出頭|しゅっとう|true
出題|しゅつだい|true
出願|しゅつがん|true
出馬|しゅつば|true
出鱈目|でたらめ|true
函|はこ|false
函れる|いれる|false
凾|はこ|false
刀|かたな|true
刀剣|とうけん|true
刃|は|true
刃もの|はもの|false
刃先|はさき|true
刃向かう|はむかう|false
刃渡|はわたり|false
刃渡り|はわたり|true
刃物|はもの|true
刃金|はがね|false
分|ふん|true
分|ぶん|true
分かち|わかち|true
分かつ|わかつ|true
分からずや|わからずや|false
分からず屋|わからずや|true
分かり|わかり|true
分かりにくい|わかりにくい|true
分かり悪い|わかりにくい|false
分かり難い|わかりにくい|false
分かる|わかる|true
分かれる|わかれる|true
分かれ目|わかれめ|true
分け|わけ|true
分ける|わける|true
分け前|わけまえ|true
分ち|わかち|false
分つ|わかつ|false
分らず屋|わからずや|false
分り|わかり|false
分る|わかる|false
分れる|わかれる|false
分れ目|わかれめ|false
分乗|ぶんじょう|true
分冊|ぶんさつ|true
分別|ふんべつ|true
分別|ぶんべつ|true
分割|ぶんかつ|true
分割払い|ぶんかつばらい|true
分化|ぶんか|true
分子|ぶんし|true
分室|ぶんしつ|true
分岐|ぶんき|true
分岐点|ぶんきてん|true
分布|ぶんぷ|true
分担|ぶんたん|true
分散|ぶんさん|true
分数|ぶんすう|true
分析|ぶんせき|true
分校|ぶんこう|true
分業|ぶんぎょう|true
分権|ぶんけん|true
分母|ぶんぼ|true
分泌|ぶんぴつ|true
分科会|ぶんかかい|true
分立|ぶんりつ|true
分裂|ぶんれつ|true
分解|ぶんかい|true
分譲|ぶんじょう|true
分身|ぶんしん|true
分配|ぶんぱい|true
分野|ぶんや|true
分量|ぶんりょう|true
分間|ふんかん|true
分離|ぶんり|true
分類|ぶんるい|true
切|きり|false
切かけ|きっかけ|false
切っかけ|きっかけ|false
切っ掛|きっかけ|false
切っ掛け|きっかけ|false
切ない|せつない|true
切らす|きらす|true
切り|きり|true
切りあげ|きりあげ|false
切りかえる|きりかえる|false
切りがない|きりがない|true
切りが無い|きりがない|false
切りぬき|きりぬき|false
切り上げ|きりあげ|true
切り下げ|きりさげ|true
切り口|きりくち|true
切り変える|きりかえる|false
切り崩す|きりくずす|true
切り抜き|きりぬき|true
切り捨て|きりすて|true
切り捨てる|きりすてる|true
切り換え|きりかえ|false
切り換える|きりかえる|false
切り放す|きりはなす|false
切り替え|きりかえ|true
切り替える|きりかえる|true
切り札|きりふだ|true
切り離す|きりはなす|true
切る|きる|true
切れ|きれ|true
切れる|きれる|true
切れ味|きれあじ|true
切れ目|きれめ|true
切上|きりあげ|false
切上げ|きりあげ|false
切口|きりくち|false
切味|きれあじ|false
切実|せつじつ|true
切手|きって|true
切抜|きりぬき|false
切抜き|きりぬき|false
切捨て|きりすて|false
切捨てる|きりすてる|false
切掛|きっかけ|false
切掛け|きっかけ|false
切換|きりかえ|false
切換え|きりかえ|false
切換える|きりかえる|false
切支丹|キリシタン|false
切放す|きりはなす|false
切断|せつだん|true
切替|きりかえ|false
切替え|きりかえ|false
切替える|きりかえる|false
切望|せつぼう|true
切札|きりふだ|false
切欠|きっかけ|false
切死丹|キリシタン|false
切点|せってん|false
切符|きっぷ|true
切腹|せっぷく|true
切角|せっかく|false
切迫|せっぱく|true
切離す|きりはなす|false
刈りこむ|かりこむ|false
刈り入れ|かりいれ|true
刈り取る|かりとる|true
刈り込む|かりこむ|true
刈る|かる|true
刈入|かりいれ|false
刈入れ|かりいれ|false
刈取る|かりとる|false
刈込む|かりこむ|false
刊行|かんこう|true
刑|けい|true
刑事|けいじ|true
刑事々件|けいじじけん|false
刑事事件|けいじじけん|true
刑事責任|けいじせきにん|true
刑務所|けいむしょ|true
刑法|けいほう|true
刑罰|けいばつ|true
列|れつ|true
列なる|つらなる|false
列ねる|つらねる|false
列ぶ|ならぶ|false
列国|れっこく|true
列島|れっとう|true
列挙|れっきょ|true
列車|れっしゃ|true
初|はつ|true
初まり|はじまり|false
初め|はじめ|true
初めて|はじめて|true
初めに|はじめに|true
初めまして|はじめまして|true
初める|そめる|true
初もうで|はつもうで|false
初代|しょだい|true
初任給|しょにんきゅう|true
初出|しょしゅつ|true
初回|しょかい|true
初場所|はつばしょ|true
初売り|はつうり|true
初夏|しょか|true
初夢|はつゆめ|true
初対面|しょたいめん|true
初年|しょねん|true
初心|しょしん|true
初心者|しょしんしゃ|true
初心者向け|しょしんしゃむけ|true
初恋|はつこい|true
初戦|しょせん|true
初挑戦|はつちょうせん|true
初日|しょにち|true
初旬|しょじゅん|true
初期|しょき|true
初期費用|しょきひよう|true
初歩|しょほ|true
初演|しょえん|true
初版|しょはん|true
初球|しょきゅう|true
初級|しょきゅう|true
初老|しょろう|true
初舞台|はつぶたい|true
初詣|はつもうで|true
初詣で|はつもうで|false
初陣|ういじん|true
初雪|はつゆき|true
初頭|しょとう|true
判|はん|true
判り|わかり|false
判りにくい|わかりにくい|false
判り難い|わかりにくい|false
判る|わかる|true
判事|はんじ|true
判例|はんれい|true
判子|はんこ|true
判定|はんてい|true
判断|はんだん|true
判明|はんめい|true
判決|はんけつ|true
別|べつ|true
別々|べつべつ|true
別け|わけ|false
別ける|わける|false
別け前|わけまえ|false
別ち|わかち|false
別つ|わかつ|false
別に|べつに|true
別れ|わかれ|true
別れる|わかれる|true
別れ目|わかれめ|false
別人|べつじん|true
別個|べっこ|true
別冊|べっさつ|true
別册|べっさつ|false
別別|べつべつ|false
別名|べつめい|true
別問題|べつもんだい|true
別室|べっしつ|true
別居|べっきょ|true
別棟|べつむね|true
別箇|べっこ|false
別荘|べっそう|true
別表|べっぴょう|true
別途|べっと|true
別院|べついん|true
別館|べっかん|true
利|り|true
利かせる|きかせる|true
利き目|ききめ|true
利く|きく|true
利上げ|りあげ|true
利下げ|りさげ|true
利便|りべん|true
利口|りこう|true
利回り|りまわり|true
利子|りし|true
利害|りがい|true
利害関係|りがいかんけい|true
利巧|りこう|false
利己|りこ|true
利己主義|りこしゅぎ|true
利息|りそく|true
利払い|りばらい|true
利権|りけん|true
利殖|りしょく|true
利比亜|リビア|false
利比利亜|リベリア|false
利潤|りじゅん|true
利点|りてん|true
利率|りりつ|true
利用|りよう|true
利用方法|りようほうほう|true
利用者|りようしゃ|true
利益|りえき|true
利目|ききめ|false
到る|いたる|false
到るところ|いたるところ|false
到る処|いたるところ|false
到る所|いたるところ|false
到底|とうてい|true
到来|とうらい|true
到着|とうちゃく|true
到達|とうたつ|true
到頭|とうとう|false
制|せい|true
制する|せいする|true
制作|せいさく|true
制圧|せいあつ|true
制定|せいてい|true
制度|せいど|true
制御|せいぎょ|true
制服|せいふく|true
制止|せいし|true
制球|せいきゅう|true
制禦|せいぎょ|false
制約|せいやく|true
制裁|せいさい|true
制覇|せいは|true
制造|せいぞう|false
制限|せいげん|true
制馭|せいぎょ|false
刷る|する|true
刷新|さっしん|true
券|けん|true
刹那|せつな|true
刹那い|せつない|false
刺|とげ|true
刺々|いらいら|false
刺さる|ささる|true
刺し|さし|true
刺しゅう|ししゅう|false
刺し殺す|さしころす|true
刺し身|さしみ|true
刺す|さす|true
刺刺|いらいら|false
刺戟|しげき|false
刺激|しげき|true
刺繍|ししゅう|true
刺繡|ししゅう|false
刺身|さしみ|true
刻|こく|true
刻|とき|false
刻々|こっこく|true
刻々|ギザギザ|false
刻み|きざみ|true
刻む|きざむ|true
刻一刻|こくいっこく|true
刻一刻と|こくいっこくと|true
刻刻|こっこく|false
刻刻|ギザギザ|false
剃る|そる|true
剃刀|かみそり|true
則する|そくする|false
則ち|すなわち|false
削り節|けずりぶし|true
削る|けずる|true
削減|さくげん|true
削除|さくじょ|true
剋|こく|false
前|さき|false
前|ぜん|true
前|まえ|true
前々|まえまえ|true
前ぶれ|まえぶれ|false
前もって|まえもって|true
前代未聞|ぜんだいみもん|true
前以って|まえもって|false
前以て|まえもって|false
前例|ぜんれい|true
前倒し|まえだおし|true
前借り|まえがり|true
前兆|ぜんちょう|true
前前|まえまえ|false
前半|ぜんはん|true
前半戦|ぜんはんせん|true
前向き|まえむき|true
前哨戦|ぜんしょうせん|true
前回|ぜんかい|true
前売|まえうり|false
前売り|まえうり|true
前売り券|まえうりけん|true
前売券|まえうりけん|false
前夜|ぜんや|true
前夜祭|ぜんやさい|true
前年|ぜんねん|true
前年度|ぜんねんど|true
前庭|ぜんてい|true
前後|ぜんご|true
前徴|ぜんちょう|false
前払|まえばらい|false
前払い|まえばらい|true
前提|ぜんてい|true
前文|ぜんぶん|true
前方|ぜんぽう|true
前日|ぜんじつ|true
前書き|まえがき|true
前期|ぜんき|true
前歴|ぜんれき|true
前水|せんすい|false
前略|ぜんりゃく|true
前線|ぜんせん|true
前置き|まえおき|true
前者|ぜんしゃ|true
前衛|ぜんえい|true
前触れ|まえぶれ|true
前記|ぜんき|true
前身|ぜんしん|true
前途|ぜんと|true
前週|ぜんしゅう|true
前進|ぜんしん|true
前部|ぜんぶ|true
前面|ぜんめん|true
前頭|まえがしら|true
前髪|まえがみ|true
剔出|てきしゅつ|false
剛い|つよい|false
剛健|ごうけん|true
剛情|ごうじょう|false
剝がす|はがす|false
剝がれる|はがれる|false
剝く|むく|false
剝ぐ|はぐ|false
剝ける|むける|false
剝げる|はげる|false
剣|けん|true
剣劇|けんげき|true
剣士|けんし|true
剣道|けんどう|true
剥がす|はがす|true
剥がれる|はがれる|true
剥く|むく|true
剥ぐ|はぐ|true
剥ける|むける|true
剥げる|はげる|true
剥す|はがす|false
剪刀|はさみ|false
副|ふく|true
副う|そう|false
副える|そえる|false
副作用|ふくさよう|true
副反応|ふくはんのう|true
副業|ふくぎょう|true
副産物|ふくさんぶつ|true
副知事|ふくちじ|true
副社長|ふくしゃちょう|true
副葬品|ふくそうひん|true
副詞|ふくし|true
副賞|ふくしょう|true
副題|ふくだい|true
剰す|あます|false
剰り|あまり|false
剰余金|じょうよきん|true
割|わり|true
割く|さく|true
割ける|さける|false
割と|わりと|true
割に|わりに|true
割り|わり|true
割りこむ|わりこむ|false
割りだす|わりだす|false
割りと|わりと|false
割りに|わりに|false
割りばし|わりばし|false
割り出す|わりだす|true
割り切る|わりきる|true
割り勘|わりかん|true
割り合い|わりあい|false
割り安|わりやす|false
割り引|わりびき|false
割り引き|わりびき|false
割り引く|わりびく|true
割り当て|わりあて|true
割り当てる|わりあてる|true
割り算|わりざん|true
割り箸|わりばし|true
割り込み|わりこみ|true
割り込む|わりこむ|true
割り高|わりだか|false
割る|わる|true
割れる|われる|true
割れ目|われめ|true
割出す|わりだす|false
割切る|わりきる|false
割勘|わりかん|false
割合|わりあい|true
割合に|わりあいに|true
割安|わりやす|true
割引|わりびき|true
割引き|わりびき|false
割引く|わりびく|false
割引債|わりびきさい|true
割当|わりあて|false
割当て|わりあて|true
割当てる|わりあてる|true
割目|われめ|false
割算|わりざん|false
割箸|わりばし|false
割譲|かつじょう|true
割込|わりこみ|false
割込み|わりこみ|false
割込む|わりこむ|false
割高|わりだか|true
創|きず|false
創める|はじめる|false
創りあげる|つくりあげる|false
創りだす|つくりだす|false
創り上げる|つくりあげる|false
創り出す|つくりだす|false
創る|つくる|true
創作|そうさく|true
創価学会|そうかがっかい|true
創出|そうしゅつ|true
創刊|そうかん|true
創始|そうし|true
創意|そうい|true
創業|そうぎょう|true
創立|そうりつ|true
創設|そうせつ|true
創造|そうぞう|true
創造力|そうぞうりょく|true
創造的|そうぞうてき|true
剿討|そうとう|false
劃|かく|false
劃する|かくする|false
劃一|かくいつ|false
劃数|かくすう|false
劃期的|かっきてき|false
劇|げき|true
劇しい|はげしい|false
劇作|げきさく|true
劇団|げきだん|true
劇場|げきじょう|true
劇変|げきへん|false
劇戦|げきせん|false
劇甚|げきじん|false
劇画|げきが|true
劇的|げきてき|true
劇薬|げきやく|true
劇論|げきろん|false
劍|けん|false
劒|けん|false
力|ちから|true
力|りょく|true
力いっぱい|ちからいっぱい|false
力む|りきむ|true
力めて|つとめて|false
力める|つとめる|false
力もち|ちからもち|false
力一杯|ちからいっぱい|true
力作|りきさく|true
力倆|りきりょう|false
力士|りきし|true
力学|りきがく|true
力強い|ちからづよい|true
力投|りきとう|true
力持ち|ちからもち|true
力添え|ちからぞえ|true
力点|りきてん|true
力試し|ちからだめし|true
力説|りきせつ|true
力量|りきりょう|true
功労|こうろう|true
功名|こうみょう|true
功夫|くふう|false
功績|こうせき|true
功者|こうしゃ|false
功能|こうのう|false
加|か|true
加える|くわえる|true
加わる|くわわる|true
加入|かにゅう|true
加味|かみ|true
加圧|かあつ|true
加奈陀|カナダ|false
加害者|かがいしゃ|true
加工|かこう|true
加担|かたん|true
加減|かげん|true
加点|かてん|true
加熱|かねつ|true
加爾基|カルキ|false
加特力|カトリック|false
加留多|カルタ|false
加盟|かめい|true
加答児|カタル|false
加算|かさん|true
加速|かそく|true
加重|かじゅう|true
劣る|おとる|true
劣勢|れっせい|true
劣化|れっか|true
劣悪|れつあく|true
劣等感|れっとうかん|true
助かる|たすかる|true
助け|たすけ|true
助ける|たすける|true
助け合い|たすけあい|true
助け合う|たすけあう|true
助っ人|すけっと|true
助力|じょりょく|true
助役|じょやく|true
助成|じょせい|true
助手|じょしゅ|true
助教授|じょきょうじゅ|true
助演|じょえん|true
助産婦|じょさんぷ|true
助言|じょげん|true
助詞|じょし|true
努めて|つとめて|true
努める|つとめる|true
努力|どりょく|true
劫かす|おびやかす|false
励まし|はげまし|true
励ます|はげます|true
励み|はげみ|true
励む|はげむ|true
労|ろう|true
労る|いたわる|true
労わる|いたわる|false
労作|ろうさく|true
労使|ろうし|true
労働|ろうどう|true
労働党|ろうどうとう|true
労働力|ろうどうりょく|true
労働基準法|ろうどうきじゅんほう|true
労働条件|ろうどうじょうけん|true
労働省|ろうどうしょう|true
労働組合|ろうどうくみあい|true
労働者|ろうどうしゃ|true
労働運動|ろうどううんどう|true
労力|ろうりょく|true
労動|ろうどう|false
労動者|ろうどうしゃ|false
労務|ろうむ|true
労災|ろうさい|true
労相|ろうしょう|true
労組|ろうそ|true
労連|ろうれん|true
効|かい|false
効かせる|きかせる|false
効き目|ききめ|true
効く|きく|true
効力|こうりょく|true
効果|こうか|true
効果的|こうかてき|true
効率|こうりつ|true
効率的|こうりつてき|true
効用|こうよう|true
効目|ききめ|false
効能|こうのう|true
勁い|つよい|false
勃牙利|ブルガリア|false
勃起|ぼっき|true
勅|みことのり|true
勇ましい|いさましい|true
勇み足|いさみあし|true
勇む|いさむ|true
勇士|ゆうし|true
勇悍|ゆうかん|false
勇敢|ゆうかん|true
勇気|ゆうき|true
勇者|ゆうしゃ|true
勇退|ゆうたい|true
勉めて|つとめて|false
勉める|つとめる|false
勉学|べんがく|true
勉強|べんきょう|true
勉強中|べんきょうちゅう|true
動|どう|true
動かす|うごかす|true
動き|うごき|true
動きだす|うごきだす|false
動き出す|うごきだす|true
動く|うごく|true
動じる|どうじる|true
動乱|どうらん|true
動作|どうさ|true
動力|どうりょく|true
動勢|どうせい|false
動向|どうこう|true
動員|どういん|true
動態|どうたい|true
動揺|どうよう|true
動植物|どうしょくぶつ|true
動機|どうき|true
動物|どうぶつ|true
動物園|どうぶつえん|true
動画|どうが|true
動脈|どうみゃく|true
動脈硬化|どうみゃくこうか|true
動詞|どうし|true
動議|どうぎ|true
動静|どうせい|true
勘|かん|true
勘える|かんがえる|false
勘定|かんじょう|true
勘弁|かんべん|true
勘案|かんあん|true
勘辨|かんべん|false
勘違い|かんちがい|true
務め|つとめ|true
務める|つとめる|true
勝ち|かち|true
勝ち星|かちぼし|true
勝ち負け|かちまけ|true
勝ち越し|かちこし|true
勝ち越す|かちこす|true
勝つ|かつ|true
勝る|まさる|true
勝れる|すぐれる|false
勝利|しょうり|true
勝因|しょういん|true
勝手|かって|true
勝手気まま|かってきまま|true
勝手気儘|かってきまま|false
勝敗|しょうはい|true
勝率|しょうりつ|true
勝者|しょうしゃ|true
勝訴|しょうそ|true
勝負|しょうぶ|true
勝越し|かちこし|false
勝越す|かちこす|false
募る|つのる|true
募金|ぼきん|true
募集|ぼしゅう|true
勢|いきおい|false
勢|ぜい|true
勢い|いきおい|true
勢ぞろい|せいぞろい|true
勢み|はずみ|false
勢む|はずむ|false
勢力|せいりょく|true
勢揃|せいぞろい|false
勢揃い|せいぞろい|true
勤め|つとめ|true
勤める|つとめる|true
勤め先|つとめさき|true
勤労|きんろう|true
勤労者|きんろうしゃ|true
勤勉|きんべん|true
勤務|きんむ|true
勤務時間|きんむじかん|true
勤続|きんぞく|true
勧め|すすめ|true
勧める|すすめる|true
勧告|かんこく|true
勧善懲悪|かんぜんちょうあく|true
勧奨|かんしょう|true
勧業|かんぎょう|true
勧誘|かんゆう|true
勧進|かんじん|true
勲章|くんしょう|true
勾配|こうばい|true
勿体ない|もったいない|true
勿体無い|もったいない|false
勿論|もちろん|true
匂|におい|false
匂い|におい|true
匂う|におう|true
包み|つつみ|true
包みこむ|つつみこむ|false
包み紙|つつみがみ|true
包み込む|つつみこむ|true
包む|くるむ|false
包む|つつむ|true
包丁|ほうちょう|true
包含|ほうがん|true
包囲|ほうい|true
包容力|ほうようりょく|true
包帯|ほうたい|true
包括|ほうかつ|true
包紙|つつみがみ|false
包装|ほうそう|true
包込む|つつみこむ|false
匍う|はう|false
匕|さじ|false
化けもの|ばけもの|false
化ける|ばける|true
化ける|ふける|false
化け物|ばけもの|true
化合|かごう|true
化合物|かごうぶつ|true
化学|かがく|true
化学兵器|かがくへいき|true
化学物質|かがくぶっしつ|true
化学肥料|かがくひりょう|true
化學|かがく|false
化成|かせい|true
化物|ばけもの|false
化石|かせき|true
化粧|けしょう|true
化繊|かせん|true
北|きた|true
北々東|ほくほくとう|false
北アイルランド|きたアイルランド|true
北上|ほくじょう|true
北九州|きたきゅうしゅう|true
北京|ペキン|true
北側|きたがわ|true
北北東|ほくほくとう|true
北口|きたぐち|true
北国|きたぐに|true
北方|ほっぽう|true
北朝鮮|きたちょうせん|true
北東|ほくとう|true
北極|ほっきょく|true
北極圏|ほっきょくけん|true
北欧|ほくおう|true
北海|ほっかい|true
北海道|ほっかいどう|true
北海道開発庁長官|ほっかいどうかいはつちょうちょうかん|true
北端|ほくたん|true
北米|ほくべい|true
北緯|ほくい|true
北西|ほくせい|true
北部|ほくぶ|true
北陸|ほくりく|true
北風|きたかぜ|true
匙|さじ|true
匠|たくみ|true
匡体|きょうたい|false
匣|はこ|false
匹|ひき|true
匹敵|ひってき|true
区|く|true
区々|まちまち|false
区内|くない|true
区分|くぶん|true
区切|くぎり|false
区切り|くぎり|true
区切る|くぎる|true
区別|くべつ|true
区劃|くかく|false
区区|まちまち|false
区域|くいき|true
区役所|くやくしょ|true
区民|くみん|true
区画|くかく|true
区立|くりつ|true
区議|くぎ|true
区長|くちょう|true
区間|くかん|true
医|い|true
医大|いだい|true
医学|いがく|true
医学部|いがくぶ|true
医局|いきょく|true
医師|いし|true
医師会|いしかい|true
医療|いりょう|true
医科|いか|true
医科学|いかがく|true
医者|いしゃ|true
医薬|いやく|true
医薬品|いやくひん|true
医長|いちょう|true
医院|いいん|true
匿す|かくす|false
匿れる|かくれる|false
匿名|とくめい|true
區|く|false
區別|くべつ|false
區劃|くかく|false
區畫|くかく|false
十|じゅう|true
十一|じゅういち|true
十一日|じゅういちにち|true
十一月|じゅういちがつ|true
十七|じゅうなな|true
十七日|じゅうしちにち|true
十万|じゅうまん|true
十三|じゅうさん|true
十三日|じゅうさんにち|true
十両|じゅうりょう|true
十九|じゅうきゅう|true
十九日|じゅうくにち|true
十二|じゅうに|true
十二分|じゅうにぶん|true
十二日|じゅうににち|true
十二月|じゅうにがつ|true
十五|じゅうご|true
十五日|じゅうごにち|true
十代|じゅうだい|true
十億|じゅうおく|true
十八|じゅうはち|true
十八日|じゅうはちにち|true
十八番|じゅうはちばん|true
十六|じゅうろく|true
十六日|じゅうろくにち|true
十分|じゅうぶん|true
十四|じゅうし|true
十四日|じゅうよっか|true
十字|じゅうじ|true
十字架|じゅうじか|true
十字路|じゅうじろ|true
十日|とおか|true
十月|じゅうがつ|true
十萬|じゅうまん|false
十露盤|そろばん|false
千|せん|true
千世|ちよ|false
千九百年代|せんきゅうひゃくねんだい|true
千代|ちよ|true
千円|せんえん|false
千円札|せんえんさつ|true
千切る|ちぎる|true
千切れる|ちぎれる|true
千島|ちしま|true
千島列島|ちしまれっとう|true
千秋楽|せんしゅうらく|true
千秋樂|せんしゅうらく|false
千穐楽|せんしゅうらく|false
千穐樂|せんしゅうらく|false
千葉|ちば|true
千里|せんり|true
千鳥|ちどり|true
千龝楽|せんしゅうらく|false
千龝樂|せんしゅうらく|false
卄|にじゅう|false
卅|さんじゅう|false
升|ます|true
午|うま|true
午|ひる|false
午すぎ|ひるすぎ|false
午前|ごぜん|true
午前中|ごぜんちゅう|true
午后|ごご|false
午後|ごご|true
午過ぎ|ひるすぎ|false
半|はん|true
半々|はんはん|true
半そで|はんそで|false
半ば|なかば|true
半値|はんね|true
半分|はんぶん|true
半半|はんはん|false
半周|はんしゅう|true
半官半民|はんかんはんみん|true
半導体|はんどうたい|true
半島|はんとう|true
半年|はんとし|true
半径|はんけい|true
半数|はんすう|true
半日|はんにち|true
半月|はんつき|true
半期|はんき|true
半減|はんげん|true
半熟|はんじゅく|true
半生|はんせい|true
半端|はんぱ|true
半袖|はんそで|true
半身|はんしん|true
半面|はんめん|true
半額|はんがく|true
卌|よんじゅう|false
卑しい|いやしい|true
卑劣|ひれつ|true
卑屈|ひくつ|true
卑怯|ひきょう|true
卒える|おえる|false
卒る|おわる|false
卒先|そっせん|false
卒業|そつぎょう|true
卒業式|そつぎょうしき|true
卒業後|そつぎょうご|true
卒業生|そつぎょうせい|true
卒直|そっちょく|false
卓|たく|true
卓上|たくじょう|true
卓球|たっきゅう|true
卓越|たくえつ|true
協会|きょうかい|true
協力|きょうりょく|true
協同|きょうどう|true
協同体|きょうどうたい|false
協同組合|きょうどうくみあい|true
協和|きょうわ|true
協奏曲|きょうそうきょく|true
協定|きょうてい|true
協調|きょうちょう|true
協議|きょうぎ|true
協賛|きょうさん|true
南|みなみ|true
南がわ|みなみがわ|false
南アフリカ|みなみアフリカ|true
南側|みなみがわ|true
南北|なんぼく|true
南北問題|なんぼくもんだい|true
南口|みなみぐち|true
南方|なんぽう|true
南東|なんとう|true
南極|なんきょく|true
南氷洋|なんひょうよう|true
南海|なんかい|true
南瓜|かぼちゃ|true
南米|なんべい|true
南緯|なんい|true
南蛮|なんばん|true
南西|なんせい|true
南部|なんぶ|true
単|たん|true
単|ひとえ|false
単なる|たんなる|true
単に|たんに|true
単一|たんいつ|true
単位|たんい|true
単価|たんか|true
単数|たんすう|true
単独|たんどく|true
単産|たんさん|true
単皮|たび|false
単純|たんじゅん|true
単行本|たんこうぼん|true
単語|たんご|true
単調|たんちょう|true
単身|たんしん|true
単身赴任|たんしんふにん|true
博|はく|true
博士|はかせ|true
博士|はくし|true
博多|はかた|true
博学|はくがく|true
博愛|はくあい|true
博物|はくぶつ|true
博物館|はくぶつかん|true
博覧会|はくらんかい|true
卜|うらない|false
卜い|うらない|false
卜う|うらなう|false
占|うらない|false
占い|うらない|true
占い師|うらないし|true
占う|うらなう|true
占める|しめる|true
占師|うらないし|false
占拠|せんきょ|true
占有|せんゆう|true
占領|せんりょう|true
卮|さかずき|false
卯|う|true
印|いん|true
印|しるし|true
印刷|いんさつ|true
印度|インド|false
印度尼西亜|インドネシア|false
印度支那|インドシナ|false
印税|いんぜい|true
印紙|いんし|true
印象|いんしょう|true
印象づける|いんしょうづける|false
印象付ける|いんしょうづける|true
印象的|いんしょうてき|true
印鑑|いんかん|true
危うい|あやうい|true
危うく|あやうく|true
危ぐ|きぐ|false
危ない|あぶない|true
危ぶむ|あやぶむ|true
危害|きがい|true
危急|ききゅう|true
危惧|きぐ|true
危機|きき|true
危篤|きとく|true
危虞|きぐ|false
危険|きけん|true
危険性|きけんせい|true
即く|つく|false
即する|そくする|true
即ち|すなわち|true
即位|そくい|true
即刻|そっこく|true
即功|そっこう|false
即効|そっこう|true
即売|そくばい|true
即席|そくせき|true
即座|そくざ|true
即座に|そくざに|true
即戦力|そくせんりょく|true
即日|そくじつ|true
即時|そくじ|true
即死|そくし|true
即興|そっきょう|true
却々|なかなか|false
却って|かえって|true
却下|きゃっか|true
却却|なかなか|false
卵|たまご|true
卵型|らんけい|false
卵子|らんし|true
卵巣|らんそう|true
卵形|らんけい|true
卵管|らんかん|true
卸|おろし|true
卸し|おろし|false
卸し値|おろしね|false
卸し売り|おろしうり|false
卸し売り物価|おろしうりぶっか|false
卸す|おろす|true
卸値|おろしね|true
卸売|おろしうり|true
卸売り|おろしうり|true
卸売市場|おろしうりしじょう|true
卸売物価|おろしうりぶっか|true
卿|きょう|true
厄|やく|true
厄介|やっかい|true
厄年|やくどし|true
厄瓜多|エクアドル|false
厓|がけ|false
厖大|ぼうだい|false
厘|りん|true
厚い|あつい|true
厚かましい|あつかましい|true
厚さ|あつさ|true
厚み|あつみ|true
厚味|あつみ|false
厚意|こうい|true
厚生|こうせい|true
厚生年金|こうせいねんきん|true
厚生省|こうせいしょう|true
厚相|こうしょう|true
厚着|あつぎ|true
厚紙|あつがみ|true
原|はら|true
原っぱ|はらっぱ|true
原人|げんじん|true
原住民|げんじゅうみん|true
原作|げんさく|true
原価|げんか|true
原則|げんそく|true
原動力|げんどうりょく|true
原告|げんこく|true
原因|げんいん|true
原型|げんけい|true
原始|げんし|true
原子|げんし|true
原子力|げんしりょく|true
原子核|げんしかく|true
原子炉|げんしろ|true
原形|げんけい|true
原文|げんぶん|true
原料|げんりょう|true
原書|げんしょ|true
原本|げんぽん|true
原材料|げんざいりょう|true
原案|げんあん|true
原水爆|げんすいばく|true
原油|げんゆ|true
原泉|げんせん|false
原潜|げんせん|true
原点|げんてん|true
原爆|げんばく|true
原理|げんり|true
原生|げんせい|true
原産|げんさん|true
原産地|げんさんち|true
原画|げんが|true
原発|げんぱつ|true
原稿|げんこう|true
原稿用紙|げんこうようし|true
原素|げんそ|false
原義|げんぎ|true
原色|げんしょく|true
原資|げんし|true
原野|げんや|true
厨坊|ちゅうぼう|false
厨房|ちゅうぼう|true
厭|いや|false
厭がらせ|いやがらせ|false
厭がる|いやがる|false
厭き|あき|false
厭きる|あきる|false
厭らしい|いやらしい|true
厳か|おごそか|true
厳しい|きびしい|true
厳しさ|きびしさ|true
厳守|げんしゅ|true
厳密|げんみつ|true
厳戒|げんかい|true
厳格|げんかく|true
厳禁|げんきん|true
厳粛|げんしゅく|true
厳罰|げんばつ|true
厳重|げんじゅう|true
厶います|ございます|false
去る|さる|true
去就|きょしゅう|true
去年|きょねん|true
去来|きょらい|true
参|さん|false
参る|まいる|true
参与|さんよ|true
参事|さんじ|true
参事官|さんじかん|true
参入|さんにゅう|true
参列|さんれつ|true
参加|さんか|true
参加者|さんかしゃ|true
参戦|さんせん|true
参拝|さんぱい|true
参拾|さんじゅう|false
参政権|さんせいけん|true
参照|さんしょう|true
参画|さんかく|true
参考|さんこう|true
参考書|さんこうしょ|true
参観|さんかん|true
参謀|さんぼう|true
参議院|さんぎいん|true
参道|さんどう|true
参院|さんいん|true
參|さん|false
參考|さんこう|false
又|また|false
又ね|またね|false
又は|または|true
叉|また|false
及|および|false
及び|および|true
及ぶ|およぶ|true
及ぼす|およぼす|true
友|とも|true
友だち|ともだち|true
友人|ゆうじん|true
友好|ゆうこう|true
友情|ゆうじょう|true
友愛|ゆうあい|true
友達|ともだち|true
双|そう|true
双つ|ふたつ|false
双ぶ|ならぶ|false
双べる|ならべる|false
双子|ふたご|true
双対|そうたい|false
双方|そうほう|true
双生児|そうせいじ|true
双眼鏡|そうがんきょう|true
双葉|ふたば|true
反|はん|true
反す|かえす|true
反する|はんする|true
反って|かえって|false
反る|かえる|true
反る|そる|true
反乱|はんらん|true
反体制|はんたいせい|true
反作用|はんさよう|true
反共|はんきょう|true
反則|はんそく|true
反動|はんどう|true
反対|はんたい|true
反対側|はんたいがわ|true
反射|はんしゃ|true
反射的|はんしゃてき|true
反影|はんえい|false
反復|はんぷく|true
反応|はんのう|true
反感|はんかん|true
反戦|はんせん|true
反抗|はんこう|true
反撃|はんげき|true
反撥|はんぱつ|false
反旗|はんき|true
反日|はんにち|true
反映|はんえい|true
反発|はんぱつ|true
反省|はんせい|true
反米|はんべい|true
反落|はんらく|true
反証|はんしょう|true
反論|はんろん|true
反転|はんてん|true
反逆|はんぎゃく|true
反面|はんめん|true
反響|はんきょう|true
収まり|おさまり|true
収まる|おさまる|true
収める|おさめる|true
収る|おさまる|false
収入|しゅうにゅう|true
収容|しゅうよう|true
収容所|しゅうようじょ|true
収拾|しゅうしゅう|true
収支|しゅうし|true
収用|しゅうよう|true
収益|しゅうえき|true
収穫|しゅうかく|true
収納|しゅうのう|true
収縮|しゅうしゅく|true
収賄|しゅうわい|true
収量|しゅうりょう|true
収録|しゅうろく|true
収集|しゅうしゅう|true
叔母|おば|true
叔父|おじ|true
取っ手|とって|true
取りあえず|とりあえず|false
取りあげる|とりあげる|false
取りあつかう|とりあつかう|false
取りいれる|とりいれる|false
取りえ|とりえ|false
取りかえる|とりかえる|false
取りかかる|とりかかる|false
取りかこむ|とりかこむ|false
取りこみ|とりこみ|false
取りこむ|とりこむ|false
取りそろえる|とりそろえる|false
取りたて|とりたて|false
取りだす|とりだす|false
取りつぐ|とりつぐ|false
取りのぞく|とりのぞく|false
取りはずす|とりはずす|false
取りまく|とりまく|false
取りまとめる|とりまとめる|true
取りもどす|とりもどす|false
取りわけ|とりわけ|false
取り上げる|とりあげる|true
取り下げ|とりさげ|true
取り入れる|とりいれる|true
取り出す|とりだす|true
取り分け|とりわけ|true
取り口|とりくち|true
取り合えず|とりあえず|false
取り囲む|とりかこむ|true
取り壊し|とりこわし|true
取り外す|とりはずす|true
取り寄せる|とりよせる|true
取り巻く|とりまく|true
取り引き|とりひき|true
取り引き先|とりひきさき|false
取り得|とりえ|false
取り戻す|とりもどす|true
取り扱|とりあつかい|false
取り扱い|とりあつかい|true
取り扱い注意|とりあつかいちゅうい|false
取り扱う|とりあつかう|true
取り掛かる|とりかかる|true
取り掛る|とりかかる|false
取り揃える|とりそろえる|true
取り換える|とりかえる|false
取り敢えず|とりあえず|false
取り方|とりかた|true
取り替える|とりかえる|true
取り柄|とりえ|true
取り極め|とりきめ|false
取り極める|とりきめる|false
取り次ぎ|とりつぎ|true
取り次ぐ|とりつぐ|true
取り残す|とりのこす|true
取り毀し|とりこわし|false
取り決め|とりきめ|true
取り決める|とりきめる|true
取り消し|とりけし|true
取り消す|とりけす|true
取り立て|とりたて|true
取り組|とりくみ|false
取り組み|とりくみ|true
取り組む|とりくむ|true
取り継ぐ|とりつぐ|false
取り締まり|とりしまり|true
取り締まり役|とりしまりやく|false
取り締まる|とりしまる|true
取り締り|とりしまり|false
取り纏める|とりまとめる|false
取り計らい|とりはからい|true
取り調べ|とりしらべ|true
取り込み|とりこみ|true
取り込む|とりこむ|true
取り返す|とりかえす|true
取り除く|とりのぞく|true
取る|とる|true
取れる|とれる|true
取上げる|とりあげる|false
取下|とりさげ|false
取下げ|とりさげ|false
取入れる|とりいれる|false
取出す|とりだす|false
取分け|とりわけ|false
取口|とりくち|false
取合えず|とりあえず|false
取囲む|とりかこむ|false
取壊し|とりこわし|false
取外す|とりはずす|false
取寄せる|とりよせる|false
取巻く|とりまく|false
取引|とりひき|true
取引き|とりひき|false
取引先|とりひきさき|true
取得|しゅとく|true
取得|とりえ|false
取戻す|とりもどす|false
取手|とって|false
取扱|とりあつかい|true
取扱い|とりあつかい|true
取扱う|とりあつかう|false
取扱注意|とりあつかいちゅうい|true
取捨|しゅしゃ|true
取掛る|とりかかる|false
取揃える|とりそろえる|false
取換える|とりかえる|false
取換る|とりかえる|false
取敢えず|とりあえず|false
取方|とりかた|false
取替える|とりかえる|false
取材|しゅざい|true
取柄|とりえ|false
取極め|とりきめ|false
取極める|とりきめる|false
取次|とりつぎ|false
取次ぎ|とりつぎ|true
取次ぐ|とりつぐ|false
取残す|とりのこす|false
取毀し|とりこわし|false
取水|しゅすい|true
取決|とりきめ|false
取決め|とりきめ|true
取決める|とりきめる|false
取消|とりけし|false
取消し|とりけし|true
取消す|とりけす|false
取立て|とりたて|false
取組|とりくみ|false
取組み|とりくみ|false
取組む|とりくむ|false
取継ぐ|とりつぐ|false
取締|とりしまり|false
取締まり|とりしまり|false
取締まる|とりしまる|false
取締り|とりしまり|true
取締り役|とりしまりやく|false
取締る|とりしまる|false
取締役|とりしまりやく|true
取締役会|とりしまりやくかい|true
取締法|とりしまりほう|true
取纏める|とりまとめる|false
取計らい|とりはからい|false
取調|とりしらべ|false
取調べ|とりしらべ|true
取込|とりこみ|false
取込み|とりこみ|false
取込む|とりこむ|false
取返す|とりかえす|false
取除く|とりのぞく|false
受かる|うかる|true
受け|うけ|true
受けいれる|うけいれる|false
受けたまわる|うけたまわる|false
受けつぐ|うけつぐ|false
受けつけ|うけつけ|false
受けつける|うけつける|false
受けとめる|うけとめる|false
受けとる|うけとる|false
受ける|うける|true
受け付|うけつけ|false
受け付け|うけつけ|true
受け付ける|うけつける|true
受け付け中|うけつけちゅう|false
受け入れ|うけいれ|true
受け入れる|うけいれる|true
受け取|うけとり|false
受け取り|うけとり|true
受け取り人|うけとりにん|false
受け取る|うけとる|true
受け取人|うけとりにん|false
受け容れる|うけいれる|false
受け持ち|うけもち|true
受け持つ|うけもつ|true
受け止める|うけとめる|true
受け渡し|うけわたし|true
受け皿|うけざら|true
受け継ぐ|うけつぐ|true
受け賜る|うけたまわる|false
受け賜わる|うけたまわる|false
受け身|うけみ|true
受付|うけつけ|true
受付け|うけつけ|false
受付ける|うけつける|false
受付け中|うけつけちゅう|false
受付中|うけつけちゅう|true
受信|じゅしん|true
受信器|じゅしんき|false
受信機|じゅしんき|true
受像|じゅぞう|true
受入|うけいれ|false
受入れ|うけいれ|false
受入れる|うけいれる|false
受刑|じゅけい|true
受動|じゅどう|true
受動的|じゅどうてき|true
受取|うけとり|true
受取り|うけとり|true
受取り人|うけとりにん|false
受取る|うけとる|false
受取人|うけとりにん|true
受容|じゅよう|true
受容れる|うけいれる|false
受持|うけもち|false
受持ち|うけもち|false
受授|じゅじゅ|false
受注|じゅちゅう|true
受渡|うけわたし|false
受渡し|うけわたし|false
受理|じゅり|true
受皿|うけざら|false
受益|じゅえき|true
受章|じゅしょう|true
受精|じゅせい|true
受精卵|じゅせいらん|true
受給|じゅきゅう|true
受胎|じゅたい|true
受託|じゅたく|true
受診|じゅしん|true
受註|じゅちゅう|false
受話器|じゅわき|true
受話機|じゅわき|false
受諾|じゅだく|true
受講|じゅこう|true
受講料|じゅこうりょう|true
受賞|じゅしょう|true
受賞式|じゅしょうしき|false
受身|うけみ|true
受附|うけつけ|false
受難|じゅなん|true
受領|じゅりょう|true
受験|じゅけん|true
叙事詩|じょじし|true
叙利亜|シリア|false
叙勲|じょくん|true
叙情|じょじょう|true
叙文|じょぶん|false
叙述|じょじゅつ|true
叛く|そむく|false
叛する|はんする|false
叛乱|はんらん|false
叛旗|はんき|false
叛逆|はんぎゃく|false
叡智|えいち|false
叡知|えいち|false
叢がる|むらがる|false
口|くち|true
口々|くちぐち|true
口々に|くちぐちに|true
口きき|くちきき|false
口ぐせ|くちぐせ|false
口げんか|くちげんか|false
口ごたえ|くちごたえ|false
口ごもる|くちごもる|true
口さき|くちさき|false
口だし|くちだし|false
口どめ|くちどめ|false
口ぶえ|くちぶえ|false
口ぶり|くちぶり|true
口ケンカ|くちげんか|false
口ゲンカ|くちげんか|false
口コミ|くちコミ|true
口上|こうじょう|true
口先|くちさき|true
口出し|くちだし|true
口利き|くちきき|true
口口|くちぐち|false
口口に|くちぐちに|false
口喧嘩|くちげんか|true
口嘴|くちばし|false
口実|こうじつ|true
口座|こうざ|true
口座番号|こうざばんごう|true
口径|こうけい|true
口応え|くちごたえ|false
口惜しい|くやしい|false
口振り|くちぶり|false
口数|くちかず|true
口止め|くちどめ|true
口火|くちび|true
口癖|くちぐせ|true
口笛|くちぶえ|true
口答え|くちごたえ|true
口篭もる|くちごもる|false
口篭る|くちごもる|false
口籠もる|くちごもる|false
口籠る|くちごもる|false
口紅|くちべに|true
口語|こうご|true
口調|くちょう|true
口論|こうろん|true
口走る|くちばしる|true
口述|こうじゅつ|true
口頭|こうとう|true
口頭弁論|こうとうべんろん|true
古|いにしえ|true
古い|ふるい|true
古え|いにしえ|false
古くさい|ふるくさい|false
古事|こじ|false
古今|ここん|true
古代|こだい|true
古典|こてん|true
古典的|こてんてき|true
古加涅|コカイン|false
古参|こさん|true
古城|こじょう|true
古墳|こふん|true
古巣|ふるす|true
古文|こぶん|true
古文書|こもんじょ|true
古書|こしょ|true
古本|ふるほん|true
古本屋|ふるほんや|true
古来|こらい|true
古着|ふるぎ|true
古紙|こし|true
古臭い|ふるくさい|true
古語|こご|true
古都|こと|true
古里|ふるさと|true
古風|こふう|true
句|く|true
句切|くぎり|false
句切り|くぎり|false
句切る|くぎる|false
句読点|くとうてん|true
句集|くしゅう|true
叩き|たたき|true
叩き|はたき|true
叩く|たたく|true
只|ただ|true
只今|ただいま|true
只管|ひたすら|false
叫く|わめく|false
叫び|さけび|true
叫び声|さけびごえ|true
叫ぶ|さけぶ|true
召しあがる|めしあがる|false
召し上がる|めしあがる|true
召し上る|めしあがる|false
召す|めす|true
召上がる|めしあがる|false
召喚|しょうかん|true
召請|しょうせい|false
召集|しょうしゅう|true
叮嚀|ていねい|false
可|か|true
可き|べき|false
可きではない|べきではない|false
可なり|かなり|false
可也|かなり|false
可否|かひ|true
可哀そう|かわいそう|false
可哀想|かわいそう|true
可哀相|かわいそう|true
可怪しい|おかしい|false
可愛い|かわいい|true
可愛がる|かわいがる|true
可愛そう|かわいそう|false
可愛らしい|かわいらしい|true
可憐|かれん|true
可成|かなり|false
可成り|かなり|false
可決|かけつ|true
可燃性|かねんせい|true
可燃物|かねんぶつ|true
可笑しい|おかしい|false
可笑しな|おかしな|false
可能|かのう|true
可能にする|かのうにする|true
可能性|かのうせい|true
可能性が高い|かのうせいがたかい|true
台|だい|true
台なし|だいなし|false
台地|だいち|true
台帳|だいちょう|true
台所|だいどころ|true
台本|だいほん|true
台湾|たいわん|true
台灣|たいわん|false
台無し|だいなし|true
台車|だいしゃ|true
台頭|たいとう|true
台風|たいふう|true
叱る|しかる|true
叱言|こごと|false
史|し|true
史上|しじょう|true
史学|しがく|true
史実|しじつ|true
史家|しか|true
史料|しりょう|true
史跡|しせき|true
史蹟|しせき|false
右|みぎ|true
右がわ|みぎがわ|false
右っかわ|みぎがわ|false
右クリック|みぎクリック|true
右上|みぎうえ|true
右下|みぎした|true
右中間|うちゅうかん|true
右側|みぎがわ|true
右往左往|うおうさおう|true
右手|みぎて|true
右折|うせつ|true
右方|うほう|true
右派|うは|true
右翼|うよく|true
右脚|みぎあし|false
右腕|みぎうで|true
右足|みぎあし|true
叶う|かなう|true
叶える|かなえる|true
号|ごう|true
号令|ごうれい|true
号外|ごうがい|true
号泣|ごうきゅう|true
号車|ごうしゃ|true
司どる|つかさどる|false
司る|つかさどる|true
司令|しれい|true
司令官|しれいかん|true
司令部|しれいぶ|true
司会|しかい|true
司会者|しかいしゃ|true
司書|ししょ|true
司法|しほう|true
司法裁判|しほうさいばん|true
吁|ああ|false
吃る|どもる|true
吃逆|しゃっくり|false
吃驚|びっくり|false
各|おのおの|false
各|かく|true
各々|おのおの|true
各位|かくい|true
各別|かくべつ|false
各各|おのおの|true
各国|かっこく|true
各地|かくち|true
各種|かくしゅ|true
各自|かくじ|true
合|ごう|true
合いことば|あいことば|false
合い乗り|あいのり|false
合い性|あいしょう|false
合い言葉|あいことば|false
合い詞|あいことば|false
合い間|あいま|false
合う|あう|true
合す|あわす|false
合せる|あわせる|false
合づち|あいづち|false
合わす|あわす|true
合わせる|あわせる|true
合乗り|あいのり|false
合作|がっさく|true
合併|がっぺい|true
合併症|がっぺいしょう|true
合力|ごうりょく|true
合同|ごうどう|true
合否|ごうひ|true
合唱|がっしょう|true
合唱団|がっしょうだん|true
合図|あいず|true
合奏|がっそう|true
合宿|がっしゅく|true
合弁|ごうべん|true
合性|あいしょう|false
合意|ごうい|true
合憎|あいにく|false
合憲|ごうけん|true
合成|ごうせい|true
合成洗剤|ごうせいせんざい|true
合成繊維|ごうせいせんい|true
合戦|かっせん|true
合掌|がっしょう|true
合板|ごうはん|true
合格|ごうかく|true
合棒|あいぼう|false
合槌|あいづち|false
合法|ごうほう|true
合法的|ごうほうてき|true
合流|ごうりゅう|true
合点|がてん|true
合理|ごうり|true
合理化|ごうりか|true
合理的|ごうりてき|true
合瓣|ごうべん|false
合繊|ごうせん|true
合羽|カッパ|false
合致|がっち|true
合言葉|あいことば|true
合計|ごうけい|true
合議|ごうぎ|true
合辦|ごうべん|false
合金|ごうきん|true
合鎚|あいづち|false
合間|あいま|true
吉い|よい|false
吉兆|きっちょう|true
吉利支丹|キリシタン|false
吉報|きっぽう|true
吉徴|きっちょう|false
吊す|つるす|false
吊る|つる|true
吊るす|つるす|true
吋|インチ|false
同|どう|true
同じ|おなじ|true
同じく|おなじく|true
同じみ|おなじみ|false
同せい|どうせい|false
同一|どういつ|true
同上|どうじょう|true
同乗|どうじょう|true
同人|どうじん|true
同伴|どうはん|true
同僚|どうりょう|true
同党|どうとう|true
同列|どうれつ|true
同化|どうか|true
同名|どうめい|true
同国|どうこく|true
同地|どうち|true
同士|どうし|true
同夜|どうや|true
同好|どうこう|true
同姓|どうせい|true
同室|どうしつ|true
同封|どうふう|true
同局|どうきょく|true
同居|どうきょ|true
同市|どうし|true
同席|どうせき|true
同年|どうねん|true
同店|どうてん|true
同志|どうし|true
同性|どうせい|true
同性愛|どうせいあい|true
同情|どうじょう|true
同意|どうい|true
同感|どうかん|true
同数|どうすう|true
同日|どうじつ|true
同時|どうじ|true
同時に|どうじに|true
同時代|どうじだい|true
同時期|どうじき|true
同月|どうげつ|true
同期|どうき|true
同校|どうこう|true
同棲|どうせい|true
同業|どうぎょう|true
同様|どうよう|true
同氏|どうし|true
同点|どうてん|true
同然|どうぜん|true
同率|どうりつ|true
同町|どうちょう|true
同病|どうびょう|true
同盟|どうめい|true
同省|どうしょう|true
同県|どうけん|true
同社|どうしゃ|true
同種|どうしゅ|true
同窓|どうそう|true
同窓会|どうそうかい|true
同等|どうとう|true
同級|どうきゅう|true
同級生|どうきゅうせい|true
同義語|どうぎご|true
同胞|どうほう|true
同船|どうせん|true
同行|どうこう|true
同調|どうちょう|true
同郷|どうきょう|true
同音|どうおん|true
同類|どうるい|true
名|な|true
名づける|なづける|false
名のり|なのり|false
名のる|なのる|false
名まえ|なまえ|false
名乗り|なのり|true
名乗り出る|なのりでる|true
名乗る|なのる|true
名人|めいじん|true
名付ける|なづける|true
名作|めいさく|true
名儀|めいぎ|false
名優|めいゆう|true
名刺|めいし|true
名前|なまえ|true
名古屋|なごや|true
名告り|なのり|false
名告る|なのる|false
名声|めいせい|true
名字|みょうじ|true
名実|めいじつ|true
名所|めいしょ|true
名手|めいしゅ|true
名指し|なざし|true
名曲|めいきょく|true
名月|めいげつ|true
名札|なふだ|true
名案|めいあん|true
名残|なごり|true
名残り|なごり|false
名残り惜しい|なごりおしい|false
名残惜しい|なごりおしい|true
名物|めいぶつ|true
名画|めいが|true
名目|めいもく|true
名称|めいしょう|true
名簿|めいぼ|true
名義|めいぎ|true
名著|めいちょ|true
名詞|めいし|true
名誉|めいよ|true
名誉職|めいよしょく|true
名門|めいもん|true
名高い|なだかい|true
后|のち|false
吐かす|ぬかす|false
吐きけ|はきけ|false
吐きだす|はきだす|false
吐き出す|はきだす|true
吐き気|はきけ|true
吐く|つく|true
吐く|はく|true
吐出す|はきだす|false
吐気|はきけ|false
吐露|とろ|true
向い|むかい|true
向う|むかう|false
向う|むこう|false
向う側|むこうがわ|false
向かい|むかい|true
向かう|むかう|true
向かって左|むかってひだり|true
向き|むき|true
向く|むく|true
向け|むけ|true
向ける|むける|true
向こう|むこう|true
向こうがわ|むこうがわ|false
向こう側|むこうがわ|true
向上|こうじょう|true
向側|むこうがわ|false
君|きみ|true
君|くん|true
君が世|きみがよ|false
君が代|きみがよ|true
君たち|きみたち|true
君主|くんしゅ|true
君子|くんし|true
君臨|くんりん|true
君達|きみたち|false
吝しむ|おしむ|false
吞む|のむ|false
吟味|ぎんみ|true
吠える|ほえる|true
否|いな|true
否|いや|false
否|ひ|true
否々|いやいや|true
否否|いやいや|false
否定|ひてい|true
否決|ひけつ|true
否認|ひにん|true
含み|ふくみ|true
含む|ふくむ|true
含める|ふくめる|true
含有|がんゆう|true
含蓄|がんちく|true
听|ポンド|false
吭|のど|false
吸いがら|すいがら|false
吸いこむ|すいこむ|false
吸い殻|すいがら|true
吸い込む|すいこむ|true
吸う|すう|true
吸がら|すいがら|false
吸入|きゅうにゅう|true
吸収|きゅうしゅう|true
吸引|きゅういん|true
吸殻|すいがら|false
吸血鬼|きゅうけつき|true
吸込む|すいこむ|false
吹きこむ|ふきこむ|false
吹きだす|ふきだす|false
吹きだまり|ふきだまり|false
吹きでもの|ふきでもの|false
吹きとぶ|ふきとぶ|false
吹き出す|ふきだす|true
吹き出もの|ふきでもの|false
吹き出物|ふきでもの|true
吹き溜まり|ふきだまり|true
吹き溜り|ふきだまり|false
吹き込む|ふきこむ|true
吹き飛ぶ|ふきとぶ|true
吹く|ふく|true
吹出す|ふきだす|false
吹出物|ふきでもの|false
吹込む|ふきこむ|false
吹雪|ふぶき|true
吹飛ぶ|ふきとぶ|false
吼える|ほえる|false
吾|われ|false
吾々|われわれ|false
吾が|わが|false
吾ら|われら|false
吾れ|われ|false
吾吾|われわれ|false
吾等|われら|false
呆け|ぼけ|true
呆ける|ぼける|true
呆れる|あきれる|true
呆気|あっけ|true
呉々も|くれぐれも|false
呉れる|くれる|false
呉れ呉れも|くれぐれも|false
呉呉も|くれぐれも|false
呉服|ごふく|true
呉蓙|ござ|false
呉越同舟|ごえつどうしゅう|true
告げる|つげる|true
告別|こくべつ|true
告天子|ひばり|false
告愬|こくそ|false
告発|こくはつ|true
告白|こくはく|true
告知|こくち|true
告示|こくじ|true
告訴|こくそ|true
呎|フィート|false
呑みこむ|のみこむ|false
呑み会|のみかい|false
呑み込む|のみこむ|false
呑む|のむ|true
呑気|のんき|true
呑込む|のみこむ|false
呟く|つぶやく|true
周り|まわり|true
周到|しゅうとう|true
周囲|しゅうい|true
周年|しゅうねん|true
周期|しゅうき|true
周波数|しゅうはすう|true
周知|しゅうち|true
周章てる|あわてる|false
周辺|しゅうへん|true
周遊|しゅうゆう|true
呪い|のろい|true
呪う|のろう|true
味|あじ|true
味けない|あじけない|false
味つけ|あじつけ|false
味の素|あじのもと|true
味わい|あじわい|true
味わう|あじわう|true
味付け|あじつけ|true
味噌|みそ|true
味噌汁|みそしる|true
味方|みかた|true
味気ない|あじけない|true
味気無い|あじけない|false
味着け|あじつけ|false
味覚|みかく|true
呵る|しかる|false
呶鳴り込む|どなりこむ|false
呶鳴る|どなる|false
呻る|うなる|false
呼びかけ|よびかけ|true
呼びかける|よびかける|true
呼びすて|よびすて|false
呼びだす|よびだす|false
呼びもどす|よびもどす|false
呼び出し|よびだし|true
呼び出す|よびだす|true
呼び名|よびな|true
呼び声|よびごえ|true
呼び戻す|よびもどす|true
呼び捨|よびすて|false
呼び捨て|よびすて|true
呼び掛け|よびかけ|true
呼び掛ける|よびかける|true
呼び水|よびみず|true
呼ぶ|よぶ|true
呼出|よびだし|false
呼出し|よびだし|false
呼出す|よびだす|false
呼名|よびな|false
呼吸|こきゅう|true
呼吸器|こきゅうき|true
呼声|よびごえ|false
呼応|こおう|true
呼戻す|よびもどす|false
呼捨て|よびすて|false
呼掛ける|よびかける|false
呼水|よびみず|false
呼称|こしょう|true
命|いのち|true
命じる|めいじる|true
命ずる|めいずる|true
命中|めいちゅう|true
命令|めいれい|true
命名|めいめい|true
命日|めいにち|true
命運|めいうん|true
命題|めいだい|true
咄|はなし|false
咄す|はなす|false
咄嗟に|とっさに|true
咆える|ほえる|false
和|わ|true
和む|なごむ|true
和やか|なごやか|true
和やか|にこやか|false
和らぐ|やわらぐ|true
和らげる|やわらげる|true
和上|おしょう|false
和佐比|わさび|false
和地関|バチカン|false
和室|わしつ|true
和尚|おしょう|true
和布|わかめ|false
和平|わへい|true
和式|わしき|true
和文|わぶん|true
和服|わふく|true
和歌|わか|true
和洋折衷|わようせっちゅう|true
和牛|わぎゅう|true
和紙|わし|true
和英|わえい|true
和菓子|わがし|true
和蘭|オランダ|false
和蘭陀|オランダ|false
和解|わかい|true
和語|わご|true
和議|わぎ|true
和風|わふう|true
和食|わしょく|true
咎める|とがめる|true
咒い|のろい|false
咖哩|カレー|false
咖喱|カレー|false
咨る|はかる|false
咬む|かむ|true
咲い|わらい|false
咲う|わらう|false
咲き乱れる|さきみだれる|true
咲く|さく|true
咲乱れる|さきみだれる|false
咳|せき|true
咽|のど|false
哀しい|かなしい|false
哀しみ|かなしみ|false
哀しむ|かなしむ|false
哀れ|あわれ|true
哀れむ|あわれむ|true
哀悼|あいとう|true
哀愁|あいしゅう|true
品|しな|true
品|ひん|true
品もの|しなもの|false
品位|ひんい|true
品切れ|しなぎれ|true
品名|ひんめい|true
品性|ひんせい|true
品格|ひんかく|true
品物|しなもの|true
品目|ひんもく|true
品種|ひんしゅ|true
品詞|ひんし|true
品質|ひんしつ|true
哂う|わらう|false
員|いん|true
員数|いんずう|true
員數|いんずう|false
哥留多|カルタ|false
哩|マイル|false
哭|ね|false
哲人|てつじん|true
哲学|てつがく|true
唄|うた|true
唄う|うたう|false
唆かす|そそのかす|false
唆す|そそのかす|true
唇|くちびる|true
唐|とう|true
唐手|からて|false
唐突|とうとつ|true
唐芥子|とうがらし|false
唐辛子|とうがらし|true
唯|ただ|true
唯一|ゆいいつ|true
唯今|ただいま|false
唯物論|ゆいぶつろん|true
唱う|うたう|false
唱える|となえる|true
唱歌|しょうか|true
唸る|うなる|true
唾|つば|true
商|しょう|true
商い|あきない|true
商事|しょうじ|true
商人|しょうにん|true
商会|しょうかい|true
商務|しょうむ|true
商品|しょうひん|true
商品券|しょうひんけん|true
商品名|しょうひんめい|true
商売|しょうばい|true
商学|しょうがく|true
商工|しょうこう|true
商工会議所|しょうこうかいぎしょ|true
商店|しょうてん|true
商店街|しょうてんがい|true
商戦|しょうせん|true
商業|しょうぎょう|true
商標|しょうひょう|true
商法|しょうほう|true
商用|しょうよう|true
商社|しょうしゃ|true
商談|しょうだん|true
商魂|しょうこん|true
問|とい|false
問|もん|true
問い|とい|true
問い合せ|といあわせ|false
問い合せる|といあわせる|false
問い合わせ|といあわせ|true
問い合わせる|といあわせる|true
問う|とう|true
問合|といあわせ|false
問合せ|といあわせ|false
問合せる|といあわせる|false
問合わせ|といあわせ|false
問合わせる|といあわせる|false
問屋|とんや|true
問答|もんどう|true
問責|もんせき|true
問題|もんだい|true
問題ない|もんだいない|true
問題意識|もんだいいしき|true
問題点|もんだいてん|true
問題無い|もんだいない|false
啓もう|けいもう|false
啓発|けいはつ|true
啓示|けいじ|true
啓蒙|けいもう|true
啖う|くう|false
啼き声|なきごえ|false
啼く|なく|false
善|ぜん|true
善い|よい|false
善き|よき|false
善く|よく|false
善くも|よくも|false
善さ|よさ|false
善しあし|よしあし|false
善し悪し|よしあし|true
善悪|ぜんあく|true
善意|ぜんい|true
善戦|ぜんせん|true
善良|ぜんりょう|true
善隣|ぜんりん|true
喉|のど|true
喋る|しゃべる|true
喘息|ぜんそく|true
喙|くちばし|false
喚く|わめく|true
喚び出す|よびだす|false
喚ぶ|よぶ|false
喚問|かんもん|true
喚起|かんき|true
喜ばしい|よろこばしい|true
喜ばす|よろこばす|true
喜び|よろこび|true
喜ぶ|よろこぶ|true
喜んで|よろこんで|true
喜劇|きげき|true
喜寿|きじゅ|true
喜怒哀楽|きどあいらく|true
喝破|かっぱ|true
喧しい|やかましい|true
喧嘩|けんか|true
喩|たとえ|false
喩え|たとえ|false
喩える|たとえる|false
喪|も|true
喪う|うしなう|false
喪主|もしゅ|true
喪失|そうしつ|true
喪服|もふく|true
喪章|もしょう|true
喫う|すう|false
喫する|きっする|true
喫烟|きつえん|false
喫煙|きつえん|true
喫茶|きっさ|true
喫茶店|きっさてん|true
喫驚|びっくり|false
喰いさがる|くいさがる|false
喰いとめる|くいとめる|false
喰い下がる|くいさがる|false
喰い止める|くいとめる|false
喰う|くう|true
喰べる|たべる|false
喰らう|くらう|false
喰止める|くいとめる|false
営み|いとなみ|true
営む|いとなむ|true
営利|えいり|true
営団|えいだん|true
営業|えいぎょう|true
営業マン|えいぎょうマン|true
営業所|えいぎょうしょ|true
営業時間|えいぎょうじかん|true
営繕|えいぜん|true
営農|えいのう|true
営養|えいよう|false
嗅ぐ|かぐ|true
嗚呼|ああ|false
嗚呼嗚呼|ああああ|false
嗜好|しこう|true
嗟|ああ|false
嗟乎|ああ|false
嗣ぐ|つぐ|false
嗤い|わらい|false
嗤う|わらう|false
嗽|うがい|false
嗾す|そそのかす|false
嘆かわしい|なげかわしい|true
嘆き|なげき|true
嘆く|なげく|true
嘆息|たんそく|true
嘆願|たんがん|true
嘉留太|カルタ|false
嘔き気|はきけ|false
嘔吐|おうと|true
嘗て|かつて|false
嘗める|なめる|false
嘘|うそ|true
嘘つき|うそつき|true
嘘付き|うそつき|false
嘘吐き|うそつき|false
嘱望|しょくぼう|true
嘱託|しょくたく|true
嘲ける|あざける|false
嘲る|あざける|true
嘴|くちばし|true
嘸|さぞ|false
噂|うわさ|true
噓|うそ|false
噓吐き|うそつき|false
噛みつく|かみつく|false
噛み付く|かみつく|true
噛む|かむ|true
噛付く|かみつく|false
噦|しゃっくり|false
器|うつわ|true
器具|きぐ|true
器官|きかん|true
器材|きざい|true
器械|きかい|true
器楽|きがく|true
器機|きき|false
器物|きぶつ|true
器用|きよう|true
器管|きかん|false
噫|ああ|false
噴きだす|ふきだす|false
噴き出す|ふきだす|true
噴出|ふんしゅつ|true
噴出す|ふきだす|false
噴射|ふんしゃ|true
噴水|ふんすい|true
噴火|ふんか|true
噴煙|ふんえん|true
噸|トン|false
噺|はなし|false
嚇かす|おどかす|false
嚇し|おどし|false
嚇す|おどす|false
嚏|くしゃみ|false
嚔|くしゃみ|false
嚙む|かむ|false
嚢|ふくろ|false
嚼む|かむ|false
囁く|ささやく|true
囑託|しょくたく|false
囚われる|とらわれる|false
囚人|しゅうじん|true
四|し|true
四〇|よんじゅう|false
四〇〇|よんひゃく|false
四〇〇〇|よんせん|false
四たり|よにん|false
四つ|よっつ|true
四つ角|よつかど|true
四人|よにん|true
四十|よんじゅう|true
四千|よんせん|true
四半期|しはんき|true
四国|しこく|true
四季|しき|true
四拾|よんじゅう|false
四捨五入|ししゃごにゅう|true
四方|しほう|true
四日|よっか|true
四時|よじ|true
四月|しがつ|true
四本|よんほん|true
四死球|ししきゅう|true
四球|しきゅう|true
四畳半|よじょうはん|true
四百|よんひゃく|true
四肢|しし|true
四角|しかく|true
四角い|しかくい|true
四輪車|よんりんしゃ|true
四重奏|しじゅうそう|true
四隅|よすみ|true
回|かい|true
回し|まわし|true
回す|まわす|true
回り|まわり|true
回り合う|めぐりあう|false
回り路|まわりみち|false
回り道|まわりみち|true
回る|まわる|true
回る|めぐる|false
回収|かいしゅう|true
回帰|かいき|true
回廊|かいろう|true
回復|かいふく|true
回忌|かいき|true
回想|かいそう|true
回戦|かいせん|true
回数|かいすう|true
回数券|かいすうけん|true
回生|かいせい|true
回目|かいめ|true
回答|かいとう|true
回線|かいせん|true
回覧|かいらん|true
回路|かいろ|true
回転|かいてん|true
回送|かいそう|true
回避|かいひ|true
回顧|かいこ|true
回顧録|かいころく|true
因|いん|true
因|もと|false
因|よし|false
因に|ちなみに|false
因みに|ちなみに|true
因る|よる|false
因子|いんし|true
因果|いんが|true
因縁|いんねん|true
団体|だんたい|true
団員|だんいん|true
団地|だんち|true
団塊|だんかい|true
団扇|うちわ|true
団栗|どんぐり|false
団結|だんけつ|true
団長|だんちょう|true
困りはてる|こまりはてる|false
困り果てる|こまりはてる|true
困る|こまる|true
困惑|こんわく|true
困窮|こんきゅう|true
困難|こんなん|true
囲い|かこい|true
囲う|かこう|true
囲み|かこみ|true
囲む|かこむ|true
囲碁|いご|true
図|ず|true
図々しい|ずうずうしい|true
図る|はかる|true
図図しい|ずうずうしい|false
図式|ずしき|true
図形|ずけい|true
図書|としょ|true
図書室|としょしつ|true
図書館|としょかん|true
図柄|ずがら|true
図版|ずはん|true
図示|ずし|true
図表|ずひょう|true
図解|ずかい|true
図鑑|ずかん|true
図面|ずめん|true
固い|かたい|true
固さ|かたさ|true
固まり|かたまり|false
固まる|かたまる|true
固め|かため|true
固める|かためる|true
固より|もとより|false
固体|こたい|true
固型|こけい|false
固執|こしつ|true
固定|こてい|true
固定費|こていひ|true
固定資産|こていしさん|true
固形|こけい|true
固有|こゆう|true
国|くに|true
国々|くにぐに|true
国ざかい|こっきょう|false
国交|こっこう|true
国人|こくじん|true
国会|こっかい|true
国会議事堂|こっかいぎじどう|true
国会議員|こっかいぎいん|true
国体|こくたい|true
国債|こくさい|true
国内|こくない|true
国内旅行|こくないりょこう|true
国分寺|こくぶんじ|true
国力|こくりょく|true
国務|こくむ|true
国務大臣|こくむだいじん|true
国務省|こくむしょう|true
国務長官|こくむちょうかん|true
国勢|こくせい|true
国勢調査|こくせいちょうさ|true
国名|こくめい|true
国営|こくえい|true
国国|くにぐに|false
国土|こくど|true
国土庁|こくどちょう|true
国境|こっきょう|true
国士|こくし|true
国外|こくがい|true
国学|こくがく|true
国宝|こくほう|true
国家|こっか|true
国家公務員|こっかこうむいん|true
国家試験|こっかしけん|true
国富|こくふ|true
国対|こくたい|true
国庫|こっこ|true
国情|こくじょう|true
国慶節|こっけいせつ|true
国技|こくぎ|true
国政|こくせい|true
国文学|こくぶんがく|true
国旗|こっき|true
国是|こくぜ|true
国有|こくゆう|true
国柄|くにがら|true
国権|こっけん|true
国歌|こっか|true
国民|こくみん|true
国民健康保険|こくみんけんこうほけん|true
国民宿舎|こくみんしゅくしゃ|true
国民年金|こくみんねんきん|true
国民性|こくみんせい|true
国民投票|こくみんとうひょう|true
国民的|こくみんてき|true
国民総生産|こくみんそうせいさん|true
国状|こくじょう|false
国王|こくおう|true
国産|こくさん|true
国界|こっきょう|false
国益|こくえき|true
国税|こくぜい|true
国税局|こくぜいきょく|true
国税庁|こくぜいちょう|true
国立|こくりつ|true
国立劇場|こくりつげきじょう|true
国立博物館|こくりつはくぶつかん|true
国策|こくさく|true
国籍|こくせき|true
国語|こくご|true
国語辞典|こくごじてん|true
国論|こくろん|true
国費|こくひ|true
国賓|こくひん|true
国軍|こくぐん|true
国連|こくれん|true
国道|こくどう|true
国鉄|こくてつ|true
国防|こくぼう|true
国際|こくさい|true
国際人|こくさいじん|true
国際化|こくさいか|true
国際協力事業団|こくさいきょうりょくじぎょうだん|true
国際法|こくさいほう|true
国際的|こくさいてき|true
国際連合|こくさいれんごう|true
國|くに|false
國家|こっか|false
國語|こくご|false
國際|こくさい|false
圏内|けんない|true
圏外|けんがい|true
園|えん|true
園|その|true
園児|えんじ|true
園内|えんない|true
園芸|えんげい|true
園長|えんちょう|true
圓|えん|false
圖|ず|false
圖解|ずかい|false
土|つち|true
土人|どじん|true
土俵|どひょう|true
土俵際|どひょうぎわ|true
土台|どだい|true
土器|どき|true
土圭|とけい|false
土地|とち|true
土地柄|とちがら|true
土塀|どべい|true
土壇場|どたんば|true
土壌|どじょう|true
土建屋|どけんや|true
土手|どて|true
土日|どにち|true
土星|どせい|true
土曜|どよう|true
土曜日|どようび|true
土木|どぼく|true
土産|みやげ|true
土石|どせき|true
土砂|どしゃ|true
土砂降り|どしゃぶり|true
土耳其|トルコ|false
土耳古|トルコ|false
土足|どそく|true
土間|どま|true
圧さえる|おさえる|false
圧し|おし|false
圧す|おす|false
圧倒|あっとう|true
圧倒的|あっとうてき|true
圧力|あつりょく|true
圧勝|あっしょう|true
圧巻|あっかん|true
圧縮|あっしゅく|true
圧観|あっかん|false
圧迫|あっぱく|true
在りし日|ありしひ|true
在りのまま|ありのまま|false
在りの儘|ありのまま|false
在る|ある|true
在京|ざいきょう|true
在任|ざいにん|true
在住|ざいじゅう|true
在外|ざいがい|true
在外公館|ざいがいこうかん|true
在学|ざいがく|true
在宅|ざいたく|true
在庫|ざいこ|true
在日|ざいにち|true
在来|ざいらい|true
在留|ざいりゅう|true
在籍|ざいせき|true
在米|ざいべい|true
在職|ざいしょく|true
在野|ざいや|true
地|ち|true
地|つち|false
地上|ちじょう|true
地下|ちか|true
地下室|ちかしつ|true
地下水|ちかすい|true
地下道|ちかどう|true
地下鉄|ちかてつ|true
地中|ちちゅう|true
地中海|ちちゅうかい|true
地主|じぬし|true
地位|ちい|true
地価|ちか|true
地元|じもと|true
地力|じりき|true
地区|ちく|true
地合|じあい|false
地合い|じあい|true
地名|ちめい|true
地味|じみ|true
地図|ちず|true
地域|ちいき|true
地域社会|ちいきしゃかい|true
地層|ちそう|true
地帯|ちたい|true
地平線|ちへいせん|true
地形|ちけい|true
地方|ちほう|true
地方公共団体|ちほうこうきょうだんたい|true
地方公務員|ちほうこうむいん|true
地方分権|ちほうぶんけん|true
地方税|ちほうぜい|true
地方自治|ちほうじち|true
地方自治体|ちほうじちたい|true
地方行政|ちほうぎょうせい|true
地方議会|ちほうぎかい|true
地検|ちけん|true
地殻|ちかく|true
地殻変動|ちかくへんどう|true
地点|ちてん|true
地獄|じごく|true
地球|ちきゅう|true
地球上|ちきゅうじょう|true
地球儀|ちきゅうぎ|true
地球温暖化|ちきゅうおんだんか|true
地理|ちり|true
地理情報システム|ちりじょうほうシステム|true
地盤|じばん|true
地肌|じはだ|true
地膚|じはだ|false
地蔵|じぞう|true
地表|ちひょう|true
地裁|ちさい|true
地誌|ちし|true
地質|ちしつ|true
地道|じみち|true
地雷|じらい|true
地震|じしん|true
地面|じめん|true
址|あと|false
坂|さか|true
坂道|さかみち|true
均しい|ひとしい|false
均一|きんいつ|true
均整|きんせい|true
均斉|きんせい|false
均等|きんとう|true
均衡|きんこう|true
均質|きんしつ|true
坊さん|ぼうさん|true
坊ちゃん|ぼっちゃん|true
坊っちゃん|ぼっちゃん|true
坊主|ぼうず|true
坏|さかずき|false
坐り|すわり|false
坐る|すわる|false
坐わる|すわる|false
坐席|ざせき|false
坐敷|ざしき|false
坐禅|ざぜん|false
坐蒲団|ざぶとん|false
坑道|こうどう|true
坪|つぼ|true
垂|たれ|false
垂らす|たらす|true
垂れ|たれ|false
垂れる|たれる|true
垂れ幕|たれまく|true
垂幕|たれまく|false
垂直|すいちょく|true
型|かた|true
型式|かたしき|true
型録|カタログ|false
垢|あか|true
垣|かき|true
垣根|かきね|true
垣間見る|かいまみる|true
埃|ほこり|true
埃及|エジプト|false
埋まる|うまる|true
埋める|うずめる|true
埋める|うめる|true
埋め立て|うめたて|true
埋め立て地|うめたてち|true
埋もれる|うもれる|true
埋没|まいぼつ|true
埋立|うめたて|false
埋立て|うめたて|false
埋立て地|うめたてち|false
埋立地|うめたてち|false
埋葬|まいそう|true
埋蔵|まいぞう|true
城|しろ|true
城下町|じょうかまち|true
城主|じょうしゅ|true
城内|じょうない|true
城廓|じょうかく|false
城郭|じょうかく|true
埜|の|false
域内|いきない|true
域外|いきがい|true
埴|ねんど|false
埴土|ねんど|false
執る|とる|true
執務|しつむ|true
執念|しゅうねん|true
執拗い|しつこい|false
執着|しゅうちゃく|true
執筆|しっぴつ|true
執著|しゅうちゃく|false
執行|しっこう|true
執行委員|しっこういいん|true
執行猶予|しっこうゆうよ|true
執行部|しっこうぶ|true
培う|つちかう|true
培養|ばいよう|true
基|もと|false
基く|もとづく|false
基ずく|もとづく|false
基づく|もとづく|true
基付く|もとづく|false
基因|きいん|false
基地|きち|true
基地外|キチガイ|false
基幹|きかん|true
基本|きほん|true
基本料金|きほんりょうきん|true
基本的|きほんてき|true
基準|きじゅん|true
基準法|きじゅんほう|true
基盤|きばん|true
基督|キリスト|false
基督教|キリストきょう|false
基礎|きそ|true
基調|きちょう|true
基軸|きじく|true
基金|ききん|true
埼|さき|false
埼玉|さいたま|true
堀|ほり|true
堀川|ほりかわ|true
堀江|ほりえ|true
堂|どう|true
堂々|どうどう|true
堂堂|どうどう|false
堅い|かたい|true
堅さ|かたさ|true
堅める|かためる|false
堅固|けんご|true
堅実|けんじつ|true
堅持|けんじ|true
堅調|けんちょう|true
堆積|たいせき|true
堆肥|たいひ|true
堕とす|おとす|false
堕性|だせい|false
堕胎|だたい|true
堕落|だらく|true
堙滅|いんめつ|false
堤|つつみ|true
堤出|ていしゅつ|false
堤防|ていぼう|true
堪える|たえる|true
堪らない|たまらない|true
堪能|たんのう|true
堰|せき|true
報|ほう|true
報いる|むくいる|true
報え|こたえ|false
報える|こたえる|false
報じる|ほうじる|true
報せ|しらせ|false
報せる|しらせる|false
報われる|むくわれる|true
報告|ほうこく|true
報告書|ほうこくしょ|true
報奨金|ほうしょうきん|true
報導|ほうどう|false
報復|ほうふく|true
報知|ほうち|true
報道|ほうどう|true
報道機関|ほうどうきかん|true
報道陣|ほうどうじん|true
報酬|ほうしゅう|true
場|ば|true
場ちがい|ばちがい|false
場内|じょうない|true
場合|ばあい|true
場外|じょうがい|true
場所|ばしょ|true
場違い|ばちがい|true
場面|ばめん|true
塀|へい|true
塁|るい|true
塁審|るいしん|true
塊|かたまり|true
塊まり|かたまり|false
塊り|かたまり|false
塔|とう|true
塗りかえる|ぬりかえる|false
塗り変える|ぬりかえる|false
塗り替える|ぬりかえる|true
塗る|ぬる|true
塗布|とふ|true
塗料|とりょう|true
塗替える|ぬりかえる|false
塗装|とそう|true
塚|つか|true
塞がる|ふさがる|true
塞ぐ|ふさぐ|true
塞爾維|セルビア|false
塡まる|ハマる|false
塡める|はめる|false
塩|しお|true
塩分|えんぶん|true
塩化|えんか|true
塩味|しおあじ|true
塩基|えんき|true
塩梅|あんばい|true
塩水|しおみず|true
塩田|えんでん|true
塩素|えんそ|true
塩辛い|しおからい|true
塩酸|えんさん|true
填まる|ハマる|false
填める|うずめる|false
填める|はめる|false
塵|ちり|true
塵|ゴミ|false
塵取|ちりとり|false
塵取り|ちりとり|false
塵箱|ごみばこ|false
塵紙|ちりがみ|false
塾|じゅく|true
塾生|じゅくせい|true
塾長|じゅくちょう|true
境|さかい|true
境内|けいだい|true
境地|きょうち|true
境界|きょうかい|true
境目|さかいめ|true
境遇|きょうぐう|true
墓|はか|true
墓参|はかまいり|true
墓参り|はかまいり|true
墓地|ぼち|true
墓石|ぼせき|true
墓穴|ぼけつ|true
増々|ますます|false
増える|ふえる|true
増し|まし|true
増して|まして|false
増す|ます|true
増す増す|ますます|false
増やす|ふやす|true
増刷|ぞうさつ|true
増加|ぞうか|true
増化|ぞうか|false
増収|ぞうしゅう|true
増員|ぞういん|true
増増|ますます|false
増大|ぞうだい|true
増強|ぞうきょう|true
増殖|ぞうしょく|true
増水|ぞうすい|true
増減|ぞうげん|true
増産|ぞうさん|true
増発|ぞうはつ|true
増益|ぞうえき|true
増税|ぞうぜい|true
増設|ぞうせつ|true
増資|ぞうし|true
増進|ぞうしん|true
増額|ぞうがく|true
墜ちる|おちる|false
墜とす|おとす|false
墜落|ついらく|true
墨|すみ|true
墨絵|すみえ|true
墨西哥|メキシコ|false
墳墓|ふんぼ|true
墻壁|しょうへき|false
壁|かべ|true
壁画|へきが|true
壁紙|かべがみ|true
壁面|へきめん|true
壇|だん|true
壇上|だんじょう|true
壊す|こわす|true
壊れる|こわれる|true
壊滅|かいめつ|true
壕|ごう|true
壕|ほり|false
壜|びん|false
壜詰|びんづめ|false
壜詰め|びんづめ|false
壟|おか|false
士|さむらい|false
士官|しかん|true
士気|しき|true
士篤恒|ストックホルム|false
壮ん|さかん|false
壮大|そうだい|true
壮年|そうねん|true
壮烈|そうれつ|true
壮行|そうこう|true
声|こえ|true
声援|せいえん|true
声明|せいめい|true
声楽|せいがく|true
声色|こわいろ|true
声高|こわだか|true
壱|いち|false
壱拾萬|じゅうまん|false
壱百萬|ひゃくまん|false
売り|うり|true
売りもの|うりもの|false
売り上|うりあげ|false
売り上げ|うりあげ|true
売り上げ金|うりあげきん|false
売り上げ高|うりあげだか|false
売り出し|うりだし|true
売り出す|うりだす|true
売り切れ|うりきれ|true
売り切れる|うりきれる|true
売り場|うりば|true
売り手|うりて|true
売り物|うりもの|true
売り込み|うりこみ|true
売り込む|うりこむ|true
売る|うる|true
売れゆき|うれゆき|false
売れる|うれる|true
売れ筋|うれすじ|true
売れ筋ランキング|うれすじランキング|true
売れ行き|うれゆき|true
売上|うりあげ|true
売上げ|うりあげ|false
売上金|うりあげきん|true
売上高|うりあげだか|true
売出|うりだし|false
売出し|うりだし|false
売出す|うりだす|false
売切|うりきれ|false
売切れ|うりきれ|false
売切れる|うりきれる|false
売却|ばいきゃく|true
売国奴|ばいこくど|true
売場|うりば|false
売店|ばいてん|true
売手|うりて|false
売春|ばいしゅん|true
売春婦|ばいしゅんふ|true
売物|うりもの|false
売行|うれゆき|false
売行き|うれゆき|false
売買|ばいばい|true
売込み|うりこみ|false
壷|つぼ|true
壹|いち|false
壺|つぼ|true
壻|むこ|false
壼|つぼ|false
壽|ことぶき|false
壽し|すし|false
壽司|すし|false
変|へん|true
変える|かえる|true
変ぼう|へんぼう|false
変り|かわり|false
変る|かわる|false
変わった|かわった|true
変わらない|かわらない|true
変わり|かわり|true
変わる|かわる|true
変人|へんじん|true
変則|へんそく|true
変動|へんどう|true
変化|へんか|true
変化球|へんかきゅう|true
変容|へんよう|true
変形|へんけい|true
変態|へんたい|true
変換|へんかん|true
変更|へんこう|true
変更届|へんこうとどけ|true
変更届け|へんこうとどけ|false
変移|へんい|true
変貌|へんぼう|true
変質|へんしつ|true
変身|へんしん|true
変造|へんぞう|true
変遷|へんせん|true
変革|へんかく|true
夏|なつ|true
夏ばて|なつばて|true
夏もの|なつもの|false
夏バテ|なつばて|true
夏休み|なつやすみ|true
夏場|なつば|true
夏場所|なつばしょ|true
夏季|かき|true
夏時間|なつじかん|true
夏期|かき|true
夏物|なつもの|true
夏至|げし|true
夕|ゆう|true
夕がた|ゆうがた|false
夕ぐれ|ゆうぐれ|false
夕めし|ゆうはん|false
夕やけ|ゆうやけ|false
夕メシ|ゆうはん|false
夕刊|ゆうかん|true
夕刻|ゆうこく|true
夕方|ゆうがた|true
夕日|ゆうひ|true
夕暮|ゆうぐれ|false
夕暮れ|ゆうぐれ|true
夕焼|ゆうやけ|false
夕焼け|ゆうやけ|true
夕立|ゆうだち|true
夕立ち|ゆうだち|false
夕陽|ゆうひ|false
夕霧|ゆうぎり|true
夕食|ゆうしょく|true
夕飯|ゆうはん|true
外|がい|true
外|そと|true
外|ほか|false
外|よそ|false
外がわ|そとがわ|false
外す|はずす|true
外づら|がいめん|false
外に|ほかに|false
外れ|はずれ|true
外れる|はずれる|true
外交|がいこう|true
外交官|がいこうかん|true
外人|がいじん|true
外付|そとづけ|true
外付け|そとづけ|true
外信|がいしん|true
外側|そとがわ|true
外傷|がいしょう|true
外出|がいしゅつ|true
外務|がいむ|true
外務省|がいむしょう|true
外国|がいこく|true
外国人|がいこくじん|true
外国語|がいこくご|true
外圧|がいあつ|true
外堀|そとぼり|true
外壁|がいへき|true
外壕|そとぼり|false
外廓|がいかく|false
外来|がいらい|true
外来語|がいらいご|true
外気|がいき|true
外洋|がいよう|true
外濠|そとぼり|false
外界|がいかい|true
外相|がいしょう|true
外科|げか|true
外科医|げかい|true
外米|がいまい|true
外苑|がいえん|true
外見|がいけん|true
外観|がいかん|true
外角|がいかく|true
外貨|がいか|true
外資|がいし|true
外車|がいしゃ|true
外遊|がいゆう|true
外部|がいぶ|true
外郭|がいかく|true
外郭団体|がいかくだんたい|true
外野|がいや|true
外野手|がいやしゅ|true
外電|がいでん|true
外需|がいじゅ|true
外面|がいめん|true
外食|がいしょく|true
多|た|true
多い|おおい|true
多いに|おおいに|false
多く|おおく|true
多し|おおし|true
多め|おおめ|true
多元的|たげんてき|true
多分|たぶん|true
多大|ただい|true
多寡|たか|true
多少|たしょう|true
多岐|たき|true
多彩|たさい|true
多忙|たぼう|true
多才|たさい|true
多数|たすう|true
多数決|たすうけつ|true
多様|たよう|true
多様化|たようか|true
多様性|たようせい|true
多湿|たしつ|true
多用|たよう|true
多発|たはつ|true
多目|おおめ|false
多目的|たもくてき|true
多角|たかく|true
多角的|たかくてき|true
多重|たじゅう|true
多量|たりょう|true
多難|たなん|true
多面|ためん|true
多額|たがく|true
夜|よる|true
夜ごはん|よるごはん|false
夜ご飯|よるごはん|true
夜なか|よなか|false
夜ふかし|よふかし|false
夜ふけ|よふけ|false
夜中|よなか|true
夜具|やぐ|true
夜勤|やきん|true
夜学|やがく|true
夜御飯|よるごはん|false
夜明|よあけ|false
夜明け|よあけ|true
夜景|やけい|true
夜更かし|よふかし|true
夜更け|よふけ|true
夜更し|よふかし|false
夜深け|よふけ|false
夜空|よぞら|true
夜行|やこう|true
夜間|やかん|true
夢|ゆめ|true
夢にも|ゆめにも|true
夢中|むちゅう|true
夢幻|むげん|true
夢想|むそう|true
夣|ゆめ|false
夥しい|おびただしい|true
大|おお|true
大|だい|true
大々的|だいだいてき|true
大あたり|おおあたり|false
大いそぎ|おおいそぎ|false
大いに|おおいに|true
大がかり|おおがかり|false
大きい|おおきい|true
大きくなる|おおきくなる|true
大きさ|おおきさ|true
大きな|おおきな|true
大げさ|おおげさ|true
大さじ|おおさじ|true
大ざっぱ|おおざっぱ|true
大した|たいした|true
大して|たいして|true
大ぜい|おおぜい|false
大そう|たいそう|false
大ちゅき|だいすき|false
大っきい|おっきい|true
大てい|たいてい|false
大へん|たいへん|false
大まか|おおまか|true
大みそか|おおみそか|false
大むかし|おおむかし|false
大もの|おおもの|false
大丈夫|だいじょうぶ|true
大事|だいじ|true
大事件|だいじけん|true
大人|おとな|true
大人しい|おとなしい|true
大人っぽい|おとなっぽい|true
大人になる|おとなになる|true
大仏|だいぶつ|true
大企業|だいきぎょう|true
大会|たいかい|true
大佐|たいさ|true
大体|だいたい|true
大作|たいさく|true
大使|たいし|true
大使館|たいしかん|true
大便|だいべん|true
大刀|たち|false
大刀|だいとう|true
大分|だいぶ|true
大切|たいせつ|true
大別|たいべつ|true
大前提|だいぜんてい|true
大動脈|だいどうみゃく|true
大勝|たいしょう|true
大募集|だいぼしゅう|true
大勢|おおぜい|true
大勢|たいせい|true
大匙|おおさじ|false
大半|たいはん|true
大卒|だいそつ|true
大口|おおぐち|true
大台|おおだい|true
大同|だいどう|true
大名|だいみょう|true
大和|やまと|true
大商い|おおあきない|true
大喜|おおよろこび|false
大喜び|おおよろこび|true
大回転|だいかいてん|true
大国|たいこく|true
大地|だいち|true
大坂|おおさか|false
大型|おおがた|true
大声|おおごえ|true
大変|たいへん|true
大多数|だいたすう|true
大大的|だいだいてき|false
大好き|だいすき|true
大好評|だいこうひょう|true
大嫌い|だいきらい|true
大学|だいがく|true
大学生|だいがくせい|true
大学進学|だいがくしんがく|true
大学院|だいがくいん|true
大学院生|だいがくいんせい|true
大學|だいがく|false
大宇宙|だいうちゅう|true
大家|おおや|true
大家|たいか|true
大家族|だいかぞく|true
大将|たいしょう|true
大將|たいしょう|false
大尉|たいい|true
大小|だいしょう|true
大屋|おおや|true
大層|たいそう|true
大山|たいざん|true
大工|だいく|true
大差|たいさ|true
大巾|おおはば|false
大師|だいし|true
大幅|おおはば|true
大平洋|たいへいよう|false
大店|おおだな|true
大当たり|おおあたり|true
大当り|おおあたり|false
大形|おおがた|false
大役|たいやく|true
大急ぎ|おおいそぎ|true
大悦び|おおよろこび|false
大成|たいせい|true
大成功|だいせいこう|true
大戦|たいせん|true
大手|おおて|true
大手企業|おおてきぎょう|true
大抵|たいてい|true
大捷|たいしょう|false
大掃除|おおそうじ|true
大掛かり|おおがかり|true
大掛り|おおがかり|false
大敗|たいはい|true
大文字|おおもじ|true
大方|おおかた|true
大昔|おおむかし|true
大時代|おおじだい|true
大晦日|おおみそか|true
大木|たいぼく|true
大枝|おおえだ|true
大根|だいこん|true
大概|たいがい|true
大歓迎|だいかんげい|true
大正|たいしょう|true
大気|たいき|true
大氣|たいき|false
大水|おおみず|true
大河|たいが|true
大注目|だいちゅうもく|true
大洋|たいよう|true
大海|たいかい|true
大火|たいか|true
大物|おおもの|true
大理石|だいりせき|true
大男|おおおとこ|true
大病|たいびょう|true
大盛|おおもり|false
大盛り|おおもり|true
大相撲|おおずもう|true
大砲|たいほう|true
大破|たいは|true
大社|たいしゃ|true
大空|おおぞら|true
大笑い|おおわらい|true
大筋|おおすじ|true
大粒|おおつぶ|true
大統領|だいとうりょう|true
大綱|たいこう|true
大義|たいぎ|true
大義名分|たいぎめいぶん|true
大胆|だいたん|true
大脳|だいのう|true
大腸|だいちょう|true
大腸菌|だいちょうきん|true
大臣|だいじん|true
大自然|だいしぜん|true
大船|おおぶね|true
大蒜|にんにく|false
大蔵|おおくら|true
大蔵省|おおくらしょう|true
大衆|たいしゅう|true
大衆文学|たいしゅうぶんがく|true
大袈裟|おおげさ|true
大西洋|たいせいよう|true
大規模|だいきぼ|true
大詰|おおづめ|false
大詰め|おおづめ|true
大豆|だいず|true
大賞|たいしょう|true
大通|おおどおり|false
大通り|おおどおり|true
大道|だいどう|true
大部分|だいぶぶん|true
大都市|だいとし|true
大野|おおの|true
大量|たいりょう|true
大金|たいきん|true
大関|おおぜき|true
大阪|おおさか|true
大陸|たいりく|true
大陸棚|たいりくだな|true
大隊|だいたい|true
大集合|だいしゅうごう|true
大雑把|おおざっぱ|true
大雨|おおあめ|true
大雪|おおゆき|true
大震災|だいしんさい|true
大騒ぎ|おおさわぎ|true
大麦|おおむぎ|true
大麻|たいま|true
大黒柱|だいこくばしら|true
天|てん|true
天の川|あまのがわ|true
天の河|あまのがわ|true
天ぷら|てんぷら|true
天プラ|てんぷら|false
天下|てんか|true
天下り|あまくだり|true
天井|てんじょう|true
天体|てんたい|true
天使|てんし|true
天候|てんこう|true
天国|てんごく|true
天地|てんち|true
天婦羅|てんぷら|false
天寿|てんじゅ|true
天性|てんせい|true
天才|てんさい|true
天文|てんもん|true
天文台|てんもんだい|true
天文学|てんもんがく|true
天気|てんき|true
天気予報|てんきよほう|true
天満宮|てんまんぐう|true
天災|てんさい|true
天然|てんねん|true
天然ガス|てんねんガス|true
天然温泉|てんねんおんせん|true
天然痘|てんねんとう|true
天然記念物|てんねんきねんぶつ|true
天狗|てんぐ|true
天王星|てんのうせい|true
天理|てんり|true
天皇|てんのう|true
天皇制|てんのうせい|true
天皇陛下|てんのうへいか|true
天神|てんじん|true
天辺|てっぺん|true
天降り|あまくだり|false
天麩羅|てんぷら|false
天麸羅|てんぷら|false
太い|ふとい|true
太っぱら|ふとっぱら|false
太っ腹|ふとっぱら|true
太もも|ふともも|true
太りじし|ふとりじし|false
太り肉|ふとりじし|true
太る|ふとる|true
太刀|たち|true
太古|たいこ|true
太子|たいし|true
太字|ふとじ|true
太山|たいざん|false
太平洋|たいへいよう|true
太平洋戦争|たいへいようせんそう|true
太股|ふともも|false
太腿|ふともも|false
太西洋|たいせいよう|false
太陽|たいよう|true
太陽系|たいようけい|true
太陽電池|たいようでんち|true
太鼓|たいこ|true
夫|おっと|true
夫々|それぞれ|false
夫れ夫れ|それぞれ|false
夫人|ふじん|true
夫夫|それぞれ|false
夫妻|ふさい|true
夫婦|ふうふ|true
失う|うしなう|true
失くす|なくす|false
失くなる|なくなる|false
失そう|しっそう|false
失なう|うしなう|false
失体|しったい|false
失墜|しっつい|true
失心|しっしん|false
失恋|しつれん|true
失意|しつい|true
失態|しったい|true
失敗|しっぱい|true
失敗談|しっぱいだん|true
失敬|しっけい|true
失明|しつめい|true
失望|しつぼう|true
失格|しっかく|true
失業|しつぎょう|true
失点|しってん|true
失礼|しつれい|true
失礼しました|しつれいしました|true
失礼します|しつれいします|true
失神|しっしん|true
失策|しっさく|true
失脚|しっきゃく|true
失跡|しっせき|true
失踪|しっそう|true
失速|しっそく|true
失錯|しっさく|false
夷|えびす|false
奇っ怪|きかい|false
奇妙|きみょう|true
奇怪|きかい|true
奇怪しい|おかしい|false
奇抜|きばつ|true
奇数|きすう|true
奇異|きい|true
奇病|きびょう|true
奇術|きじゅつ|true
奇襲|きしゅう|true
奇跡|きせき|true
奇蹟|きせき|false
奇麗|きれい|false
奈良|なら|true
奉げる|ささげる|false
奉仕|ほうし|true
奉公|ほうこう|true
奉納|ほうのう|true
奉行|ぶぎょう|true
奏でる|かなでる|true
奏功|そうこう|true
奏者|そうしゃ|true
契機|けいき|true
契約|けいやく|true
契約書|けいやくしょ|true
奔る|はしる|false
奔放|ほんぽう|true
奔走|ほんそう|true
奢る|おごる|true
奥|おく|true
奥さま|おくさま|false
奥さん|おくさん|true
奥地|おくち|true
奥山|おくやま|true
奥様|おくさま|true
奥行|おくゆき|true
奥行き|おくゆき|true
奧|おく|false
奨め|すすめ|false
奨める|すすめる|false
奨励|しょうれい|true
奨学|しょうがく|true
奨学金|しょうがくきん|true
奪う|うばう|true
奪三振|だつさんしん|true
奪取|だっしゅ|true
奪回|だっかい|true
奪還|だっかん|true
奮う|ふるう|true
奮って|ふるって|true
奮発|ふんぱつ|true
奮起|ふんき|true
奮闘|ふんとう|true
女|おんな|true
女のこ|おんなのこ|false
女のコ|おんなのこ|false
女の人|おんなのひと|true
女の子|おんなのこ|true
女らしい|おんならしい|true
女中|じょちゅう|true
女優|じょゆう|true
女児|じょじ|true
女医|じょい|true
女史|じょし|true
女子|じょし|true
女子大|じょしだい|true
女子高|じょしこう|true
女子高生|じょしこうせい|true
女学校|じょがっこう|true
女形|おんながた|true
女性|じょせい|true
女性的|じょせいてき|true
女房|にょうぼう|true
女方|おんながた|false
女流|じょりゅう|true
女王|じょおう|true
女神|めがみ|true
奴|やつ|true
奴ら|やつら|true
奴等|やつら|false
奴隷|どれい|true
好い|よい|false
好い加減|いいかげん|false
好き|すき|true
好ききらい|すききらい|false
好きずき|すきずき|false
好き好き|すきずき|true
好き嫌い|すききらい|true
好く|よく|false
好さ|よさ|false
好ましい|このましい|true
好み|このみ|true
好む|このむ|true
好んで|このんで|true
好加減|いいかげん|false
好天|こうてん|true
好奇心|こうきしん|true
好嫌|すききらい|false
好嫌い|すききらい|false
好守|こうしゅ|true
好意|こうい|true
好感|こうかん|true
好感度|こうかんど|true
好成績|こうせいせき|true
好投|こうとう|true
好景気|こうけいき|true
好機|こうき|true
好況|こうきょう|true
好物|こうぶつ|true
好色|こうしょく|true
好評|こうひょう|true
好調|こうちょう|true
好転|こうてん|true
好運|こううん|false
好都合|こうつごう|true
如し|ごとし|true
如何|いかが|true
如何|どう|false
如何いう|どういう|false
如何か|どうか|false
如何して|どうして|false
如何しても|どうしても|false
如何しようもない|どうしようもない|false
如何しようも無い|どうしようもない|false
如何に|いかに|true
如何にも|いかにも|true
如何にもならない|どうにもならない|false
如何仕様も無い|どうしようもない|false
如何致しまして|どういたしまして|false
如何言う|どういう|false
如実|にょじつ|true
妃|ひ|true
妃殿下|ひでんか|true
妄想|もうそう|true
妊む|はらむ|false
妊娠|にんしん|true
妊婦|にんぷ|true
妊産婦|にんさんぷ|true
妖怪|ようかい|true
妖精|ようせい|true
妙|みょう|true
妙手|みょうしゅ|true
妙技|みょうぎ|true
妙案|みょうあん|true
妥協|だきょう|true
妥当|だとう|true
妥結|だけつ|true
妨げ|さまたげ|true
妨げる|さまたげる|true
妨害|ぼうがい|true
妨碍|ぼうがい|false
妨礙|ぼうがい|false
妬ける|やける|false
妬む|ねたむ|true
妹|いもうと|true
妻|つま|true
妻子|さいし|true
妻楊枝|つまようじ|false
妻神|めがみ|false
姉|あね|true
姉さん|ねえさん|true
姉妹|しまい|true
始まり|はじまり|true
始まる|はじまる|true
始め|はじめ|true
始めて|はじめて|true
始めに|はじめに|true
始めまして|はじめまして|true
始める|はじめる|true
始動|しどう|true
始末|しまつ|true
始業|しぎょう|true
始発|しはつ|true
始終|しじゅう|true
姐|あね|false
姐さん|ねえさん|false
姑|しゅうとめ|true
姑く|しばらく|false
姓|せい|true
姓名|せいめい|true
委しい|くわしい|false
委す|まかす|false
委せる|まかせる|false
委ねる|ゆだねる|true
委任|いにん|true
委員|いいん|true
委員会|いいんかい|true
委員長|いいんちょう|true
委嘱|いしょく|true
委托|いたく|false
委縮|いしゅく|false
委託|いたく|true
姪|めい|true
姫|ひめ|true
姫君|ひめぎみ|true
姿|すがた|true
姿勢|しせい|true
威かす|おどかす|false
威し|おどし|false
威す|おどす|false
威信|いしん|true
威力|いりょく|true
威勢|いせい|true
威厳|いげん|true
威嚇|いかく|true
威張る|いばる|true
娘|じょう|false
娘|むすめ|true
娘婿|むすめむこ|true
娯しい|たのしい|false
娯楽|ごらく|true
娵|よめ|false
娵入り|よめいり|false
娼婦|しょうふ|true
婆さん|ばあさん|true
婆ちゃん|ばあちゃん|false
婉曲|えんきょく|true
婚姻|こんいん|true
婚約|こんやく|true
婚約者|こんやくしゃ|true
婦|よめ|false
婦人|ふじん|true
婦人科|ふじんか|true
婦女|ふじょ|true
婦女子|ふじょし|true
婦女暴行|ふじょぼうこう|true
婦長|ふちょう|true
婿|むこ|true
媒|なこうど|false
媒人|なこうど|false
媒介|ばいかい|true
媒体|ばいたい|true
媒妁|ばいしゃく|false
媒酌|ばいしゃく|true
媛|ひめ|false
媳|よめ|false
媾和|こうわ|false
嫁|よめ|true
嫁ぐ|とつぐ|true
嫁ける|かたづける|false
嫁入|よめいり|false
嫁入り|よめいり|true
嫉ける|やける|false
嫉む|ねたむ|false
嫉妬|しっと|true
嫌|いや|true
嫌い|きらい|true
嫌う|きらう|true
嫌がらせ|いやがらせ|true
嫌がる|いやがる|true
嫌らしい|いやらしい|true
嫌悪|けんお|true
嫌悪感|けんおかん|true
嫌気|いやき|true
嫌疑|けんぎ|true
嫡出|ちゃくしゅつ|true
嫡子|ちゃくし|true
嫩|ふたば|false
嫩葉|わかば|false
嬉しい|うれしい|true
嬢|じょう|true
孀|かふ|false
子|こ|true
子|ね|true
子|み|false
子いぬ|こいぬ|false
子ども|こども|true
子どもたち|こどもたち|true
子どものころ|こどものころ|false
子どもの頃|こどものころ|false
子ども用|こどもよう|false
子ども達|こどもたち|true
子ねこ|こねこ|false
子イヌ|こいぬ|false
子ネコ|こねこ|false
子会社|こがいしゃ|true
子供|こども|true
子供たち|こどもたち|true
子供のころ|こどものころ|false
子供の頃|こどものころ|true
子供用|こどもよう|true
子供達|こどもたち|true
子共|こども|false
子女|しじょ|true
子孫|しそん|true
子守|こもり|true
子守り|こもり|false
子守り唄|こもりうた|false
子守り歌|こもりうた|false
子守唄|こもりうた|false
子守歌|こもりうた|true
子宮|しきゅう|true
子弟|してい|true
子役|こやく|true
子息|しそく|true
子牛|こうし|true
子犬|こいぬ|true
子猫|こねこ|true
子羊|こひつじ|true
子育て|こそだて|true
孔|あな|false
孕む|はらむ|true
字|あざ|true
字|じ|true
字体|じたい|true
字幕|じまく|true
字引|じびき|true
字引き|じびき|false
字形|じけい|true
字数|じすう|true
字画|じかく|true
字詰|じづめ|false
字詰め|じづめ|true
存じ|ぞんじ|true
存じる|ぞんじる|true
存亡|そんぼう|true
存分|ぞんぶん|true
存在|そんざい|true
存廃|そんぱい|true
存知|ぞんじ|true
存立|そんりつ|true
存続|そんぞく|true
孝行|こうこう|true
季刊|きかん|true
季節|きせつ|true
季節風|きせつふう|true
季語|きご|true
孤|こじ|false
孤児|こじ|true
孤児院|こじいん|true
孤島|ことう|true
孤悲|こい|false
孤独|こどく|true
孤立|こりつ|true
学|がく|true
学ぶ|まなぶ|true
学会|がっかい|true
学会誌|がっかいし|true
学位|がくい|true
学内|がくない|true
学割|がくわり|true
学割り|がくわり|true
学力|がくりょく|true
学区|がっく|true
学卒|がくそつ|true
学友|がくゆう|true
学問|がくもん|true
学園|がくえん|true
学士|がくし|true
学年|がくねん|true
学徒|がくと|true
学文|がくもん|false
学期|がっき|true
学校|がっこう|true
学校名|がっこうめい|true
学校法人|がっこうほうじん|true
学業|がくぎょう|true
学歴|がくれき|true
学生|がくせい|true
学生時代|がくせいじだい|true
学界|がっかい|true
学科|がっか|true
学究|がっきゅう|true
学童|がくどう|true
学級|がっきゅう|true
学習|がくしゅう|true
学習指導要領|がくしゅうしどうようりょう|true
学者|がくしゃ|true
学芸|がくげい|true
学術|がくじゅつ|true
学説|がくせつ|true
学識|がくしき|true
学費|がくひ|true
学部|がくぶ|true
学長|がくちょう|true
学門|がくもん|false
学院|がくいん|true
学際|がくさい|true
学齢|がくれい|true
孫|まご|true
孫むすめ|まごむすめ|false
孫娘|まごむすめ|true
孰か|いずれか|false
孰れ|いずれ|false
孰れか|いずれか|false
學ぶ|まなぶ|false
學園|がくえん|false
學校|がっこう|false
學生|がくせい|false
學習|がくしゅう|false
學院|がくいん|false
宅|たく|true
宅地|たくち|true
宅急便|たっきゅうびん|true
宅配|たくはい|true
宅配便|たくはいびん|true
宇|のき|false
宇克蘭|ウクライナ|false
宇宙|うちゅう|true
宇宙空間|うちゅうくうかん|true
宇宙開発|うちゅうかいはつ|true
宇宙開発事業団|うちゅうかいはつじぎょうだん|true
宇宙飛行士|うちゅうひこうし|true
宇柳具|ウルグアイ|false
宇柳貝|ウルグアイ|false
宇頂天|うちょうてん|false
守|まもり|false
守|もり|false
守り|まもり|true
守り|もり|true
守る|まもる|true
守備|しゅび|true
守勢|しゅせい|true
守衛|しゅえい|true
守護る|まもる|false
安い|やすい|true
安っぽい|やすっぽい|true
安まる|やすまる|false
安もの|やすもの|false
安もん|やすもの|false
安らか|やすらか|true
安らぎ|やすらぎ|true
安らぐ|やすらぐ|true
安上がり|やすあがり|true
安上り|やすあがり|false
安住|あんじゅう|true
安価|あんか|true
安保|あんぽ|true
安値|やすね|true
安全|あんぜん|true
安全保障|あんぜんほしょう|true
安否|あんぴ|true
安売り|やすうり|true
安定|あんてい|true
安心|あんしん|true
安心感|あんしんかん|true
安打|あんだ|true
安排|あんばい|false
安易|あんい|true
安楽死|あんらくし|true
安母尼亜|アンモニア|false
安泰|あんたい|true
安物|やすもの|true
安眠|あんみん|true
安神|あんしん|false
安芸|あき|true
安静|あんせい|true
完ぺき|かんぺき|false
完了|かんりょう|true
完全|かんぜん|true
完全試合|かんぜんじあい|true
完壁|かんぺき|false
完売|かんばい|true
完封|かんぷう|true
完工|かんこう|true
完成|かんせい|true
完投|かんとう|true
完敗|かんぱい|true
完治|かんち|true
完璧|かんぺき|true
完結|かんけつ|true
完走|かんそう|true
完遂|かんすい|true
宏い|ひろい|false
宏大|こうだい|false
宗|しゅう|true
宗|むね|false
宗家|そうけ|true
宗教|しゅうきょう|true
宗派|しゅうは|true
宗祖|しゅうそ|true
宗門|しゅうもん|true
官僚|かんりょう|true
官公庁|かんこうちょう|true
官吏|かんり|true
官報|かんぽう|true
官庁|かんちょう|true
官憲|かんけん|true
官房|かんぼう|true
官房長官|かんぼうちょうかん|true
官民|かんみん|true
官界|かんかい|true
官邸|かんてい|true
宙|ちゅう|true
宙返り|ちゅうがえり|true
定か|さだか|true
定まる|さだまる|true
定める|さだめる|true
定休|ていきゅう|true
定休日|ていきゅうび|true
定住|ていじゅう|true
定例|ていれい|true
定価|ていか|true
定刻|ていこく|true
定員|ていいん|true
定型|ていけい|true
定年|ていねん|true
定形|ていけい|true
定数|ていすう|true
定時|ていじ|true
定時制|ていじせい|true
定期|ていき|true
定期便|ていきびん|true
定期券|ていきけん|true
定期的|ていきてき|true
定期購読|ていきこうどく|true
定期預金|ていきよきん|true
定木|じょうぎ|false
定款|ていかん|true
定率|ていりつ|true
定番|ていばん|true
定着|ていちゃく|true
定義|ていぎ|true
定規|じょうぎ|true
定評|ていひょう|true
定説|ていせつ|true
定連|じょうれん|false
定量|ていりょう|true
定額|ていがく|true
定食|ていしょく|true
宛|あて|true
宛|ずつ|false
宛て|あて|false
宛て先|あてさき|false
宛て名|あてな|false
宛も|あたかも|false
宛先|あてさき|true
宛名|あてな|true
宜い|よい|false
宜しい|よろしい|true
宜しく|よろしく|true
宜しくお願いします|よろしくおねがいします|false
宜しくお願い致します|よろしくおねがいいたします|false
宜敷く|よろしく|false
宝|たから|true
宝くじ|たからくじ|true
宝もの|たからもの|false
宝クジ|たからくじ|false
宝庫|ほうこ|true
宝物|たからもの|true
宝石|ほうせき|true
宝籤|たからくじ|false
宝飾|ほうしょく|true
実|じつ|true
実|まこと|false
実|み|true
実に|じつに|true
実に|まことに|false
実は|じつは|true
実り|みのり|true
実る|みのる|true
実体|じったい|true
実例|じつれい|true
実像|じつぞう|true
実兄|じっけい|true
実刑|じっけい|true
実利|じつり|true
実力|じつりょく|true
実力行使|じつりょくこうし|true
実効|じっこう|true
実務|じつむ|true
実勢|じっせい|true
実名|じつめい|true
実在|じつざい|true
実地|じっち|true
実子|じっし|true
実家|じっか|true
実弟|じってい|true
実弾|じつだん|true
実情|じつじょう|true
実感|じっかん|true
実態|じったい|true
実態調査|じったいちょうさ|true
実戦|じっせん|true
実技|じつぎ|true
実数|じっすう|true
実施|じっし|true
実業|じつぎょう|true
実業家|じつぎょうか|true
実権|じっけん|true
実況|じっきょう|true
実演|じつえん|true
実物|じつぶつ|true
実状|じつじょう|false
実現|じつげん|true
実用|じつよう|true
実用的|じつようてき|true
実相|じっそう|true
実績|じっせき|true
実習|じっしゅう|true
実行|じっこう|true
実証|じっしょう|true
実話|じつわ|true
実費|じっぴ|true
実質|じっしつ|true
実質的|じっしつてき|true
実践|じっせん|true
実際|じっさい|true
実際は|じっさいは|true
実験|じっけん|true
実験室|じっけんしつ|true
客|きゃく|true
客員|きゃくいん|true
客室|きゃくしつ|true
客席|きゃくせき|true
客船|きゃくせん|true
客観|きゃっかん|true
客観的|きゃっかんてき|true
客足|きゃくあし|true
客車|きゃくしゃ|true
客間|きゃくま|true
宣しく|よろしく|false
宣べる|のべる|false
宣伝|せんでん|true
宣告|せんこく|true
宣戦|せんせん|true
宣教師|せんきょうし|true
宣言|せんげん|true
宣誓|せんせい|true
室|しつ|true
室内|しつない|true
室内楽|しつないがく|true
室町|むろまち|true
室長|しつちょう|true
宥める|なだめる|true
宮中|きゅうちゅう|true
宮内庁|くないちょう|true
宮廷|きゅうてい|true
宮殿|きゅうでん|true
宰相|さいしょう|true
害|がい|true
害う|そこなう|false
害する|がいする|true
害虫|がいちゅう|true
宴|うたげ|true
宴会|えんかい|true
宴席|えんせき|true
宵|よい|true
家|いえ|true
家|うち|false
家|うち|true
家|け|true
家づくり|いえづくり|true
家主|やぬし|true
家事|かじ|true
家人|かじん|true
家作り|いえづくり|false
家元|いえもと|true
家具|かぐ|true
家内|かない|true
家出|いえで|true
家台|やたい|false
家宅|かたく|true
家屋|かおく|true
家庭|かてい|true
家庭内|かていない|true
家庭教師|かていきょうし|true
家庭科|かていか|true
家政|かせい|true
家政婦|かせいふ|true
家族|かぞく|true
家族計画|かぞくけいかく|true
家来|けらい|true
家柄|いえがら|true
家根|やね|false
家業|かぎょう|true
家畜|かちく|true
家礼|けらい|false
家系|かけい|true
家裁|かさい|true
家計|かけい|true
家計簿|かけいぼ|true
家財|かざい|true
家賃|やちん|true
家造り|いえづくり|false
家電|かでん|true
家頼|けらい|false
家鴨|アヒル|false
容|かたち|false
容れる|いれる|false
容れ物|いれもの|false
容器|ようき|true
容姿|ようし|true
容子|ようす|false
容易|ようい|true
容易い|たやすい|true
容気|きしつ|false
容物|いれもの|false
容疑|ようぎ|true
容疑者|ようぎしゃ|true
容積|ようせき|true
容認|ようにん|true
容赦|ようしゃ|true
容赦なく|ようしゃなく|true
容赦無く|ようしゃなく|false
容量|ようりょう|true
宿|やど|true
宿す|やどす|true
宿る|やどる|true
宿命|しゅくめい|true
宿屋|やどや|true
宿敵|しゅくてき|true
宿泊|しゅくはく|true
宿舎|しゅくしゃ|true
宿題|しゅくだい|true
宿駅|しゅくえき|true
寂|さび|true
寂しい|さびしい|true
寂然|せきぜん|true
寄こす|よこす|false
寄せ|よせ|true
寄せる|よせる|true
寄せ席|よせ|false
寄せ集め|よせあつめ|true
寄り道|よりみち|true
寄り集まる|よりあつまる|true
寄る|よる|true
寄与|きよ|true
寄付|きふ|true
寄宿舎|きしゅくしゃ|true
寄席|よせ|true
寄港|きこう|true
寄生|きせい|true
寄生虫|きせいちゅう|true
寄航|きこう|false
寄贈|きぞう|true
寄越す|よこす|false
寄道|よりみち|false
寄金|ききん|true
寄附|きふ|false
寄集め|よせあつめ|false
寅|とら|true
密か|ひそか|true
密入国|みつにゅうこく|true
密売|みつばい|true
密室|みっしつ|true
密度|みつど|true
密接|みっせつ|true
密林|みつりん|true
密猟|みつりょう|true
密着|みっちゃく|true
密約|みつやく|true
密航|みっこう|true
密輸|みつゆ|true
密集|みっしゅう|true
富|とみ|true
富み|とみ|false
富む|とむ|true
富士山|ふじさん|true
富有|ふゆう|false
富祐|ふゆう|false
富者|ふしゃ|true
富裕|ふゆう|true
富豪|ふごう|true
富貴|ふうき|true
寐る|ねる|false
寐坊|ねぼう|false
寒い|さむい|true
寒け|さむけ|false
寒さ|さむさ|true
寒中|かんちゅう|true
寒冷|かんれい|true
寒暖計|かんだんけい|true
寒村|かんそん|true
寒気|かんき|true
寒気|さむけ|true
寒波|かんぱ|true
寔に|まことに|false
寛ぐ|くつろぐ|true
寛大|かんだい|true
寛容|かんよう|true
寝|ね|true
寝かす|ねかす|true
寝かせる|ねかせる|true
寝ころぶ|ねころぶ|false
寝すごす|ねすごす|false
寝つく|ねつく|false
寝とぼける|ねぼける|false
寝どこ|ねどこ|false
寝ぼける|ねぼける|true
寝まき|ねまき|false
寝る|ねる|true
寝不足|ねぶそく|true
寝付く|ねつく|true
寝具|しんぐ|true
寝冷え|ねびえ|true
寝台|しんだい|true
寝坊|ねぼう|true
寝室|しんしつ|true
寝巻|ねまき|true
寝巻き|ねまき|true
寝床|ねどこ|true
寝息|ねいき|true
寝惚ける|ねぼける|false
寝泊まり|ねとまり|true
寝泊り|ねとまり|false
寝相|ねぞう|true
寝苦しい|ねぐるしい|true
寝衣|ねまき|false
寝言|ねごと|true
寝転ぶ|ねころぶ|true
寝返り|ねがえり|true
寝返る|ねがえる|true
寝過ごす|ねすごす|true
寝間着|ねまき|true
寝顔|ねがお|true
察する|さっする|true
察知|さっち|true
寡|かふ|false
寡い|すくない|false
寡し|すこし|false
寡ない|すくない|false
寡占|かせん|true
寡婦|かふ|true
寡黙|かもく|true
實に|じつに|false
寧|むしろ|false
寧ろ|むしろ|true
審判|しんぱん|true
審問|しんもん|true
審査|しんさ|true
審理|しんり|true
審議|しんぎ|true
寫眞|しゃしん|false
寫真|しゃしん|false
寮|りょう|true
寮生|りょうせい|true
寳|たから|false
寶|たから|false
寸前|すんぜん|true
寸断|すんだん|true
寸暇|すんか|true
寸法|すんぽう|true
寺|てら|true
寺院|じいん|true
対|たい|true
対|つい|true
対い|むかい|false
対う|むかう|false
対する|たいする|true
対中|たいちゅう|true
対価|たいか|true
対処|たいしょ|true
対向|たいこう|true
対地|たいち|true
対外|たいがい|true
対局|たいきょく|true
対岸|たいがん|true
対峙|たいじ|true
対応|たいおう|true
対戦|たいせん|true
対抗|たいこう|true
対日|たいにち|true
対案|たいあん|true
対極|たいきょく|true
対比|たいひ|true
対決|たいけつ|true
対治|たいじ|false
対照|たいしょう|true
対照的|たいしょうてき|true
対症療法|たいしょうりょうほう|true
対称|たいしょう|true
対立|たいりつ|true
対等|たいとう|true
対策|たいさく|true
対米|たいべい|true
対話|たいわ|true
対談|たいだん|true
対論|たいろん|true
対象|たいしょう|true
対象療法|たいしょうりょうほう|false
対面|たいめん|true
寿|ことぶき|true
寿し|すし|false
寿司|すし|true
寿命|じゅみょう|true
寿喜焼|すきやき|false
寿府|ジュネーブ|false
封|ふう|true
封じる|ふうじる|true
封じ手|ふうじて|true
封度|ポンド|false
封建主義|ほうけんしゅぎ|true
封建的|ほうけんてき|true
封書|ふうしょ|true
封筒|ふうとう|true
封鎖|ふうさ|true
専ら|もっぱら|true
専任|せんにん|true
専修|せんしゅう|true
専制|せんせい|true
専務|せんむ|true
専問|せんもん|false
専売|せんばい|true
専守防衛|せんしゅぼうえい|true
専属|せんぞく|true
専従|せんじゅう|true
専念|せんねん|true
専攻|せんこう|true
専業|せんぎょう|true
専横|せんおう|true
専用|せんよう|true
専門|せんもん|true
専門医|せんもんい|true
専門学校|せんもんがっこう|true
専門家|せんもんか|true
専門店|せんもんてん|true
専門的|せんもんてき|true
射す|さす|true
射つ|うつ|false
射る|いる|true
射撃|しゃげき|true
射止める|いとめる|true
射殺|しゃさつ|true
射程|しゃてい|true
射精|しゃせい|true
将|しょう|true
将兵|しょうへい|true
将来|しょうらい|true
将来像|しょうらいぞう|true
将来性|しょうらいせい|true
将来的|しょうらいてき|true
将校|しょうこう|true
将棊|しょうぎ|false
将棋|しょうぎ|true
将棋倒し|しょうぎだおし|true
将軍|しょうぐん|true
將來|しょうらい|false
將校|しょうこう|false
將棋|しょうぎ|false
專問|せんもん|false
專門|せんもん|false
尊い|とうとい|true
尊ぶ|とうとぶ|true
尊厳|そんげん|true
尊敬|そんけい|true
尊称|そんしょう|true
尊重|そんちょう|true
尋ねる|たずねる|true
尋ね人|たずねびと|true
尋問|じんもん|true
尋常|じんじょう|true
對|たい|false
導く|みちびく|true
導入|どうにゅう|true
導火線|どうかせん|true
小|こ|true
小|しょう|true
小々|しょうしょう|false
小がら|こがら|false
小さい|ちいさい|true
小さいころ|ちいさいころ|false
小さい頃|ちいさいころ|true
小さじ|こさじ|true
小さな|ちいさな|true
小もの|こもの|false
小ネタ|こネタ|true
小中学生|しょうちゅうがくせい|true
小人|こびと|true
小人|しょうにん|true
小供|こども|false
小便|しょうべん|true
小僧|こぞう|true
小児|しょうに|true
小児病|しょうにびょう|true
小児科|しょうにか|true
小冊子|しょうさっし|true
小刀|こがたな|true
小切手|こぎって|true
小刻み|こきざみ|true
小包|こづつみ|true
小包み|こづつみ|false
小匙|こさじ|false
小口|こぐち|true
小品|しょうひん|true
小国|しょうこく|true
小型|こがた|true
小声|こごえ|true
小売|こうり|true
小売り|こうり|true
小売り店|こうりてん|true
小売価格|こうりかかく|true
小売店|こうりてん|true
小女|しょうじょ|false
小学|しょうがく|true
小学校|しょうがっこう|true
小学生|しょうがくせい|true
小小|しょうしょう|false
小屋|こや|true
小山|こやま|true
小島|こじま|true
小川|おがわ|true
小差|しょうさ|true
小幅|こはば|true
小康|しょうこう|true
小形|こがた|false
小惑星|しょうわくせい|true
小手先|こてさき|true
小指|こゆび|true
小数|しょうすう|true
小数点|しょうすうてん|true
小文字|こもじ|true
小枝|こえだ|true
小柄|こがら|true
小火|ぼや|true
小牛|こうし|false
小物|こもの|true
小犬|こいぬ|false
小猫|こねこ|false
小皿|こざら|true
小石|こいし|true
小竹|ささ|false
小結|こむすび|true
小結び|こむすび|false
小羊|こひつじ|true
小舟|こぶね|true
小船|こぶね|false
小規模|しょうきぼ|true
小言|こごと|true
小説|しょうせつ|true
小説家|しょうせつか|true
小豆|あずき|true
小道具|こどうぐ|true
小遣|こづかい|false
小遣い|こづかい|true
小選挙区|しょうせんきょく|true
小量|しょうりょう|true
小銃|しょうじゅう|true
小銭|こぜに|true
小雨|こさめ|true
小額|しょうがく|false
小鳥|ことり|true
小麦|こむぎ|true
小麦粉|こむぎこ|true
少|しょう|true
少々|しょうしょう|true
少い|すくない|false
少くとも|すくなくとも|false
少し|すこし|true
少しずつ|すこしずつ|true
少しづつ|すこしずつ|false
少しも|すこしも|true
少し宛|すこしずつ|false
少ない|すくない|true
少なからず|すくなからず|true
少なくとも|すくなくとも|true
少佐|しょうさ|true
少女|しょうじょ|true
少将|しょうしょう|true
少尉|しょうい|true
少少|しょうしょう|false
少年|しょうねん|true
少数|しょうすう|true
少数意見|しょうすういけん|true
少数点|しょうすうてん|false
少量|しょうりょう|true
少額|しょうがく|true
尖い|するどい|false
尖がる|とがる|false
尖る|とがる|true
尖んがる|とがる|false
尖端|せんたん|false
尚|なお|true
尚お|なお|false
尚かつ|なおかつ|false
尚さら|なおさら|false
尚ぶ|とうとぶ|false
尚且つ|なおかつ|true
尚更|なおさら|true
尠い|すくない|false
尠からず|すくなからず|false
尠くとも|すくなくとも|false
尠ない|すくない|false
尤める|とがめる|false
尤も|もっとも|false
尤もらしい|もっともらしい|true
尨大|ぼうだい|false
就いて|ついて|true
就く|つく|true
就任|しゅうにん|true
就労|しゅうろう|true
就学|しゅうがく|true
就寝|しゅうしん|true
就業|しゅうぎょう|true
就活|しゅうかつ|true
就職|しゅうしょく|true
就航|しゅうこう|true
尺|しゃく|true
尺八|しゃくはち|true
尺度|しゃくど|true
尻|しり|true
尻尾|しっぽ|true
尼|あま|true
尼僧|にそう|true
尼加拉瓦|ニカラグア|false
尼羅|ナイル|false
尽きる|つきる|true
尽く|ことごとく|false
尽くす|つくす|true
尽す|つくす|false
尽力|じんりょく|true
尾|お|true
尾根|おね|true
尾行|びこう|true
尿|にょう|true
尿酸|にょうさん|true
局|きょく|true
局員|きょくいん|true
局地|きょくち|true
局留|きょくどめ|false
局留め|きょくどめ|true
局番|きょくばん|true
局長|きょくちょう|true
局面|きょくめん|true
居あわせる|いあわせる|false
居らっしゃる|いらっしゃる|false
居る|いる|false
居る|おる|true
居住|きょじゅう|true
居住者|きょじゅうしゃ|true
居候|いそうろう|true
居合せる|いあわせる|false
居合わせる|いあわせる|true
居場所|いばしょ|true
居室|きょしつ|true
居心地|いごこち|true
居眠り|いねむり|true
居睡り|いねむり|false
居酒や|いざかや|false
居酒屋|いざかや|true
居間|いま|true
屆ける|とどける|false
屈托|くったく|false
屈折|くっせつ|true
屈指|くっし|true
屈託|くったく|true
屈辱|くつじょく|true
届|とどけ|true
届く|とどく|true
届け|とどけ|true
届ける|とどける|true
届け出|とどけで|true
届出|とどけで|false
屋上|おくじょう|true
屋体|やたい|false
屋内|おくない|true
屋台|やたい|true
屋外|おくがい|true
屋敷|やしき|true
屋根|やね|true
屋造り|いえづくり|false
屍体|したい|false
屎|くそ|false
屏|へい|false
屏風|びょうぶ|true
屑|くず|true
展げる|ひろげる|false
展望|てんぼう|true
展示|てんじ|true
展示会|てんじかい|true
展覧会|てんらんかい|true
展開|てんかい|true
屛風|びょうぶ|false
属する|ぞくする|true
属望|しょくぼう|false
属託|しょくたく|false
屡|しばしば|false
屡々|しばしば|true
屡屡|しばしば|false
履|くつ|false
履きもの|はきもの|false
履き古し|はきふるし|true
履き物|はきもの|false
履く|はく|true
履む|ふむ|false
履歴|りれき|true
履歴書|りれきしょ|true
履物|はきもの|true
履行|りこう|true
屯|トン|false
山|やま|true
山々|やまやま|true
山地|さんち|true
山型|やまがた|false
山奥|やまおく|true
山寺|やまでら|true
山小屋|やまごや|true
山山|やまやま|false
山岳|さんがく|true
山崩れ|やまくずれ|true
山嶽|さんがく|false
山川|さんせん|true
山形|やまがた|true
山影|やまかげ|false
山手|やまて|true
山村|さんそん|true
山林|さんりん|true
山火事|やまかじ|true
山猫|やまねこ|true
山登り|やまのぼり|true
山積|さんせき|true
山系|さんけい|true
山脈|さんみゃく|true
山茶|つばき|false
山荘|さんそう|true
山菜|さんさい|true
山葵|わさび|true
山賊|さんぞく|true
山道|やまみち|true
山野|さんや|true
山間|さんかん|true
山陰|やまかげ|true
山陽|さんよう|true
山頂|さんちょう|true
屹度|きっと|false
岐|ちまた|false
岐れる|わかれる|false
岐路|きろ|true
岐阜|ぎふ|true
岡|おか|false
岩|いわ|true
岩乗|がんじょう|false
岩塩|がんえん|true
岩屋|いわや|true
岩山|いわやま|true
岩盤|がんばん|true
岩石|がんせき|true
岩礁|がんしょう|true
岩間|いわま|true
岬|さき|false
岬|みさき|true
岱山|たいざん|false
岳|たけ|true
岸|きし|true
岸べ|きしべ|false
岸壁|がんぺき|true
岸辺|きしべ|true
峠|とうげ|true
峡谷|きょうこく|true
峯|みね|false
峰|みね|true
島|しま|true
島々|しまじま|true
島じま|しまじま|false
島内|とうない|true
島国|しまぐに|true
島島|しまじま|false
島根|しまね|true
峻しい|けわしい|false
崇拝|すうはい|true
崇高|すうこう|true
崎|さき|true
崎|みさき|false
崖|がけ|true
崩す|くずす|true
崩れ|くずれ|true
崩れる|くずれる|true
崩壊|ほうかい|true
崩潰|ほうかい|false
崩落|ほうらく|true
嵌まる|ハマる|false
嵌める|はめる|false
嵌る|ハマる|false
嵐|あらし|true
嶄新|ざんしん|false
嶋|しま|false
嶮しい|けわしい|false
嶺|みね|false
嶽|たけ|false
巌|いわ|false
巖|いわ|false
川|かわ|true
川ばた|かわばた|false
川上|かわかみ|true
川下|かわしも|true
川原|かわら|true
川口|かこう|true
川岸|かわぎし|true
川崎|かわさき|true
川柳|せんりゅう|true
川沿い|かわぞい|true
川端|かわばた|true
州|しゅう|true
州政府|しゅうせいふ|true
州都|しゅうと|true
巡りあう|めぐりあう|false
巡り会う|めぐりあう|true
巡り合う|めぐりあう|false
巡り逢う|めぐりあう|false
巡る|めぐる|true
巡回|じゅんかい|true
巡廻|じゅんかい|false
巡査|じゅんさ|true
巡業|じゅんぎょう|true
巡礼|じゅんれい|true
巡航|じゅんこう|true
巡視|じゅんし|true
巣|す|true
巣立ち|すだち|true
工|たくみ|false
工事|こうじ|true
工事中|こうじちゅう|true
工作|こうさく|true
工作員|こうさくいん|true
工作機械|こうさくきかい|true
工兵|こうへい|true
工務|こうむ|true
工合|ぐあい|false
工合い|ぐあい|false
工員|こういん|true
工場|こうじょう|true
工夫|くふう|true
工学|こうがく|true
工学部|こうがくぶ|true
工房|こうぼう|true
工業|こうぎょう|true
工法|こうほう|true
工科|こうか|true
工程|こうてい|true
工芸|こうげい|true
工費|こうひ|true
左|ひだり|true
左きき|ひだりきき|false
左上|ひだりうえ|true
左側|ひだりがわ|true
左利|ひだりきき|false
左利き|ひだりきき|true
左前|ひだりまえ|true
左右|さゆう|true
左右|とかく|false
左右|とにかく|false
左手|ひだりて|true
左折|させつ|true
左様なら|さようなら|false
左様奈良|さようなら|false
左派|さは|true
左翼|さよく|true
左脚|ひだりあし|false
左腕|さわん|true
左記|さき|true
左足|ひだりあし|true
左遷|させん|true
巧い|うまい|false
巧み|たくみ|true
巧妙|こうみょう|true
巧拙|こうせつ|true
巧者|こうしゃ|true
巨きい|おおきい|false
巨人|きょじん|true
巨体|きょたい|true
巨匠|きょしょう|true
巨大|きょだい|true
巨星|きょせい|true
巨漢|きょかん|true
巨視的|きょしてき|true
巨額|きょがく|true
巫女|みこ|true
巫子|みこ|false
巫山戯る|ふざける|false
差|さ|true
差しあげる|さしあげる|false
差しあたり|さしあたり|false
差しかかる|さしかかる|false
差しこむ|さしこむ|false
差しだす|さしだす|false
差し上げる|さしあげる|true
差し伸べる|さしのべる|true
差し出し人|さしだしにん|false
差し出す|さしだす|true
差し延べる|さしのべる|false
差し引き|さしひき|true
差し当たり|さしあたり|true
差し戻す|さしもどす|true
差し掛かる|さしかかる|true
差し掛る|さしかかる|false
差し控える|さしひかえる|true
差し支え|さしつかえ|true
差し支える|さしつかえる|true
差し止め|さしとめ|true
差し込む|さしこむ|true
差す|さす|true
差上げる|さしあげる|false
差伸べる|さしのべる|false
差出し人|さしだしにん|false
差出す|さしだす|false
差出人|さしだしにん|true
差別|さべつ|true
差延べる|さしのべる|false
差引|さしひき|false
差引き|さしひき|false
差当たり|さしあたり|false
差当り|さしあたり|false
差戻す|さしもどす|false
差控える|さしひかえる|false
差支え|さしつかえ|false
差支える|さしつかえる|false
差止|さしとめ|false
差止め|さしとめ|false
差異|さい|true
差益|さえき|true
差込む|さしこむ|false
差違|さい|false
差閊|さしつかえ|false
差閊え|さしつかえ|false
差額|さがく|true
己|おのれ|true
己|おれ|false
己れ|おのれ|false
己惚れ|うぬぼれ|false
己惚れる|うぬぼれる|false
已に|すでに|false
已む|やむ|false
已むを得ない|やむをえない|false
已める|やめる|false
已上|いじょう|false
已下|いか|false
已前|いぜん|false
已後|いご|false
已来|いらい|false
已降|いこう|false
巳|み|true
巴|ともえ|true
巴基斯担|パキスタン|false
巴奈馬|パナマ|false
巴格達|バグダッド|false
巴里|パリ|false
巵|さかずき|false
巷|ちまた|true
巻|まき|true
巻き|まき|false
巻きこむ|まきこむ|false
巻きじゃく|まきじゃく|false
巻き尺|まきじゃく|false
巻き添え|まきぞえ|true
巻き込む|まきこむ|true
巻き返し|まきかえし|true
巻く|まく|true
巻尺|まきじゃく|true
巻末|かんまつ|true
巻添え|まきぞえ|true
巻込む|まきこむ|false
巻返し|まきかえし|false
巾|はば|false
市|いち|true
市|し|true
市中|しちゅう|true
市会|しかい|true
市内|しない|true
市営|しえい|true
市営地下鉄|しえいちかてつ|true
市場|いちば|true
市場|しじょう|true
市場調査|しじょうちょうさ|true
市外|しがい|true
市庭|いちば|false
市役所|しやくしょ|true
市政|しせい|true
市民|しみん|true
市民権|しみんけん|true
市民社会|しみんしゃかい|true
市況|しきょう|true
市町村|しちょうそん|true
市立|しりつ|true
市街|しがい|true
市街地|しがいち|true
市議|しぎ|true
市議会|しぎかい|true
市販|しはん|true
市道|しどう|true
市部|しぶ|true
市長|しちょう|true
布|ぬの|true
布く|しく|false
布告|ふこく|true
布哇|ハワイ|false
布団|ふとん|true
布地|ぬのじ|true
布巾|ふきん|true
布教|ふきょう|true
布施|ふせ|true
布石|ふせき|true
布設|ふせつ|false
布陣|ふじん|true
帆|ほ|true
帆船|はんせん|true
帆走|はんそう|true
希|まれ|false
希わくは|ねがわくは|false
希少|きしょう|true
希望|きぼう|true
希臘|ギリシャ|false
希薄|きはく|true
帚|ほうき|false
帝|みかど|true
帝制|ていせい|false
帝国|ていこく|true
帝国主義|ていこくしゅぎ|true
帝國|ていこく|false
帝政|ていせい|true
帥先|そっせん|false
師事|しじ|true
師匠|ししょう|true
師団|しだん|true
師子|しし|false
師弟|してい|true
師範|しはん|true
師走|しわす|true
席|せき|true
席上|せきじょう|true
席巻|せっけん|true
席捲|せっけん|false
帯|おび|true
帯|たい|true
帯く|はく|false
帯びる|おびる|true
帰す|かえす|true
帰り|かえり|true
帰り路|かえりみち|false
帰り道|かえりみち|true
帰る|かえる|true
帰京|ききょう|true
帰休|ききゅう|true
帰依|きえ|true
帰化|きか|true
帰国|きこく|true
帰宅|きたく|true
帰属|きぞく|true
帰省|きせい|true
帰路|きろ|true
帰途|きと|true
帰還|きかん|true
帳本人|ちょうほんにん|false
帳消し|ちょうけし|true
帳簿|ちょうぼ|true
帶|おび|false
常|ただ|false
常|つね|true
常に|つねに|true
常任|じょうにん|true
常任委員会|じょうにんいいんかい|true
常務|じょうむ|true
常勤|じょうきん|true
常時|じょうじ|true
常用|じょうよう|true
常用漢字|じょうようかんじ|true
常習|じょうしゅう|true
常設|じょうせつ|true
常識|じょうしき|true
常識的|じょうしきてき|true
常軌|じょうき|true
常連|じょうれん|true
常駐|じょうちゅう|true
帽子|ぼうし|true
幅|はば|true
幅広い|はばひろい|true
幕|まく|true
幕下|まくした|true
幕僚|ばくりょう|true
幕内|まくうち|true
幕切れ|まくぎれ|true
幕府|ばくふ|true
幕明け|まくあけ|false
幕末|ばくまつ|true
幕開け|まくあけ|true
幡|はた|false
幣害|へいがい|false
干す|ほす|true
干る|ひる|true
干与|かんよ|false
干拓|かんたく|true
干渉|かんしょう|true
干満|かんまん|true
干潟|ひがた|true
干物|かんぶつ|false
平たい|ひらたい|true
平ら|たいら|true
平仮名|ひらがな|true
平凡|へいぼん|true
平和|へいわ|true
平地|へいち|true
平均|へいきん|true
平均点|へいきんてん|true
平均的|へいきんてき|true
平壌|ピョンヤン|true
平安|へいあん|true
平常|へいじょう|true
平幕|ひらまく|true
平年|へいねん|true
平年並|へいねんなみ|false
平年並み|へいねんなみ|true
平成|へいせい|true
平方|へいほう|true
平方キロメートル|へいほうキロメートル|true
平方メートル|へいほうメートル|true
平日|へいじつ|true
平時|へいじ|true
平気|へいき|true
平泳ぎ|ひらおよぎ|true
平穏|へいおん|true
平等|びょうどう|true
平行|へいこう|true
平行線|へいこうせん|true
平衡|へいこう|true
平野|へいや|true
平静|へいせい|true
平面|へいめん|true
年|とし|true
年|ねん|true
年々|ねんねん|true
年ごろ|としごろ|false
年じゅう|ねんじゅう|false
年とった|としとった|false
年より|としより|false
年をとる|としをとる|true
年を取る|としをとる|false
年上|としうえ|true
年下|としした|true
年中|ねんじゅう|true
年中無休|ねんじゅうむきゅう|true
年代|ねんだい|true
年令|ねんれい|false
年会|ねんかい|true
年俸|ねんぽう|true
年内|ねんない|true
年刊|ねんかん|true
年初|ねんしょ|true
年功|ねんこう|true
年功序列|ねんこうじょれつ|true
年収|ねんしゅう|true
年取った|としとった|true
年号|ねんごう|true
年商|ねんしょう|true
年始|ねんし|true
年寄|としより|false
年寄り|としより|true
年年|ねんねん|false
年度|ねんど|true
年後|ねんご|true
年数|ねんすう|true
年明け|としあけ|true
年月|としつき|true
年月日|ねんがっぴ|true
年末|ねんまつ|true
年来|ねんらい|true
年棒|ねんぽう|false
年次|ねんじ|true
年率|ねんりつ|true
年生|ねんせい|true
年産|ねんさん|true
年男|としおとこ|true
年表|ねんぴょう|true
年譜|ねんぷ|true
年賀|ねんが|true
年賀状|ねんがじょう|true
年輩|ねんぱい|true
年輪|ねんりん|true
年配|ねんぱい|true
年金|ねんきん|true
年鑑|ねんかん|true
年長|ねんちょう|true
年間|ねんかん|true
年頃|としごろ|true
年頭|ねんとう|true
年額|ねんがく|true
年魚|あゆ|false
年齢|ねんれい|true
年齢層|ねんれいそう|true
幸|さち|true
幸い|さいわい|true
幸せ|しあわせ|true
幸福|こうふく|true
幸運|こううん|true
幹|みき|true
幹事|かんじ|true
幹理|かんり|false
幹線|かんせん|true
幹部|かんぶ|true
幻|まぼろし|true
幻影|げんえい|true
幻想|げんそう|true
幻滅|げんめつ|true
幻覚|げんかく|true
幼い|おさない|true
幼なじみ|おさななじみ|true
幼ななじみ|おさななじみ|false
幼な児|おさなご|false
幼な子|おさなご|false
幼な馴染み|おさななじみ|false
幼児|おさなご|false
幼児|ようじ|true
幼子|おさなご|true
幼少|ようしょう|true
幼少期|ようしょうき|true
幼稚|ようち|true
幼稚園|ようちえん|true
幼虫|ようちゅう|true
幼馴染|おさななじみ|false
幼馴染み|おさななじみ|false
幽か|かすか|false
幽欝|ゆううつ|false
幽閉|ゆうへい|true
幽霊|ゆうれい|true
幽鬱|ゆううつ|false
幾|いく|true
幾たび|いくど|false
幾つ|いくつ|true
幾つか|いくつか|true
幾ど|ほとんど|false
幾ら|いくら|true
幾何|きか|true
幾何学|きかがく|true
幾分|いくぶん|true
幾度|いくど|true
幾日|いくにち|true
庁|ちょう|true
庁舎|ちょうしゃ|true
広々|ひろびろ|true
広い|ひろい|true
広がり|ひろがり|true
広がる|ひろがる|true
広げる|ひろげる|true
広さ|ひろさ|true
広びろ|ひろびろ|false
広まり|ひろまり|true
広まる|ひろまる|true
広める|ひろめる|true
広告|こうこく|true
広域|こういき|true
広報|こうほう|true
広場|ひろば|true
広大|こうだい|true
広島|ひろしま|true
広州|こうしゅう|true
広広|ひろびろ|false
広東|カントン|true
広汎|こうはん|false
広範|こうはん|true
広範囲|こうはんい|true
広葉樹|こうようじゅ|true
庇う|かばう|true
床|とこ|true
床|ゆか|true
床の間|とこのま|true
床下|ゆかした|true
床屋|とこや|true
序|ついで|true
序で|ついで|true
序でに|ついでに|false
序に|ついでに|false
序列|じょれつ|true
序幕|じょまく|true
序文|じょぶん|true
序曲|じょきょく|true
序盤|じょばん|true
序説|じょせつ|true
底|そこ|true
底値|そこね|true
底入れ|そこいれ|true
底力|そこぢから|true
底打ち|そこうち|true
底流|ていりゅう|true
底辺|ていへん|true
庖丁|ほうちょう|false
店|てん|true
店|みせ|true
店さき|みせさき|false
店主|てんしゅ|true
店先|みせさき|true
店内|てんない|true
店名|てんめい|true
店員|てんいん|true
店舗|てんぽ|true
店鋪|てんぽ|false
店長|てんちょう|true
店開き|みせびらき|true
店頭|てんとう|true
府庁|ふちょう|true
府県|ふけん|true
府知事|ふちじ|true
府立|ふりつ|true
府警|ふけい|true
度|たび|true
度|ど|true
度々|たびたび|true
度に|たびに|true
度合|どあい|true
度合い|どあい|true
度度|たびたび|false
度数|どすう|true
度胸|どきょう|true
座|ざ|true
座ぶとん|ざぶとん|false
座り|すわり|true
座り込み|すわりこみ|true
座る|すわる|true
座わる|すわる|false
座布団|ざぶとん|true
座席|ざせき|true
座敷|ざしき|true
座禅|ざぜん|true
座蒲団|ざぶとん|false
座談会|ざだんかい|true
座長|ざちょう|true
庫|くら|false
庭|にわ|true
庭園|ていえん|true
庭木|にわき|true
庭球|ていきゅう|true
庵|いおり|true
庶務|しょむ|true
庶民|しょみん|true
庶民的|しょみんてき|true
廃める|やめる|false
廃坑|はいこう|true
廃墟|はいきょ|true
廃材|はいざい|true
廃案|はいあん|true
廃棄|はいき|true
廃棄物|はいきぶつ|true
廃業|はいぎょう|true
廃止|はいし|true
廃絶|はいぜつ|true
廃虚|はいきょ|false
廃鉱|はいこう|false
廉い|やすい|false
廉価|れんか|true
廉売|れんばい|true
廊下|ろうか|true
廚房|ちゅうぼう|false
廣い|ひろい|false
廣告|こうこく|false
廣報|こうほう|false
廣島|ひろしま|false
廣州|こうしゅう|false
廣東|カントン|false
廣汎|こうはん|false
廬|いおり|false
延々|えんえん|true
延う|はう|false
延ばす|のばす|true
延び|のび|false
延びる|のびる|true
延び率|のびりつ|false
延べ|のべ|true
延命|えんめい|true
延延|えんえん|false
延期|えんき|true
延滞|えんたい|true
延長|えんちょう|true
建つ|たつ|true
建てもの|たてもの|false
建てる|たてる|true
建て前|たてまえ|true
建て物|たてもの|false
建もの|たてもの|false
建前|たてまえ|true
建国|けんこく|true
建材|けんざい|true
建物|たてもの|true
建立|こんりゅう|true
建築|けんちく|true
建築士|けんちくし|true
建築学|けんちくがく|true
建築家|けんちくか|true
建築物|けんちくぶつ|true
建設|けんせつ|true
建設的|けんせつてき|true
建設省|けんせつしょう|true
建議|けんぎ|true
建造|けんぞう|true
建造物|けんぞうぶつ|true
廻し|まわし|false
廻す|まわす|false
廻り|まわり|false
廻り合う|めぐりあう|false
廻り路|まわりみち|false
廻り道|まわりみち|false
廻る|まわる|true
廻る|めぐる|false
廻廊|かいろう|false
廻覧|かいらん|false
廻転|かいてん|false
廻送|かいそう|false
廿|にじゅう|false
廿|はたち|false
廿日|はつか|false
弁|べん|true
弁える|わきまえる|true
弁償|べんしょう|true
弁務官|べんむかん|true
弁当|べんとう|true
弁慶|べんけい|true
弁明|べんめい|true
弁済|べんさい|true
弁當|べんとう|false
弁舌|べんぜつ|true
弁解|べんかい|true
弁論|べんろん|true
弁護|べんご|true
弁護人|べんごにん|true
弁護士|べんごし|true
弄る|いじる|true
弊害|へいがい|true
弊社|へいしゃ|true
弌|いち|false
弍|に|false
弎|さん|false
式|しき|true
式典|しきてん|true
式場|しきじょう|true
式辞|しきじ|true
式部|しきぶ|true
弐|に|false
弐拾|にじゅう|false
弓|ゆみ|true
弓矢|ゆみや|true
弓箭|ゆみや|false
弓道|きゅうどう|true
弔う|とむらう|true
弔問|ちょうもん|true
弔意|ちょうい|true
弔辞|ちょうじ|true
弔電|ちょうでん|true
引かれる|ひかれる|true
引きあげる|ひきあげる|false
引きうける|ひきうける|false
引きおこす|ひきおこす|false
引きかえす|ひきかえす|false
引きがね|ひきがね|false
引きこもり|ひきこもり|true
引きさく|ひきさく|false
引きしまる|ひきしまる|false
引きしめる|ひきしめる|false
引きずる|ひきずる|true
引きだす|ひきだす|false
引きつぐ|ひきつぐ|false
引きつける|ひきつける|true
引きつる|ひきつる|true
引きとめる|ひきとめる|false
引きとる|ひきとる|false
引きどき|ひきどき|false
引きぬく|ひきぬく|false
引きのばし|ひきのばし|false
引きのばす|ひきのばす|false
引きはなす|ひきはなす|false
引きもどす|ひきもどす|false
引きわたす|ひきわたす|false
引き上げ|ひきあげ|true
引き上げる|ひきあげる|true
引き下げ|ひきさげ|true
引き下げる|ひきさげる|true
引き付ける|ひきつける|true
引き伸し|ひきのばし|false
引き伸す|ひきのばす|false
引き伸ばし|ひきのばし|false
引き伸ばす|ひきのばす|true
引き出し|ひきだし|true
引き出す|ひきだす|true
引き分け|ひきわけ|true
引き取り|ひきとり|true
引き取る|ひきとる|true
引き受け|ひきうけ|true
引き受ける|ひきうける|true
引き合い|ひきあい|true
引き延し|ひきのばし|false
引き延す|ひきのばす|false
引き延ばし|ひきのばし|true
引き延ばす|ひきのばす|true
引き戻す|ひきもどす|true
引き抜く|ひきぬく|true
引き揚げ|ひきあげ|false
引き揚げる|ひきあげる|false
引き揚げ者|ひきあげしゃ|false
引き換え|ひきかえ|true
引き摺る|ひきずる|false
引き攣る|ひきつる|false
引き時|ひきどき|true
引き替え|ひきかえ|true
引き止める|ひきとめる|true
引き渡し|ひきわたし|true
引き渡す|ひきわたす|true
引き留める|ひきとめる|false
引き算|ひきざん|true
引き篭もり|ひきこもり|false
引き篭り|ひきこもり|false
引き籠もり|ひきこもり|false
引き籠り|ひきこもり|false
引き継ぎ|ひきつぎ|true
引き継ぐ|ひきつぐ|true
引き続き|ひきつづき|true
引き締まる|ひきしまる|true
引き締め|ひきしめ|true
引き締める|ひきしめる|true
引き締る|ひきしまる|false
引き裂く|ひきさく|true
引き起こす|ひきおこす|true
引き起す|ひきおこす|false
引き返す|ひきかえす|true
引き金|ひきがね|true
引き鉄|ひきがね|false
引き離す|ひきはなす|true
引く|ひく|true
引け目|ひけめ|true
引っかかる|ひっかかる|true
引っかける|ひっかける|false
引っくり返る|ひっくりかえる|false
引っこし|ひっこし|false
引っこす|ひっこす|false
引っこむ|ひっこむ|false
引っつく|ひっつく|false
引っぱる|ひっぱる|false
引っ付く|ひっつく|true
引っ張る|ひっぱる|true
引っ懸ける|ひっかける|false
引っ掛かる|ひっかかる|true
引っ掛ける|ひっかける|true
引っ掛る|ひっかかる|true
引っ繰り返る|ひっくりかえる|false
引っ越し|ひっこし|true
引っ越す|ひっこす|true
引っ込む|ひっこむ|true
引上げ|ひきあげ|false
引上げる|ひきあげる|false
引下げ|ひきさげ|false
引下げる|ひきさげる|false
引付ける|ひきつける|true
引伸す|ひきのばす|false
引伸ばし|ひきのばし|false
引伸ばす|ひきのばす|false
引出し|ひきだし|true
引出す|ひきだす|true
引分け|ひきわけ|true
引力|いんりょく|true
引取|ひきとり|false
引取り|ひきとり|false
引取る|ひきとる|false
引受|ひきうけ|false
引受け|ひきうけ|false
引受ける|ひきうける|true
引受る|ひきうける|false
引合|ひきあい|false
引合い|ひきあい|false
引延す|ひきのばす|false
引延ばし|ひきのばし|false
引延ばす|ひきのばす|false
引張る|ひっぱる|false
引戻す|ひきもどす|false
引抜く|ひきぬく|false
引揚|ひきあげ|false
引揚げ|ひきあげ|false
引揚げる|ひきあげる|false
引揚げ者|ひきあげしゃ|false
引揚者|ひきあげしゃ|true
引換|ひきかえ|false
引換え|ひきかえ|true
引摺る|ひきずる|false
引時|ひきどき|false
引替|ひきかえ|false
引替え|ひきかえ|true
引止める|ひきとめる|true
引渡|ひきわたし|false
引渡し|ひきわたし|false
引渡す|ひきわたす|false
引用|いんよう|true
引留める|ひきとめる|false
引算|ひきざん|false
引篭もり|ひきこもり|false
引篭り|ひきこもり|false
引籠もり|ひきこもり|false
引籠り|ひきこもり|false
引継|ひきつぎ|false
引継ぎ|ひきつぎ|true
引継ぐ|ひきつぐ|false
引続き|ひきつづき|true
引締まる|ひきしまる|false
引締め|ひきしめ|true
引締める|ひきしめる|false
引繰り返る|ひっくりかえる|false
引裂く|ひきさく|false
引責|いんせき|true
引起こす|ひきおこす|false
引起す|ひきおこす|false
引越|ひっこし|false
引越し|ひっこし|false
引越す|ひっこす|false
引返す|ひきかえす|false
引退|いんたい|true
引金|ひきがね|true
引鉄|ひきがね|false
引離す|ひきはなす|false
弗|ドル|false
弘い|ひろい|false
弘まる|ひろまる|false
弘める|ひろめる|false
弘報|こうほう|false
弘大|こうだい|false
弛む|たるむ|true
弛む|ゆるむ|false
弛める|ゆるめる|false
弟|おとうと|true
弟妹|ていまい|true
弟子|でし|true
弟子入り|でしいり|true
弥々|いよいよ|false
弥る|わたる|false
弥弥|いよいよ|false
弥撒|ミサ|false
弥生|やよい|true
弦|つる|true
弦楽|げんがく|true
弦楽器|げんがっき|true
弭|はず|false
弯曲|わんきょく|false
弱|じゃく|true
弱い|よわい|true
弱まる|よわまる|true
弱み|よわみ|true
弱める|よわめる|true
弱る|よわる|true
弱体|じゃくたい|true
弱冠|じゃっかん|true
弱味|よわみ|false
弱年|じゃくねん|false
弱気|よわき|true
弱点|じゃくてん|true
弱者|じゃくしゃ|true
弱腰|よわごし|true
弱虫|よわむし|true
弱音|よわね|true
張り|ばり|true
張りだす|はりだす|false
張りつける|はりつける|false
張り付ける|はりつける|false
張り出す|はりだす|true
張り切る|はりきる|true
張り紙|はりがみ|true
張る|はる|true
張付ける|はりつける|false
張出す|はりだす|false
張本人|ちょうほんにん|true
張紙|はりがみ|false
強い|つよい|true
強いて|しいて|true
強いる|しいる|true
強き|つよき|false
強さ|つよさ|true
強ち|あながち|false
強まる|つよまる|true
強み|つよみ|true
強める|つよめる|true
強制|きょうせい|true
強制的|きょうせいてき|true
強剛|きょうごう|false
強力|きょうりょく|true
強化|きょうか|true
強味|つよみ|false
強固|きょうこ|true
強国|きょうこく|true
強壮|きょうそう|true
強大|きょうだい|true
強奪|ごうだつ|true
強度|きょうど|true
強引|ごういん|true
強弱|きょうじゃく|true
強情|ごうじょう|true
強慢|ごうまん|false
強打|きょうだ|true
強敵|きょうてき|true
強権|きょうけん|true
強気|つよき|true
強烈|きょうれつ|true
強盗|ごうとう|true
強硬|きょうこう|true
強者|きょうしゃ|true
強行|きょうこう|true
強行採決|きょうこうさいけつ|true
強要|きょうよう|true
強調|きょうちょう|true
強請る|ねだる|true
強豪|きょうごう|true
強風|きょうふう|true
弾|たま|false
弾く|はじく|true
弾く|ひく|true
弾み|はずみ|true
弾む|はずむ|true
弾丸|だんがん|true
弾力|だんりょく|true
弾劾|だんがい|true
弾圧|だんあつ|true
弾機|ばね|false
弾薬|だんやく|true
弾道|だんどう|true
弾頭|だんとう|true
彎曲|わんきょく|false
当たり|あたり|true
当たりめー|あたりまえ|false
当たり前|あたりまえ|true
当たり役|あたりやく|true
当たる|あたる|true
当て|あて|true
当てはまる|あてはまる|true
当てはめる|あてはめる|true
当てる|あてる|true
当て嵌まる|あてはまる|false
当て嵌める|あてはめる|false
当の|とうの|true
当り|あたり|true
当りまえ|あたりまえ|false
当り前|あたりまえ|false
当る|あたる|false
当事|とうじ|true
当事者|とうじしゃ|true
当人|とうにん|true
当分|とうぶん|true
当初|とうしょ|true
当前|とうぜん|false
当地|とうち|true
当局|とうきょく|true
当店|とうてん|true
当惑|とうわく|true
当方|とうほう|true
当日|とうじつ|true
当時|とうじ|true
当期|とうき|true
当然|とうぜん|true
当番|とうばん|true
当直|とうちょく|true
当確|とうかく|true
当社|とうしゃ|true
当落|とうらく|true
当選|とうせん|true
当面|とうめん|true
彗星|すいせい|true
形|かたち|true
形体|けいたい|false
形勝|けいしょう|false
形勢|けいせい|true
形容|けいよう|true
形容詞|けいようし|true
形式|けいしき|true
形式的|けいしきてき|true
形態|けいたい|true
形成|けいせい|true
形気|きしつ|false
形状|けいじょう|true
形見|かたみ|true
形跡|けいせき|true
彩やか|あざやか|false
彩り|いろどり|true
彩る|いろどる|true
彩色|さいしき|true
彫る|ほる|true
彫像|ちょうぞう|true
彫刻|ちょうこく|true
彫塑|ちょうそ|true
彫金|ちょうきん|true
影|かげ|true
影の内閣|かげのないかく|true
影口|かげぐち|false
影画|かげえ|false
影絵|かげえ|true
影響|えいきょう|true
影響力|えいきょうりょく|true
彳む|たたずむ|false
彷徨う|さまよう|true
彷徨く|うろつく|false
役|やく|true
役だつ|やくだつ|false
役にたたない|やくにたたない|false
役にたつ|やくにたつ|false
役に立たない|やくにたたない|true
役に立た無い|やくにたたない|false
役に立つ|やくにたつ|true
役まわり|やくまわり|false
役人|やくにん|true
役割|やくわり|true
役割り|やくわり|false
役員|やくいん|true
役回り|やくまわり|true
役場|やくば|true
役廻り|やくまわり|false
役所|やくしょ|true
役柄|やくがら|true
役目|やくめ|true
役立つ|やくだつ|true
役者|やくしゃ|true
役職|やくしょく|true
彼|あれ|false
彼|かれ|true
彼の|あの|false
彼の世|あのよ|false
彼の人|あのひと|false
彼の方|あのかた|false
彼ら|かれら|true
彼れ|あれ|false
彼処|あそこ|false
彼女|かのじょ|true
彼奴|あいつ|false
彼奴ら|あいつら|false
彼奴等|あいつら|false
彼岸|ひがん|true
彼所|あそこ|false
彼方|あちら|false
彼方|かなた|true
彼方此方|あちこち|false
彼是|あれこれ|false
彼此|あれこれ|false
彼氏|かれし|true
彼程|あれほど|false
彼等|かれら|false
往き|いき|false
往き来|ゆきき|false
往く|いく|false
往古|いにしえ|false
往年|おうねん|true
往復|おうふく|true
往来|おうらい|true
往生|おうじょう|true
往診|おうしん|true
征服|せいふく|true
径|みち|false
径路|けいろ|false
待たす|またす|true
待たせる|またせる|true
待ち|まち|true
待ちあわせ|まちあわせ|false
待ちあわせる|まちあわせる|false
待ちかねる|まちかねる|false
待ちかまえる|まちかまえる|false
待ちどうしい|まちどおしい|false
待ちのぞむ|まちのぞむ|false
待ちぶせ|まちぶせ|false
待ち伏せ|まちぶせ|true
待ち兼ねる|まちかねる|true
待ち受ける|まちうける|true
待ち合い|まちあい|false
待ち合い室|まちあいしつ|false
待ち合せ|まちあわせ|false
待ち合せる|まちあわせる|false
待ち合わせ|まちあわせ|true
待ち合わせる|まちあわせる|true
待ち合わせ場所|まちあわせばしょ|true
待ち望む|まちのぞむ|true
待ち構える|まちかまえる|true
待ち遠しい|まちどおしい|true
待つ|まつ|true
待伏せ|まちぶせ|false
待受ける|まちうける|false
待合|まちあい|true
待合い|まちあい|false
待合い室|まちあいしつ|false
待合せ|まちあわせ|false
待合わせ|まちあわせ|false
待合室|まちあいしつ|true
待望|たいぼう|true
待望む|まちのぞむ|false
待構える|まちかまえる|false
待機|たいき|true
待遇|たいぐう|true
待遠しい|まちどおしい|false
後|あと|true
後|うしろ|false
後|ご|true
後|しり|false
後|のち|true
後々|のちのち|true
後かたづけ|あとかたづけ|false
後から|あとから|true
後の祭|あとのまつり|false
後の祭り|あとのまつり|true
後らす|おくらす|false
後れ|おくれ|false
後れる|おくれる|false
後ろ|うしろ|true
後ろだて|うしろだて|false
後ろ向き|うしろむき|true
後ろ姿|うしろすがた|true
後ろ楯|うしろだて|false
後ろ盾|うしろだて|true
後世|こうせい|true
後任|こうにん|true
後列|こうれつ|true
後半|こうはん|true
後半戦|こうはんせん|true
後向き|うしろむき|false
後回し|あとまわし|true
後天的|こうてんてき|true
後妻|ごさい|true
後始末|あとしまつ|true
後姿|うしろすがた|false
後後|のちのち|false
後悔|こうかい|true
後戻り|あともどり|true
後手|ごて|true
後押し|あとおし|true
後援|こうえん|true
後方|こうほう|true
後日|ごじつ|true
後書|あとがき|true
後書き|あとがき|true
後期|こうき|true
後片づけ|あとかたづけ|false
後片付け|あとかたづけ|true
後発|こうはつ|true
後継|あとつぎ|false
後継|こうけい|true
後継ぎ|あとつぎ|false
後続|こうぞく|true
後者|こうしゃ|true
後見|こうけん|true
後輩|こうはい|true
後退|こうたい|true
後進|こうしん|true
後遺症|こういしょう|true
後部|こうぶ|true
徐々に|じょじょに|true
徐徐に|じょじょに|false
徐航|じょこう|false
徐行|じょこう|true
徒|ただ|false
徒|むだ|false
徒労|とろう|true
徒歩|とほ|true
徒遣い|むだづかい|false
従う|したがう|true
従える|したがえる|true
従って|したがって|true
従事|じゅうじ|true
従兄弟|いとこ|true
従姉妹|いとこ|true
従属|じゅうぞく|true
従来|じゅうらい|true
従業員|じゅうぎょういん|true
従軍|じゅうぐん|true
得|とく|true
得々|とくとく|true
得する|とくする|true
得る|うる|true
得る|える|true
得失|とくしつ|true
得得|とくとく|false
得意|とくい|true
得意先|とくいさき|true
得撒|テキサス|false
得点|とくてん|true
得票|とくひょう|true
得策|とくさく|true
從う|したがう|false
御|お|true
御|ご|true
御かわり|おかわり|false
御一人様|おひとりさま|false
御不沙汰|ごぶさた|false
御世話になる|おせわになる|false
御世辞|おせじ|false
御中|おなか|false
御中|おんちゅう|true
御中元|おちゅうげん|false
御主人|ごしゅじん|false
御久しぶり|おひさしぶり|false
御久し振り|おひさしぶり|false
御了承ください|ごりょうしょうください|false
御了承下さい|ごりょうしょうください|false
御互いに|おたがいに|false
御仕舞|おしまい|false
御仕舞い|おしまい|false
御代り|おかわり|false
御代わり|おかわり|false
御休み|おやすみ|false
御休みなさい|おやすみなさい|false
御会計|おかいけい|false
御使|おつかい|false
御使い|おつかい|false
御兄さん|おにいさん|false
御免|ごめん|true
御免ください|ごめんください|false
御免下さい|ごめんください|false
御八つ|おやつ|false
御内|おうち|false
御凸|おでこ|false
御出掛け|おでかけ|false
御前|おまえ|false
御化け|おばけ|false
御医者さん|おいしゃさん|false
御協力|ごきょうりょく|false
御参り|おまいり|false
御名前|おなまえ|false
御喋り|おしゃべり|false
御土産|おみやげ|false
御坊さん|おぼうさん|false
御墨付き|おすみつき|false
御天気|おてんき|false
御好み焼|おこのみやき|false
御好み焼き|おこのみやき|false
御姉さん|おねえさん|false
御姐さん|おねえさん|false
御婆さん|おばあさん|false
御婆ちゃん|おばあちゃん|false
御嬢さん|おじょうさん|false
御子さま|おこさま|false
御子様|おこさま|false
御存じ|ごぞんじ|false
御存知|ごぞんじ|false
御宅|おたく|false
御守|おまもり|false
御守り|おまもり|false
御客さま|おきゃくさま|false
御客様|おきゃくさま|false
御家|おうち|false
御山|みやま|false
御巡りさん|おまわりさん|false
御帰り|おかえり|false
御帰りなさい|おかえりなさい|false
御年寄り|おとしより|false
御年玉|おとしだま|false
御店|おみせ|false
御座います|ございます|false
御座居ます|ございます|false
御弁当|おべんとう|false
御待ち兼ね|おまちかね|false
御待兼ね|おまちかね|false
御所|ごしょ|true
御手上げ|おてあげ|false
御手伝い|おてつだい|false
御手伝いさん|おてつだいさん|false
御手数|おてすう|false
御手数ですが|おてすうですが|false
御手洗|おてあらい|false
御手洗い|おてあらい|false
御握り|おにぎり|false
御数|おかず|false
御方|みかた|false
御早う|おはよう|false
御昼|おひる|false
御時間|おじかん|false
御替り|おかわり|false
御替わり|おかわり|false
御歳暮|おせいぼ|false
御殿|ごてん|true
御母さん|おかあさん|false
御気に入り|おきにいり|false
御洒落|おしゃれ|false
御無沙汰|ごぶさた|true
御父さん|おとうさん|false
御爺さん|おじいさん|false
御産|おさん|false
御用邸|ごようてい|true
御田|おでん|false
御疲れ様|おつかれさま|false
御目出度う|おめでとう|false
御目出度う御座います|おめでとうございます|false
御礼|おれい|false
御社|おんしゃ|true
御祖母さん|おばあさん|false
御祖母ちゃん|おばあちゃん|false
御祖父さん|おじいさん|false
御祝|おいわい|false
御祝い|おいわい|false
御神輿|おみこし|false
御箱|じゅうはちばん|false
御節|おせち|false
御節介|おせっかい|false
御節料理|おせちりょうり|false
御終い|おしまい|false
御絞り|おしぼり|false
御腹|おなか|false
御芽出度う|おめでとう|false
御苑|ぎょえん|true
御苦労さま|ごくろうさま|false
御苦労様|ごくろうさま|false
御茶|おちゃ|false
御菓子|おかし|false
御菓子屋|おかしや|false
御菜|おかず|false
御葬式|おそうしき|false
御蔭で|おかげで|false
御蔭様で|おかげさまで|false
御袋|おふくろ|false
御褒美|ごほうび|false
御襁褓|おむつ|false
御見積|おみつもり|false
御見積もり|おみつもり|false
御見積り|おみつもり|false
御覧|ごらん|false
御覧になる|ごらんになる|false
御言宣|みことのり|false
御試しあれ|おためしあれ|false
御詫び|おわび|false
御話|おはなし|false
御話し|おはなし|false
御話し中|おはなしちゅう|false
御話中|おはなしちゅう|false
御誕生日|おたんじょうび|false
御誕生日おめでとうございます|おたんじょうびおめでとうございます|false
御負け|おまけ|false
御負けに|おまけに|false
御買い得|おかいどく|false
御買得|おかいどく|false
御輿|みこし|true
御辞儀|おじぎ|false
御返し|おかえし|false
御連絡|ごれんらく|false
御遠慮ください|ごえんりょください|false
御遠慮下さい|ごえんりょください|false
御遣い|おつかい|false
御邪魔します|おじゃまします|false
御金|おかね|false
御金持ち|おかねもち|false
御釣|おつり|false
御釣り|おつり|false
御門|みかど|false
御陰で|おかげで|false
御陰様で|おかげさまで|false
御願い|おねがい|false
御願いいたします|おねがいいたします|false
御願いします|おねがいします|false
御願い致します|おねがいいたします|false
御風呂|おふろ|false
御飯|ごはん|true
御馳走|ごちそう|false
御馳走様|ごちそうさま|false
御馳走様でした|ごちそうさまでした|false
御馴染み|おなじみ|false
復|また|false
復しゅう|ふくしゅう|false
復る|かえる|false
復元|ふくげん|true
復党|ふくとう|true
復刻|ふっこく|true
復原|ふくげん|false
復員|ふくいん|true
復帰|ふっき|true
復数|ふくすう|false
復旧|ふっきゅう|true
復権|ふっけん|true
復活|ふっかつ|true
復習|ふくしゅう|true
復興|ふっこう|true
復製|ふくせい|false
復調|ふくちょう|true
復讎|ふくしゅう|false
復讐|ふくしゅう|true
循守|じゅんしゅ|false
循環|じゅんかん|true
循環器|じゅんかんき|true
循還|じゅんかん|false
微か|かすか|true
微候|ちょうこう|false
微動|びどう|true
微塵|みじん|true
微塵切り|みじんぎり|false
微妙|びみょう|true
微小|びしょう|true
微温い|ぬるい|false
微熱|びねつ|true
微生物|びせいぶつ|true
微笑|びしょう|true
微笑む|ほほえむ|true
微細|びさい|true
微量|びりょう|true
微震|びしん|true
微風|そよかぜ|false
徳撒|テキサス|false
徴候|ちょうこう|true
徴兵|ちょうへい|true
徴収|ちょうしゅう|true
徴税|ちょうぜい|true
徹える|こたえる|false
徹す|とおす|true
徹する|てっする|true
徹る|とおる|false
徹収|てっしゅう|false
徹夜|てつや|true
徹底|てってい|true
徹底的|てっていてき|true
徹廃|てっぱい|false
徹退|てったい|false
徽章|きしょう|false
心|こころ|true
心|しん|true
心あたり|こころあたり|false
心から|こころから|true
心がけ|こころがけ|true
心がける|こころがける|true
心がまえ|こころがまえ|false
心づかい|こころづかい|false
心ぼそい|こころぼそい|false
心みる|こころみる|false
心をこめて|こころをこめて|true
心を籠めて|こころをこめて|false
心を込めて|こころをこめて|true
心不全|しんふぜん|true
心中|しんじゅう|true
心中|しんちゅう|true
心使い|こころづかい|false
心労|しんろう|true
心地|ここち|true
心地いい|ここちよい|false
心地よい|ここちよい|true
心地好い|ここちよい|false
心地良い|ここちよい|false
心境|しんきょう|true
心外|しんがい|true
心強い|こころづよい|true
心当たり|こころあたり|true
心当り|こころあたり|false
心待ち|こころまち|true
心得|こころえ|true
心得る|こころえる|true
心情|しんじょう|true
心意気|こころいき|true
心懸け|こころがけ|false
心懸ける|こころがける|false
心掛け|こころがけ|true
心掛ける|こころがける|true
心構え|こころがまえ|true
心理|しんり|true
心理学|しんりがく|true
心理的|しんりてき|true
心神耗弱|しんしんこうじゃく|true
心筋|しんきん|true
心細い|こころぼそい|true
心臓|しんぞう|true
心臓病|しんぞうびょう|true
心良い|こころよい|false
心見る|こころみる|false
心身|しんしん|true
心辺り|こころあたり|false
心遣い|こころづかい|true
心遺い|こころづかい|false
心配|しんぱい|true
心酔|しんすい|true
必ず|かならず|true
必ずしも|かならずしも|true
必修|ひっしゅう|true
必勝|ひっしょう|true
必捷|ひっしょう|false
必携|ひっけい|true
必死|ひっし|true
必死になって|ひっしになって|true
必然|ひつぜん|true
必然的|ひつぜんてき|true
必用|ひつよう|false
必着|ひっちゃく|true
必至|ひっし|true
必要|ひつよう|true
必要性|ひつようせい|true
必見|ひっけん|true
必読|ひつどく|true
必需|ひつじゅ|true
必需品|ひつじゅひん|true
必須|ひっす|true
必須条件|ひっすじょうけん|true
忌まわしい|いまわしい|true
忌避|きひ|true
忍ぶ|しのぶ|true
忍者|にんじゃ|true
忍耐|にんたい|true
忖度|そんたく|true
志|こころざし|true
志す|こころざす|true
志向|しこう|true
志望|しぼう|true
志願|しがん|true
忘れもの|わすれもの|false
忘れもん|わすれもの|false
忘れる|わすれる|true
忘れ物|わすれもの|true
忘却|ぼうきゃく|true
忘年会|ぼうねんかい|true
忙がしい|いそがしい|false
忙しい|いそがしい|true
応え|こたえ|false
応える|こたえる|true
応じる|おうじる|true
応ずる|おうずる|true
応分|おうぶん|true
応募|おうぼ|true
応募者|おうぼしゃ|true
応召|おうしょう|true
応対|おうたい|true
応待|おうたい|false
応急|おうきゅう|true
応接|おうせつ|true
応援|おうえん|true
応札|おうさつ|true
応用|おうよう|true
応答|おうとう|true
応酬|おうしゅう|true
忠告|ちゅうこく|true
忠実|ちゅうじつ|true
忠実|まめ|true
忠義|ちゅうぎ|true
忠臣|ちゅうしん|true
忠誠|ちゅうせい|true
快い|こころよい|true
快勝|かいしょう|true
快復|かいふく|false
快感|かいかん|true
快挙|かいきょ|true
快晴|かいせい|true
快楽|かいらく|true
快活|かいかつ|true
快濶|かいかつ|false
快調|かいちょう|true
快豁|かいかつ|false
快速|かいそく|true
快適|かいてき|true
快闊|かいかつ|false
快霽|かいせい|false
念|ねん|true
念い|おもい|false
念う|おもう|false
念のため|ねんのため|true
念の為|ねんのため|false
念仏|ねんぶつ|true
念入り|ねんいり|true
念力|ねんりき|true
念書|ねんしょ|true
念頭|ねんとう|true
念願|ねんがん|true
忽ち|たちまち|false
怒らせる|おこらせる|true
怒り|いかり|true
怒る|おこる|true
怒号|どごう|true
怒気|どき|true
怒涛|どとう|true
怒濤|どとう|false
怒鳴り込む|どなりこむ|true
怒鳴る|どなる|true
怖い|こわい|true
怖がる|こわがる|true
怖れ|おそれ|false
怖れる|おそれる|false
怖ろしい|おそろしい|false
思い|おもい|true
思いあがる|おもいあがる|false
思いあたる|おもいあたる|false
思いがけない|おもいがけない|true
思いきって|おもいきって|false
思いきり|おもいきり|false
思いきる|おもいきる|false
思いこむ|おもいこむ|false
思いだす|おもいだす|false
思いっきり|おもいっきり|true
思いっ切り|おもいっきり|false
思いつき|おもいつき|true
思いつく|おもいつく|false
思いで|おもいで|false
思いとどまる|おもいとどまる|true
思いなおす|おもいなおす|false
思いやり|おもいやり|true
思いやる|おもいやる|true
思い上がる|おもいあがる|true
思い付き|おもいつき|true
思い付く|おもいつく|true
思い出|おもいで|true
思い出す|おもいだす|true
思い切って|おもいきって|true
思い切り|おもいきり|true
思い切る|おもいきる|true
思い当たる|おもいあたる|true
思い当る|おもいあたる|false
思い思い|おもいおもい|true
思い掛けない|おもいがけない|false
思い掛け無い|おもいがけない|false
思い描く|おもいえがく|true
思い止どまる|おもいとどまる|false
思い止まる|おもいとどまる|false
思い留まる|おもいとどまる|false
思い直す|おもいなおす|true
思い起こす|おもいおこす|true
思い起す|おもいおこす|false
思い込む|おもいこむ|true
思い遣り|おもいやり|false
思い遣る|おもいやる|false
思う|おもう|true
思うぞんぶん|おもうぞんぶん|false
思う存分|おもうぞんぶん|true
思わく|おもわく|true
思わず|おもわず|true
思われる|おもわれる|true
思出|おもいで|false
思出す|おもいだす|false
思惑|おもわく|true
思想|しそう|true
思慕|しぼ|true
思春期|ししゅんき|true
思案|しあん|true
思索|しさく|true
思考|しこう|true
思起す|おもいおこす|false
怠い|だるい|true
怠けもの|なまけもの|false
怠ける|なまける|true
怠け者|なまけもの|true
怠る|おこたる|true
怠堕|たいだ|false
怠情|たいだ|false
怠惰|たいだ|true
怠慢|たいまん|true
怠納|たいのう|false
急|きゅう|true
急いで|いそいで|true
急かす|せかす|true
急きょ|きゅうきょ|true
急ぎ|いそぎ|true
急ぐ|いそぐ|true
急に|きゅうに|true
急ピッチ|きゅうピッチ|true
急伸|きゅうしん|true
急劇|きゅうげき|false
急務|きゅうむ|true
急増|きゅうぞう|true
急変|きゅうへん|true
急度|きっと|false
急性|きゅうせい|true
急患|きゅうかん|true
急成長|きゅうせいちょう|true
急所|きゅうしょ|true
急拠|きゅうきょ|false
急死|きゅうし|true
急激|きゅうげき|true
急用|きゅうよう|true
急病|きゅうびょう|true
急落|きゅうらく|true
急行|きゅうこう|true
急逝|きゅうせい|true
急速|きゅうそく|true
急進|きゅうしん|true
急遽|きゅうきょ|true
急騰|きゅうとう|true
性|せい|true
性交|せいこう|true
性分|しょうぶん|true
性別|せいべつ|true
性向|せいこう|true
性壁|せいへき|false
性急|せいきゅう|true
性感帯|せいかんたい|true
性慾|せいよく|false
性教育|せいきょういく|true
性格|せいかく|true
性欲|せいよく|true
性病|せいびょう|true
性癖|せいへき|true
性的|せいてき|true
性能|せいのう|true
性行|せいこう|true
性質|せいしつ|true
怨み|うらみ|false
怨む|うらむ|false
怪しい|あやしい|true
怪しむ|あやしむ|true
怪奇|かいき|true
怪我|けが|true
怪我人|けがにん|true
怪物|かいぶつ|true
怪獣|かいじゅう|true
怪談|かいだん|true
怯える|おびえる|true
恃み|たのみ|false
恃む|たのむ|false
恋|こい|true
恋いしい|こいしい|false
恋しい|こいしい|true
恋する|こいする|true
恋人|こいびと|true
恋心|こいごころ|true
恋愛|れんあい|true
恋文|こいぶみ|true
恍ける|とぼける|false
恍れる|ほれる|false
恐い|こわい|false
恐がる|こわがる|false
恐らく|おそらく|true
恐るべき|おそるべき|true
恐る恐る|おそるおそる|true
恐れ|おそれ|true
恐れる|おそれる|true
恐ろしい|おそろしい|true
恐喝|きょうかつ|true
恐怖|きょうふ|true
恐怖症|きょうふしょう|true
恐慌|きょうこう|true
恐竜|きょうりゅう|true
恐縮|きょうしゅく|true
恐龍|きょうりゅう|false
恒|つね|false
恒久|こうきゅう|true
恒例|こうれい|true
恒常|こうじょう|true
恒星|こうせい|true
恢復|かいふく|false
恤む|めぐむ|false
恥|はじ|true
恥かしい|はずかしい|false
恥さらし|はじさらし|true
恥しい|はずかしい|false
恥じ|はじ|false
恥じらう|はじらう|true
恥じる|はじる|true
恥ずかしい|はずかしい|true
恥らう|はじらう|false
恥晒し|はじさらし|false
恥曝し|はじさらし|false
恥知らず|はじしらず|true
恥辱|ちじょく|true
恨み|うらみ|true
恨む|うらむ|true
恩|おん|true
恩がえし|おんがえし|false
恩人|おんじん|true
恩師|おんし|true
恩恵|おんけい|true
恩知らず|おんしらず|true
恩給|おんきゅう|true
恩賜|おんし|true
恩赦|おんしゃ|true
恩返し|おんがえし|true
息|いき|true
息|むすこ|false
息う|いこう|false
息切れ|いきぎれ|true
息吹|いぶき|true
息吹き|いぶき|false
息子|むすこ|true
恰も|あたかも|true
恰好|かっこう|false
恰度|ちょうど|false
恵まれる|めぐまれる|true
恵み|めぐみ|true
恵む|めぐむ|true
恵比寿|えびす|true
恵比須|えびす|false
悃願|こんがん|false
悄れる|しおれる|false
悉く|ことごとく|true
悒欝|ゆううつ|false
悒鬱|ゆううつ|false
悔い|くい|true
悔いる|くいる|true
悔しい|くやしい|true
悔し泣き|くやしなき|true
悔む|くやむ|false
悔やしい|くやしい|false
悔やむ|くやむ|true
悔泣|くやしなき|false
悟り|さとり|true
悟る|さとる|true
悠々|ゆうゆう|true
悠久|ゆうきゅう|true
悠悠|ゆうゆう|false
悠長|ゆうちょう|true
患い|うれい|false
患う|わずらう|true
患える|うれえる|false
患者|かんじゃ|true
患部|かんぶ|true
悦ばしい|よろこばしい|false
悦ばす|よろこばす|false
悦び|よろこび|false
悦ぶ|よろこぶ|false
悦んで|よろこんで|false
悧口|りこう|false
悧巧|りこう|false
悩ます|なやます|true
悩み|なやみ|true
悩む|なやむ|true
悪|あく|true
悪い|にくい|false
悪い|わるい|true
悪がしこい|わるがしこい|false
悪さ|わるさ|true
悪しからず|あしからず|true
悪む|にくむ|false
悪事|あくじ|true
悪人|あくにん|true
悪化|あっか|true
悪口|あっこう|true
悪口|わるぐち|true
悪夢|あくむ|true
悪天候|あくてんこう|true
悪女|あくじょ|true
悪寒|おかん|true
悪影響|あくえいきょう|true
悪役|あくやく|true
悪循環|あくじゅんかん|true
悪徳|あくとく|true
悪性|あくせい|true
悪意|あくい|true
悪戯|いたずら|true
悪気|わるぎ|true
悪用|あくよう|true
悪者|わるもの|true
悪臭|あくしゅう|true
悪賢い|わるがしこい|true
悪質|あくしつ|true
悪阻|つわり|false
悪魔|あくま|true
悲しい|かなしい|true
悲しみ|かなしみ|true
悲しむ|かなしむ|true
悲劇|ひげき|true
悲哀|ひあい|true
悲嘆|ひたん|true
悲壮|ひそう|true
悲恋|ひれん|true
悲惨|ひさん|true
悲歎|ひたん|false
悲痛|ひつう|true
悲観|ひかん|true
悲観的|ひかんてき|true
悲酸|ひさん|false
悲願|ひがん|true
悲鳴|ひめい|true
悸える|おびえる|false
悼む|いたむ|true
情|じょう|true
情け|なさけ|true
情けない|なさけない|true
情け深い|なさけぶかい|true
情け無い|なさけない|false
情ない|なさけない|false
情勢|じょうせい|true
情報|じょうほう|true
情報処理|じょうほうしょり|true
情報化社会|じょうほうかしゃかい|true
情報産業|じょうほうさんぎょう|true
情報部|じょうほうぶ|true
情感|じょうかん|true
情態|じょうたい|false
情景|じょうけい|true
情況|じょうきょう|false
情深い|なさけぶかい|false
情無い|なさけない|false
情熱|じょうねつ|true
情緒|じょうちょ|true
惑わす|まどわす|true
惑星|わくせい|true
惘れる|あきれる|false
惚け|ぼけ|true
惚ける|とぼける|true
惚ける|ぼける|true
惚れる|ほれる|true
惜しい|おしい|true
惜しむ|おしむ|true
惜敗|せきはい|true
惟|これ|false
惟う|おもう|false
惡|あく|false
惡い|わるい|false
惡口|わるぐち|false
惡戲|いたずら|false
惣て|すべて|false
惣菜|そうざい|true
惧れる|おそれる|false
惨め|みじめ|true
惨事|さんじ|true
惨刻|ざんこく|false
惨忍|ざんにん|false
惨敗|ざんぱい|true
惨状|さんじょう|true
惨虐|ざんぎゃく|false
惨酷|ざんこく|false
惰性|だせい|true
想|そう|true
想い|おもい|false
想いで|おもいで|false
想い出|おもいで|false
想い描く|おもいえがく|false
想う|おもう|false
想像|そうぞう|true
想像力|そうぞうりょく|true
想出|おもいで|false
想定|そうてい|true
惹かれる|ひかれる|true
惹き起こす|ひきおこす|false
惹き起す|ひきおこす|false
愁い|うれい|false
愁える|うれえる|false
愈|いよいよ|false
愈々|いよいよ|false
愈愈|いよいよ|false
愉しい|たのしい|false
愉しみ|たのしみ|false
愉しむ|たのしむ|false
愉快|ゆかい|true
愍れむ|あわれむ|false
意う|おもう|false
意久地|いくじ|false
意匠|いしょう|true
意向|いこう|true
意味|いみ|true
意味あい|いみあい|false
意味不明|いみふめい|true
意味合|いみあい|false
意味合い|いみあい|true
意嚮|いこう|false
意図|いと|true
意図的|いとてき|true
意地|いじ|true
意地悪|いじわる|true
意外|いがい|true
意張る|いばる|false
意志|いし|true
意志決定|いしけってい|false
意志疎通|いしそつう|false
意志表示|いしひょうじ|false
意思|いし|true
意思決定|いしけってい|true
意思疎通|いしそつう|true
意思表示|いしひょうじ|true
意慾|いよく|false
意欲|いよく|true
意気|いき|true
意気ごみ|いきごみ|false
意気ごむ|いきごむ|false
意気地|いくじ|true
意気盛ん|いきさかん|true
意気込み|いきごみ|true
意気込む|いきごむ|true
意氣|いき|false
意氣地|いくじ|false
意義|いぎ|true
意表|いひょう|true
意見|いけん|true
意識|いしき|true
意識的|いしきてき|true
意識調査|いしきちょうさ|true
愕く|おどろく|false
愚|ぐ|true
愚か|おろか|true
愚図愚図|ぐずぐず|false
愚痴|ぐち|true
愚癡|ぐち|false
愚連隊|ぐれんたい|true
愛|あい|true
愛きょう|あいきょう|false
愛しい|いとしい|true
愛しい|うつくしい|false
愛しい|かなしい|false
愛しみ|かなしみ|false
愛しむ|おしむ|false
愛す|あいす|true
愛する|あいする|true
愛でたい|めでたい|false
愛人|あいじん|true
愛国|あいこく|true
愛好|あいこう|true
愛嬌|あいきょう|true
愛情|あいじょう|true
愛想|あいそ|true
愛憎|あいぞう|true
愛敬|あいきょう|false
愛犬|あいけん|true
愛用|あいよう|true
愛着|あいちゃく|true
愛称|あいしょう|true
愛読|あいどく|true
愛護|あいご|true
感じ|かんじ|true
感じとる|かんじとる|false
感じる|かんじる|true
感じ取る|かんじとる|true
感ずる|かんずる|true
感動|かんどう|true
感化|かんか|true
感受性|かんじゅせい|true
感嘆|かんたん|true
感度|かんど|true
感心|かんしん|true
感性|かんせい|true
感情|かんじょう|true
感情的|かんじょうてき|true
感想|かんそう|true
感慨|かんがい|true
感慨無量|かんがいむりょう|true
感染|かんせん|true
感染症|かんせんしょう|true
感概|かんがい|false
感歎|かんたん|false
感涙|かんるい|true
感激|かんげき|true
感覚|かんかく|true
感触|かんしょく|true
感謝|かんしゃ|true
感銘|かんめい|true
愧じる|はじる|false
慈善|じぜん|true
慈悲|じひ|true
慈愛|じあい|true
態々|わざわざ|false
態と|わざと|false
態勢|たいせい|true
態度|たいど|true
態態|わざわざ|false
慌しい|あわただしい|false
慌ただしい|あわただしい|true
慌てる|あわてる|true
慎む|つつしむ|true
慎重|しんちょう|true
慕う|したう|true
慙じる|はじる|false
慢性|まんせい|true
慢性的|まんせいてき|true
慣々しい|なれなれしい|false
慣らう|ならう|false
慣らす|ならす|true
慣れ|なれ|true
慣れる|なれる|true
慣例|かんれい|true
慣慣しい|なれなれしい|false
慣用句|かんようく|true
慣習|かんしゅう|true
慣行|かんこう|true
慥か|たしか|false
慥かめる|たしかめる|false
慰める|なぐさめる|true
慰問|いもん|true
慰安|いあん|true
慰藉|いしゃ|false
慰謝|いしゃ|true
慰霊|いれい|true
慰霊祭|いれいさい|true
慶び|よろこび|false
慶ぶ|よろこぶ|false
慶事|けいじ|true
慶弔|けいちょう|true
慶祝|けいしゅく|true
慾|よく|false
慾望|よくぼう|false
憂い|うれい|true
憂うつ|ゆううつ|false
憂える|うれえる|true
憂き目|うきめ|true
憂国|ゆうこく|true
憂慮|ゆうりょ|true
憂欝|ゆううつ|false
憂目|うきめ|false
憂鬱|ゆううつ|true
憎い|にくい|true
憎しみ|にくしみ|true
憎む|にくむ|true
憎らしい|にくらしい|true
憎悪|ぞうお|true
憐れ|あわれ|false
憐れむ|あわれむ|false
憑み|たのみ|false
憑む|たのむ|false
憤り|いきどおり|true
憤慨|ふんがい|true
憧れ|あこがれ|true
憧れの的|あこがれのまと|true
憧れる|あこがれる|true
憧憬れる|あこがれる|false
憩|いこい|true
憩い|いこい|true
憩う|いこう|true
憫れ|あわれ|false
憫れむ|あわれむ|false
憬れ|あこがれ|false
憬れる|あこがれる|false
憲政|けんせい|true
憲法|けんぽう|true
憲章|けんしょう|true
憶う|おもう|false
憶える|おぼえる|false
憶測|おくそく|true
憶病|おくびょう|false
憾み|うらみ|false
懇切|こんせつ|true
懇意|こんい|true
懇親|こんしん|true
懇話|こんわ|true
懇談|こんだん|true
懇願|こんがん|true
懈い|だるい|false
懐|ふところ|true
懐う|おもう|false
懐かしい|なつかしい|true
懐かしむ|なつかしむ|true
懐く|いだく|false
懐中電灯|かいちゅうでんとう|true
懐中電燈|かいちゅうでんとう|false
懐柔|かいじゅう|true
懐疑|かいぎ|true
懲りる|こりる|true
懲役|ちょうえき|true
懲戒|ちょうかい|true
懲罰|ちょうばつ|true
懶ける|なまける|false
懶け者|なまけもの|false
懷|ふところ|false
懸|かけ|false
懸かる|かかる|false
懸け|かけ|false
懸ける|かける|false
懸け引き|かけひき|false
懸け離れる|かけはなれる|false
懸る|かかる|false
懸命|けんめい|true
懸垂|けんすい|true
懸念|けねん|true
懸案|けんあん|true
懸賞|けんしょう|true
懸離れる|かけはなれる|false
懼れる|おそれる|false
戀|こい|false
戈|ほこ|false
戌|いぬ|true
戍る|まもる|false
戎|えびす|false
成しとげる|なしとげる|false
成し遂げる|なしとげる|true
成す|なす|true
成りゆき|なりゆき|false
成り立つ|なりたつ|true
成り行き|なりゆき|true
成り金|なりきん|false
成る|なる|true
成るべく|なるべく|true
成るほど|なるほど|false
成る可く|なるべく|false
成る程|なるほど|false
成人|せいじん|true
成人病|せいじんびょう|true
成分|せいぶん|true
成功|せいこう|true
成吉思汗|ジンギスカン|false
成否|せいひ|true
成就|じょうじゅ|true
成層圏|せいそうけん|true
成年|せいねん|true
成果|せいか|true
成案|せいあん|true
成熟|せいじゅく|true
成程|なるほど|false
成立|せいりつ|true
成立つ|なりたつ|false
成算|せいさん|true
成約|せいやく|true
成績|せいせき|true
成行|なりゆき|false
成行き|なりゆき|false
成遂げる|なしとげる|false
成金|なりきん|true
成長|せいちょう|true
我|わが|false
我|われ|true
我々|われわれ|true
我が|わが|true
我がまま|わがまま|false
我が侭|わがまま|false
我が儘|わがまま|true
我が国|わがくに|true
我が家|わがや|true
我ら|われら|true
我れ|われ|false
我侭|わがまま|false
我儘|わがまま|true
我国|わがくに|false
我家|わがや|false
我慢|がまん|true
我我|われわれ|false
我等|われら|false
戒め|いましめ|true
戒める|いましめる|true
戒厳令|かいげんれい|true
戒告|かいこく|true
戒律|かいりつ|true
或|ある|true
或いは|あるいは|true
或る|ある|false
或るいは|あるいは|false
戟|ほこ|false
戦|いくさ|true
戦い|たたかい|true
戦う|たたかう|true
戦中|せんちゅう|true
戦争|せんそう|true
戦列|せんれつ|true
戦前|せんぜん|true
戦力|せんりょく|true
戦勝|せんしょう|true
戦友|せんゆう|true
戦国|せんごく|true
戦地|せんち|true
戦域|せんいき|true
戦場|せんじょう|true
戦士|せんし|true
戦後|せんご|true
戦捷|せんしょう|false
戦時|せんじ|true
戦死|せんし|true
戦歿|せんぼつ|false
戦没|せんぼつ|true
戦況|せんきょう|true
戦法|せんぽう|true
戦火|せんか|true
戦災|せんさい|true
戦犯|せんぱん|true
戦略|せんりゃく|true
戦禍|せんか|true
戦線|せんせん|true
戦績|せんせき|true
戦艦|せんかん|true
戦術|せんじゅつ|true
戦費|せんぴ|true
戦車|せんしゃ|true
戦闘|せんとう|true
戦闘機|せんとうき|true
截つ|たつ|false
截り口|きりくち|false
截断|せつだん|false
戯れ|たわむれ|true
戯れる|たわむれる|true
戯曲|ぎきょく|true
戯画|ぎが|true
戯談|じょうだん|false
戰い|たたかい|false
戰う|たたかう|false
戰鬪|せんとう|false
戴き|いただき|false
戴きます|いただきます|false
戴く|いただく|false
戴ける|いただける|false
戸|と|true
戸じまり|とじまり|false
戸だな|とだな|false
戸別訪問|こべつほうもん|true
戸口|とぐち|true
戸外|こがい|true
戸惑い|とまどい|true
戸惑う|とまどう|true
戸数|こすう|true
戸棚|とだな|true
戸籍|こせき|true
戸籍謄本|こせきとうほん|true
戸締まり|とじまり|true
戸締り|とじまり|false
戻し|もどし|true
戻す|もどす|true
戻り|もどり|true
戻る|もどる|true
房|ふさ|true
房主|ぼうず|false
所|ところ|true
所々|ところどころ|true
所が|ところが|true
所せん|しょせん|false
所で|ところで|false
所信|しょしん|true
所員|しょいん|false
所在|しょざい|true
所在地|しょざいち|true
所定|しょてい|true
所属|しょぞく|true
所得|しょとく|true
所得税|しょとくぜい|true
所所|ところどころ|false
所持|しょじ|true
所有|しょゆう|true
所有権|しょゆうけん|true
所有者|しょゆうしゃ|true
所為|せい|false
所管|しょかん|true
所蔵|しょぞう|true
所要|しょよう|true
所見|しょけん|true
所詮|しょせん|true
所謂|いわゆる|true
所轄|しょかつ|true
所長|しょちょう|true
扁たい|ひらたい|false
扇|おうぎ|true
扇ぐ|あおぐ|true
扇動|せんどう|true
扇子|せんす|true
扇形|おうぎがた|true
扇風器|せんぷうき|false
扇風機|せんぷうき|true
扉|とびら|true
手|て|true
手あたりしだい|てあたりしだい|false
手あたり次第|てあたりしだい|false
手おくれ|ておくれ|false
手おち|ておち|false
手がかり|てがかり|true
手がき|てがき|false
手がける|てがける|true
手がら|てがら|false
手ぎわ|てぎわ|false
手ぎわよく|てぎわよく|false
手ごたえ|てごたえ|false
手ごろ|てごろ|true
手ごわい|てごわい|true
手さぐり|てさぐり|false
手さげ|てさげ|false
手すり|てすり|true
手だて|てだて|false
手つだい|てつだい|false
手つだう|てつだう|false
手づくり|てづくり|false
手にいれる|てにいれる|false
手にはいる|てにはいる|false
手に入る|てにはいる|true
手に入れる|てにいれる|true
手ぬぐい|てぬぐい|true
手のひら|てのひら|true
手の平|てのひら|false
手ばやい|てばやい|false
手びき|てびき|false
手ぶくろ|てぶくろ|false
手ぶり|てぶり|false
手まねき|てまねき|false
手もと|てもと|false
手わたす|てわたす|false
手中|しゅちゅう|true
手伝い|てつだい|true
手伝う|てつだう|true
手作り|てづくり|true
手元|てもと|true
手入れ|ていれ|true
手分け|てわけ|true
手前|てまえ|true
手助け|てだすけ|true
手動|しゅどう|true
手取り|てとり|true
手口|てぐち|true
手品|てじな|true
手堅い|てがたい|true
手堤|てさげ|false
手始め|てはじめ|true
手帖|てちょう|false
手帳|てちょう|true
手引|てびき|true
手引き|てびき|true
手引き書|てびきしょ|false
手引書|てびきしょ|true
手強い|てごわい|false
手当|てあて|true
手当たりしだい|てあたりしだい|false
手当たり次第|てあたりしだい|true
手当て|てあて|true
手当りしだい|てあたりしだい|false
手当り次第|てあたりしだい|false
手形|てがた|true
手後れ|ておくれ|false
手応え|てごたえ|true
手懸かり|てがかり|false
手懸ける|てがける|false
手懸り|てがかり|false
手抜|てぬき|false
手抜き|てぬき|true
手招き|てまねき|true
手拭|てぬぐい|false
手拭い|てぬぐい|true
手持|てもち|false
手持ち|てもち|true
手振り|てぶり|true
手掛かり|てがかり|true
手掛ける|てがける|false
手掛り|てがかり|false
手探り|てさぐり|true
手控え|てびかえ|true
手描|てがき|false
手描き|てがき|true
手提|てさげ|false
手提げ|てさげ|true
手摺|てすり|false
手摺り|てすり|true
手放し|てばなし|true
手数|てすう|true
手数料|てすうりょう|true
手早い|てばやい|true
手書|てがき|false
手書き|てがき|true
手本|てほん|true
手柄|てがら|true
手段|しゅだん|true
手法|しゅほう|true
手洗|てあらい|false
手洗い|てあらい|true
手渡す|てわたす|true
手痛い|ていたい|true
手直し|てなおし|true
手立て|てだて|true
手答え|てごたえ|false
手紙|てがみ|true
手続|てつづき|true
手続き|てつづき|true
手綱|たづな|true
手腕|しゅわん|true
手荷物|てにもつ|true
手落ち|ておち|true
手薄|てうす|true
手術|しゅじゅつ|true
手袋|てぶくろ|true
手製|てせい|true
手記|しゅき|true
手許|てもと|false
手話|しゅわ|true
手足|てあし|true
手軽|てがる|true
手造り|てづくり|true
手遅れ|ておくれ|true
手配|てはい|true
手錠|てじょう|true
手鎖|てじょう|false
手間|てま|true
手際|てぎわ|true
手際よく|てぎわよく|false
手際良く|てぎわよく|true
手離し|てばなし|false
手頃|てごろ|false
手順|てじゅん|true
手頚|てくび|false
手頸|てくび|false
手首|てくび|true
才|さい|true
才能|さいのう|true
打|ダース|false
打ちあわせ|うちあわせ|false
打ちこむ|うちこむ|false
打ちだす|うちだす|false
打ち上げ|うちあげ|true
打ち上げる|うちあげる|true
打ち出す|うちだす|true
打ち切り|うちきり|true
打ち切る|うちきる|true
打ち合い|うちあい|true
打ち合せ|うちあわせ|false
打ち合せる|うちあわせる|false
打ち合わせ|うちあわせ|true
打ち合わせる|うちあわせる|true
打ち揚げ|うちあげ|false
打ち揚げる|うちあげる|false
打ち明ける|うちあける|true
打ち消し|うちけし|true
打ち消す|うちけす|true
打ち込み|うちこみ|true
打ち込む|うちこむ|true
打つ|うつ|true
打つ|ぶつ|false
打つける|ぶつける|false
打上げ|うちあげ|false
打上げる|うちあげる|false
打付ける|ぶつける|false
打倒|だとう|true
打出す|うちだす|false
打切り|うちきり|false
打切る|うちきる|false
打力|だりょく|true
打合せ|うちあわせ|true
打合せる|うちあわせる|false
打合わせ|うちあわせ|false
打合わせる|うちあわせる|false
打席|だせき|true
打揚げ|うちあげ|false
打揚げる|うちあげる|false
打撃|だげき|true
打撲|だぼく|true
打数|だすう|true
打明ける|うちあける|false
打楽器|だがっき|true
打消|うちけし|false
打消し|うちけし|true
打消す|うちけす|true
打点|だてん|true
打率|だりつ|true
打球|だきゅう|true
打破|だは|true
打算的|ださんてき|true
打線|だせん|true
打者|だしゃ|true
打診|だしん|true
打込む|うちこむ|false
打開|だかい|true
打順|だじゅん|true
払い|はらい|true
払いもどし|はらいもどし|false
払いもどす|はらいもどす|false
払い戻し|はらいもどし|true
払い戻す|はらいもどす|true
払い込む|はらいこむ|true
払う|はらう|true
払しょく|ふっしょく|false
払戻|はらいもどし|false
払戻し|はらいもどし|false
払戻す|はらいもどす|false
払拭|ふっしょく|true
托す|たくす|false
扠|さて|false
扣え|ひかえ|false
扣える|ひかえる|false
扣除|こうじょ|false
扨|さて|false
扮飾|ふんしょく|false
扱い|あつかい|true
扱う|あつかう|true
扶ける|たすける|false
扶助|ふじょ|true
扶養|ふよう|true
批准|ひじゅん|true
批判|ひはん|true
批判的|ひはんてき|true
批評|ひひょう|true
批難|ひなん|false
承け|うけ|false
承ける|うける|false
承る|うけたまわる|true
承伏|しょうふく|false
承服|しょうふく|true
承知|しょうち|true
承認|しょうにん|true
承諾|しょうだく|true
技|わざ|true
技巧|ぎこう|true
技師|ぎし|true
技法|ぎほう|true
技能|ぎのう|true
技術|ぎじゅつ|true
技術力|ぎじゅつりょく|true
技術的|ぎじゅつてき|true
技術者|ぎじゅつしゃ|true
抄う|すくう|false
抄本|しょうほん|true
抄録|しょうろく|true
把|たば|false
把|わ|true
把っ手|とって|false
把む|つかむ|false
把手|とって|false
把握|はあく|true
抑|そもそも|false
抑々|そもそも|false
抑え|おさえ|true
抑える|おさえる|true
抑も|そもそも|false
抑制|よくせい|true
抑圧|よくあつ|true
抑抑|そもそも|false
抑揚|よくよう|true
抑止|よくし|true
抑留|よくりゅう|true
抒情|じょじょう|false
抓み|つまみ|false
抓む|つまむ|false
抓む|つむ|false
抔|など|false
投かん|とうかん|false
投げ|なげ|true
投げこむ|なげこむ|false
投げる|なげる|true
投げ出す|なげだす|true
投げ込む|なげこむ|true
投じる|とうじる|true
投る|ほうる|false
投下|とうか|true
投与|とうよ|true
投信|とうしん|true
投入|とうにゅう|true
投函|とうかん|true
投射|とうしゃ|true
投影|とうえい|true
投手|とうしゅ|true
投手戦|とうしゅせん|true
投書|とうしょ|true
投棄|とうき|true
投機|とうき|true
投球|とうきゅう|true
投石|とうせき|true
投票|とうひょう|true
投票所|とうひょうしょ|true
投票箱|とうひょうばこ|true
投稿|とうこう|true
投薬|とうやく|true
投融資|とうゆうし|true
投資|とうし|true
投資信託|とうししんたく|true
投降|とうこう|true
抗争|こうそう|true
抗体|こうたい|true
抗元|こうげん|false
抗原|こうげん|true
抗告|こうこく|true
抗戦|こうせん|true
抗日|こうにち|true
抗生物質|こうせいぶっしつ|true
抗菌|こうきん|true
抗議|こうぎ|true
折|おり|true
折々|おりおり|true
折から|おりから|true
折ぐ|はぐ|false
折にふれて|おりにふれて|true
折に触れて|おりにふれて|true
折り|おり|false
折りかえす|おりかえす|false
折りから|おりから|false
折りたたみ|おりたたみ|true
折りにふれて|おりにふれて|false
折りに触れて|おりにふれて|false
折り合い|おりあい|true
折り畳み|おりたたみ|true
折り紙|おりがみ|true
折り返し|おりかえし|true
折り返す|おりかえす|true
折る|おる|true
折れる|おれる|true
折中|せっちゅう|false
折半|せっぱん|true
折合い|おりあい|false
折折|おりおり|false
折柄|おりから|false
折畳み|おりたたみ|false
折紙|おりがみ|true
折衝|せっしょう|true
折衷|せっちゅう|true
折角|せっかく|true
折返|おりかえし|false
折返し|おりかえし|false
折返す|おりかえす|false
抛る|ほうる|false
抛棄|ほうき|false
抜かす|ぬかす|true
抜かる|ぬかる|true
抜き|ぬき|true
抜く|ぬく|true
抜けだす|ぬけだす|false
抜ける|ぬける|true
抜け出す|ぬけだす|true
抜出す|ぬけだす|false
抜本的|ばっぽんてき|true
抜枠|ばっすい|false
抜粋|ばっすい|true
抜群|ばつぐん|true
抜萃|ばっすい|false
択ぶ|えらぶ|false
択る|よる|false
択一|たくいつ|true
披歴|ひれき|false
披瀝|ひれき|true
披露|ひろう|true
披露宴|ひろうえん|true
抱え|かかえ|true
抱える|かかえる|true
抱きあう|だきあう|false
抱き合う|だきあう|true
抱く|いだく|true
抱く|だく|true
抱っこ|だっこ|true
抱合う|だきあう|false
抱擁|ほうよう|true
抱負|ほうふ|true
抵当|ていとう|true
抵当権|ていとうけん|true
抵抗|ていこう|true
抵触|ていしょく|true
抹殺|まっさつ|true
抹消|まっしょう|true
抹茶|まっちゃ|true
押え|おさえ|false
押える|おさえる|false
押さえ|おさえ|false
押さえる|おさえる|true
押し|おし|true
押しいる|おしいる|false
押しきる|おしきる|false
押しこむ|おしこむ|false
押しつける|おしつける|false
押し付ける|おしつける|true
押し入り|おしいり|true
押し入る|おしいる|true
押し入れ|おしいれ|true
押し出し|おしだし|true
押し切る|おしきる|true
押し問答|おしもんどう|true
押し売り|おしうり|true
押し込む|おしこむ|true
押す|おす|true
押付ける|おしつける|false
押入|おしいれ|true
押入り|おしいり|false
押入る|おしいる|false
押入れ|おしいれ|true
押出し|おしだし|false
押切る|おしきる|false
押収|おうしゅう|true
押問答|おしもんどう|false
押売|おしうり|false
押売り|おしうり|false
押柄|おうへい|false
抽き出し|ひきだし|false
抽せん|ちゅうせん|false
抽出|ちゅうしゅつ|true
抽出し|ひきだし|false
抽匣|ひきだし|false
抽斗|ひきだし|false
抽籤|ちゅうせん|false
抽象|ちゅうしょう|true
抽象的|ちゅうしょうてき|true
抽選|ちゅうせん|true
担い手|にないて|true
担う|になう|true
担ぎ|かつぎ|true
担ぐ|かつぐ|true
担任|たんにん|true
担保|たんぽ|true
担当|たんとう|true
担当者|たんとうしゃ|true
担架|たんか|true
拈る|ひねる|false
拉丁|ラテン|false
拉丁語|ラテンご|false
拉致|らち|true
拉致問題|らちもんだい|true
拉麺|ラーメン|false
拍つ|うつ|false
拍子|ひょうし|true
拍手|はくしゅ|true
拍車|はくしゃ|true
拒ぐ|ふせぐ|false
拒む|こばむ|true
拒否|きょひ|true
拒否権|きょひけん|true
拒絶|きょぜつ|true
拒絶反応|きょぜつはんのう|true
拓本|たくほん|true
拓植|たくしょく|false
拓殖|たくしょく|true
拘らず|かかわらず|false
拘る|かかわる|false
拘る|こだわる|false
拘わらず|かかわらず|false
拘わる|かかわる|false
拘わる|こだわる|false
拘束|こうそく|true
拘留|こうりゅう|true
拘禁|こうきん|true
拘置|こうち|true
拘置所|こうちしょ|true
拙劣|せつれつ|true
拙速|せっそく|true
招き|まねき|true
招く|まねく|true
招喚|しょうかん|false
招待|しょうたい|true
招致|しょうち|true
招請|しょうせい|true
招集|しょうしゅう|true
拜見|はいけん|false
拝む|おがむ|true
拝借|はいしゃく|true
拝啓|はいけい|true
拝見|はいけん|true
拠る|よる|false
拠出|きょしゅつ|true
拠点|きょてん|true
拡がり|ひろがり|false
拡がる|ひろがる|false
拡げる|ひろげる|false
拡充|かくじゅう|true
拡大|かくだい|true
拡大均衡|かくだいきんこう|true
拡張|かくちょう|true
拡張子|かくちょうし|true
拡散|かくさん|true
括る|くくる|true
括弧|かっこ|true
拭う|ぬぐう|true
拭く|ふく|true
拯う|すくう|false
拯われる|すくわれる|false
拳|こぶし|true
拳銃|けんじゅう|true
拳骨|げんこつ|true
拵える|こしらえる|true
拷問|ごうもん|true
拾|じゅう|false
拾いもの|ひろいもの|false
拾い物|ひろいもの|true
拾う|ひろう|true
拾万|じゅうまん|false
拾壱|じゅういち|false
拾得|しゅうとく|true
拾萬|じゅうまん|false
拾集|しゅうしゅう|false
持たらす|もたらす|false
持ち|もち|true
持ちあげる|もちあげる|false
持ちこす|もちこす|false
持ちこたえる|もちこたえる|true
持ちこむ|もちこむ|false
持ちなおす|もちなおす|false
持ちまえ|もちまえ|false
持ちもの|もちもの|false
持ち上げる|もちあげる|true
持ち主|もちぬし|true
持ち出し|もちだし|true
持ち出す|もちだす|true
持ち前|もちまえ|true
持ち合い|もちあい|true
持ち味|もちあじ|true
持ち回り|もちまわり|true
持ち堪える|もちこたえる|false
持ち家|もちいえ|true
持ち帰り|もちかえり|true
持ち帰る|もちかえる|true
持ち株|もちかぶ|true
持ち物|もちもの|true
持ち直す|もちなおす|true
持ち越す|もちこす|true
持ち込み|もちこみ|true
持ち込む|もちこむ|true
持っていく|もっていく|true
持ってくる|もってくる|true
持ってゆく|もっていく|false
持って来る|もってくる|false
持って行く|もっていく|true
持つ|もつ|true
持てなし|もてなし|false
持てなす|もてなす|false
持てる|もてる|true
持て成し|もてなし|false
持て成す|もてなす|false
持上げる|もちあげる|false
持主|もちぬし|false
持久|じきゅう|true
持出|もちだし|false
持出し|もちだし|false
持出す|もちだす|false
持前|もちまえ|false
持参|じさん|true
持合|もちあい|false
持味|もちあじ|false
持回り|もちまわり|false
持堪える|もちこたえる|false
持家|もちいえ|false
持帰り|もちかえり|false
持帰る|もちかえる|false
持株|もちかぶ|false
持物|もちもの|false
持病|じびょう|true
持直す|もちなおす|false
持続|じぞく|true
持続的|じぞくてき|true
持論|じろん|true
持越す|もちこす|false
持込|もちこみ|false
持込み|もちこみ|false
持込む|もちこむ|false
指|ゆび|true
指きり|ゆびきり|false
指さす|ゆびさす|false
指し示す|さししめす|true
指す|さす|true
指令|しれい|true
指先|ゆびさき|true
指切り|ゆびきり|true
指名|しめい|true
指名手配|しめいてはい|true
指図|さしず|true
指定|してい|true
指導|しどう|true
指導者|しどうしゃ|true
指差す|ゆびさす|true
指指す|ゆびさす|false
指揮|しき|true
指揮者|しきしゃ|true
指摘|してき|true
指数|しすう|true
指標|しひょう|true
指環|ゆびわ|false
指示|しじ|true
指示す|さししめす|false
指紋|しもん|true
指輪|ゆびわ|true
指針|ししん|true
指麾|しき|false
按排|あんばい|false
按摩|あんま|false
按配|あんばい|false
挌闘|かくとう|false
挑む|いどむ|true
挑戦|ちょうせん|true
挑撥|ちょうはつ|false
挑発|ちょうはつ|true
挑発的|ちょうはつてき|true
挙げ句|あげく|false
挙党|きょとう|true
挙句|あげく|true
挙式|きょしき|true
挟まる|はさまる|true
挟み打ち|はさみうち|false
挟み撃ち|はさみうち|true
挟む|はさむ|true
挨拶|あいさつ|true
挫折|ざせつ|true
振り|ふり|true
振り|ぶり|true
振りかえる|ふりかえる|false
振りがな|ふりがな|false
振りきる|ふりきる|false
振りつけ|ふりつけ|false
振りまわす|ふりまわす|false
振り付け|ふりつけ|true
振り仮名|ふりがな|true
振り出|ふりだし|false
振り出し|ふりだし|true
振り切る|ふりきる|true
振り向く|ふりむく|true
振り回す|ふりまわす|true
振り子|ふりこ|true
振り幅|しんぷく|false
振り替|ふりかえ|false
振り替え|ふりかえ|false
振り込み|ふりこみ|true
振り込む|ふりこむ|true
振り返る|ふりかえる|true
振る|ふる|true
振るまい|ふるまい|false
振る舞い|ふるまい|true
振る舞う|ふるまう|true
振付|ふりつけ|false
振付け|ふりつけ|false
振仮名|ふりがな|false
振出|ふりだし|false
振出し|ふりだし|false
振切る|ふりきる|false
振動|しんどう|true
振向く|ふりむく|false
振回す|ふりまわす|false
振子|ふりこ|false
振幅|しんぷく|true
振替|ふりかえ|true
振替え|ふりかえ|false
振興|しんこう|true
振舞|ふるまい|false
振舞い|ふるまい|false
振舞う|ふるまう|false
振込|ふりこみ|true
振込み|ふりこみ|true
振込む|ふりこむ|false
振返る|ふりかえる|false
挽き肉|ひきにく|false
挽肉|ひきにく|true
挾む|はさむ|false
挿し絵|さしえ|false
挿む|はさむ|false
挿入|そうにゅう|true
挿絵|さしえ|true
挿話|そうわ|true
捉える|とらえる|true
捉まえる|つかまえる|false
捉まる|つかまる|false
捉む|つかむ|false
捉われる|とらわれる|false
捌|はち|false
捏造|ねつぞう|true
捕える|とらえる|true
捕まえる|つかまえる|true
捕まる|つかまる|true
捕らえる|とらえる|true
捕らわれる|とらわれる|true
捕る|とる|true
捕われる|とらわれる|true
捕手|ほしゅ|true
捕獲|ほかく|true
捕穫|ほかく|false
捕虜|ほりょ|true
捕鯨|ほげい|true
捗る|はかどる|true
捜しもの|さがしもの|false
捜し回る|さがしまわる|false
捜し廻る|さがしまわる|false
捜し物|さがしもの|true
捜す|さがす|true
捜査|そうさ|true
捜査官|そうさかん|true
捜索|そうさく|true
捥ぐ|もぐ|false
捧げる|ささげる|true
捨てる|すてる|true
捨て子|すてご|true
捨子|すてご|false
捩子|ネジ|false
据えつける|すえつける|false
据える|すえる|true
据え付ける|すえつける|true
据え置き|すえおき|true
据付ける|すえつける|false
据置き|すえおき|false
捲き込む|まきこむ|false
捲く|まく|false
捲る|まくる|true
捲る|めくる|true
捷い|はやい|false
捷利|しょうり|false
捺く|つく|false
捺す|おす|false
捻る|ひねる|true
捻子|ネジ|false
捻挫|ねんざ|true
掃う|はらう|false
掃く|はく|true
掃とう|そうとう|false
掃海|そうかい|true
掃盪|そうとう|false
掃蕩|そうとう|false
掃討|そうとう|true
掃除|そうじ|true
掃除器|そうじき|false
掃除機|そうじき|true
授かる|さずかる|true
授ける|さずける|true
授与|じゅよ|true
授受|じゅじゅ|true
授業|じゅぎょう|true
授業中|じゅぎょうちゅう|true
授業参観|じゅぎょうさんかん|true
授業料|じゅぎょうりょう|true
授精|じゅせい|false
授賞|じゅしょう|true
授賞式|じゅしょうしき|true
掌|てのひら|true
掌る|つかさどる|false
掌中|しょうちゅう|true
掌握|しょうあく|true
掏児|すり|false
掏摸|すり|false
排他|はいた|true
排他主義|はいたしゅぎ|true
排出|はいしゅつ|true
排列|はいれつ|false
排斥|はいせき|true
排日|はいにち|true
排気|はいき|true
排気ガス|はいきガス|true
排水|はいすい|true
排除|はいじょ|true
掖|わき|false
掘さく|くっさく|false
掘る|ほる|true
掘削|くっさく|true
掘鑿|くっさく|false
掛|かけ|false
掛かる|かかる|true
掛け|かけ|true
掛ける|かける|true
掛け声|かけごえ|true
掛け引き|かけひき|false
掛け算|かけざん|true
掛け軸|かけじく|true
掛け金|かけきん|true
掛け離れる|かけはなれる|false
掛る|かかる|false
掛員|かかりいん|false
掛声|かけごえ|false
掛引|かけひき|false
掛算|かけざん|false
掛軸|かけじく|true
掛金|かけきん|false
掛長|かかりちょう|false
掛離れる|かけはなれる|false
掟|おきて|true
掠奪|りゃくだつ|false
採りあげる|とりあげる|false
採りいれる|とりいれる|false
採り上げる|とりあげる|false
採り入れる|とりいれる|false
採り方|とりかた|false
採る|とる|true
採上げる|とりあげる|false
採入れる|とりいれる|false
採取|さいしゅ|true
採択|さいたく|true
採掘|さいくつ|true
採決|さいけつ|true
採炭|さいたん|true
採点|さいてん|true
採用|さいよう|true
採算|さいさん|true
採録|さいろく|true
採集|さいしゅう|true
探しまわる|さがしまわる|false
探しもの|さがしもの|false
探しモノ|さがしもの|false
探し回る|さがしまわる|true
探し廻る|さがしまわる|false
探し物|さがしもの|true
探す|さがす|true
探る|さぐる|true
探偵|たんてい|true
探査|たんさ|true
探検|たんけん|true
探検隊|たんけんたい|true
探求|たんきゅう|true
探知|たんち|true
探究|たんきゅう|true
探索|たんさく|true
探訪|たんぼう|true
探険|たんけん|false
探険隊|たんけんたい|false
接する|せっする|true
接取|せっしゅ|false
接待|せったい|true
接戦|せっせん|true
接断|せつだん|false
接点|せってん|true
接着|せっちゃく|true
接種|せっしゅ|true
接続|せつぞく|true
接続る|つながる|false
接衝|せっしょう|false
接見|せっけん|true
接触|せっしょく|true
接近|せっきん|true
控え|ひかえ|true
控えめ|ひかえめ|true
控える|ひかえる|true
控え室|ひかえしつ|true
控え目|ひかえめ|false
控室|ひかえしつ|true
控目|ひかえめ|false
控訴|こうそ|true
控除|こうじょ|true
推す|おす|true
推奨|すいしょう|true
推奨環境|すいしょうかんきょう|true
推定|すいてい|true
推敲|すいこう|true
推測|すいそく|true
推理|すいり|true
推理小説|すいりしょうせつ|true
推移|すいい|true
推薦|すいせん|true
推計|すいけい|true
推論|すいろん|true
推進|すいしん|true
推量|すいりょう|true
掩う|おおう|false
掩護|えんご|false
措置|そち|true
掬う|すくう|true
掲げる|かかげる|true
掲揚|けいよう|true
掲示|けいじ|true
掲示板|けいじばん|true
掲載|けいさい|true
掴まえる|つかまえる|false
掴まる|つかまる|true
掴む|つかむ|true
掻き氷|かきごおり|false
掻く|かく|true
揃う|そろう|true
揃える|そろえる|true
揉む|もむ|true
揉める|もめる|true
描き上げる|かきあげる|false
描く|えがく|true
描写|びょうしゃ|true
描寫|びょうしゃ|false
提げる|さげる|true
提供|ていきょう|true
提供者|ていきょうしゃ|true
提出|ていしゅつ|true
提唱|ていしょう|true
提挈|ていけい|false
提携|ていけい|true
提案|ていあん|true
提示|ていじ|true
提言|ていげん|true
提訴|ていそ|true
提起|ていき|true
插入|そうにゅう|false
揚がり|あがり|false
揚げ|あげ|false
揚げ|あげ|true
揚げ句|あげく|false
揚句|あげく|false
換え|かえ|false
換える|かえる|true
換る|かわる|false
換わる|かわる|false
換気|かんき|true
換気扇|かんきせん|true
換算|かんさん|true
換金|かんきん|true
握らす|にぎらす|true
握り|にぎり|true
握りしめる|にぎりしめる|false
握りずし|にぎりずし|false
握り寿司|にぎりずし|true
握り緊める|にぎりしめる|false
握り締める|にぎりしめる|true
握り飯|にぎりめし|true
握り鮨|にぎりずし|false
握る|にぎる|true
握力|あくりょく|true
握寿司|にぎりずし|false
握手|あくしゅ|true
握飯|にぎりめし|false
握鮨|にぎりずし|false
揮発|きはつ|true
援ける|たすける|false
援助|えんじょ|true
援助交際|えんじょこうさい|true
援護|えんご|true
援軍|えんぐん|true
揶揄う|からかう|false
揺がす|ゆるがす|false
揺さぶり|ゆさぶり|true
揺さぶる|ゆさぶる|true
揺さ振り|ゆさぶり|false
揺さ振る|ゆさぶる|false
揺する|ゆする|true
揺らぎ|ゆらぎ|true
揺らぐ|ゆらぐ|true
揺ら揺ら|ゆらゆら|true
揺りかご|ゆりかご|false
揺り篭|ゆりかご|false
揺り籃|ゆりかご|false
揺り籠|ゆりかご|false
揺る|ゆる|true
揺るがす|ゆるがす|true
揺るぐ|ゆるぐ|true
揺れる|ゆれる|true
揺篭|ゆりかご|false
揺籃|ゆりかご|false
揺籠|ゆりかご|false
損|そん|true
損う|そこなう|false
損する|そんする|true
損なう|そこなう|true
損ねる|そこねる|true
損傷|そんしょう|true
損壊|そんかい|true
損失|そんしつ|true
損害|そんがい|true
損害保険|そんがいほけん|true
損害賠償|そんがいばいしょう|true
損得|そんとく|true
損益|そんえき|true
搏つ|うつ|false
搔く|かく|false
搦み|からみ|false
搦む|からむ|false
搬入|はんにゅう|true
搬出|はんしゅつ|true
搬送|はんそう|true
搭乗|とうじょう|true
搭乘|とうじょう|false
搭載|とうさい|true
携える|たずさえる|true
携る|たずさわる|false
携わる|たずさわる|true
携帯|けいたい|true
携帯ストラップ|けいたいストラップ|true
携帯電話|けいたいでんわ|true
搾り|しぼり|false
搾りこむ|しぼりこむ|false
搾り込む|しぼりこむ|false
搾る|しぼる|true
搾乳|さくにゅう|true
搾取|さくしゅ|true
搾込む|しぼりこむ|false
摂りいれる|とりいれる|false
摂り入れる|とりいれる|false
摂る|とる|true
摂取|せっしゅ|true
摂待|せったい|false
摂氏|せっし|true
摂理|せつり|true
摑まる|つかまる|false
摑む|つかむ|false
摘まみ|つまみ|false
摘まむ|つまむ|false
摘み|つまみ|true
摘む|つまむ|true
摘む|つむ|true
摘出|てきしゅつ|true
摘発|てきはつ|true
摧く|くだく|false
摧ける|くだける|false
摩る|さする|true
摩る|する|false
摩れ摩れ|すれすれ|false
摩天楼|まてんろう|true
摩擦|まさつ|true
摩洛哥|モロッコ|false
摸倣|もほう|false
摸擬|もぎ|false
摸索|もさく|false
摸造|もぞう|false
摺る|する|false
撃つ|うつ|false
撃つ|うつ|true
撃つ|ぶつ|false
撃墜|げきつい|true
撃沈|げきちん|true
撒く|まく|true
撒収|てっしゅう|false
撒哈拉|サハラ|false
撒布|さんぷ|false
撚る|ひねる|false
撞く|つく|false
撤兵|てっぺい|true
撤去|てっきょ|true
撤収|てっしゅう|true
撤回|てっかい|true
撤廃|てっぱい|true
撤退|てったい|true
撥ねる|はねる|true
撥条|ばね|false
撫でる|なでる|true
播く|まく|false
撮す|うつす|false
撮み|つまみ|false
撮む|つまむ|false
撮り方|とりかた|false
撮る|とる|true
撮影|さつえい|true
撮方|とりかた|false
撰ぶ|えらぶ|false
撰る|よる|false
撲つ|うつ|false
撲つ|ぶつ|false
撲る|なぐる|false
撲滅|ぼくめつ|true
擁く|いだく|false
擁する|ようする|true
擁立|ようりつ|true
擁護|ようご|true
擂る|する|false
擅制|せんせい|false
擅横|せんおう|false
操|みさお|true
操る|あやつる|true
操作|そうさ|true
操業|そうぎょう|true
操縦|そうじゅう|true
擡頭|たいとう|false
擣つ|うつ|false
擤む|かむ|false
擦り傷|すりきず|true
擦り疵|すりきず|false
擦る|こする|true
擦る|さする|false
擦る|する|true
擦れ擦れ|すれすれ|false
擦傷|すりきず|false
擦疵|すりきず|false
擬える|なぞらえる|false
擬似|ぎじ|false
擬装|ぎそう|false
擲り込み|なぐりこみ|false
擲る|なぐる|false
擽ぐったい|くすぐったい|false
擽ぐる|くすぐる|false
擽ったい|くすぐったい|false
擽る|くすぐる|false
攫む|つかむ|false
支える|ささえる|true
支える|つかえる|false
支体|したい|false
支出|ししゅつ|true
支局|しきょく|true
支店|してん|true
支店長|してんちょう|true
支度|したく|true
支所|ししょ|true
支払|しはらい|true
支払い|しはらい|true
支払い方法|しはらいほうほう|true
支払う|しはらう|true
支払方法|しはらいほうほう|true
支持|しじ|true
支援|しえん|true
支柱|しちゅう|true
支流|しりゅう|true
支社|ししゃ|true
支給|しきゅう|true
支部|しぶ|true
支配|しはい|true
支配人|しはいにん|true
支配的|しはいてき|true
支障|ししょう|true
收錄|しゅうろく|false
改ざん|かいざん|true
改まる|あらたまる|true
改めて|あらためて|true
改める|あらためる|true
改修|かいしゅう|true
改名|かいめい|true
改善|かいぜん|true
改宗|かいしゅう|true
改定|かいてい|true
改定版|かいていばん|false
改憲|かいけん|true
改新|かいしん|true
改札|かいさつ|true
改札口|かいさつぐち|true
改正|かいせい|true
改竄|かいざん|false
改築|かいちく|true
改組|かいそ|true
改編|かいへん|true
改良|かいりょう|true
改装|かいそう|true
改訂|かいてい|true
改訂版|かいていばん|true
改造|かいぞう|true
改選|かいせん|true
改革|かいかく|true
攻め|せめ|true
攻める|せめる|true
攻勢|こうせい|true
攻守|こうしゅ|true
攻撃|こうげき|true
攻略|こうりゃく|true
攻防|こうぼう|true
放す|はなす|true
放つ|はなつ|true
放る|ほうる|true
放れる|はなれる|true
放任|ほうにん|true
放出|ほうしゅつ|true
放射|ほうしゃ|true
放射性|ほうしゃせい|true
放射線|ほうしゃせん|true
放射能|ほうしゃのう|true
放映|ほうえい|true
放棄|ほうき|true
放水|ほうすい|true
放流|ほうりゅう|true
放浪|ほうろう|true
放火|ほうか|true
放牧|ほうぼく|true
放置|ほうち|true
放課後|ほうかご|true
放送|ほうそう|true
放逐|ほうちく|true
放題|ほうだい|true
政|まつりごと|true
政争|せいそう|true
政令|せいれい|true
政党|せいとう|true
政党政治|せいとうせいじ|true
政務|せいむ|true
政務次官|せいむじかん|true
政変|せいへん|true
政局|せいきょく|true
政庁|せいちょう|true
政府|せいふ|true
政情|せいじょう|true
政教|せいきょう|true
政敵|せいてき|true
政権|せいけん|true
政治|せいじ|true
政治力|せいじりょく|true
政治家|せいじか|true
政治犯|せいじはん|true
政治的|せいじてき|true
政界|せいかい|true
政策|せいさく|true
政経|せいけい|true
政見|せいけん|true
故い|ふるい|false
故に|ゆえに|true
故事|こじ|true
故人|こじん|true
故国|ここく|true
故意|こい|true
故紙|こし|false
故郷|こきょう|true
故郷|ふるさと|true
故里|ふるさと|false
故障|こしょう|true
敏感|びんかん|true
敏腕|びんわん|true
敏速|びんそく|true
救い|すくい|true
救う|すくう|true
救ける|たすける|false
救われる|すくわれる|true
救世主|きゅうせいしゅ|true
救世軍|きゅうせいぐん|true
救出|きゅうしゅつ|true
救助|きゅうじょ|true
救命|きゅうめい|true
救国|きゅうこく|true
救急|きゅうきゅう|true
救急医療|きゅうきゅういりょう|true
救急箱|きゅうきゅうばこ|true
救急車|きゅうきゅうしゃ|true
救援|きゅうえん|true
救済|きゅうさい|true
敗ける|まける|false
敗れる|やぶれる|true
敗北|はいぼく|true
敗北る|まける|false
敗因|はいいん|true
敗戦|はいせん|true
敗者|はいしゃ|true
敗訴|はいそ|true
敗退|はいたい|true
教え|おしえ|true
教える|おしえる|true
教え子|おしえご|true
教わる|おそわる|true
教会|きょうかい|true
教務|きょうむ|true
教員|きょういん|true
教唆|きょうさ|true
教喩|きょうゆ|false
教団|きょうだん|true
教壇|きょうだん|true
教官|きょうかん|true
教室|きょうしつ|true
教師|きょうし|true
教徒|きょうと|true
教授|きょうじゅ|true
教料書|きょうかしょ|false
教書|きょうしょ|true
教材|きょうざい|true
教示|きょうじ|true
教祖|きょうそ|true
教科|きょうか|true
教科書|きょうかしょ|true
教習|きょうしゅう|true
教職員|きょうしょくいん|true
教育|きょういく|true
教育委員会|きょういくいいんかい|true
教育的|きょういくてき|true
教育者|きょういくしゃ|true
教訓|きょうくん|true
教諭|きょうゆ|true
教頭|きょうとう|true
教養|きょうよう|true
敢えて|あえて|true
敢て|あえて|false
敢然|かんぜん|true
敢行|かんこう|true
敢闘|かんとう|true
散々|さんざん|true
散らかす|ちらかす|true
散らかる|ちらかる|true
散らし|ちらし|true
散らす|ちらす|true
散らばる|ちらばる|true
散る|ちる|true
散会|さんかい|true
散布|さんぷ|true
散播く|ばらまく|false
散散|さんざん|false
散文|さんぶん|true
散步|さんぽ|false
散歩|さんぽ|true
散漫|さんまん|true
散発|さんぱつ|true
散策|さんさく|true
散蒔く|ばらまく|false
散骨|さんこつ|true
散髪|さんぱつ|true
敬う|うやまう|true
敬具|けいぐ|true
敬意|けいい|true
敬称|けいしょう|true
敬老|けいろう|true
敬語|けいご|true
敬遠|けいえん|true
数|かず|true
数|しばしば|false
数|すう|true
数々|かずかず|true
数々|しばしば|false
数える|かぞえる|true
数か月|すうかげつ|false
数カ月|すうかげつ|false
数ケ月|すうかげつ|false
数ヵ月|すうかげつ|false
数ヶ月|すうかげつ|true
数万|すうまん|true
数人|すうにん|true
数個|すうこ|true
数値|すうち|true
数億年|すうおくねん|true
数分|すうふん|true
数十|すうじゅう|true
数千|すうせん|true
数回|すうかい|true
数多く|かずおおく|true
数字|すうじ|true
数学|すうがく|true
数少ない|かずすくない|true
数年|すうねん|true
数年前|すうねんまえ|true
数数|かずかず|false
数数|しばしば|false
数日|すうじつ|true
数時間|すうじかん|true
数次|すうじ|true
数珠|じゅず|true
数百|すうひゃく|true
数箇月|すうかげつ|false
数量|すうりょう|true
敲き|たたき|false
敲く|たたく|false
整う|ととのう|true
整える|ととのえる|true
整った|ととのった|true
整備|せいび|true
整列|せいれつ|true
整合|せいごう|true
整形外科|せいけいげか|true
整数|せいすう|true
整理|せいり|true
整頓|せいとん|true
敵|てき|true
敵わない|かなわない|true
敵国|てきこく|true
敵失|てきしつ|true
敵対|てきたい|true
敵意|てきい|true
敷きぶとん|しきぶとん|false
敷き布団|しきぶとん|true
敷き蒲団|しきぶとん|false
敷く|しく|true
敷ぶとん|しきぶとん|false
敷地|しきち|true
敷居|しきい|true
敷布団|しきぶとん|true
敷蒲団|しきぶとん|false
敷設|ふせつ|true
敷金|しききん|true
斃す|たおす|false
斃れる|たおれる|false
文|ふみ|true
文|ぶん|true
文|もん|false
文中|ぶんちゅう|true
文体|ぶんたい|true
文具|ぶんぐ|true
文化|ぶんか|true
文化人|ぶんかじん|true
文化勲章|ぶんかくんしょう|true
文化庁|ぶんかちょう|true
文化的|ぶんかてき|true
文化財|ぶんかざい|true
文化遺産|ぶんかいさん|true
文句|もんく|true
文句なし|もんくなし|true
文句無し|もんくなし|false
文壇|ぶんだん|true
文字|もじ|true
文字どうり|もじどおり|false
文字どおり|もじどおり|false
文字通り|もじどおり|true
文学|ぶんがく|true
文学者|ぶんがくしゃ|true
文庫|ぶんこ|true
文房具|ぶんぼうぐ|true
文教|ぶんきょう|true
文明|ぶんめい|true
文書|ぶんしょ|true
文楽|ぶんらく|true
文様|もんよう|true
文民|ぶんみん|true
文法|ぶんぽう|true
文献|ぶんけん|true
文相|ぶんしょう|true
文科|ぶんか|true
文章|ぶんしょう|true
文筆|ぶんぴつ|true
文系|ぶんけい|true
文脈|ぶんみゃく|true
文芸|ぶんげい|true
文藝|ぶんげい|false
文語|ぶんご|true
文通|ぶんつう|true
文部|もんぶ|true
文部省|もんぶしょう|true
文部科学省|もんぶかがくしょう|true
文面|ぶんめん|true
斉う|ととのう|false
斉える|ととのえる|false
斉しい|ひとしい|false
斉唱|せいしょう|true
斎|いわい|false
斎う|いわう|false
斎場|さいじょう|true
斑|むら|true
斗|と|true
斗|ます|false
斗い|たたかい|false
斗う|たたかう|false
斗争|とうそう|false
料|りょう|true
料亭|りょうてい|true
料理|りょうり|true
料理人|りょうりにん|true
料理屋|りょうりや|true
料金|りょうきん|true
斛|こく|false
斜|ななめ|false
斜め|ななめ|true
斜体|しゃたい|true
斜陽|しゃよう|true
斜面|しゃめん|true
斡旋|あっせん|true
斥く|しりぞく|false
斬り捨て|きりすて|false
斬り捨てる|きりすてる|false
斬る|きる|true
斬れ味|きれあじ|false
斬味|きれあじ|false
斬捨て|きりすて|false
斬新|ざんしん|true
断|だん|true
断える|たえる|false
断じて|だんじて|true
断つ|たつ|true
断やす|たやす|false
断らず|ことわらず|true
断り|ことわり|true
断る|ことわる|true
断わり|ことわり|false
断わる|ことわる|false
断トツ|ダントツ|false
断乎|だんこ|false
断固|だんこ|true
断定|だんてい|true
断層|だんそう|true
断念|だんねん|true
断水|だんすい|true
断然|だんぜん|true
断熱|だんねつ|true
断片|だんぺん|true
断絶|だんぜつ|true
断続|だんぞく|true
断行|だんこう|true
断言|だんげん|true
断面|だんめん|true
断食|だんじき|true
斯う|こう|false
斯の|この|false
新|しん|true
新しい|あたらしい|true
新た|あらた|true
新ためて|あらためて|false
新らしい|あたらしい|false
新世界|しんせかい|true
新人|しんじん|true
新任|しんにん|true
新体|しんたい|true
新作|しんさく|true
新党|しんとう|true
新入|しんにゅう|true
新刊|しんかん|true
新制|しんせい|true
新劇|しんげき|true
新加坡|シンガポール|false
新卒|しんそつ|true
新品|しんぴん|true
新商品|しんしょうひん|true
新嘉坡|シンガポール|false
新型|しんがた|true
新型コロナウイルス感染症|しんがたコロナウイルスかんせんしょう|true
新婚|しんこん|true
新婦|しんぷ|true
新学期|しんがっき|true
新居|しんきょ|true
新年|しんねん|true
新幹線|しんかんせん|true
新式|しんしき|true
新形|しんがた|false
新成人|しんせいじん|true
新手|あらて|true
新政|しんせい|true
新旧|しんきゅう|true
新星|しんせい|true
新春|しんしゅん|true
新曲|しんきょく|true
新書|しんしょ|true
新木|あらき|false
新株|しんかぶ|true
新概念|しんがいねん|true
新橋|しんばし|true
新法|しんぽう|true
新派|しんぱ|true
新潟|にいがた|true
新生|しんせい|true
新生児|しんせいじ|true
新生活|しんせいかつ|true
新田|しんでん|true
新発売|しんはつばい|true
新着|しんちゃく|true
新築|しんちく|true
新築マンション|しんちくマンション|true
新米|しんまい|true
新約克|ニューヨーク|false
新緑|しんりょく|true
新聞|しんぶん|true
新聞社|しんぶんしゃ|true
新聞紙|しんぶんし|true
新聞記事|しんぶんきじ|true
新興|しんこう|true
新芽|しんめ|true
新薬|しんやく|true
新装|しんそう|true
新製品|しんせいひん|true
新西蘭|ニュージーランド|false
新規|しんき|true
新設|しんせつ|true
新語|しんご|true
新車|しんしゃ|true
新進|しんしん|true
新郎|しんろう|true
新鋭|しんえい|true
新陳代謝|しんちんたいしゃ|true
新雪|しんせつ|true
新顔|しんがお|true
新風|しんぷう|true
新鮮|しんせん|true
斷つ|たつ|false
方|かた|true
方|さま|false
方|ほう|true
方々|かたがた|true
方々|ほうぼう|true
方がいい|ほうがいい|true
方がた|かたがた|false
方がよい|ほうがいい|true
方が良い|ほうがいい|true
方位|ほうい|true
方則|ほうそく|false
方向|ほうこう|true
方向音痴|ほうこうおんち|true
方式|ほうしき|true
方方|かたがた|false
方方|ほうぼう|false
方法|ほうほう|true
方法論|ほうほうろん|true
方程式|ほうていしき|true
方策|ほうさく|true
方角|ほうがく|true
方言|ほうげん|true
方針|ほうしん|true
方面|ほうめん|true
於乎|ああ|false
於戯|ああ|false
施す|ほどこす|true
施工|せこう|true
施政|しせい|true
施策|しさく|true
施行|しこう|true
施設|しせつ|true
旁|かたわら|false
旁|つくり|true
旅|たび|true
旅だつ|たびだつ|false
旅人|たびびと|true
旅先|たびさき|true
旅券|りょけん|true
旅団|りょだん|true
旅客|りょかく|true
旅客機|りょかくき|true
旅立つ|たびだつ|true
旅行|りょこう|true
旅行会社|りょこうがいしゃ|true
旅行券|りょこうけん|true
旅行者|りょこうしゃ|true
旅費|りょひ|true
旅館|りょかん|true
旋回|せんかい|true
旋廻|せんかい|false
旋律|せんりつ|true
旋風|せんぷう|true
旌|はた|false
族|ぞく|true
旗|はた|true
旗じるし|はたじるし|false
旗印|はたじるし|true
旗手|きしゅ|true
旗挙|はたあげ|false
旗挙げ|はたあげ|false
旗揚|はたあげ|false
旗揚げ|はたあげ|true
旗標|はたじるし|false
旗色|はたいろ|true
无|む|false
既に|すでに|true
既婚|きこん|true
既存|きそん|true
既定|きてい|true
既往症|きおうしょう|true
既得権|きとくけん|true
既成|きせい|true
既成事実|きせいじじつ|true
既知外|キチガイ|false
既製|きせい|true
既製服|きせいふく|true
日|にち|true
日|ひ|true
日々|ひび|true
日あたり|ひあたり|false
日かげ|ひかげ|false
日ぐれ|ひぐれ|false
日ごろ|ひごろ|false
日ざし|ひざし|false
日どり|ひどり|false
日なた|ひなた|false
日にち|ひにち|true
日に日に|ひにひに|true
日の丸|ひのまる|true
日の入り|ひのいり|true
日の出|ひので|true
日の目|ひのめ|true
日やけ|ひやけ|false
日やけ止め|ひやけどめ|false
日中|にっちゅう|true
日付|ひづけ|true
日付け|ひづけ|false
日傘|ひがさ|true
日光|にっこう|true
日光浴|にっこうよく|true
日刊|にっかん|true
日南|ひなた|false
日取|ひどり|false
日取り|ひどり|true
日向|ひなた|true
日和|ひより|true
日報|にっぽう|true
日増しに|ひましに|true
日変り|ひがわり|false
日変わり|ひがわり|false
日夜|にちや|true
日射し|ひざし|false
日差|ひざし|false
日差し|ひざし|true
日帰り|ひがえり|true
日常|にちじょう|true
日常生活|にちじょうせいかつ|true
日当|ひあたり|false
日当たり|ひあたり|true
日当り|ひあたり|false
日影|ひかげ|false
日数|にっすう|true
日日|ひにち|false
日日|ひび|false
日時|にちじ|true
日暮|ひぐれ|false
日暮れ|ひぐれ|true
日曜|にちよう|true
日曜日|にちようび|true
日替り|ひがわり|true
日替わり|ひがわり|true
日本|にほん|true
日本じゅう|にほんじゅう|false
日本一|にほんいち|true
日本中|にほんじゅう|true
日本人|にほんじん|true
日本企業|にほんきぎょう|true
日本全国|にほんぜんこく|true
日本刀|にほんとう|true
日本初|にほんはつ|true
日本史|にほんし|true
日本国民|にほんこくみん|true
日本学術会議|にほんがくじゅつかいぎ|true
日本式|にほんしき|true
日本政府|にほんせいふ|true
日本料理|にほんりょうり|true
日本海|にほんかい|true
日本画|にほんが|true
日本社会|にほんしゃかい|true
日本紙|にほんし|true
日本経済|にほんけいざい|true
日本製|にほんせい|true
日本語|にほんご|true
日本酒|にほんしゅ|true
日本銀行|にっぽんぎんこう|true
日没|にちぼつ|true
日焼|ひやけ|false
日焼け|ひやけ|true
日焼けどめ|ひやけどめ|false
日焼け止め|ひやけどめ|true
日焼止め|ひやけどめ|false
日照|にっしょう|true
日産|にっさん|true
日用品|にちようひん|true
日程|にってい|true
日米|にちべい|true
日系|にっけい|true
日経|にっけい|true
日給|にっきゅう|true
日耳曼|ゲルマン|false
日蔭|ひかげ|false
日蝕|にっしょく|false
日記|にっき|true
日誌|にっし|true
日課|にっか|true
日附|ひづけ|false
日陰|ひかげ|true
日韓|にっかん|true
日頃|ひごろ|true
日食|にっしょく|true
旦那|だんな|true
旧|きゅう|true
旧い|ふるい|false
旧制|きゅうせい|true
旧姓|きゅうせい|true
旧式|きゅうしき|true
旧態|きゅうたい|true
旧暦|きゅうれき|true
旧来|きゅうらい|true
旧正月|きゅうしょうがつ|true
旧派|きゅうは|true
旧約|きゅうやく|true
旨|むね|true
旨い|うまい|true
旨くいく|うまくいく|false
旨く行く|うまくいく|false
旨味しい|おいしい|false
早|はや|true
早々|そうそう|true
早々|はやばや|true
早い|はやい|true
早おき|はやおき|false
早く|はやく|true
早さ|はやさ|false
早まる|はやまる|true
早める|はやめる|true
早乙女|さおとめ|true
早口|はやくち|true
早寝|はやね|true
早少女|さおとめ|false
早引|はやびけ|false
早引け|はやびけ|true
早急|そうきゅう|true
早手|しっぷう|false
早早|そうそう|false
早早|はやばや|false
早春|そうしゅん|true
早朝|そうちょう|true
早期|そうき|true
早期治療|そうきちりょう|true
早瀬|はやせ|true
早熟|そうじゅく|true
早起|はやおき|false
早起き|はやおき|true
早退|そうたい|true
早退け|はやびけ|false
早速|さっそく|true
旬|しゅん|true
旬|じゅん|true
旭|あさひ|false
旺ん|さかん|false
旺盛|おうせい|true
昂奮|こうふん|false
昂揚|こうよう|false
昂騰|こうとう|false
昆布|こんぶ|true
昆虫|こんちゅう|true
昇り|のぼり|false
昇り下り|のぼりくだり|false
昇り坂|のぼりざか|false
昇り降り|のぼりくだり|false
昇る|のぼる|true
昇格|しょうかく|true
昇級|しょうきゅう|true
昇給|しょうきゅう|true
昇進|しょうしん|true
明々後日|しあさって|true
明い|あかるい|false
明かす|あかす|true
明かり|あかり|true
明き|あき|false
明き地|あきち|false
明き家|あきや|false
明き巣|あきす|false
明く|あく|false
明くる|あくる|true
明くる日|あくるひ|true
明けがた|あけがた|false
明けましておめでとうございます|あけましておめでとうございます|false
明けましておめでとう御座います|あけましておめでとうございます|false
明けましてお目出度うございます|あけましておめでとうございます|false
明けまして御目出度う御座います|あけましておめでとうございます|false
明ける|あける|true
明け方|あけがた|true
明け暮れ|あけくれ|true
明らか|あきらか|true
明り|あかり|false
明りょう|めいりょう|false
明るい|あかるい|true
明了|めいりょう|false
明亮|めいりょう|false
明家|あきや|false
明屋|あきや|false
明年|みょうねん|true
明後日|あさって|true
明快|めいかい|true
明文化|めいぶんか|true
明方|あけがた|false
明日|あした|true
明明後日|しあさって|false
明星|みょうじょう|true
明晩|みょうばん|true
明暗|めいあん|true
明月|めいげつ|false
明朗|めいろう|true
明朝|みょうちょう|true
明治|めいじ|true
明白|めいはく|true
明瞭|めいりょう|true
明確|めいかく|true
明示|めいじ|true
明細|めいさい|true
明言|めいげん|true
明記|めいき|true
昏い|くらい|false
昏れる|くれる|false
昏睡|こんすい|true
易い|やすい|true
易しい|やさしい|true
昔|むかし|true
昔のまま|むかしのまま|true
昔ばなし|むかしばなし|false
昔話|むかしばなし|true
星|ほし|true
星ぞら|ほしぞら|false
星占い|ほしうらない|true
星嘉坡|シンガポール|false
星座|せいざ|true
星条旗|せいじょうき|true
星空|ほしぞら|true
映え|はえ|false
映える|はえる|true
映しだす|うつしだす|false
映し出す|うつしだす|true
映す|うつす|true
映る|うつる|true
映像|えいぞう|true
映画|えいが|true
映画館|えいがかん|true
映畫|えいが|false
映畵|えいが|false
春|はる|true
春休|はるやすみ|false
春休み|はるやすみ|true
春先|はるさき|true
春分|しゅんぶん|true
春場所|はるばしょ|true
春夏秋冬|しゅんかしゅうとう|true
春季|しゅんき|true
春宮|とうぐう|false
春秋|しゅんじゅう|true
春闘|しゅんとう|true
昨今|さっこん|true
昨夕|ゆうべ|false
昨夜|さくや|true
昨夜|ゆうべ|true
昨年|さくねん|true
昨年度|さくねんど|true
昨年来|さくねんらい|true
昨日|きのう|true
昨春|さくしゅん|true
昨晩|さくばん|true
昨秋|さくしゅう|true
昭和|しょうわ|true
是|ここ|false
是|これ|false
是から|これから|false
是れ|これ|false
是否|ぜひ|false
是正|ぜせい|true
是等|これら|false
是認|ぜにん|true
是迄|これまで|false
是非|ぜひ|true
是非とも|ぜひとも|true
是非共|ぜひとも|false
是非是非|ぜひぜひ|true
昼|ひる|true
昼ごはん|ひるごはん|true
昼ご飯|ひるごはん|true
昼すぎ|ひるすぎ|false
昼めし|ひるめし|false
昼メシ|ひるめし|false
昼下がり|ひるさがり|true
昼下り|ひるさがり|false
昼休み|ひるやすみ|true
昼前|ひるまえ|true
昼夜|ちゅうや|true
昼寐|ひるね|false
昼寝|ひるね|true
昼御飯|ひるごはん|false
昼過ぎ|ひるすぎ|true
昼間|ひるま|true
昼食|ちゅうしょく|true
昼飯|ひるめし|true
時|じ|true
時|とき|true
時々|ときどき|true
時おり|ときおり|false
時として|ときとして|true
時どき|ときどき|false
時には|ときには|true
時は金なり|ときはかねなり|true
時は金也|ときはかねなり|false
時は金成り|ときはかねなり|false
時事|じじ|true
時代|じだい|true
時代劇|じだいげき|true
時代錯誤|じだいさくご|true
時価|じか|true
時刻|じこく|true
時刻表|じこくひょう|true
時剋|じこく|false
時効|じこう|true
時半|じはん|true
時報|じほう|true
時宜|じぎ|true
時局|じきょく|true
時差|じさ|true
時折|ときおり|true
時折り|ときおり|false
時時|ときどき|false
時期|じき|true
時期尚早|じきしょうそう|true
時機|じき|true
時機尚早|じきしょうそう|false
時流|じりゅう|true
時点|じてん|true
時節|じせつ|true
時給|じきゅう|true
時計|とけい|true
時速|じそく|true
時間|じかん|true
時間切れ|じかんぎれ|true
時間割|じかんわり|true
時間割り|じかんわり|true
時間帯|じかんたい|true
時限|じげん|true
時雨|しぐれ|true
晒す|さらす|true
晝|ひる|false
晦|みそか|false
晦日|みそか|false
晩|ばん|true
晩い|おそい|false
晩ごはん|ばんごはん|false
晩ご飯|ばんごはん|true
晩婚|ばんこん|true
晩年|ばんねん|true
晩御飯|ばんごはん|true
晩酌|ばんしゃく|true
晩香坡|バンクーバー|false
晩香波|バンクーバー|false
普偏|ふへん|false
普及|ふきゅう|true
普段|ふだん|true
普段着|ふだんぎ|true
普賢|ふげん|true
普辺|ふへん|false
普通|ふつう|true
普通選挙|ふつうせんきょ|true
普通預金|ふつうよきん|true
普遍|ふへん|true
普遍的|ふへんてき|true
景|かげ|false
景勝|けいしょう|true
景品|けいひん|true
景気|けいき|true
景色|けしき|true
景観|けいかん|true
晴|はれ|false
晴らす|はらす|true
晴れ|はれ|true
晴れる|はれる|true
晴天|せいてん|true
智利|チリ|false
智恵|ちえ|false
智慧|ちえ|false
智能|ちのう|false
智覚|ちかく|false
智識|ちしき|false
暁|あかつき|true
暁星|ぎょうせい|true
暇|ひま|true
暇がない|ひまがない|true
暇が無い|ひまがない|false
暇つぶし|ひまつぶし|true
暇潰し|ひまつぶし|true
暈かす|ぼかす|false
暈ける|ぼける|true
暈す|ぼかす|false
暉麗|きれい|false
暑い|あつい|true
暑さ|あつさ|true
暑中|しょちゅう|true
暑中見舞|しょちゅうみまい|true
暑中見舞い|しょちゅうみまい|true
暖い|あたたかい|false
暖かい|あたたかい|true
暖まる|あたたまる|true
暖める|あたためる|true
暖冬|だんとう|true
暖房|だんぼう|true
暖気|のんき|false
暖流|だんりゅう|true
暖炉|だんろ|true
暖簾|のれん|true
暗い|くらい|true
暗に|あんに|true
暗やみ|くらやみ|false
暗れる|くれる|false
暗号|あんごう|true
暗殺|あんさつ|true
暗礁|あんしょう|true
暗示|あんじ|true
暗記|あんき|true
暗闇|くらやみ|true
暗雲|あんうん|true
暗黒|あんこく|true
暗黙|あんもく|true
暢気|のんき|false
暦|こよみ|true
暫く|しばらく|true
暫らく|しばらく|false
暫定|ざんてい|true
暮|くれ|false
暮し|くらし|false
暮す|くらす|false
暮らし|くらし|true
暮らす|くらす|true
暮れ|くれ|true
暮れる|くれる|true
暴れる|あばれる|true
暴力|ぼうりょく|true
暴力団|ぼうりょくだん|true
暴動|ぼうどう|true
暴徒|ぼうと|true
暴挙|ぼうきょ|true
暴落|ぼうらく|true
暴虐|ぼうぎゃく|true
暴行|ぼうこう|true
暴走|ぼうそう|true
暴露|ばくろ|true
暴風|ぼうふう|true
暴風雨|ぼうふうう|true
暴騰|ぼうとう|true
曇|くもり|false
曇り|くもり|true
曇る|くもる|true
曉|あかつき|false
曖昧|あいまい|true
曙|あけぼの|true
曜日|ようび|true
曝す|さらす|true
曝露|ばくろ|false
曠野|こうや|false
曩に|さきに|false
曰く|いわく|true
曲|きょく|true
曲がり|まがり|true
曲がりかど|まがりかど|false
曲がり角|まがりかど|true
曲がる|まがる|true
曲げる|まげる|true
曲り|まがり|false
曲り角|まがりかど|false
曲る|まがる|false
曲折|きょくせつ|true
曲目|きょくもく|true
曲線|きょくせん|true
曳く|ひく|false
更ける|ふける|true
更に|さらに|true
更年期|こうねんき|true
更改|こうかい|true
更新|こうしん|true
更正|こうせい|true
更生|こうせい|true
更衣|ころもがえ|false
更衣室|こういしつ|true
更迭|こうてつ|true
書|ふみ|false
書きあげる|かきあげる|false
書きかえる|かきかえる|false
書きかた|かきかた|false
書きことば|かきことば|false
書きこむ|かきこむ|false
書きなおす|かきなおす|false
書き上げる|かきあげる|true
書き初め|かきぞめ|true
書き取り|かきとり|true
書き取る|かきとる|true
書き変える|かきかえる|false
書き換える|かきかえる|true
書き方|かきかた|true
書き替える|かきかえる|false
書き留め|かきとめ|false
書き直す|かきなおす|true
書き言葉|かきことば|true
書き込み|かきこみ|true
書き込む|かきこむ|true
書く|かく|true
書体|しょたい|true
書初|かきぞめ|false
書初め|かきぞめ|false
書取|かきとり|true
書取る|かきとる|false
書名|しょめい|true
書家|しょか|true
書店|しょてん|true
書式|しょしき|true
書房|しょぼう|true
書換える|かきかえる|false
書斉|しょさい|false
書斎|しょさい|true
書替える|かきかえる|false
書架|しょか|true
書物|しょもつ|true
書留|かきとめ|true
書留め|かきとめ|false
書簡|しょかん|true
書籍|しょせき|true
書翰|しょかん|false
書記|しょき|true
書記官|しょきかん|true
書記局|しょききょく|true
書評|しょひょう|true
書誌学|しょしがく|true
書込み|かきこみ|false
書道|しょどう|true
書院|しょいん|true
書面|しょめん|true
書類|しょるい|true
曼谷|バンコク|false
曽て|かつて|false
曾て|かつて|false
替え|かえ|true
替える|かえる|true
替え玉|かえだま|true
替り|かわり|false
替る|かわる|false
替わり|かわり|true
替わる|かわる|true
替玉|かえだま|false
最も|もっとも|true
最上|さいじょう|true
最下|さいか|true
最中|さいちゅう|true
最低|さいてい|true
最低限|さいていげん|true
最優遇|さいゆうぐう|true
最先端|さいせんたん|true
最初|さいしょ|true
最前列|さいぜんれつ|true
最前線|さいぜんせん|true
最古|さいこ|true
最善|さいぜん|true
最多|さいた|true
最大|さいだい|true
最大限|さいだいげん|true
最寄|もより|false
最寄り|もより|true
最小|さいしょう|true
最小限|さいしょうげん|true
最少|さいしょう|true
最少限|さいしょうげん|false
最尖端|さいせんたん|false
最年少|さいねんしょう|true
最強|さいきょう|true
最後|さいご|true
最後の舞台|さいごのぶたい|true
最後尾|さいこうび|true
最恵国|さいけいこく|true
最悪|さいあく|true
最愛|さいあい|true
最新|さいしん|true
最新ニュース|さいしんニュース|true
最新情報|さいしんじょうほう|true
最新研究|さいしんけんきゅう|true
最新鋭|さいしんえい|true
最早|もはや|true
最期|さいご|true
最盛期|さいせいき|true
最短|さいたん|true
最終|さいしゅう|true
最終的|さいしゅうてき|true
最良|さいりょう|true
最近|さいきん|true
最適|さいてき|true
最重点|さいじゅうてん|true
最長|さいちょう|true
最高|さいこう|true
最高峰|さいこうほう|true
最高検|さいこうけん|true
最高級|さいこうきゅう|true
最高裁|さいこうさい|true
會社|かいしゃ|false
月|つき|true
月々|つきづき|true
月の兎|つきのうさぎ|true
月並|つきなみ|true
月並み|つきなみ|true
月例|げつれい|true
月光|げっこう|true
月内|げつない|true
月刊|げっかん|true
月初|つきはじめ|false
月初め|つきはじめ|true
月収|げっしゅう|true
月夜|つきよ|true
月始|つきはじめ|false
月始め|つきはじめ|false
月日|がっぴ|true
月日|つきひ|true
月曜|げつよう|true
月曜日|げつようび|true
月月|つきづき|false
月末|げつまつ|true
月次|つきなみ|false
月産|げっさん|true
月経|げっけい|true
月給|げっきゅう|true
月蝕|げっしょく|false
月見|つきみ|true
月謝|げっしゃ|true
月賦|げっぷ|true
月間|げっかん|true
月面|げつめん|true
月額|げつがく|true
月食|げっしょく|true
有|ゆう|true
有する|ゆうする|true
有って無い|あってない|true
有らゆる|あらゆる|false
有りあわせ|ありあわせ|false
有りえない|ありえない|false
有りがち|ありがち|false
有りがとう|ありがとう|false
有りさま|ありさま|false
有りそう|ありそう|true
有りとあらゆる|ありとあらゆる|true
有りと有らゆる|ありとあらゆる|false
有りのまま|ありのまま|false
有りの侭|ありのまま|false
有りの儘|ありのまま|false
有りふれた|ありふれた|false
有り勝ち|ありがち|false
有り合せ|ありあわせ|false
有り合わせ|ありあわせ|false
有り得ない|ありえない|false
有り様|ありさま|true
有り触れた|ありふれた|false
有り難い|ありがたい|true
有り難う|ありがとう|false
有り難うございました|ありがとうございました|false
有り難うございます|ありがとうございます|true
有り難う御座います|ありがとうございます|false
有る|ある|true
有事|ゆうじ|true
有人|ゆうじん|true
有価証券|ゆうかしょうけん|true
有償|ゆうしょう|true
有利|ゆうり|true
有力|ゆうりょく|true
有力者|ゆうりょくしゃ|true
有効|ゆうこう|true
有名|ゆうめい|true
有名人|ゆうめいじん|true
有害|ゆうがい|true
有得ない|ありえない|false
有志|ゆうし|true
有意義|ゆういぎ|true
有数|ゆうすう|true
有料|ゆうりょう|true
有望|ゆうぼう|true
有様|ありさま|true
有権者|ゆうけんしゃ|true
有機|ゆうき|true
有機物|ゆうきぶつ|true
有毒|ゆうどく|true
有無|うむ|true
有用|ゆうよう|true
有益|ゆうえき|true
有給|ゆうきゅう|true
有線|ゆうせん|true
有繋|さすが|false
有罪|ゆうざい|true
有耶無耶|うやむや|false
有能|ゆうのう|true
有識者|ゆうしきしゃ|true
有限|ゆうげん|true
有難い|ありがたい|true
有難う|ありがとう|false
有難うございました|ありがとうございました|true
有難うございます|ありがとうございます|true
有難う御座います|ありがとうございます|false
有頂天|うちょうてん|true
有頂点|うちょうてん|false
朋|とも|false
服|ふく|true
服役|ふくえき|true
服従|ふくじゅう|true
服用|ふくよう|true
服装|ふくそう|true
服飾|ふくしょく|true
朔|ついたち|false
朔日|ついたち|false
朗らか|ほがらか|true
朗報|ろうほう|true
朗詠|ろうえい|true
朗読|ろうどく|true
望ましい|のぞましい|true
望み|のぞみ|true
望む|のぞむ|true
望月|もちづき|true
望遠鏡|ぼうえんきょう|true
朝|あさ|true
朝いちばん|あさいちばん|false
朝ごはん|あさごはん|true
朝ご飯|あさごはん|true
朝めし|あさめし|false
朝メシ|あさめし|false
朝一番|あさいちばん|true
朝刊|ちょうかん|true
朝夕|あさゆう|true
朝寝坊|あさねぼう|true
朝御飯|あさごはん|false
朝方|あさがた|true
朝日|あさひ|true
朝晩|あさばん|true
朝礼|ちょうれい|true
朝霧|あさぎり|true
朝顔|あさがお|true
朝食|ちょうしょく|true
朝飯|あさめし|true
朝鮮|ちょうせん|true
朝鮮半島|ちょうせんはんとう|true
朝鮮民主主義人民共和国|ちょうせんみんしゅしゅぎじんみんきょうわこく|true
朝１番|あさいちばん|false
期待|きたい|true
期待感|きたいかん|true
期日|きじつ|true
期末|きまつ|true
期間|きかん|true
期間限定|きかんげんてい|true
期限|きげん|true
木|き|true
木々|きぎ|true
木かげ|こかげ|false
木のみ|きのみ|false
木の実|きのみ|true
木の芽|きのめ|true
木の葉|このは|true
木乃伊|ミイラ|false
木場|きば|true
木工|もっこう|true
木彫|きぼり|false
木彫|もくちょう|true
木彫り|きぼり|true
木戸|きど|true
木星|もくせい|true
木曜|もくよう|true
木曜日|もくようび|true
木木|きぎ|false
木材|もくざい|true
木枯|こがらし|false
木枯し|こがらし|true
木枯らし|こがらし|true
木棉|もめん|false
木炭|もくたん|true
木片|もくへん|true
木綿|もめん|true
木蔭|こかげ|false
木製|もくせい|true
木造|もくぞう|true
木陰|こかげ|true
未|ひつじ|true
未|み|true
未だ|まだ|true
未だしも|まだしも|true
未だ未だ|まだまだ|false
未亡人|みぼうじん|true
未婚|みこん|true
未完成|みかんせい|true
未定|みてい|true
未成年|みせいねん|true
未成年者|みせいねんしゃ|true
未払|みはらい|false
未払い|みはらい|true
未明|みめい|true
未来|みらい|true
未決|みけつ|true
未満|みまん|true
未然|みぜん|true
未熟|みじゅく|true
未熟児|みじゅくじ|true
未発表|みはっぴょう|true
未知|みち|true
未知数|みちすう|true
未納|みのう|true
未練|みれん|true
未解決|みかいけつ|true
未遂|みすい|true
未醤|みそ|false
未開|みかい|true
未青年|みせいねん|false
末|すえ|true
末|まつ|true
末っ子|すえっこ|true
末に|すえに|true
末尾|まつび|true
末広|すえひろ|true
末日|まつじつ|true
末期|まっき|true
末期的|まっきてき|true
末端|まったん|true
末茶|まっちゃ|false
本|ほん|true
本|もと|true
本々|もともと|false
本の|ほんの|false
本の少し|ほんのすこし|false
本もの|ほんもの|false
本予算|ほんよさん|true
本人|ほんにん|true
本件|ほんけん|true
本会議|ほんかいぎ|true
本位|ほんい|true
本体|ほんたい|true
本名|ほんみょう|true
本命|ほんめい|true
本因坊|ほんいんぼう|true
本国|ほんごく|true
本土|ほんど|true
本堂|ほんどう|true
本場|ほんば|true
本塁|ほんるい|true
本塁打|ほんるいだ|true
本家|ほんけ|true
本尊|ほんぞん|true
本屋|ほんや|true
本山|ほんざん|true
本島|ほんとう|true
本年|ほんねん|true
本店|ほんてん|true
本当|ほんとう|true
本当に|ほんとうに|true
本心|ほんしん|true
本性|ほんしょう|true
本拠|ほんきょ|true
本数|ほんすう|true
本文|ほんぶん|true
本日|ほんじつ|true
本旨|ほんし|true
本書|ほんしょ|true
本朝|ほんちょう|true
本木|もとき|true
本本|もともと|false
本来|ほんらい|true
本校|ほんこう|true
本格|ほんかく|true
本格化|ほんかくか|true
本格的|ほんかくてき|true
本棚|ほんだな|true
本業|ほんぎょう|true
本欄|ほんらん|true
本気|ほんき|true
本流|ほんりゅう|true
本物|ほんもの|true
本番|ほんばん|true
本當|ほんとう|false
本當に|ほんとうに|false
本省|ほんしょう|true
本社|ほんしゃ|true
本箱|ほんばこ|true
本籍|ほんせき|true
本紙|ほんし|true
本線|ほんせん|true
本職|ほんしょく|true
本能|ほんのう|true
本腰|ほんごし|true
本調子|ほんちょうし|true
本質|ほんしつ|true
本質的|ほんしつてき|true
本部|ほんぶ|true
本隊|ほんたい|true
本音|ほんね|true
本領|ほんりょう|true
本題|ほんだい|true
本願|ほんがん|true
本館|ほんかん|true
札|さつ|true
札|ふだ|true
札幌|さっぽろ|true
札束|さつたば|true
朱|あか|false
朱|あけ|true
朱い|あかい|false
朱印|しゅいん|true
机|つくえ|true
机上|きじょう|true
杉|すぎ|true
杏|あんず|true
杏子|あんず|false
材料|ざいりょう|true
材木|ざいもく|true
材質|ざいしつ|true
村|むら|true
村人|むらびと|true
村民|そんみん|true
村議会|そんぎかい|true
村長|そんちょう|true
杖|つえ|true
杙|くい|false
杜|もり|false
杜撰|ずさん|true
杜絶える|とだえる|false
束|たば|true
束ねる|たばねる|true
束の間|つかのま|true
束縛|そくばく|true
条|すじ|false
条令|じょうれい|false
条件|じょうけん|true
条件つき|じょうけんつき|false
条件付|じょうけんつき|false
条件付き|じょうけんつき|true
条例|じょうれい|true
条文|じょうぶん|true
条理|じょうり|true
条約|じょうやく|true
条項|じょうこう|true
来|らい|true
来る|くる|true
来客|らいきゃく|true
来年|らいねん|true
来店|らいてん|true
来日|らいにち|true
来春|らいしゅん|true
来月|らいげつ|true
来襲|らいしゅう|true
来訪|らいほう|true
来賓|らいひん|true
来週|らいしゅう|true
杭|くい|true
杯|さかずき|true
東|ひがし|true
東亜|とうあ|true
東亞|とうあ|false
東京|とうきょう|true
東京証券取引所|とうきょうしょうけんとりひきじょ|true
東亰|とうきょう|false
東側|ひがしがわ|true
東北|とうほく|true
東南|とうなん|true
東口|ひがしぐち|true
東宮|とうぐう|true
東方|とうほう|true
東欧|とうおう|true
東洋|とうよう|true
東海|とうかい|true
東経|とうけい|true
東西|とうざい|true
東邦|とうほう|true
東部|とうぶ|true
東都|とうと|true
松|まつ|true
松林|まつばやし|true
板|いた|true
板ガラス|いたガラス|true
板画|はんが|false
板門店|パンムンジョム|true
枉げる|まげる|false
枕|まくら|true
林|はやし|true
林学|りんがく|true
林業|りんぎょう|true
林檎|りんご|true
林立|りんりつ|true
林道|りんどう|true
林野|りんや|true
林野庁|りんやちょう|true
枚|まい|true
枚挙|まいきょ|true
枚数|まいすう|true
果|はて|false
果して|はたして|false
果す|はたす|false
果たして|はたして|true
果たす|はたす|true
果て|はて|true
果てしない|はてしない|true
果てし無い|はてしない|false
果てる|はてる|true
果ない|はかない|false
果実|かじつ|true
果敢|かかん|true
果敢ない|はかない|false
果敢無い|はかない|false
果樹|かじゅ|true
果汁|かじゅう|true
果無い|はかない|false
果物|くだもの|true
枝|えだ|true
枝葉|えだは|true
枝豆|えだまめ|true
枠|わく|true
枠内|わくない|true
枠外|わくがい|true
枠組|わくぐみ|false
枠組み|わくぐみ|true
枡|ます|false
枢軸|すうじく|true
枯れる|かれる|true
枯れ木|かれき|true
枯れ葉|かれは|true
枯木|かれき|true
枯死|こし|true
枯渇|こかつ|true
枯葉|かれは|true
架橋|かきょう|true
架空|かくう|true
架設|かせつ|true
柄|え|true
柄|がら|true
柏|かしわ|true
柏木|かしわぎ|true
某|ぼう|true
柒|しち|false
染|そめ|false
染まる|そまる|true
染み|しみ|true
染みる|しみる|true
染み染み|しみじみ|false
染め|そめ|true
染める|そめる|true
染る|そまる|false
染色|せんしょく|true
染色体|せんしょくたい|true
柔かい|やわらかい|false
柔やか|にこやか|false
柔らか|やわらか|true
柔らかい|やわらかい|true
柔らぐ|やわらぐ|false
柔和|にゅうわ|true
柔軟|じゅうなん|true
柔道|じゅうどう|true
柔魚|イカ|false
柚|ゆず|true
柚子|ゆず|true
柩|かん|false
柱|はしら|true
柳|やなぎ|true
柴|しば|true
柵|さく|true
柹|かき|false
査問|さもん|true
査定|さてい|true
査察|ささつ|true
査証|さしょう|true
柿|かき|true
栄え|はえ|true
栄える|さかえる|true
栄える|はえる|false
栄光|えいこう|true
栄冠|えいかん|true
栄枯|えいこ|true
栄誉|えいよ|true
栄養|えいよう|true
栄養士|えいようし|true
栄養失調|えいようしっちょう|true
栄養学|えいようがく|true
栄養素|えいようそ|true
栓|せん|true
栓抜|せんぬき|false
栓抜き|せんぬき|true
栖|す|false
栖む|すむ|false
栖息|せいそく|false
栖息地|せいそくち|false
栗|くり|true
校しゃ|こうしゃ|false
校内|こうない|true
校則|こうそく|true
校売|こうばい|false
校庭|こうてい|true
校旗|こうき|true
校歌|こうか|true
校正|こうせい|true
校舎|こうしゃ|true
校長|こうちょう|true
校門|こうもん|true
校閲|こうえつ|true
株|かぶ|true
株|くい|false
株主|かぶぬし|true
株価|かぶか|true
株券|かぶけん|true
株式|かぶしき|true
株式会社|かぶしきがいしゃ|true
株式市場|かぶしきしじょう|true
核|かく|true
核兵器|かくへいき|true
核分裂|かくぶんれつ|true
核実験|かくじっけん|true
核家族|かくかぞく|true
核弾頭|かくだんとう|true
核心|かくしん|true
核武装|かくぶそう|true
核燃料|かくねんりょう|true
核融合|かくゆうごう|true
核酸|かくさん|true
根|ね|true
根ざす|ねざす|true
根っこ|ねっこ|true
根っ子|ねっこ|true
根ほり葉ほり|ねほりはほり|false
根まわし|ねまわし|false
根元|こんげん|false
根原|こんげん|false
根回し|ねまわし|true
根堀り葉堀り|ねほりはほり|false
根差す|ねざす|false
根幹|こんかん|true
根底|こんてい|true
根強い|ねづよい|true
根性|こんじょう|true
根情|こんじょう|false
根拠|こんきょ|true
根掘り葉掘り|ねほりはほり|true
根本|こんぽん|true
根本的|こんぽんてき|true
根柢|こんてい|false
根気|こんき|true
根源|こんげん|true
根絶|こんぜつ|true
格|かく|true
格づけ|かくづけ|false
格上げ|かくあげ|true
格付|かくづけ|false
格付け|かくづけ|true
格別|かくべつ|true
格好|かっこう|true
格好いい|かっこいい|true
格好よい|かっこいい|false
格好良い|かっこいい|false
格子|こうし|true
格安|かくやす|true
格安航空券|かくやすこうくうけん|true
格差|かくさ|true
格段|かくだん|true
格闘|かくとう|true
格鬪|かくとう|false
栽培|さいばい|true
桁|けた|true
桂|かつら|true
桃|もも|true
桃色|ももいろ|true
框|わく|false
案|あん|true
案|つくえ|false
案の上|あんのじょう|false
案の定|あんのじょう|true
案の条|あんのじょう|false
案件|あんけん|true
案内|あんない|true
案外|あんがい|true
案配|あんばい|false
桐|きり|true
桑|くわ|true
桑原|くわばら|true
桑田|そうでん|true
桑畑|くわばたけ|true
桑畠|くわばたけ|false
桙|ほこ|false
桜|さくら|true
桜花|おうか|true
桝|ます|false
桟橋|さんばし|true
桶|おけ|true
梁|はり|true
梅|うめ|true
梅干|うめぼし|true
梅干し|うめぼし|true
梅酒|うめしゅ|true
梅雨|つゆ|true
梅雨入り|つゆいり|true
梅雨明け|つゆあけ|true
梗塞|こうそく|true
梟|ふくろう|false
梨|なし|true
梨子|なし|false
梯|はしご|false
梯子|はしご|true
梱包|こんぽう|true
梳かす|とかす|true
梳く|とく|false
梶|かじ|false
梺|ふもと|false
棄す|こぼす|false
棄てる|すてる|false
棄て児|すてご|false
棄て子|すてご|false
棄児|すてご|false
棄却|ききゃく|true
棄子|すてご|false
棄損|きそん|false
棄権|きけん|true
棉|めん|false
棉|わた|false
棊|ご|false
棋|ご|false
棋士|きし|true
棋聖|きせい|true
棋譜|きふ|true
棋院|きいん|true
棒|ぼう|true
棒立ち|ぼうだち|true
棘|とげ|true
棚|たな|true
棚上げ|たなあげ|true
棚幡|たなばた|false
棚機|たなばた|false
棟|むね|true
棧橋|さんばし|false
森|もり|true
森林|しんりん|true
棲まう|すまう|false
棲む|すむ|true
棲息|せいそく|false
棲息地|せいそくち|false
棹|さお|false
棺|かん|true
椀|わん|true
椅子|いす|true
植える|うえる|true
植え木|うえき|false
植木|うえき|true
植木鉢|うえきばち|true
植林|しょくりん|true
植樹|しょくじゅ|true
植民地|しょくみんち|true
植物|しょくぶつ|true
植物園|しょくぶつえん|true
椎茸|しいたけ|true
椙|すぎ|false
椛|もみじ|false
検める|あらためる|false
検事|けんじ|true
検事正|けんじせい|true
検出|けんしゅつ|true
検問|けんもん|true
検定|けんてい|true
検察|けんさつ|true
検察官|けんさつかん|true
検察庁|けんさつちょう|true
検挙|けんきょ|true
検査|けんさ|true
検疫|けんえき|true
検索|けんさく|true
検索条件|けんさくじょうけん|true
検視|けんし|true
検討|けんとう|true
検診|けんしん|true
検証|けんしょう|true
検閲|けんえつ|true
椽側|えんがわ|false
椿|つばき|true
楊|やなぎ|false
楊柳|やなぎ|false
楕円|だえん|true
楕円形|だえんけい|true
楫|かじ|false
業|ぎょう|true
業務|ぎょうむ|true
業界|ぎょうかい|true
業種|ぎょうしゅ|true
業績|ぎょうせき|true
業者|ぎょうしゃ|true
楯|たて|false
楯つく|たてつく|false
楯突く|たてつく|true
楳|うめ|false
極|ごく|true
極く|ごく|false
極まって|きまって|false
極まり|きまり|false
極まる|きわまる|true
極み|きわみ|true
極め|きめ|false
極めて|きわめて|true
極める|きめる|false
極める|きわめる|true
極め手|きめて|false
極り|きまり|false
極る|きまる|false
極上|ごくじょう|true
極力|きょくりょく|true
極右|きょくう|true
極寒|ごっかん|true
極度|きょくど|true
極東|きょくとう|true
極楽|ごくらく|true
極秘|ごくひ|true
極端|きょくたん|true
極限|きょくげん|true
楷書|かいしょ|true
楼閣|ろうかく|true
楽|らく|true
楽しい|たのしい|true
楽しみ|たのしみ|true
楽しむ|たのしむ|true
楽む|たのしむ|false
楽器|がっき|true
楽団|がくだん|true
楽園|らくえん|true
楽天家|らくてんか|true
楽天的|らくてんてき|true
楽屋|がくや|true
楽曲|がっきょく|true
楽書|らくがき|false
楽書き|らくがき|false
楽章|がくしょう|true
楽観|らっかん|true
楽観的|らっかんてき|true
楽譜|がくふ|true
楽隊|がくたい|true
概念|がいねん|true
概況|がいきょう|true
概略|がいりゃく|true
概算|がいさん|true
概要|がいよう|true
概論|がいろん|true
構う|かまう|true
構える|かまえる|true
構内|こうない|true
構図|こうず|true
構想|こうそう|true
構成|こうせい|true
構築|こうちく|true
構造|こうぞう|true
構造物|こうぞうぶつ|true
槍|ほこ|false
槍|やり|true
様|さま|true
様|よう|true
様々|さまざま|true
様な気がする|ようなきがする|false
様に|ように|true
様にする|ようにする|false
様になる|ようになる|true
様変り|さまがわり|false
様変わり|さまがわり|true
様子|ようす|true
様子を見る|ようすをみる|true
様式|ようしき|true
様様|さまざま|false
様相|ようそう|true
槲|かしわ|false
槽|ふね|false
樂しい|たのしい|false
樂園|らくえん|false
標|しるし|false
標本|ひょうほん|true
標札|ひょうさつ|false
標準|ひょうじゅん|true
標準的|ひょうじゅんてき|true
標準語|ひょうじゅんご|true
標的|ひょうてき|true
標示|ひょうじ|false
標語|ひょうご|true
標識|ひょうしき|true
標題|ひょうだい|true
標高|ひょうこう|true
模倣|もほう|true
模型|もけい|true
模擬|もぎ|true
模擬試験|もぎしけん|true
模様|もよう|true
模範|もはん|true
模索|もさく|true
模造|もぞう|true
権|けん|true
権利|けんり|true
権力|けんりょく|true
権威|けんい|true
権益|けんえき|true
権限|けんげん|true
横|よこ|true
横ぎる|よこぎる|false
横しま|よこしま|false
横たわる|よこたわる|true
横どり|よこどり|false
横ばい|よこばい|true
横刀|たち|false
横切る|よこぎる|true
横取り|よこどり|true
横幅|よこはば|true
横手|よこて|true
横文字|よこもじ|true
横断|おうだん|true
横断幕|おうだんまく|true
横断歩道|おうだんほどう|true
横暴|おうぼう|true
横書|よこがき|false
横書き|よこがき|true
横柄|おうへい|true
横浜|よこはま|true
横目|よこめ|true
横着|おうちゃく|true
横綱|よこづな|true
横線|おうせん|true
横行|おうこう|true
横転|おうてん|true
横這い|よこばい|false
横道|よこみち|true
横領|おうりょう|true
横顔|よこがお|true
樹|き|false
樹々|きぎ|false
樹木|じゅもく|true
樹樹|きぎ|false
樹皮|じゅひ|true
樹立|じゅりつ|true
樹脂|じゅし|true
樹蔭|こかげ|false
樹陰|こかげ|false
樹齢|じゅれい|true
樽|たる|true
橋|はし|true
橋わたし|はしわたし|false
橋渡し|はしわたし|true
橋脚|きょうきゃく|true
橘|たちばな|true
橙色|だいだいいろ|true
機|き|true
機会|きかい|true
機体|きたい|true
機内|きない|true
機動|きどう|true
機動隊|きどうたい|true
機器|きき|true
機嫌|きげん|true
機密|きみつ|true
機敏|きびん|true
機材|きざい|true
機械|きかい|true
機械化|きかいか|true
機構|きこう|true
機種|きしゅ|true
機能|きのう|true
機運|きうん|true
機長|きちょう|true
機関|きかん|true
機関紙|きかんし|true
機関誌|きかんし|false
機関車|きかんしゃ|true
機関銃|きかんじゅう|true
機雷|きらい|true
機首|きしゅ|true
橡|どんぐり|false
橢円|だえん|false
檀那|だんな|false
檐|のき|false
檝|かじ|false
檞|かしわ|false
檢事|けんじ|false
檢察|けんさつ|false
檬果|マンゴー|false
檸檬|レモン|false
檻|おり|true
櫛|くし|true
櫻|さくら|false
櫻花|おうか|false
欄|らん|true
欄外|らんがい|true
欄干|らんかん|true
欄杆|らんかん|false
欄檻|らんかん|false
欝|うつ|false
欝病|うつびょう|false
欠|あくび|false
欠かす|かかす|true
欠き氷|かきごおり|false
欠く|かく|true
欠けら|かけら|false
欠ける|かける|true
欠乏|けつぼう|true
欠伸|あくび|true
欠員|けついん|true
欠場|けつじょう|true
欠如|けつじょ|true
欠席|けっせき|true
欠損|けっそん|true
欠氷|かきごおり|false
欠点|けってん|true
欠片|かけら|true
欠陥|けっかん|true
次|つぎ|true
次々|つぎつぎ|true
次々に|つぎつぎに|true
次いで|ついで|true
次ぐ|つぐ|true
次のように|つぎのように|true
次代|じだい|true
次元|じげん|true
次回|じかい|true
次女|じじょ|true
次官|じかん|true
次席|じせき|true
次期|じき|true
次次|つぎつぎ|false
次次に|つぎつぎに|false
次点|じてん|true
次男|じなん|true
次第|しだい|true
次第に|しだいに|true
次長|じちょう|true
欣しい|うれしい|false
欣ぶ|よろこぶ|false
欧州|おうしゅう|true
欧洲|おうしゅう|false
欧米|おうべい|true
欧羅巴|ヨーロッパ|false
欲|よく|true
欲しい|ほしい|true
欲しがる|ほしがる|true
欲する|ほっする|true
欲ばり|よくばり|false
欲ばる|よくばる|false
欲張り|よくばり|true
欲張る|よくばる|true
欲望|よくぼう|true
欲求|よっきゅう|true
欺く|あざむく|true
欺す|だます|false
款待|かんたい|false
款談|かんだん|false
歇む|やむ|false
歌|うた|true
歌う|うたう|true
歌人|かじん|true
歌劇|かげき|true
歌合|うたあわせ|true
歌合せ|うたあわせ|false
歌合わせ|うたあわせ|false
歌唱|かしょう|true
歌声|うたごえ|true
歌姫|うたひめ|true
歌手|かしゅ|true
歌曲|かきょく|true
歌留多|カルタ|true
歌舞伎|かぶき|true
歌舞妓|かぶき|false
歌詞|かし|true
歌謡|かよう|true
歌謡曲|かようきょく|true
歌集|かしゅう|true
歎き|なげき|false
歎く|なげく|false
歎息|たんそく|false
歎願|たんがん|false
歓ばす|よろこばす|false
歓び|よろこび|false
歓ぶ|よろこぶ|false
歓喜|かんき|true
歓声|かんせい|true
歓待|かんたい|true
歓楽街|かんらくがい|true
歓談|かんだん|true
歓迎|かんげい|true
止す|よす|true
止まる|とどまる|true
止まる|とまる|true
止む|やむ|true
止むをえない|やむをえない|false
止むを得ない|やむをえない|false
止めがね|とめがね|false
止めどなく|とめどなく|true
止めど無く|とめどなく|false
止める|とどめる|false
止める|とめる|true
止める|やめる|true
止め処なく|とめどなく|false
止め処無く|とめどなく|false
止め金|とめがね|false
止る|とまる|false
止金|とめがね|false
正|せい|true
正しい|ただしい|true
正す|ただす|false
正す|ただす|true
正に|まさに|true
正体|しょうたい|true
正則|せいそく|true
正午|しょうご|true
正反対|せいはんたい|true
正味|しょうみ|true
正坐|せいざ|false
正常|せいじょう|true
正常化|せいじょうか|true
正座|せいざ|true
正式|せいしき|true
正式名称|せいしきめいしょう|true
正当|せいとう|true
正当防衛|せいとうぼうえい|true
正念場|しょうねんば|true
正教|せいきょう|true
正方形|せいほうけい|true
正月|しょうがつ|true
正油|しょうゆ|false
正直|しょうじき|true
正確|せいかく|true
正統|せいとう|true
正義|せいぎ|true
正装|せいそう|true
正規|せいき|true
正解|せいかい|true
正論|せいろん|true
正道|せいどう|true
正門|せいもん|true
正面|しょうめん|true
正面|まとも|false
此|これ|false
此から|これから|false
此の|この|false
此の前|このまえ|false
此の辺|このへん|false
此の間|このあいだ|false
此の頃|このごろ|false
此れ|これ|false
此れから|これから|false
此れこそ|これこそ|false
此れまで|これまで|false
此れ等|これら|false
此れ迄|これまで|false
此処|ここ|false
此処ら|ここら|false
此処等|ここら|false
此奴|こいつ|false
此奴ら|こいつら|false
此奴等|こいつら|false
此所|ここ|false
此所ら|ここら|false
此方|こちら|false
此等|これら|false
步く|あるく|false
武力|ぶりょく|true
武勇|ぶゆう|true
武器|ぶき|true
武士|ぶし|true
武将|ぶしょう|true
武者|むしゃ|true
武装|ぶそう|true
武道|ぶどう|true
歩|あゆみ|false
歩|ほ|true
歩きまわる|あるきまわる|false
歩き回る|あるきまわる|true
歩き廻る|あるきまわる|false
歩く|あるく|true
歩み|あゆみ|true
歩みよる|あゆみよる|false
歩み寄り|あゆみより|true
歩み寄る|あゆみよる|true
歩む|あゆむ|true
歩兵|ほへい|true
歩合|ぶあい|true
歩行|ほこう|true
歩行者|ほこうしゃ|true
歩行者天国|ほこうしゃてんごく|true
歩調|ほちょう|true
歩道|ほどう|true
歩道橋|ほどうきょう|true
歪む|ゆがむ|true
歯|は|true
歯|よわい|false
歯がゆい|はがゆい|false
歯ごたえ|はごたえ|true
歯みがき|はみがき|false
歯ブラシ|はブラシ|true
歯切れ|はぎれ|true
歯刷子|はブラシ|false
歯医者|はいしゃ|true
歯向う|はむかう|true
歯向かう|はむかう|true
歯応え|はごたえ|false
歯止め|はどめ|true
歯痒い|はがゆい|true
歯磨|はみがき|false
歯磨き|はみがき|true
歯科|しか|true
歯科医|しかい|true
歯科医師|しかいし|true
歯科衛生士|しかえいせいし|true
歯車|はぐるま|true
歳|さい|true
歳|とし|false
歳とった|としとった|false
歳をとる|としをとる|false
歳を取る|としをとる|false
歳入|さいにゅう|true
歳出|さいしゅつ|true
歳取った|としとった|false
歳暮|せいぼ|true
歳月|さいげつ|true
歳末|さいまつ|true
歴|れき|true
歴る|へる|false
歴代|れきだい|true
歴任|れきにん|true
歴史|れきし|true
歴史的|れきしてき|true
歴然|れきぜん|true
歴訪|れきほう|true
歷史|れきし|false
歸る|かえる|false
死|し|true
死に体|しにたい|true
死ぬ|しぬ|true
死亡|しぼう|true
死亡率|しぼうりつ|true
死亡者|しぼうしゃ|true
死人|しにん|true
死体|したい|true
死傷者|ししょうしゃ|true
死刑|しけい|true
死刑囚|しけいしゅう|true
死去|しきょ|true
死因|しいん|true
死後|しご|true
死活|しかつ|true
死球|しきゅう|true
死者|ししゃ|true
死語|しご|true
歿|ぼつ|false
歿後|ぼつご|false
殃|わざわい|false
殆ど|ほとんど|true
殆んど|ほとんど|false
殉職|じゅんしょく|true
殉難|じゅんなん|true
殊に|ことに|true
殊勝|しゅしょう|true
殊勲|しゅくん|true
残す|のこす|true
残った分|のこったぶん|true
残らず|のこらず|true
残り|のこり|true
残る|のこる|true
残刻|ざんこく|false
残塁|ざんるい|true
残存|ざんぞん|true
残忍|ざんにん|true
残念|ざんねん|true
残暑|ざんしょ|true
残業|ざんぎょう|true
残留|ざんりゅう|true
残虐|ざんぎゃく|true
残酷|ざんこく|true
残高|ざんだか|true
殖える|ふえる|true
殖やす|ふやす|false
殖民地|しょくみんち|false
殪す|たおす|false
殪れる|たおれる|false
殴りこみ|なぐりこみ|false
殴り込み|なぐりこみ|true
殴る|なぐる|true
殴打|おうだ|true
段|だん|true
段々|だんだん|true
段々|ギザギザ|false
段どり|だんどり|false
段ボール|だんボール|true
段取り|だんどり|true
段段|だんだん|false
段段|ギザギザ|false
段落|だんらく|true
段袋|ズボン|false
段階|だんかい|true
殺し|ころし|true
殺す|ころす|true
殺人|さつじん|true
殺人事件|さつじんじけん|true
殺倒|さっとう|false
殺傷|さっしょう|true
殺到|さっとう|true
殺害|さつがい|true
殺意|さつい|true
殺気|さっき|true
殺菌|さっきん|true
殺虫剤|さっちゅうざい|true
殺那|せつな|false
殻|から|true
殿|どの|true
殿下|でんか|true
殿堂|でんどう|true
殿様|とのさま|true
毀す|こわす|false
毀れる|こわれる|false
毀損|きそん|true
母|はは|true
母さん|かあさん|true
母乳|ぼにゅう|true
母体|ぼたい|true
母国|ぼこく|true
母国語|ぼこくご|true
母子|ぼし|true
母性|ぼせい|true
母方|ははかた|true
母校|ぼこう|true
母胎|ぼたい|true
母親|ははおや|true
母音|ぼいん|true
毎|ごと|true
毎|まい|true
毎に|ごとに|true
毎回|まいかい|true
毎年|まいとし|true
毎度|まいど|true
毎日|まいにち|true
毎日のように|まいにちのように|true
毎時|まいじ|true
毎晩|まいばん|true
毎月|まいつき|true
毎朝|まいあさ|true
毎週|まいしゅう|true
毒|どく|true
毒ガス|どくガス|true
毒性|どくせい|true
毒殺|どくさつ|true
毒舌|どくぜつ|true
毒薬|どくやく|true
比|ころ|false
比|ひ|true
比べ|くらべ|true
比べる|くらべる|true
比ゆ|ひゆ|false
比例|ひれい|true
比喩|ひゆ|true
比律賓|フィリピン|false
比率|ひりつ|true
比諭|ひゆ|false
比較|ひかく|true
比較的|ひかくてき|true
比重|ひじゅう|true
毛|け|true
毛布|もうふ|true
毛皮|けがわ|true
毛筆|もうひつ|true
毛糸|けいと|true
毛虫|けむし|true
毛革|けがわ|false
氏|し|true
氏名|しめい|true
氏族|しぞく|true
氏神|うじがみ|true
民|たみ|true
民主|みんしゅ|true
民主主義|みんしゅしゅぎ|true
民主党|みんしゅとう|true
民主国|みんしゅこく|true
民主的|みんしゅてき|true
民事|みんじ|true
民俗|みんぞく|true
民兵|みんぺい|true
民営|みんえい|true
民営化|みんえいか|true
民家|みんか|true
民宿|みんしゅく|true
民意|みんい|true
民放|みんぽう|true
民政|みんせい|true
民族|みんぞく|true
民族主義|みんぞくしゅぎ|true
民族自決|みんぞくじけつ|true
民法|みんぽう|true
民生|みんせい|true
民社党|みんしゃとう|true
民芸|みんげい|true
民衆|みんしゅう|true
民話|みんわ|true
民謡|みんよう|true
民間|みんかん|true
民間放送|みんかんほうそう|true
民需|みんじゅ|true
気|き|true
気がかり|きがかり|true
気がつく|きがつく|true
気がね|きがね|false
気が付く|きがつく|true
気ずく|きづく|false
気ちがい|キチガイ|false
気づかい|きづかい|false
気づかれ|きづかれ|true
気づく|きづく|true
気どる|きどる|false
気にいる|きにいる|false
気に入り|きにいり|true
気に入る|きにいる|true
気のせい|きのせい|true
気のどく|きのどく|false
気の向くままに|きのむくままに|true
気の向く侭に|きのむくままに|false
気の所為|きのせい|false
気の毒|きのどく|true
気ばらし|きばらし|false
気まえ|きまえ|false
気まぐれ|きまぐれ|true
気まま|きまま|true
気むずかしい|きむずかしい|false
気をつける|きをつける|true
気を付ける|きをつける|true
気丈|きじょう|true
気付く|きづく|true
気体|きたい|true
気侭|きまま|false
気候|きこう|true
気儘|きまま|false
気兼ね|きがね|true
気分|きぶん|true
気分転換|きぶんてんかん|true
気前|きまえ|true
気力|きりょく|true
気勢|きせい|true
気取る|きどる|true
気合|きあい|true
気合い|きあい|false
気吹|いぶき|false
気味|きみ|true
気味|ぎみ|true
気圧|きあつ|true
気嫌|きげん|false
気心|きごころ|true
気性|きしょう|true
気慨|きがい|false
気懸かり|きがかり|false
気懸り|きがかり|false
気持|きもち|false
気持ち|きもち|true
気持ちわるい|きもちわるい|false
気持ち悪い|きもちわるい|true
気持悪い|きもちわるい|false
気掛かり|きがかり|false
気掛り|きがかり|false
気晴し|きばらし|false
気晴らし|きばらし|true
気楽|きらく|true
気概|きがい|true
気泡|きほう|true
気温|きおん|true
気狂い|キチガイ|false
気球|ききゅう|true
気疲れ|きづかれ|false
気筒|きとう|true
気管|きかん|true
気管支|きかんし|true
気紛れ|きまぐれ|false
気絶|きぜつ|true
気触れ|かぶれ|true
気象|きしょう|true
気象予報士|きしょうよほうし|true
気象台|きしょうだい|true
気象学|きしょうがく|true
気象庁|きしょうちょう|true
気負い|きおい|true
気質|きしつ|true
気軽|きがる|true
気迫|きはく|true
気違い|キチガイ|true
気遣い|きづかい|true
気配|けはい|true
気配り|きくばり|true
気鋭|きえい|true
気附く|きづく|false
気障|きざ|true
気難しい|きむずかしい|true
気魄|きはく|false
氣|き|false
氣儘|きまま|false
氣持ち|きもち|false
氣象|きしょう|false
水|みず|true
水々しい|みずみずしい|false
水あげ|みずあげ|false
水いらず|みずいらず|false
水ぎわ|みずぎわ|false
水くさい|みずくさい|false
水け|みずけ|false
水びたし|みずびたし|false
水べ|みずべ|false
水上|すいじょう|true
水中|すいちゅう|true
水仙|すいせん|true
水位|すいい|true
水俣病|みなまたびょう|true
水入らず|みずいらず|true
水分|すいぶん|true
水利|すいり|true
水割り|みずわり|true
水力|すいりょく|true
水口|みずぐち|true
水域|すいいき|true
水増し|みずまし|true
水墨画|すいぼくが|true
水害|すいがい|true
水平|すいへい|true
水平線|すいへいせん|true
水彩画|すいさいが|true
水揚げ|みずあげ|true
水族館|すいぞくかん|true
水星|すいせい|true
水晶|すいしょう|true
水曜|すいよう|true
水曜日|すいようび|true
水槽|すいそう|true
水死|すいし|true
水母|クラゲ|false
水気|みずけ|true
水水しい|みずみずしい|false
水沫|すいほう|false
水泡|すいほう|true
水泳|すいえい|true
水洗|すいせん|true
水浸し|みずびたし|true
水深|すいしん|true
水温|すいおん|true
水源|すいげん|true
水準|すいじゅん|true
水溶性|すいようせい|true
水滴|すいてき|true
水爆|すいばく|true
水牛|すいぎゅう|true
水玉|みずたま|true
水瓜|すいか|false
水産|すいさん|true
水産庁|すいさんちょう|true
水産業|すいさんぎょう|true
水産物|すいさんぶつ|true
水田|すいでん|true
水着|みずぎ|true
水稲|すいとう|true
水筒|すいとう|true
水精|すいしょう|false
水系|すいけい|true
水素|すいそ|true
水臭い|みずくさい|true
水色|みずいろ|true
水蒸気|すいじょうき|true
水蛭子|えびす|false
水質|すいしつ|true
水路|すいろ|true
水車|すいしゃ|true
水辺|みずべ|true
水道|すいどう|true
水道水|すいどうすい|true
水量|すいりょう|true
水銀|すいぎん|true
水際|みずぎわ|true
水面|すいめん|true
水鳥|みずとり|true
氷|こおり|true
氷る|こおる|false
氷山|ひょうざん|true
氷河|ひょうが|true
氷点下|ひょうてんか|true
永い|ながい|false
永らく|ながらく|false
永久|えいきゅう|true
永代|えいたい|true
永住|えいじゅう|true
永年|ながねん|false
永続|えいぞく|true
永続き|ながつづき|false
永遠|えいえん|true
氾濫|はんらん|true
汀|なぎさ|false
汁|しる|true
求める|もとめる|true
求人|きゅうじん|true
求刑|きゅうけい|true
求心力|きゅうしんりょく|true
求職|きゅうしょく|true
汎|はん|true
汎ゆる|あらゆる|false
汎濫|はんらん|false
汎用|はんよう|true
汐|しお|false
汐時|しおどき|false
汗|あせ|true
汚い|きたない|true
汚す|よごす|true
汚ない|きたない|false
汚れ|よごれ|true
汚れる|よごれる|true
汚名|おめい|true
汚染|おせん|true
汚水|おすい|true
汚濁|おだく|true
汚点|おてん|true
汚物|おぶつ|true
汚職|おしょく|true
江|え|true
江戸|えど|true
江戸っこ|えどっこ|false
江戸っ児|えどっこ|false
江戸っ子|えどっこ|true
江戸時代|えどじだい|true
池|いけ|true
汰る|ゆる|false
汲みとる|くみとる|false
汲み取る|くみとる|true
汲む|くむ|true
汲取る|くみとる|false
決|けつ|true
決して|けっして|true
決する|けっする|true
決って|きまって|false
決まって|きまって|true
決まり|きまり|true
決まる|きまる|true
決め|きめ|true
決めつける|きめつける|false
決める|きめる|true
決め付ける|きめつける|true
決め手|きめて|true
決め球|きめだま|true
決り|きまり|false
決る|きまる|false
決別|けつべつ|true
決勝|けっしょう|true
決勝トーナメント|けっしょうトーナメント|true
決勝戦|けっしょうせん|true
決勝点|けっしょうてん|true
決定|けってい|true
決定的|けっていてき|true
決心|けっしん|true
決意|けつい|true
決戦|けっせん|true
決戦投票|けっせんとうひょう|false
決断|けつだん|true
決済|けっさい|true
決済方法|けっさいほうほう|true
決着|けっちゃく|true
決算|けっさん|true
決裁|けっさい|true
決裂|けつれつ|true
決議|けつぎ|true
決起|けっき|true
決選投票|けっせんとうひょう|true
汽笛|きてき|true
汽船|きせん|true
汽車|きしゃ|true
沁みる|しみる|false
沁み沁み|しみじみ|false
沁沁|しみじみ|false
沈む|しずむ|true
沈める|しずめる|true
沈下|ちんか|true
沈没|ちんぼつ|true
沈滞|ちんたい|true
沈着|ちんちゃく|true
沈菜|キムチ|false
沈静|ちんせい|true
沈黙|ちんもく|true
沒落|ぼつらく|false
沓|くつ|false
沓下|くつした|false
沖|おき|true
沖合|おきあい|true
沖合い|おきあい|true
沖縄|おきなわ|true
沖繩|おきなわ|false
沙|すな|false
沙丘|さきゅう|false
沙漠|さばく|false
没|ぼつ|true
没収|ぼっしゅう|true
没後|ぼつご|true
没落|ぼつらく|true
没頭|ぼっとう|true
沢|さわ|true
沢山|たくさん|true
沫|あわ|false
沮む|はばむ|false
沮止|そし|false
河|かわ|true
河原|かわら|true
河口|かこう|true
河岸|かわぎし|true
河川|かせん|true
河川敷|かせんじき|true
河沿い|かわぞい|false
河畔|かはん|true
沸かす|わかす|true
沸く|わく|true
沸す|わかす|false
沸騰|ふっとう|true
油|あぶら|true
油井|ゆせい|true
油彩|ゆさい|true
油断|ゆだん|true
油田|ゆでん|true
油画|あぶらえ|false
油絵|あぶらえ|true
油脂|ゆし|true
治す|なおす|true
治まり|おさまり|false
治まる|おさまる|true
治める|おさめる|true
治る|なおる|true
治安|ちあん|true
治水|ちすい|true
治療|ちりょう|true
治療法|ちりょうほう|true
治癒|ちゆ|true
治験|ちけん|true
沼|ぬま|true
沼地|ぬまち|true
沼沢|しょうたく|true
沼田|ぬまた|true
沿い|ぞい|true
沿う|そう|true
沿って|そって|true
沿岸|えんがん|true
沿海|えんかい|true
沿海州|えんかいしゅう|true
沿線|えんせん|true
沿道|えんどう|true
沿革|えんかく|true
況して|まして|false
泉|いずみ|true
泉水|せんすい|true
泊まり|とまり|true
泊まる|とまる|true
泊める|とめる|true
泊り|とまり|false
泊る|とまる|false
泌みる|しみる|false
泌尿器|ひにょうき|true
法|ほう|true
法人|ほうじん|true
法令|ほうれい|true
法制|ほうせい|true
法制局|ほうせいきょく|true
法則|ほうそく|true
法務|ほうむ|true
法務省|ほうむしょう|true
法医学|ほういがく|true
法外|ほうがい|true
法学|ほうがく|true
法学部|ほうがくぶ|true
法定|ほうてい|true
法師|ほうし|true
法廷|ほうてい|true
法律|ほうりつ|true
法律事務所|ほうりつじむしょ|true
法文|ほうぶん|true
法曹|ほうそう|true
法曹界|ほうそうかい|true
法案|ほうあん|true
法治国|ほうちこく|true
法王|ほうおう|true
法的|ほうてき|true
法相|ほうしょう|true
法蓮草|ほうれんそう|false
法要|ほうよう|true
法規|ほうき|true
法連草|ほうれんそう|false
泛かぶ|うかぶ|false
泛かべる|うかべる|false
泛ぶ|うかぶ|false
泛べる|うかべる|false
泛子|うき|false
泝る|さかのぼる|false
泡|あわ|true
波|なみ|true
波乱|はらん|true
波乱バンジョー|はらんばんじょう|false
波乱万丈|はらんばんじょう|true
波及|はきゅう|true
波戸場|はとば|false
波止場|はとば|true
波浪|はろう|true
波瀾|はらん|false
波瀾万丈|はらんばんじょう|true
波紋|はもん|true
波長|はちょう|true
泣き|なき|true
泣き声|なきごえ|true
泣き顔|なきがお|true
泣く|なく|true
泣声|なきごえ|false
泥|どろ|true
泥々|どろどろ|false
泥坊|どろぼう|false
泥棒|どろぼう|true
泥沼|どろぬま|true
泥泥|どろどろ|false
泥炭|でいたん|true
泥酔|でいすい|true
注|ちゅう|true
注ぎこむ|そそぎこむ|false
注ぎこむ|つぎこむ|false
注ぎ込む|そそぎこむ|true
注ぎ込む|つぎこむ|true
注ぐ|そそぐ|true
注ぐ|つぐ|true
注す|さす|true
注入|ちゅうにゅう|true
注告|ちゅうこく|false
注射|ちゅうしゃ|true
注意|ちゅうい|true
注意報|ちゅういほう|true
注意深い|ちゅういぶかい|true
注文|ちゅうもん|true
注目|ちゅうもく|true
注釈|ちゅうしゃく|true
泪|なみだ|false
泰|タイ|false
泰山|たいざん|false
泳ぎ|およぎ|true
泳ぐ|およぐ|true
洋|なだ|false
洋上|ようじょう|true
洋室|ようしつ|true
洋式|ようしき|true
洋書|ようしょ|true
洋服|ようふく|true
洋杯|コップ|false
洋楽|ようがく|true
洋画|ようが|true
洋盃|コップ|false
洋袴|ズボン|false
洋裁|ようさい|true
洋酒|ようしゅ|true
洋間|ようま|true
洋風|ようふう|true
洋食|ようしょく|true
洒落|しゃれ|true
洒落る|しゃれる|true
洗いもの|あらいもの|false
洗いもん|あらいもの|false
洗い上げる|あらいあげる|true
洗い物|あらいもの|true
洗う|あらう|true
洗たく|せんたく|false
洗たく機|せんたくき|false
洗剤|せんざい|true
洗浄|せんじょう|true
洗浄剤|せんじょうざい|true
洗湯|せんとう|false
洗濯|せんたく|true
洗濯もの|せんたくもの|false
洗濯もん|せんたくもの|false
洗濯機|せんたくき|true
洗濯物|せんたくもの|true
洗煉|せんれん|false
洗物|あらいもの|false
洗礼|せんれい|true
洗練|せんれん|true
洗脳|せんのう|true
洗錬|せんれん|false
洗面|せんめん|true
洗面器|せんめんき|true
洗面所|せんめんじょ|true
洗髪|せんぱつ|true
洞|ほら|true
洞くつ|どうくつ|false
洞察|どうさつ|true
洞穴|ほらあな|true
洞窟|どうくつ|true
洟水|はなみず|false
津波|つなみ|true
津浪|つなみ|false
洩らす|もらす|false
洩る|もる|false
洩れる|もれる|false
洪水|こうずい|true
洲|しゅう|false
洵に|まことに|false
活かす|いかす|false
活き|いき|false
活きいき|いきいき|false
活きる|いきる|false
活き活き|いきいき|false
活ける|いける|false
活け花|いけばな|false
活力|かつりょく|true
活動|かつどう|true
活動家|かつどうか|true
活字|かつじ|true
活性|かっせい|true
活気|かっき|true
活況|かっきょう|true
活溌|かっぱつ|false
活潑|かっぱつ|false
活用|かつよう|true
活発|かっぱつ|true
活花|いけばな|false
活路|かつろ|true
活躍|かつやく|true
派|は|true
派兵|はへい|true
派出所|はしゅつじょ|true
派手|はで|true
派生|はせい|true
派遣|はけん|true
派閥|はばつ|true
流|りゅう|true
流し|ながし|true
流す|ながす|true
流ちょう|りゅうちょう|false
流れ|ながれ|true
流れる|ながれる|true
流れ星|ながれぼし|true
流れ込む|ながれこむ|true
流入|りゅうにゅう|true
流出|りゅうしゅつ|true
流動|りゅうどう|true
流動的|りゅうどうてき|true
流域|りゅういき|true
流暢|りゅうちょう|true
流氷|りゅうひょう|true
流派|りゅうは|true
流浪|るろう|true
流用|りゅうよう|true
流石|さすが|true
流血|りゅうけつ|true
流行|りゅうこう|true
流行る|はやる|true
流行歌|りゅうこうか|true
流通|りゅうつう|true
浄い|きよい|false
浄化|じょうか|true
浄化槽|じょうかそう|true
浄土|じょうど|true
浄土真宗|じょうどしんしゅう|true
浄水|じょうすい|true
浅い|あさい|true
浅はか|あさはか|true
浅墓|あさはか|false
浅瀬|あさせ|true
浅見|せんけん|true
浅黒い|あさぐろい|true
浚う|さらう|true
浜|はま|true
浜べ|はまべ|false
浜松|はままつ|true
浜辺|はまべ|true
浦|うら|true
浪|なみ|false
浪人|ろうにん|true
浪曼|ロマン|false
浪漫|ロマン|false
浪花|なにわ|false
浪華|なにわ|false
浪費|ろうひ|true
浪速|なにわ|false
浮かびあがる|うかびあがる|false
浮かび上がる|うかびあがる|true
浮かび上る|うかびあがる|false
浮かぶ|うかぶ|true
浮かべる|うかべる|true
浮かれる|うかれる|true
浮き|うき|true
浮き彫|うきぼり|false
浮き彫り|うきぼり|true
浮き浮き|うきうき|false
浮く|うく|true
浮びあがる|うかびあがる|false
浮び上がる|うかびあがる|false
浮び上る|うかびあがる|false
浮ぶ|うかぶ|false
浮べる|うかべる|false
浮上|ふじょう|true
浮世絵|うきよえ|true
浮動票|ふどうひょう|true
浮子|うき|false
浮彫|うきぼり|false
浮彫り|うきぼり|false
浮揚|ふよう|true
浮気|うわき|true
浮氣|うわき|false
浮沈|ふちん|true
浮浪者|ふろうしゃ|true
浮游|ふゆう|false
浮腫|むくみ|false
浮腫み|むくみ|false
浮遊|ふゆう|true
浴びせる|あびせる|true
浴びる|あびる|true
浴場|よくじょう|true
浴室|よくしつ|true
浴槽|よくそう|true
浴衣|ゆかた|true
海|うみ|true
海べ|うみべ|false
海上|かいじょう|true
海上保安庁|かいじょうほあんちょう|true
海上自衛隊|かいじょうじえいたい|true
海中|かいちゅう|true
海兵隊|かいへいたい|true
海嘯|つなみ|false
海域|かいいき|true
海外|かいがい|true
海外出張|かいがいしゅっちょう|true
海外旅行|かいがいりょこう|true
海岸|かいがん|true
海岸線|かいがんせん|true
海峡|かいきょう|true
海底|かいてい|true
海戦|かいせん|true
海抜|かいばつ|true
海月|クラゲ|false
海水|かいすい|true
海水浴|かいすいよく|true
海水浴場|かいすいよくじょう|true
海洋|かいよう|true
海流|かいりゅう|true
海浜|かいひん|true
海溝|かいこう|true
海王星|かいおうせい|true
海産物|かいさんぶつ|true
海石榴|つばき|false
海老|えび|true
海苔|のり|true
海藻|かいそう|true
海豚|いるか|false
海賊|かいぞく|true
海路|かいろ|true
海軍|かいぐん|true
海辺|うみべ|true
海運|かいうん|true
海道|かいどう|true
海邊|うみべ|false
海難|かいなん|true
海面|かいめん|true
浸かる|つかる|true
浸ける|つける|false
浸す|ひたす|true
浸みる|しみる|false
浸る|ひたる|true
浸水|しんすい|true
浸蝕|しんしょく|false
浸透|しんとう|true
浸食|しんしょく|true
消える|きえる|true
消しごむ|けしゴム|false
消しゴム|けしゴム|true
消し印|けしいん|false
消す|けす|true
消ゴム|けしゴム|false
消化|しょうか|true
消化器|しょうかき|true
消印|けしいん|true
消去|しょうきょ|true
消息|しょうそく|true
消息筋|しょうそくすじ|true
消極|しょうきょく|true
消極的|しょうきょくてき|true
消毒|しょうどく|true
消滅|しょうめつ|true
消火|しょうか|true
消火器|しょうかき|true
消灯|しょうとう|true
消燈|しょうとう|false
消耗|しょうもう|true
消耗品|しょうもうひん|true
消費|しょうひ|true
消費材|しょうひざい|false
消費税|しょうひぜい|true
消費者|しょうひしゃ|true
消費財|しょうひざい|true
消防|しょうぼう|true
消防庁|しょうぼうちょう|true
消防署|しょうぼうしょ|true
消防車|しょうぼうしゃ|true
涌く|わく|false
涌水|ゆうすい|false
涎|よだれ|true
涕|なみだ|false
涙|なみだ|true
涙ぐましい|なみだぐましい|true
涙声|なみだごえ|true
涯|はて|false
涯て|はて|false
液|えき|true
液|しる|false
液体|えきたい|true
液化|えきか|true
液晶|えきしょう|true
涸渇|こかつ|false
涼しい|すずしい|true
涼む|すずむ|true
涼風|りょうふう|true
淀む|よどむ|false
淋しい|さびしい|true
淋巴|リンパ|false
淑やか|しとやか|true
淑女|しゅくじょ|true
淑徳|しゅくとく|true
淘る|ゆる|false
淡々|たんたん|true
淡い|あわい|true
淡水|たんすい|true
淡泊|たんぱく|false
淡淡|たんたん|false
淡白|たんぱく|true
淡薄|たんぱく|false
深い|ふかい|true
深ける|ふける|false
深さ|ふかさ|true
深まる|ふかまる|true
深み|ふかみ|true
深める|ふかめる|true
深切|しんせつ|false
深刻|しんこく|true
深刻化|しんこくか|true
深味|ふかみ|false
深夜|しんや|true
深層|しんそう|true
深山|みやま|true
深度|しんど|true
深海|しんかい|true
淵|ふち|true
混える|まじえる|false
混ざる|まざる|true
混じり|まじり|false
混じる|まじる|true
混ぜもの|まぜもの|false
混ぜる|まぜる|true
混ぜ合わす|まぜあわす|true
混ぜ物|まぜもの|true
混む|こむ|true
混る|まじる|false
混乱|こんらん|true
混入|こんにゅう|true
混凝土|コンクリート|false
混合|こんごう|true
混同|こんどう|true
混成|こんせい|true
混戦|こんせん|true
混紡|こんぼう|true
混血|こんけつ|true
混迷|こんめい|true
混雑|こんざつ|true
淺見|せんけん|false
添い|ぞい|false
添う|そう|true
添える|そえる|true
添乗|てんじょう|true
添付|てんぷ|true
添削|てんさく|true
添加|てんか|true
添加物|てんかぶつ|true
添附|てんぷ|false
清々しい|すがすがしい|true
清い|きよい|true
清ます|すます|false
清む|すむ|false
清らか|きよらか|true
清廉|せいれん|true
清掃|せいそう|true
清新|せいしん|true
清書|せいしょ|true
清流|せいりゅう|true
清浄|せいじょう|true
清涼|せいりょう|true
清清しい|すがすがしい|false
清潔|せいけつ|true
清澄|せいちょう|true
清算|せいさん|true
清貧|せいひん|true
清酒|せいしゅ|true
渇き|かわき|true
渇く|かわく|true
渇望|かつぼう|true
渇水|かっすい|true
済う|すくう|false
済す|すます|false
済ます|すます|true
済ませる|すませる|true
済まない|すまない|true
済みません|すみません|true
済む|すむ|true
済われる|すくわれる|false
渉る|わたる|false
渉外|しょうがい|true
渊|ふち|false
渋い|しぶい|true
渋る|しぶる|true
渋滞|じゅうたい|true
渋谷|しぶや|true
渋面|じゅうめん|true
渓|たに|false
渓流|けいりゅう|true
渓谷|けいこく|true
渕|ふち|false
渚|なぎさ|true
減らす|へらす|true
減る|へる|true
減価償却|げんかしょうきゃく|true
減俸|げんぽう|true
減免|げんめん|true
減反|げんたん|true
減収|げんしゅう|true
減員|げんいん|true
減少|げんしょう|true
減段|げんたん|false
減点|げんてん|true
減産|げんさん|true
減益|げんえき|true
減税|げんぜい|true
減給|げんきゅう|true
減退|げんたい|true
減速|げんそく|true
減量|げんりょう|true
減額|げんがく|true
渡し|わたし|true
渡し舟|わたしぶね|false
渡し船|わたしぶね|true
渡す|わたす|true
渡り|わたり|true
渡り鳥|わたりどり|true
渡る|わたる|true
渡来|とらい|true
渡航|とこう|true
渦|うず|true
渦中|かちゅう|true
渦巻|うずまき|false
渦巻き|うずまき|true
温い|ぬるい|true
温かい|あたたかい|true
温まる|あたたまる|true
温める|あたためる|true
温もり|ぬくもり|true
温健|おんけん|false
温厚|おんこう|true
温和|おんわ|true
温和しい|おとなしい|false
温存|おんぞん|true
温室|おんしつ|true
温帯|おんたい|true
温床|おんしょう|true
温度|おんど|true
温度計|おんどけい|true
温暖|おんだん|true
温柔しい|おとなしい|false
温泉|おんせん|true
渫う|さらう|false
測りしれない|はかりしれない|false
測り知れない|はかりしれない|false
測る|はかる|true
測候所|そっこうじょ|true
測定|そくてい|true
測量|そくりょう|true
港|みなと|true
港内|こうない|true
港湾|こうわん|true
游ぎ|およぎ|false
游ぐ|およぐ|false
游撃|ゆうげき|false
渾て|すべて|false
渾名|あだな|false
湊|みなと|false
湍|せ|false
湖|みずうみ|true
湖水|こすい|true
湖沼|こしょう|true
湖畔|こはん|true
湧く|わく|true
湧水|ゆうすい|true
湮滅|いんめつ|false
湯|ゆ|true
湯のみ|ゆのみ|true
湯呑|ゆのみ|false
湯呑み|ゆのみ|false
湯気|ゆげ|true
湯沸かし器|ゆわかしき|true
湯沸かし機|ゆわかしき|false
湯沸し器|ゆわかしき|false
湯沸し機|ゆわかしき|false
湯沸器|ゆわかしき|false
湯治|とうじ|true
湯飲|ゆのみ|false
湯飲み|ゆのみ|true
湾|わん|true
湾岸|わんがん|true
湾曲|わんきょく|true
湿しん|しっしん|false
湿っぽい|しめっぽい|true
湿る|しめる|true
湿原|しつげん|true
湿地|しっち|true
湿度|しつど|true
湿気|しっけ|true
湿疹|しっしん|true
満々|まんまん|true
満たす|みたす|true
満ちる|みちる|true
満ち潮|まんちょう|false
満了|まんりょう|true
満俺|マンガン|false
満員|まんいん|true
満員電車|まんいんでんしゃ|true
満喫|まんきつ|true
満場|まんじょう|true
満場一致|まんじょういっち|true
満塁|まんるい|true
満席|まんせき|true
満悦|まんえつ|true
満更|まんざら|true
満月|まんげつ|true
満期|まんき|true
満杯|まんぱい|true
満満|まんまん|false
満潮|まんちょう|true
満点|まんてん|true
満腹|まんぷく|true
満足|まんぞく|true
満足感|まんぞくかん|true
満載|まんさい|true
満開|まんかい|true
満面|まんめん|true
源|みなもと|true
源氏|げんじ|true
源泉|げんせん|true
源流|げんりゅう|true
準|じゅん|true
準える|なぞらえる|true
準じる|じゅんじる|true
準ずる|じゅんずる|true
準備|じゅんび|true
準急|じゅんきゅう|true
準拠|じゅんきょ|true
準決勝|じゅんけっしょう|true
溜まる|たまる|true
溜める|ためる|true
溜め息|ためいき|true
溜る|たまる|false
溜息|ためいき|false
溝|どぶ|false
溝|みぞ|true
溢す|こぼす|false
溢れる|あふれる|true
溢れる|こぼれる|false
溪谷|けいこく|false
溯る|さかのぼる|false
溶かす|とかす|true
溶く|とく|true
溶けこむ|とけこむ|false
溶ける|とける|true
溶け込む|とけこむ|true
溶岩|ようがん|true
溶接|ようせつ|true
溶液|ようえき|true
溶解|ようかい|true
溶込む|とけこむ|false
溶鉱炉|ようこうろ|true
溺れる|おぼれる|true
滅す|ほろぼす|false
滅びる|ほろびる|true
滅ぼす|ほろぼす|true
滅亡|めつぼう|true
滅多|めった|true
滅多に|めったに|true
滅茶滅茶|めちゃめちゃ|false
滅茶苦茶|めちゃくちゃ|true
滋る|しげる|false
滋養|じよう|true
滑か|なめらか|false
滑らか|なめらか|true
滑り|ぬめり|true
滑り台|すべりだい|true
滑る|すべる|true
滑台|すべりだい|false
滑稽|こっけい|true
滑走|かっそう|true
滑走路|かっそうろ|true
滑降|かっこう|true
滝|たき|true
滝口|たきぐち|true
滝川|たきがわ|true
滞在|たいざい|true
滞在中|たいざいちゅう|true
滞納|たいのう|true
滲みる|しみる|false
滲む|にじむ|true
滲透|しんとう|false
滴|しずく|true
滿足|まんぞく|false
漁|りょう|true
漁る|あさる|true
漁場|ぎょじょう|true
漁師|りょうし|true
漁村|ぎょそん|true
漁業|ぎょぎょう|true
漁民|ぎょみん|true
漁港|ぎょこう|true
漁獲|ぎょかく|true
漁船|ぎょせん|true
漂う|ただよう|true
漂流|ひょうりゅう|true
漂白|ひょうはく|true
漂白剤|ひょうはくざい|true
漂着|ひょうちゃく|true
漆|うるし|true
漆|しち|false
漆器|しっき|true
漆塗り|うるしぬり|true
漆黒|しっこく|true
漏えい|ろうえい|false
漏らす|もらす|true
漏る|もる|true
漏れる|もれる|true
漏泄|ろうえい|false
漏洩|ろうえい|true
漑ぐ|そそぐ|false
演じる|えんじる|true
演ずる|えんずる|true
演出|えんしゅつ|true
演出家|えんしゅつか|true
演劇|えんげき|true
演壇|えんだん|true
演奏|えんそう|true
演奏会|えんそうかい|true
演技|えんぎ|true
演技力|えんぎりょく|true
演歌|えんか|true
演目|えんもく|true
演算|えんざん|true
演習|えんしゅう|true
演舌|えんぜつ|false
演舞|えんぶ|true
演芸|えんげい|true
演説|えんぜつ|true
漕ぐ|こぐ|true
漠然|ばくぜん|true
漢和|かんわ|true
漢字|かんじ|true
漢文|かんぶん|true
漢方|かんぽう|true
漢方薬|かんぽうやく|true
漢法|かんぽう|false
漢詩|かんし|true
漢語|かんご|true
漫才|まんざい|true
漫画|まんが|true
漫画家|まんがか|true
漫談|まんだん|true
漬かる|つかる|false
漬けもの|つけもの|false
漬ける|つける|true
漬け物|つけもの|true
漬す|ひたす|false
漬る|ひたる|false
漬物|つけもの|true
漱|うがい|false
漸|やや|false
漸く|ようやく|false
漸て|やがて|false
漸と|やっと|false
漸時|ぜんじ|false
漸次|ぜんじ|true
漸減|ぜんげん|true
漸進|ぜんしん|true
潅ぐ|そそぐ|false
潅漑|かんがい|false
潔い|いさぎよい|true
潔よい|いさぎよい|false
潔癖|けっぺき|true
潔白|けっぱく|true
潔良い|いさぎよい|false
潛む|ひそむ|false
潜か|ひそか|false
潜む|ひそむ|true
潜る|くぐる|true
潜伏|せんぷく|true
潜入|せんにゅう|true
潜在|せんざい|true
潜水|せんすい|true
潜水艦|せんすいかん|true
潟|かた|true
潤い|うるおい|true
潤う|うるおう|true
潤す|うるおす|true
潤む|うるむ|true
潤滑油|じゅんかつゆ|true
潤色|じゅんしょく|true
潤飾|じゅんしょく|false
潭|ふち|false
潮|しお|true
潮どき|しおどき|false
潮時|しおどき|true
潮流|ちょうりゅう|true
潰す|つぶす|true
潰れる|つぶれる|true
潰滅|かいめつ|false
澁い|しぶい|false
澁谷|しぶや|false
澄まし顔|すましがお|false
澄ます|すます|true
澄みきる|すみきる|false
澄み切る|すみきる|true
澄む|すむ|true
澱む|よどむ|true
澳|おき|false
澹々|たんたん|false
澹泊|たんぱく|false
澹澹|たんたん|false
激しい|はげしい|true
激励|げきれい|true
激動|げきどう|true
激化|げきか|true
激変|げきへん|true
激怒|げきど|true
激情|げきじょう|true
激戦|げきせん|true
激流|げきりゅう|true
激減|げきげん|true
激甚|げきじん|true
激的|げきてき|false
激突|げきとつ|true
激論|げきろん|true
濁す|にごす|true
濁る|にごる|true
濁流|だくりゅう|true
濃い|こい|true
濃厚|のうこう|true
濃度|のうど|true
濃淡|のうたん|true
濃紺|のうこん|true
濃縮|のうしゅく|true
濃霧|のうむ|true
濟む|すむ|false
濠|ごう|false
濠|ほり|false
濠太剌利|オーストラリア|false
濡す|ぬらす|false
濡らす|ぬらす|true
濡る|ぬれる|false
濡れる|ぬれる|true
濤|なみ|false
濫獲|らんかく|false
濫用|らんよう|false
濫発|らんぱつ|false
濫立|らんりつ|false
濳む|ひそむ|false
濺ぐ|そそぐ|false
瀧|たき|false
瀬|せ|true
瀬戸|せと|true
瀬戸もの|せともの|false
瀬戸物|せともの|true
瀬戸際|せとぎわ|true
灌ぐ|そそぐ|false
灌漑|かんがい|true
灘|なだ|true
灣|わん|false
火|ひ|true
火つけ役|ひつけやく|false
火ばち|ひばち|false
火事|かじ|true
火付け役|ひつけやく|true
火傷|やけど|true
火力|かりょく|true
火口|ひぐち|true
火器|かき|true
火山|かざん|true
火山灰|かざんばい|true
火星|かせい|true
火曜|かよう|true
火曜日|かようび|true
火災|かさい|true
火災保険|かさいほけん|true
火災流|かさいりゅう|false
火炎瓶|かえんびん|true
火燵|こたつ|false
火砕流|かさいりゅう|true
火種|ひだね|true
火花|ひばな|true
火葬|かそう|true
火薬|かやく|true
火鉢|ひばち|true
灯|あかり|false
灯|ひ|true
灯かり|あかり|false
灯す|ともす|true
灯り|あかり|true
灯台|とうだい|true
灯油|とうゆ|true
灯火|あかり|false
灯火|とうか|true
灰|はい|true
灰皿|はいざら|true
灰色|はいいろ|true
灼ける|やける|false
災い|わざわい|true
災害|さいがい|true
災難|さいなん|true
炉心|ろしん|true
炊き出し|たきだし|true
炊く|たく|true
炊事|すいじ|true
炊出し|たきだし|true
炊飯器|すいはんき|true
炊飯機|すいはんき|false
炎|ほのお|true
炎上|えんじょう|true
炎天|えんてん|true
炎症|えんしょう|true
炒める|いためる|true
炒る|いる|true
炒飯|チャーハン|false
炬燵|こたつ|true
炭|すみ|true
炭坑|たんこう|false
炭田|たんでん|true
炭礦|たんこう|false
炭素|たんそ|true
炭酸|たんさん|true
炭鉱|たんこう|true
炸裂|さくれつ|true
点|てん|true
点く|つく|true
点ける|つける|true
点す|さす|false
点す|ともす|false
点呼|てんこ|true
点在|てんざい|true
点字|てんじ|true
点差|てんさ|true
点数|てんすう|true
点検|てんけん|true
点滅|てんめつ|true
点滴|てんてき|true
点火|てんか|true
点訳|てんやく|true
点頭く|うなずく|false
為|ため|true
為さい|なさい|false
為さる|なさる|false
為し遂げる|なしとげる|false
為す|なす|true
為に|ために|true
為め|ため|false
為る|する|false
為る|なる|false
為れる|される|false
為手|して|false
為政者|いせいしゃ|true
為替|かわせ|true
為替相場|かわせそうば|true
為業|しわざ|false
為種|しぐさ|false
為続ける|しつづける|false
為送り|しおくり|false
為過ぎる|しすぎる|false
烈しい|はげしい|false
烈震|れっしん|true
烏|カラス|true
烏克蘭|ウクライナ|false
烏賊|イカ|false
烟|けむり|false
烟い|けむい|false
烟たい|けむたい|false
烟る|けむる|false
烟突|えんとつ|false
烟草|タバコ|false
烹る|にる|false
焔|ほのお|false
焚き出し|たきだし|false
焚き木|まき|false
焚く|たく|true
焚く|やく|false
焚出し|たきだし|false
焜炉|こんろ|false
無|む|true
無い|ない|true
無いといけない|ないといけない|false
無いといけません|ないといけません|false
無いと行けない|ないといけない|false
無いと行けません|ないといけません|false
無きゃいけない|なきゃいけない|true
無くす|なくす|true
無くちゃいけない|なくちゃいけない|true
無くてはいけない|なくてはいけない|true
無くてはいけません|なくてはいけません|true
無くてはならない|なくてはならない|true
無くなる|なくなる|true
無さそう|なさそう|true
無し|なし|true
無しには|なしには|true
無事|ぶじ|true
無人|むじん|true
無休|むきゅう|true
無修正|むしゅうせい|true
無傷|むきず|true
無償|むしょう|true
無免許|むめんきょ|true
無党派層|むとうはそう|true
無利子|むりし|true
無制限|むせいげん|true
無力|むりょく|true
無力感|むりょくかん|true
無効|むこう|true
無口|むくち|true
無名|むめい|true
無器用|ぶきよう|false
無地|むじ|true
無報酬|むほうしゅう|true
無実|むじつ|true
無害|むがい|true
無尽蔵|むじんぞう|true
無届|むとどけ|false
無届け|むとどけ|true
無差別|むさべつ|true
無形|むけい|true
無形文化財|むけいぶんかざい|true
無得点|むとくてん|true
無心|むしん|true
無念|むねん|true
無性に|むしょうに|true
無恥|むち|true
無情|むじょう|true
無惨|むざん|false
無意味|むいみ|true
無意識|むいしき|true
無慙|むざん|false
無慚|むざん|false
無慾|むよく|false
無我|むが|true
無所属|むしょぞく|true
無投票|むとうひょう|true
無政府|むせいふ|true
無数|むすう|true
無敵|むてき|true
無料|むりょう|true
無断|むだん|true
無智|むち|false
無暗に|むやみに|false
無暴|むぼう|false
無期|むき|true
無期限|むきげん|true
無条件|むじょうけん|true
無機物|むきぶつ|true
無欲|むよく|true
無死|むし|true
無残|むざん|true
無気力|むきりょく|true
無気味|ぶきみ|false
無法|むほう|true
無洗米|むせんまい|true
無為|むい|true
無理|むり|true
無理やり|むりやり|true
無理矢理|むりやり|true
無理遣り|むりやり|false
無生物|むせいぶつ|true
無用|むよう|true
無疵|むきず|false
無益|むえき|true
無知|むち|true
無礼|ぶれい|true
無礼る|なめる|false
無神経|むしんけい|true
無秩序|むちつじょ|true
無税|むぜい|true
無策|むさく|true
無精|ぶしょう|true
無給|むきゅう|true
無線|むせん|true
無線ラン|むせんラン|false
無線ＬＡＮ|むせんラン|true
無縁|むえん|true
無罪|むざい|true
無職|むしょく|true
無能|むのう|true
無色|むしょく|true
無茶|むちゃ|true
無茶苦茶|むちゃくちゃ|true
無菌|むきん|true
無視|むし|true
無言|むごん|true
無記名|むきめい|true
無論|むろん|true
無謀|むぼう|true
無責任|むせきにん|true
無資格|むしかく|true
無造作|むぞうさ|true
無邪気|むじゃき|true
無配|むはい|true
無重量|むじゅうりょう|true
無量|むりょう|true
無関係|むかんけい|true
無関心|むかんしん|true
無闇に|むやみに|true
無限|むげん|true
無雑作|むぞうさ|false
無難|ぶなん|true
無風|むふう|true
無駄|むだ|true
無駄づかい|むだづかい|false
無駄使い|むだづかい|false
無駄遣い|むだづかい|true
焦がす|こがす|true
焦げる|こげる|true
焦り|あせり|true
焦る|あせる|true
焦点|しょうてん|true
焦燥|しょうそう|true
焦躁|しょうそう|false
然う|そう|false
然うした|そうした|false
然うしたら|そうしたら|false
然うして|そうして|false
然うすれば|そうすれば|false
然う言う|そういう|false
然し|しかし|false
然して|そして|false
然も|しかも|false
然らば|さらば|false
然様なら|さようなら|false
焼きいも|やきいも|false
焼きそば|やきそば|true
焼きもち|やきもち|true
焼き肉|やきにく|true
焼き芋|やきいも|true
焼き蕎麦|やきそば|false
焼き餅|やきもち|false
焼き餠|やきもち|false
焼き鳥|やきとり|true
焼き鶏|やきとり|false
焼く|やく|true
焼け|やけ|false
焼ける|やける|true
焼け跡|やけあと|true
焼そば|やきそば|false
焼もち|やきもち|false
焼却|しょうきゃく|true
焼死|しょうし|true
焼肉|やきにく|true
焼芋|やきいも|true
焼蕎麦|やきそば|false
焼藷|やきいも|false
焼跡|やけあと|false
焼酎|しょうちゅう|true
焼餅|やきもち|false
焼鳥|やきとり|true
焼鶏|やきとり|false
煉り|ねり|false
煉る|ねる|false
煉瓦|れんが|true
煌びやか|きらびやか|true
煎る|いる|false
煎餅|せんべい|true
煎餠|せんべい|false
煖房|だんぼう|false
煖炉|だんろ|false
煙|けむり|true
煙い|けむい|true
煙たい|けむたい|true
煙る|けむる|true
煙火|はなび|false
煙突|えんとつ|true
煙草|タバコ|true
煠でる|ゆでる|false
煠める|いためる|false
照らす|てらす|true
照る|てる|true
照れる|てれる|true
照会|しょうかい|true
照射|しょうしゃ|true
照明|しょうめい|true
照準|しょうじゅん|true
煩い|うるさい|true
煩う|わずらう|true
煩さい|うるさい|false
煩わしい|わずらわしい|true
煩悩|ぼんのう|true
煩惱|ぼんのう|false
煩雑|はんざつ|true
煮える|にえる|true
煮こむ|にこむ|false
煮つめる|につめる|false
煮もの|にもの|false
煮やす|にやす|true
煮る|にる|true
煮物|にもの|true
煮詰める|につめる|true
煮込む|にこむ|true
煽ぐ|あおぐ|false
煽る|あおる|true
煽動|せんどう|false
熄む|やむ|false
熊|くま|true
熔く|とく|false
熔岩|ようがん|false
熔接|ようせつ|false
熔解|ようかい|false
熔鉱炉|ようこうろ|false
熟|つくづく|false
熟々|つくづく|false
熟す|こなす|true
熟熟|つくづく|false
熟睡|じゅくすい|true
熟知|じゅくち|true
熟練|じゅくれん|true
熟語|じゅくご|true
熬る|いる|false
熱|ねつ|true
熱々|あつあつ|true
熱い|あつい|true
熱する|ねっする|true
熱中|ねっちゅう|true
熱傷|やけど|false
熱帯|ねったい|true
熱帯魚|ねったいぎょ|true
熱弁|ねつべん|true
熱心|ねっしん|true
熱意|ねつい|true
熱戦|ねっせん|true
熱気|ねっき|true
熱湯|ねっとう|true
熱烈|ねつれつ|true
熱熱|あつあつ|false
熱狂|ねっきょう|true
熱病|ねつびょう|true
熱辯|ねつべん|false
燃えあがる|もえあがる|false
燃える|もえる|true
燃え上がる|もえあがる|true
燃す|もやす|false
燃やす|もやす|true
燃料|ねんりょう|true
燃焼|ねんしょう|true
燃費|ねんぴ|true
燈す|ともす|false
燈台|とうだい|false
燈火|とうか|false
燐寸|マッチ|false
燕|つばめ|true
燥ぐ|はしゃぐ|false
燬く|やく|false
爆弾|ばくだん|true
爆撃|ばくげき|true
爆発|ばくはつ|true
爆破|ばくは|true
爆竹|ばくちく|true
爆笑|ばくしょう|true
爆薬|ばくやく|true
爆音|ばくおん|true
爪|つめ|true
爪ようじ|つまようじ|false
爪先|つまさき|false
爪切|つめきり|false
爪切り|つめきり|true
爪楊枝|つまようじ|true
爬虫類|はちゅうるい|true
爰|ここ|false
爲|ため|false
爲さる|なさる|false
爲す|なす|false
爲に|ために|false
父|ちち|true
父さん|とうさん|true
父兄|ふけい|true
父子|ふし|true
父方|ちちかた|true
父母|ふぼ|true
父親|ちちおや|true
爺さん|じいさん|true
爼|まないた|false
爽やか|さわやか|true
爽快|そうかい|true
牀|ゆか|false
牆|かき|false
牆壁|しょうへき|false
片かな|カタカナ|false
片すみ|かたすみ|false
片づく|かたづく|false
片づける|かたづける|false
片付く|かたづく|true
片付ける|かたづける|true
片仮名|カタカナ|false
片側|かたがわ|true
片寄り|かたより|false
片寄る|かたよる|true
片思い|かたおもい|true
片想い|かたおもい|false
片手|かたて|true
片方|かたほう|true
片目|かため|true
片眼|かため|false
片道|かたみち|true
片隅|かたすみ|true
版|はん|true
版権|はんけん|true
版画|はんが|true
牕|まど|false
牖|まど|false
牙買加|ジャマイカ|false
牛|うし|true
牛丼|ぎゅうどん|true
牛乳|ぎゅうにゅう|true
牛歩|ぎゅうほ|true
牛津|オックスフォード|false
牛肉|ぎゅうにく|true
牛舎|ぎゅうしゃ|true
牛角|ごかく|false
牝|めす|false
牡|おす|false
牡蛎|かき|false
牡蠣|かき|true
牢人|ろうにん|false
牧場|ぼくじょう|true
牧師|ぼくし|true
牧畜|ぼくちく|true
牧草|ぼくそう|true
牧野|ぼくや|true
物|もの|true
物ごと|ものごと|false
物さし|ものさし|false
物すごい|ものすごい|false
物たりない|ものたりない|false
物事|ものごと|true
物件|ぶっけん|true
物体|ぶったい|true
物体ない|もったいない|false
物体無い|もったいない|false
物価|ぶっか|true
物価指数|ぶっかしすう|true
物凄い|ものすごい|true
物別れ|ものわかれ|true
物品|ぶっぴん|true
物好き|ものずき|true
物差|ものさし|false
物差し|ものさし|true
物干|ものほし|false
物干し|ものほし|true
物心|ものごころ|true
物指|ものさし|false
物指し|ものさし|false
物数奇|ものずき|false
物流|ぶつりゅう|true
物理|ぶつり|true
物理学|ぶつりがく|true
物理的|ぶつりてき|true
物産|ぶっさん|true
物的|ぶってき|true
物置|ものおき|true
物置き|ものおき|false
物腰|ものごし|true
物蔭|ものかげ|false
物覚え|ものおぼえ|true
物言い|ものいい|true
物証|ぶっしょう|true
物語|ものがたり|true
物語り|ものがたり|false
物語る|ものがたる|true
物議|ぶつぎ|true
物販|ぶっぱん|true
物資|ぶっし|true
物質|ぶっしつ|true
物質的|ぶっしつてき|true
物足りない|ものたりない|true
物足り無い|ものたりない|false
物陰|ものかげ|true
物音|ものおと|true
物騒|ぶっそう|true
牴触|ていしょく|false
牸|めす|false
特に|とくに|true
特使|とくし|true
特例|とくれい|true
特典|とくてん|true
特別|とくべつ|true
特別価格|とくべつかかく|true
特別区|とくべつく|true
特効薬|とっこうやく|true
特売|とくばい|true
特大|とくだい|true
特定|とくてい|true
特徴|とくちょう|true
特志家|とくしか|false
特急|とっきゅう|true
特性|とくせい|true
特技|とくぎ|true
特捜|とくそう|true
特撰|とくせん|false
特攻隊|とっこうたい|true
特有|とくゆう|true
特権|とっけん|true
特殊|とくしゅ|true
特殊法人|とくしゅほうじん|true
特段|とくだん|true
特派員|とくはいん|true
特産|とくさん|true
特異|とくい|true
特筆|とくひつ|true
特約|とくやく|true
特色|とくしょく|true
特製|とくせい|true
特訓|とっくん|true
特設|とくせつ|true
特許|とっきょ|true
特許庁|とっきょちょう|true
特質|とくしつ|true
特赦|とくしゃ|true
特輯|とくしゅう|false
特選|とくせん|true
特長|とくちょう|true
特集|とくしゅう|true
特需|とくじゅ|true
牽く|ひく|false
犇々|ひしひし|false
犇犇|ひしひし|false
犠打|ぎだ|true
犠牲|ぎせい|true
犠牲者|ぎせいしゃ|true
犠飛|ぎひ|true
犢|こうし|false
犬|いぬ|true
犬猿の仲|けんえんのなか|true
犯す|おかす|true
犯人|はんにん|true
犯則|はんそく|false
犯罪|はんざい|true
犯罪者|はんざいしゃ|true
犯行|はんこう|true
状|さま|false
状|じょう|true
状勢|じょうせい|false
状態|じょうたい|true
状景|じょうけい|false
状況|じょうきょう|true
状況報告|じょうきょうほうこく|true
狂う|くるう|true
狂乱|きょうらん|true
狂奔|きょうほん|true
狂気|きょうき|true
狂言|きょうげん|true
狎れ狎れしい|なれなれしい|false
狐|きつね|true
狗|いぬ|false
狙い|ねらい|true
狙う|ねらう|true
狡い|ずるい|false
狩|かり|false
狩り|かり|true
狩り場|かりば|false
狩人|かりゅうど|true
狩場|かりば|true
狩猟|しゅりょう|true
独|どく|true
独り|ひとり|true
独りごと|ひとりごと|false
独りっ子|ひとりっこ|false
独りで|ひとりで|true
独りでに|ひとりでに|true
独り占め|ひとりじめ|true
独り旅|ひとりたび|false
独り暮し|ひとりぐらし|false
独り暮らし|ひとりぐらし|false
独り歩き|ひとりあるき|true
独り言|ひとりごと|true
独乙|ドイツ|false
独乙語|ドイツご|false
独創|どくそう|true
独創的|どくそうてき|true
独占|どくせん|true
独唱|どくしょう|true
独奏|どくそう|true
独学|どくがく|true
独得|どくとく|false
独房|どくぼう|true
独断|どくだん|true
独楽|こま|true
独演|どくえん|true
独特|どくとく|true
独禁法|どっきんほう|true
独立|どくりつ|true
独立国|どくりつこく|true
独自|どくじ|true
独裁|どくさい|true
独走|どくそう|true
独身|どくしん|true
独逸|ドイツ|false
独逸語|ドイツご|false
狭い|せまい|true
狭まる|せばまる|true
狭める|せばめる|true
狭心症|きょうしんしょう|true
狭間|はざま|true
狸|たぬき|true
狼|おおかみ|true
猛威|もうい|true
猛打|もうだ|true
猛攻|もうこう|true
猛暑|もうしょ|true
猛烈|もうれつ|true
猛獣|もうじゅう|true
猟|かり|false
猟|りょう|true
猟人|かりゅうど|false
猟師|りょうし|true
猟犬|りょうけん|true
猟銃|りょうじゅう|true
猨|さる|false
猪|いのしし|true
猫|ねこ|true
猫背|ねこぜ|true
猫舌|ねこじた|true
献げる|ささげる|false
献上|けんじょう|true
献立|こんだて|true
献花|けんか|true
献華|けんか|false
献血|けんけつ|true
献金|けんきん|true
猶|なお|false
猶お|なお|false
猶さら|なおさら|false
猶与|ゆうよ|false
猶予|ゆうよ|true
猶余|ゆうよ|false
猶太|ユダヤ|false
猶更|なおさら|false
猿|さる|true
獄中|ごくちゅう|true
獅子|しし|true
獅子女|スフィンクス|false
獣|けもの|true
獣医|じゅうい|true
獲る|える|false
獲得|かくとく|true
獲物|えもの|true
玄人|くろうと|true
玄米|げんまい|true
玄関|げんかん|true
玄關|げんかん|false
率|りつ|true
率いる|ひきいる|true
率先|そっせん|true
率直|そっちょく|true
玉|たま|true
玉ねぎ|たまねぎ|true
玉ネギ|たまねぎ|false
玉子|たまご|true
玉摧|ぎょくさい|false
玉砕|ぎょくさい|true
玉算|しゅざん|false
玉葱|たまねぎ|false
玉虫色|たまむしいろ|true
玉蜀黍|とうもろこし|false
王|おう|true
王さま|おうさま|false
王位|おうい|true
王侯|おうこう|true
王冠|おうかん|true
王国|おうこく|true
王女|おうじょ|true
王妃|おうひ|true
王子|おうじ|true
王室|おうしつ|true
王宮|おうきゅう|true
王将|おうしょう|true
王將|おうしょう|false
王座|おうざ|true
王手|おうて|true
王族|おうぞく|true
王朝|おうちょう|true
王様|おうさま|true
王立|おうりつ|true
王者|おうじゃ|true
玖|きゅう|false
玖馬|キューバ|false
玩具|おもちゃ|true
珈琲|コーヒー|false
珊瑚|さんご|true
珍|ちん|true
珍しい|めずらしい|true
珍らしい|めずらしい|false
珍味|ちんみ|true
珍品|ちんぴん|true
珍粉漢粉|ちんぷんかんぷん|false
珍糞漢糞|ちんぷんかんぷん|false
珍紛漢紛|ちんぷんかんぷん|false
珍重|ちんちょう|true
珠|たま|false
珠数|じゅず|false
珠玉|しゅぎょく|true
珠盤|そろばん|false
珠算|しゅざん|true
班|はん|true
班長|はんちょう|true
現す|あらわす|true
現に|げんに|true
現れ|あらわれ|true
現れる|あらわれる|true
現わす|あらわす|true
現われ|あらわれ|true
現われる|あらわれる|true
現代|げんだい|true
現代的|げんだいてき|true
現代社会|げんだいしゃかい|true
現住所|げんじゅうしょ|true
現像|げんぞう|true
現在|げんざい|true
現地|げんち|true
現場|げんば|true
現実|げんじつ|true
現実的|げんじつてき|true
現役|げんえき|true
現時点|げんじてん|true
現有|げんゆう|true
現段階|げんだんかい|true
現況|げんきょう|true
現物|げんぶつ|true
現状|げんじょう|true
現職|げんしょく|true
現行|げんこう|true
現行犯|げんこうはん|true
現象|げんしょう|true
現金|げんきん|true
球|きゅう|true
球|たま|false
球団|きゅうだん|true
球場|きゅうじょう|true
球威|きゅうい|true
球戯|きゅうぎ|false
球技|きゅうぎ|true
球界|きゅうかい|true
球菌|きゅうきん|true
理|り|true
理不尽|りふじん|true
理事|りじ|true
理学|りがく|true
理学部|りがくぶ|true
理屈|りくつ|true
理工|りこう|true
理工学部|りこうがくぶ|true
理念|りねん|true
理性|りせい|true
理想|りそう|true
理想的|りそうてき|true
理由|りゆう|true
理科|りか|true
理窟|りくつ|false
理系|りけい|true
理解|りかい|true
理解る|わかる|false
理論|りろん|true
理髪|りはつ|true
琉球|りゅうきゅう|true
琉璃|るり|false
琢く|みがく|false
琢磨|たくま|true
琥珀|こはく|true
琴|こと|true
琵琶|びわ|true
琵琶湖|びわこ|true
瑕|きず|false
瑞々しい|みずみずしい|true
瑞典|スウェーデン|false
瑞瑞しい|みずみずしい|false
瑞西|スイス|false
瑠璃|るり|true
瑣細|ささい|false
璧|たま|false
環|わ|false
環境|かんきょう|true
環境保護|かんきょうほご|true
環境問題|かんきょうもんだい|true
環境庁|かんきょうちょう|true
環状|かんじょう|true
環礁|かんしょう|true
瓜姆|グアム|false
瓣|はなびら|false
瓣|べん|false
瓦|かわら|true
瓦|グラム|false
瓦斯|ガス|false
瓦無|グアム|false
瓦礫|がれき|true
瓩|キログラム|false
瓲|トン|false
瓶|びん|true
瓶詰|びんづめ|true
瓶詰め|びんづめ|true
甘い|あまい|true
甘い|うまい|false
甘え|あまえ|true
甘える|あまえる|true
甘み|あまみ|true
甘やかす|あまやかす|true
甘味|あまみ|true
甘味料|かんみりょう|true
甘美|かんび|true
甘薯|さつまいも|false
甘藷|さつまいも|false
甘言|かんげん|true
甘酢|あまず|true
甚い|いたい|false
甚しい|はなはだしい|false
甚だ|はなはだ|true
甚だしい|はなはだしい|true
甚大|じんだい|true
甞める|なめる|false
生|なま|true
生々しい|なまなましい|true
生いたち|おいたち|false
生い立ち|おいたち|true
生える|はえる|true
生え抜き|はえぬき|true
生かす|いかす|true
生き|いき|true
生きいき|いきいき|false
生きかえる|いきかえる|false
生きがい|いきがい|true
生きのこり|いきのこり|false
生きもの|いきもの|false
生きる|いきる|true
生き埋め|いきうめ|true
生き方|いきかた|true
生き残り|いきのこり|true
生き残る|いきのこる|true
生き物|いきもの|true
生き生き|いきいき|true
生き甲斐|いきがい|true
生き返る|いきかえる|true
生ぐさい|なまぐさい|false
生ける|いける|true
生け垣|いけがき|false
生け籬|いけがき|false
生け花|いけばな|true
生じる|しょうじる|true
生ずる|しょうずる|true
生ぬるい|なまぬるい|true
生まれ|うまれ|true
生まれつき|うまれつき|true
生まれる|うまれる|true
生まれ付き|うまれつき|false
生まれ育つ|うまれそだつ|true
生み|うみ|true
生みだす|うみだす|false
生みの親|うみのおや|true
生み出す|うみだす|true
生む|うむ|true
生やす|はやす|true
生る|なる|true
生れ|うまれ|false
生れつき|うまれつき|false
生れる|うまれる|false
生れ付き|うまれつき|false
生れ育つ|うまれそだつ|false
生中継|なまちゅうけい|true
生体|せいたい|true
生保|せいほ|true
生出す|うみだす|false
生前|せいぜん|true
生化学|せいかがく|true
生協|せいきょう|true
生命|せいめい|true
生命保険|せいめいほけん|true
生命力|せいめいりょく|true
生地|きじ|true
生垣|いけがき|true
生埋め|いきうめ|false
生姜|しょうが|true
生存|せいぞん|true
生家|せいか|true
生年月日|せいねんがっぴ|true
生彩|せいさい|false
生後|せいご|true
生徒|せいと|true
生息|せいそく|true
生息地|せいそくち|true
生意気|なまいき|true
生態|せいたい|true
生態学|せいたいがく|true
生態系|せいたいけい|true
生憎|あいにく|true
生成|せいせい|true
生新|せいしん|false
生死|せいし|true
生残り|いきのこり|false
生殖|せいしょく|true
生活|せいかつ|true
生活費|せいかつひ|true
生涯|しょうがい|true
生涯教育|しょうがいきょういく|true
生温い|なまぬるい|false
生物|せいぶつ|true
生物学|せいぶつがく|true
生理|せいり|true
生理学|せいりがく|true
生生しい|なまなましい|false
生産|せいさん|true
生産性|せいさんせい|true
生産者|せいさんしゃ|true
生甲斐|いきがい|false
生立ち|おいたち|false
生糸|きいと|true
生育|せいいく|true
生臭い|なまぐさい|true
生花|いけばな|true
生薑|しょうが|false
生計|せいけい|true
生誕|せいたん|true
生返る|いきかえる|true
生還|せいかん|true
生長|せいちょう|true
生鮮|せいせん|true
産まれる|うまれる|false
産み|うみ|false
産みだす|うみだす|false
産みの親|うみのおや|false
産み出す|うみだす|false
産む|うむ|true
産れる|うまれる|false
産児制限|さんじせいげん|true
産出す|うみだす|false
産別|さんべつ|true
産卵|さんらん|true
産品|さんぴん|true
産地|さんち|true
産婦人科|さんふじんか|true
産業|さんぎょう|true
産業界|さんぎょうかい|true
産油国|さんゆこく|true
産物|さんぶつ|true
産科|さんか|true
産量|さんりょう|true
甥|おい|true
甦える|よみがえる|false
甦る|よみがえる|true
甦生|こうせい|false
用|よう|true
用いる|もちいる|true
用事|ようじ|true
用件|ようけん|true
用例|ようれい|true
用具|ようぐ|true
用品|ようひん|true
用地|ようち|true
用心|ようじん|true
用心棒|ようじんぼう|true
用心深い|ようじんぶかい|true
用意|ようい|true
用水|ようすい|true
用紙|ようし|true
用語|ようご|true
用途|ようと|true
甫めて|はじめて|false
田|た|true
田ぼ|たんぼ|false
田んぼ|たんぼ|true
田圃|たんぼ|false
田園|でんえん|true
田植|たうえ|false
田植え|たうえ|true
田畑|たはた|true
田畝|たんぼ|false
田畠|たはた|false
田舍|いなか|false
田舎|いなか|true
田苑|でんえん|false
由|よし|true
由る|よる|false
由来|ゆらい|true
由緒|ゆいしょ|true
甲|かぶと|false
甲|こう|true
甲|よろい|false
甲乙|こうおつ|true
甲子園|こうしえん|true
甲斐|かい|true
甲板|かんぱん|true
甲状せん|こうじょうせん|false
甲状腺|こうじょうせん|true
甲種|こうしゅ|true
甲高い|かんだかい|true
申|さる|true
申しあげる|もうしあげる|false
申しこむ|もうしこむ|false
申しわけ|もうしわけ|false
申しわけありません|もうしわけありません|false
申しわけない|もうしわけない|false
申し上げる|もうしあげる|true
申し入れ|もうしいれ|true
申し入れる|もうしいれる|true
申し出|もうしで|true
申し出る|もうしでる|true
申し分け|もうしわけ|false
申し分ない|もうしぶんない|true
申し分無い|もうしぶんない|false
申し合わせ|もうしあわせ|true
申し立て|もうしたて|true
申し訳|もうしわけ|true
申し訳ありません|もうしわけありません|true
申し訳け|もうしわけ|false
申し訳ない|もうしわけない|true
申し訳無い|もうしわけない|false
申し込み|もうしこみ|true
申し込み書|もうしこみしょ|false
申し込む|もうしこむ|true
申す|もうす|true
申上げる|もうしあげる|false
申入|もうしいれ|false
申出|もうしで|false
申出る|もうしでる|false
申分|もうしわけ|false
申分け|もうしわけ|false
申合せ|もうしあわせ|false
申告|しんこく|true
申立|もうしたて|false
申立て|もうしたて|false
申訳|もうしわけ|false
申請|しんせい|true
申込|もうしこみ|true
申込み|もうしこみ|true
申込む|もうしこむ|false
申込書|もうしこみしょ|true
男|おとこ|true
男たち|おとこたち|true
男のコ|おとこのこ|false
男の人|おとこのひと|true
男の子|おとこのこ|true
男まえ|おとこまえ|false
男らしい|おとこらしい|true
男優|だんゆう|true
男児|だんじ|true
男前|おとこまえ|true
男女|だんじょ|true
男子|だんし|true
男尊女卑|だんそんじょひ|true
男性|だんせい|true
男性的|だんせいてき|true
男爵|だんしゃく|true
男達|おとこたち|false
町|まち|true
町づくり|まちづくり|false
町なか|まちなか|false
町はずれ|まちはずれ|false
町並|まちなみ|true
町並み|まちなみ|true
町中|まちなか|true
町人|ちょうにん|true
町作り|まちづくり|false
町内|ちょうない|true
町外れ|まちはずれ|true
町役場|まちやくば|true
町村|ちょうそん|true
町民|ちょうみん|true
町角|まちかど|true
町議会|ちょうぎかい|true
町造り|まちづくり|false
町長|ちょうちょう|true
画|え|false
画|かく|true
画く|えがく|false
画する|かくする|true
画一|かくいつ|true
画伯|がはく|true
画像|がぞう|true
画商|がしょう|true
画家|がか|true
画廊|がろう|true
画数|かくすう|true
画期的|かっきてき|true
画用紙|がようし|true
画面|がめん|true
界|さかい|false
界わい|かいわい|false
界隈|かいわい|true
畏い|かしこい|false
畏まりました|かしこまりました|true
畏るべき|おそるべき|false
畏れ|おそれ|false
畏れる|おそれる|false
畏ろしい|おそろしい|false
畑|はたけ|true
留まる|とどまる|false
留まる|とまる|true
留めがね|とめがね|false
留める|とどめる|true
留める|とめる|false
留め金|とめがね|true
留る|とまる|false
留主|るす|false
留任|りゅうにん|true
留保|りゅうほ|true
留学|りゅうがく|true
留学生|りゅうがくせい|true
留守|るす|true
留守ばん|るすばん|false
留守番|るすばん|true
留年|りゅうねん|true
留置|りゅうち|true
留置場|りゅうちじょう|true
留金|とめがね|false
畜生|ちくしょう|true
畜産|ちくさん|true
畝|うね|true
畝り|うねり|false
畝る|うねる|false
畠|はたけ|false
畢る|おわる|false
略|ほぼ|false
略|りゃく|true
略す|りゃくす|true
略奪|りゃくだつ|true
略式|りゃくしき|true
略歴|りゃくれき|true
略称|りゃくしょう|true
略語|りゃくご|true
畦|うね|false
番|ばん|true
番め|ばんめ|false
番付|ばんづけ|true
番付け|ばんづけ|false
番号|ばんごう|true
番地|ばんち|true
番手|ばんて|true
番瀝青|ペンキ|false
番犬|ばんけん|true
番目|ばんめ|true
番組|ばんぐみ|true
番附|ばんづけ|false
畫一|かくいつ|false
異なる|ことなる|true
異に|ことに|false
異る|ことなる|false
異例|いれい|true
異動|いどう|true
異口同音|いくどうおん|true
異句同音|いくどうおん|false
異名|いみょう|true
異和感|いわかん|false
異国|いこく|true
異変|いへん|true
異常|いじょう|true
異性|いせい|true
異文|いぶん|true
異様|いよう|true
異物|いぶつ|true
異状|いじょう|true
異端|いたん|true
異色|いしょく|true
異論|いろん|true
異議|いぎ|true
異質|いしつ|true
畳|じょう|true
畳|たたみ|true
畳む|たたむ|true
疆界|きょうかい|false
疊|たたみ|false
疋|ひき|false
疎か|おろか|true
疎か|おろそか|true
疎ら|まばら|false
疎外|そがい|true
疎通|そつう|true
疎遠|そえん|true
疎開|そかい|true
疏ら|まばら|false
疏外|そがい|false
疏通|そつう|false
疑い|うたがい|true
疑う|うたがう|true
疑わしい|うたがわしい|true
疑似|ぎじ|true
疑問|ぎもん|true
疑問点|ぎもんてん|true
疑問符|ぎもんふ|true
疑心|ぎしん|true
疑念|ぎねん|true
疑惑|ぎわく|true
疑獄|ぎごく|true
疑義|ぎぎ|true
疫病|えきびょう|true
疲れ|つかれ|true
疲れる|つかれる|true
疲れ果てる|つかれはてる|true
疲労|ひろう|true
疲弊|ひへい|true
疳高い|かんだかい|false
疵|きず|false
疵つく|きずつく|false
疵つける|きずつける|false
疵付く|きずつく|false
疵付ける|きずつける|false
疵口|きずぐち|false
疵痕|きずあと|false
疵跡|きずあと|false
疾い|はやい|false
疾っくに|とっくに|false
疾る|はしる|false
疾患|しっかん|true
疾病|しっぺい|true
疾走|しっそう|true
疾風|しっぷう|true
病|やまい|true
病む|やむ|true
病人|びょうにん|true
病名|びょうめい|true
病室|びょうしつ|true
病床|びょうしょう|true
病弱|びょうじゃく|true
病棟|びょうとう|true
病死|びょうし|true
病気|びょうき|true
病氣|びょうき|false
病牀|びょうしょう|false
病状|びょうじょう|true
病理|びょうり|true
病苦|びょうく|true
病院|びょういん|true
症|しょう|true
症例|しょうれい|true
症候|しょうこう|true
症候群|しょうこうぐん|true
症状|しょうじょう|true
痒い|かゆい|true
痔|じ|true
痕|あと|false
痕跡|こんせき|true
痕蹟|こんせき|false
痕迹|こんせき|false
痛い|いたい|true
痛ましい|いたましい|true
痛み|いたみ|true
痛む|いたむ|true
痛める|いためる|true
痛恨|つうこん|true
痛感|つうかん|true
痛手|いたで|true
痛烈|つうれつ|true
痣|あざ|true
痩せる|やせる|true
痩る|やせる|false
痩身|そうしん|true
痲痺|まひ|false
痲薬|まやく|false
痲酔|ますい|false
痴ほう|ちほう|false
痴呆|ちほう|true
痴漢|ちかん|true
痺れる|しびれる|true
瘠せる|やせる|false
瘠る|やせる|false
瘤|こぶ|true
瘦せる|やせる|false
瘦身|そうしん|false
療法|りょうほう|true
療養|りょうよう|true
療養所|りょうようじょ|true
癇高い|かんだかい|false
癌|がん|true
癒着|ゆちゃく|true
癖|くせ|true
癖に|くせに|true
癡呆|ちほう|false
発|はつ|true
発する|はっする|true
発令|はつれい|true
発作|ほっさ|true
発信|はっしん|true
発光|はっこう|true
発刊|はっかん|true
発効|はっこう|true
発動|はつどう|true
発声|はっせい|true
発売|はつばい|true
発射|はっしゃ|true
発展|はってん|true
発展途上国|はってんとじょうこく|true
発想|はっそう|true
発掘|はっくつ|true
発揮|はっき|true
発散|はっさん|true
発明|はつめい|true
発条|ばね|false
発案|はつあん|true
発汗|はっかん|true
発泡|はっぽう|true
発泡スチロール|はっぽうスチロール|true
発注|はっちゅう|true
発火|はっか|true
発煙|はつえん|true
発煙筒|はつえんとう|true
発熱|はつねつ|true
発生|はっせい|true
発病|はつびょう|true
発症|はっしょう|true
発着|はっちゃく|true
発砲|はっぽう|true
発砲スチロール|はっぽうスチロール|false
発祥|はっしょう|true
発祥地|はっしょうち|true
発禁|はっきん|true
発端|ほったん|true
発給|はっきゅう|true
発育|はついく|true
発芽|はつが|true
発行|はっこう|true
発表|はっぴょう|true
発表会|はっぴょうかい|true
発見|はっけん|true
発覚|はっかく|true
発言|はつげん|true
発言権|はつげんけん|true
発註|はっちゅう|false
発起人|ほっきにん|true
発足|ほっそく|true
発車|はっしゃ|true
発送|はっそう|true
発進|はっしん|true
発達|はったつ|true
発酵|はっこう|true
発電|はつでん|true
発電器|はつでんき|false
発電所|はつでんしょ|true
発電機|はつでんき|true
発音|はつおん|true
登り|のぼり|false
登り下り|のぼりくだり|false
登り坂|のぼりざか|false
登り降り|のぼりくだり|false
登る|のぼる|true
登場|とうじょう|true
登場人物|とうじょうじんぶつ|true
登山|とざん|true
登庸|とうよう|false
登板|とうばん|true
登校|とうこう|true
登用|とうよう|true
登竜門|とうりゅうもん|true
登記|とうき|true
登載|とうさい|true
登錄|とうろく|false
登録|とうろく|true
登録商標|とうろくしょうひょう|true
登録番号|とうろくばんごう|true
登録者|とうろくしゃ|true
登頂|とうちょう|true
登龍門|とうりゅうもん|false
發刊|はっかん|false
發電|はつでん|false
白|しろ|true
白い|しろい|true
白くま|しろくま|false
白バイ|しろバイ|true
白人|はくじん|true
白内症|はくないしょう|false
白内障|はくないしょう|true
白地|しろじ|true
白星|しろぼし|true
白書|はくしょ|true
白樺|しらかば|true
白熊|しろくま|false
白熱|はくねつ|true
白状|はくじょう|true
白米|はくまい|true
白粉|おしろい|true
白紙|はくし|true
白線|はくせん|true
白羽|しらは|true
白耳義|ベルギー|false
白色|しろいろ|true
白菊|しらぎく|true
白菜|はくさい|true
白血球|はっけっきゅう|true
白血病|はっけつびょう|true
白衣|はくい|true
白身|しろみ|true
白馬|はくば|true
白骨|はっこつ|true
白髪|しらが|true
白鳥|はくちょう|true
白黒|しろくろ|true
百|ひゃく|true
百万|ひゃくまん|true
百億|ひゃくおく|true
百八十度|ひゃくはちじゅうど|false
百円ショップ|ひゃくえんショップ|false
百十番|ひゃくとおばん|false
百合|ゆり|true
百均|ひゃっきん|false
百姓|ひゃくしょう|true
百科事典|ひゃっかじてん|true
百科辞典|ひゃっかじてん|true
百貨店|ひゃっかてん|true
的|てき|true
的中|てきちゅう|true
的確|てきかく|true
皆|みな|true
皆さま|みなさま|false
皆さん|みなさん|true
皆んな|みな|false
皆様|みなさま|true
皆無|かいむ|true
皆目|かいもく|true
皇位|こうい|true
皇后|こうごう|true
皇太后|こうたいごう|true
皇太子|こうたいし|true
皇太子妃|こうたいしひ|true
皇女|こうじょ|true
皇室|こうしつ|true
皇居|こうきょ|true
皇帝|こうてい|true
皇族|こうぞく|true
皇民党|こうみんとう|true
皮|かわ|true
皮ふ|ひふ|false
皮ふ科|ひふか|false
皮フ|ひふ|false
皮フ科|ひふか|false
皮切り|かわきり|true
皮肉|ひにく|true
皮膚|ひふ|true
皮膚病|ひふびょう|true
皮膚科|ひふか|true
皮革|ひかく|true
皮靴|かわぐつ|false
皴|しわ|false
皺|しわ|true
皿|さら|true
皿洗い|さらあらい|true
盃|さかずき|false
盆|ぼん|true
盆地|ぼんち|true
盆栽|ぼんさい|true
盆踊|ぼんおどり|false
盆踊り|ぼんおどり|true
盈ちる|みちる|false
益|えき|true
益|ますます|false
益々|ますます|true
益す|ます|false
益益|ますます|false
盗み|ぬすみ|true
盗む|ぬすむ|true
盗作|とうさく|true
盗品|とうひん|true
盗塁|とうるい|true
盗用|とうよう|true
盗聴|とうちょう|true
盗賊|とうぞく|true
盗難|とうなん|true
盛り|さかり|true
盛りあがり|もりあがり|false
盛りあがる|もりあがる|false
盛りあげる|もりあげる|false
盛りつけ|もりつけ|false
盛り上がり|もりあがり|true
盛り上がる|もりあがる|true
盛り上げる|もりあげる|true
盛り上る|もりあがる|false
盛り付け|もりつけ|true
盛り込む|もりこむ|true
盛る|もる|true
盛ん|さかん|true
盛上がる|もりあがる|false
盛上る|もりあがる|false
盛付け|もりつけ|false
盛大|せいだい|true
盛況|せいきょう|true
盛衰|せいすい|true
盛込む|もりこむ|false
盞|さかずき|false
盟う|ちかう|false
盟主|めいしゅ|true
盟友|めいゆう|true
盟約|めいやく|true
盡す|つくす|false
監修|かんしゅう|true
監察|かんさつ|true
監査|かんさ|true
監査役|かんさやく|true
監獄|かんごく|true
監理|かんり|true
監督|かんとく|true
監禁|かんきん|true
監視|かんし|true
盤|さら|false
盤|ばん|true
盤谷|バンコク|false
目|め|true
目あて|めあて|false
目がさめる|めがさめる|false
目がしら|めがしら|false
目が覚める|めがさめる|true
目が醒める|めがさめる|false
目ざす|めざす|false
目ざまし|めざまし|false
目ざましい|めざましい|false
目ざめる|めざめる|false
目じるし|めじるし|false
目だつ|めだつ|false
目つき|めつき|true
目の前|めのまえ|true
目まい|めまい|false
目をとおす|めをとおす|false
目を通す|めをとおす|true
目上|めうえ|true
目下|めした|true
目下|もっか|true
目付き|めつき|false
目先|めさき|true
目処|めど|true
目出度い|めでたい|false
目前|めさき|false
目前|もくぜん|true
目印|めじるし|true
目安|めやす|true
目差|まなざし|false
目差し|まなざし|false
目差す|めざす|false
目当|めあて|false
目当て|めあて|true
目戍る|みまもる|false
目抜き|めぬき|true
目指す|めざす|true
目撃|もくげき|true
目方|めかた|true
目標|めじるし|false
目標|もくひょう|true
目次|もくじ|true
目減り|めべり|true
目測|もくそく|true
目玉|めだま|true
目玉商品|めだましょうひん|true
目白|めじろ|true
目白押し|めじろおし|true
目的|もくてき|true
目的地|もくてきち|true
目盛|めもり|false
目盛り|めもり|true
目眩|めまい|true
目眩い|めまい|false
目立つ|めだつ|true
目茶目茶|めちゃめちゃ|true
目茶苦茶|めちゃくちゃ|false
目蓋|まぶた|false
目薬|めぐすり|true
目覚し|めざまし|false
目覚しい|めざましい|false
目覚し時計|めざましどけい|false
目覚まし|めざまし|true
目覚ましい|めざましい|true
目覚まし時計|めざましどけい|true
目覚める|めざめる|true
目近|まぢか|false
目途|めど|false
目醒しい|めざましい|false
目醒める|めざめる|false
目録|もくろく|true
目頭|めがしら|true
目黒|めぐろ|true
盲|めくら|true
盲人|もうじん|true
盲学校|もうがっこう|true
盲導犬|もうどうけん|true
盲想|もうそう|false
盲点|もうてん|true
盲目|もうもく|true
盲腸|もうちょう|true
直|じき|true
直|ちょく|true
直ぐ|すぐ|true
直ぐさま|すぐさま|true
直ぐそば|すぐそば|false
直ぐに|すぐに|true
直ぐ側|すぐそば|false
直ぐ様|すぐさま|false
直し|なおし|true
直す|なおす|true
直ちに|ただちに|true
直に|じかに|true
直に|じきに|true
直る|なおる|true
直下|ちょっか|true
直切る|ねぎる|false
直列|ちょくれつ|true
直前|ちょくぜん|true
直営|ちょくえい|true
直属|ちょくぞく|true
直径|ちょっけい|true
直後|ちょくご|true
直感|ちょっかん|true
直接|ちょくせつ|true
直接的|ちょくせつてき|true
直接税|ちょくせつぜい|true
直接選挙|ちょくせつせんきょ|true
直撃|ちょくげき|true
直段|ねだん|false
直球|ちょっきゅう|true
直系|ちょっけい|true
直線|ちょくせん|true
直行|ちょっこう|true
直行便|ちょっこうびん|true
直視|ちょくし|true
直観|ちょっかん|true
直角|ちょっかく|true
直轄|ちょっかつ|true
直通|ちょくつう|true
直進|ちょくしん|true
直面|ちょくめん|true
相|しょう|true
相い性|あいしょう|false
相かわらず|あいかわらず|false
相づち|あいづち|false
相まって|あいまって|true
相不変|あいかわらず|false
相乗|そうじょう|true
相乗り|あいのり|true
相互|そうご|true
相互交流|そうごこうりゅう|true
相互銀行|そうごぎんこう|true
相似|そうじ|true
相俟って|あいまって|false
相図|あいず|false
相場|そうば|true
相変らず|あいかわらず|false
相変わらず|あいかわらず|true
相対|あいたい|true
相対|そうたい|true
相対的|そうたいてき|true
相当|そうとう|true
相待って|あいまって|false
相応|そうおう|true
相応しい|ふさわしい|true
相性|あいしょう|true
相手|あいて|true
相手どる|あいてどる|false
相手取る|あいてどる|true
相手方|あいてかた|true
相撲|すもう|true
相撲取り|すもうとり|true
相棒|あいぼう|true
相槌|あいづち|true
相次ぐ|あいつぐ|true
相殺|そうさい|true
相異|そうい|false
相継ぐ|あいつぐ|false
相続|そうぞく|true
相続税|そうぞくぜい|true
相談|そうだん|true
相談役|そうだんやく|true
相談所|そうだんじょ|true
相違|そうい|true
相鎚|あいづち|false
相関|そうかん|true
相関関係|そうかんかんけい|true
盾|たて|true
盾つく|たてつく|false
盾突く|たてつく|false
省く|はぶく|true
省みる|かえりみる|true
省エネルギー|しょうエネルギー|true
省令|しょうれい|true
省力|しょうりょく|true
省庁|しょうちょう|true
省略|しょうりゃく|true
眉|まゆ|true
眉毛|まゆげ|true
看る|みる|true
看做す|みなす|false
看守|かんしゅ|true
看板|かんばん|true
看病|かんびょう|true
看破る|みやぶる|false
看護|かんご|true
看護婦|かんごふ|true
看護師|かんごし|true
看過|かんか|true
県|けん|true
県下|けんか|true
県会|けんかい|true
県内|けんない|true
県営|けんえい|true
県外|けんがい|true
県庁|けんちょう|true
県民|けんみん|true
県知事|けんちじ|true
県立|けんりつ|true
県警|けんけい|true
県議|けんぎ|true
県道|けんどう|true
眞面目|まじめ|false
真|しん|true
真|まこと|false
真すぐ|まっすぐ|false
真っすぐ|まっすぐ|false
真っ二つ|まっぷたつ|true
真っ先|まっさき|true
真っ向|まっこう|true
真っ当|まっとう|true
真っ暗|まっくら|true
真っ最中|まっさいちゅう|true
真っ正面|ましょうめん|false
真っ白|まっしろ|true
真っ直|まっすぐ|false
真っ直ぐ|まっすぐ|true
真っ赤|まっか|true
真っ青|まっさお|true
真っ黒|まっくろ|true
真に|まことに|false
真の|しんの|true
真ん中|まんなか|true
真ん丸|まんまる|true
真ん円|まんまる|false
真上|まうえ|true
真似|まね|true
真似る|まねる|true
真価|しんか|true
真偽|しんぎ|true
真先|まっさき|false
真冬|まふゆ|true
真剣|しんけん|true
真向|まっこう|false
真四角|ましかく|true
真夏|まなつ|true
真夜中|まよなか|true
真実|しんじつ|true
真当|まっとう|false
真心|まごころ|true
真意|しんい|true
真摯|しんし|true
真新しい|まあたらしい|true
真暗|まっくら|false
真最中|まっさいちゅう|false
真正面|ましょうめん|true
真正面|まとも|false
真珠|しんじゅ|true
真理|しんり|true
真白|まっしろ|false
真直ぐ|まっすぐ|false
真相|しんそう|true
真空|しんくう|true
真赤|まっか|false
真近|まぢか|false
真逆|まさか|false
真際|まぎわ|false
真青|まっさお|false
真面|まとも|false
真面目|まじめ|true
真顔|まがお|true
真髄|しんずい|true
真魚板|まないた|false
真黒|まっくろ|false
眠い|ねむい|true
眠け|ねむけ|false
眠たい|ねむたい|true
眠り|ねむり|true
眠る|ねむる|true
眠気|ねむけ|true
眩しい|まぶしい|true
眩れる|くれる|false
眩冒|めまい|false
眩暈|めまい|true
眸|ひとみ|false
眺め|ながめ|true
眺める|ながめる|true
眺望|ちょうぼう|true
眼|まなこ|true
眼|め|true
眼が覚める|めがさめる|false
眼つき|めつき|false
眼付|めつき|false
眼付き|めつき|false
眼差し|まなざし|true
眼指|まなざし|false
眼白|めじろ|false
眼科|がんか|true
眼科医|がんかい|true
眼蓋|まぶた|false
眼薬|めぐすり|false
眼鏡|メガネ|true
着|ちゃく|true
着々|ちゃくちゃく|true
着いて来る|ついてくる|false
着がえ|きがえ|false
着く|つく|true
着く|はく|false
着ける|つける|true
着せる|きせる|true
着る|きる|true
着地|ちゃくち|true
着実|ちゃくじつ|true
着工|ちゃっこう|true
着席|ちゃくせき|true
着手|ちゃくしゅ|true
着換え|きがえ|false
着換える|きがえる|false
着更え|きがえ|false
着替|きがえ|false
着替え|きがえ|true
着替える|きがえる|true
着服|ちゃくふく|true
着物|きもの|true
着用|ちゃくよう|true
着目|ちゃくもく|true
着着|ちゃくちゃく|false
着色|ちゃくしょく|true
着衣|ちゃくい|true
着陸|ちゃくりく|true
着飾る|きかざる|true
睛|ひとみ|false
睡|ねむり|false
睡い|ねむい|false
睡たい|ねむたい|false
睡り|ねむり|false
睡る|ねむる|false
睡気|ねむけ|false
睡眠|すいみん|true
督促|とくそく|true
睨む|にらむ|true
睿智|えいち|false
瞑る|つぶる|true
瞑想|めいそう|true
瞞す|だます|false
瞠る|みはる|false
瞬く|またたく|true
瞬時|しゅんじ|true
瞬間|しゅんかん|true
瞳|ひとみ|true
瞶める|みつめる|false
瞼|まぶた|true
瞽|めくら|false
矚望|しょくぼう|false
矛|ほこ|true
矛先|ほこさき|true
矛楯|むじゅん|false
矛盾|むじゅん|true
矢|や|true
矢っ張り|やっぱり|false
矢先|やさき|true
矢印|やじるし|true
矢張|やはり|false
矢張り|やはり|false
矢鱈|やたら|false
知ってのとうり|しってのとおり|false
知ってのとおり|しってのとおり|true
知っての通り|しってのとおり|true
知らず知らず|しらずしらず|true
知らず識らず|しらずしらず|false
知らせ|しらせ|true
知らせる|しらせる|true
知らないうちに|しらないうちに|true
知らない内に|しらないうちに|false
知らん顔|しらんかお|true
知りあい|しりあい|false
知り合|しりあい|false
知り合い|しりあい|true
知り合う|しりあう|true
知る|しる|true
知れる|しれる|true
知事|ちじ|true
知人|ちじん|true
知合|しりあい|false
知合い|しりあい|false
知合う|しりあう|true
知名|ちめい|true
知己|ちき|true
知性|ちせい|true
知恵|ちえ|true
知的|ちてき|true
知能|ちのう|true
知覚|ちかく|true
知識|ちしき|true
知識人|ちしきじん|true
短い|みじかい|true
短かい|みじかい|false
短かめ|みじかめ|false
短か目|みじかめ|false
短め|みじかめ|true
短冊|たんざく|true
短刀|たんとう|true
短命|たんめい|true
短大|たんだい|true
短尺|たんざく|false
短所|たんしょ|true
短時間|たんじかん|true
短期|たんき|true
短期大学|たんきだいがく|true
短期間|たんきかん|true
短歌|たんか|true
短気|たんき|true
短波|たんぱ|true
短目|みじかめ|false
短篇|たんぺん|false
短籍|たんざく|false
短絡|たんらく|true
短編|たんぺん|true
短縮|たんしゅく|true
短調|たんちょう|true
短距離|たんきょり|true
短銃|たんじゅう|true
矯正|きょうせい|true
石|いし|true
石|こく|true
石けん|せっけん|true
石仏|せきぶつ|true
石器|せっき|true
石垣|いしがき|true
石室|せきしつ|true
石屋|いわや|false
石崖|いしがき|false
石文|いしぶみ|false
石材|せきざい|true
石棺|せっかん|true
石橋|いしばし|true
石段|いしだん|true
石油|せきゆ|true
石灰|せっかい|true
石炭|せきたん|true
石碑|せきひ|true
石神|しゃくじん|true
石英|せきえい|true
石頭|いしあたま|true
石鹸|せっけん|true
石鹼|せっけん|false
砂|すな|true
砂丘|さきゅう|true
砂利|じゃり|true
砂子|すな|false
砂時計|すなどけい|true
砂浜|すなはま|true
砂漠|さばく|true
砂糖|さとう|true
砂防|さぼう|true
研き|みがき|false
研く|みがく|false
研ぐ|とぐ|true
研修|けんしゅう|true
研摩|けんま|false
研磨|けんま|true
研究|けんきゅう|true
研究員|けんきゅういん|true
研究官|けんきゅうかん|true
研究室|けんきゅうしつ|true
研究家|けんきゅうか|true
研究所|けんきゅうじょ|true
研究結果|けんきゅうけっか|true
研究者|けんきゅうしゃ|true
砕く|くだく|true
砕ける|くだける|true
砕石|さいせき|true
砥ぐ|とぐ|false
砲|ほう|true
砲兵|ほうへい|true
砲弾|ほうだん|true
砲撃|ほうげき|true
砲火|ほうか|true
破たん|はたん|false
破る|やぶる|true
破る|わる|false
破れる|やぶれる|true
破れる|われる|false
破れ目|われめ|false
破壊|はかい|true
破家|ばか|false
破局|はきょく|true
破損|はそん|true
破格|はかく|true
破棄|はき|true
破毀|はき|false
破滅|はめつ|true
破片|はへん|true
破産|はさん|true
破目|はめ|false
破目|われめ|false
破綻|はたん|true
破裂|はれつ|true
硏究|けんきゅう|false
硝子|ガラス|false
硝子戸|ガラスど|false
硝煙|しょうえん|true
硝酸|しょうさん|true
硫酸|りゅうさん|true
硫黄|いおう|true
硬い|かたい|true
硬さ|かたさ|true
硬化|こうか|true
硬塞|こうそく|false
硬度|こうど|true
硬式|こうしき|true
硬派|こうは|true
硬直|こうちょく|true
硬貨|こうか|true
硬質|こうしつ|true
硲|はざま|false
硴|かき|false
碁|ご|true
碁盤|ごばん|true
碇|いかり|false
碇泊|ていはく|false
碌な|ろくな|false
碌に|ろくに|true
碑|いしぶみ|true
碑文|ひぶん|true
碕|さき|false
碧|あお|false
碧い|あおい|false
確|たしか|false
確か|たしか|true
確かめる|たしかめる|true
確り|しっかり|false
確乎|かっこ|false
確保|かくほ|true
確信|かくしん|true
確固|かっこ|true
確執|かくしつ|true
確定|かくてい|true
確実|かくじつ|true
確率|かくりつ|true
確立|かくりつ|true
確約|かくやく|true
確認|かくにん|true
碼|ヤード|false
磁器|じき|true
磁場|じば|true
磁気|じき|true
磁石|じしゃく|true
磅|ポンド|false
磐|いわ|false
磧|かわら|false
磨き|みがき|true
磨く|みがく|true
磨ぐ|とぐ|false
磨る|する|false
磯|いそ|true
礎|いしずえ|true
礎案|そあん|false
礎石|そせき|true
礒|いそ|false
礦業|こうぎょう|false
礦石|こうせき|false
礫|こいし|false
示し|しめし|true
示す|しめす|true
示唆|しさ|true
示談|じだん|true
礼|れい|true
礼儀|れいぎ|true
礼拝|れいはい|true
礼服|れいふく|true
礼状|れいじょう|true
礼義|れいぎ|false
礼金|れいきん|true
社交|しゃこう|true
社交的|しゃこうてき|true
社会|しゃかい|true
社会主義|しゃかいしゅぎ|true
社会事業|しゃかいじぎょう|true
社会人|しゃかいじん|true
社会保険|しゃかいほけん|true
社会保険庁|しゃかいほけんちょう|true
社会保障|しゃかいほしょう|true
社会党|しゃかいとう|true
社会問題|しゃかいもんだい|true
社会学|しゃかいがく|true
社会復帰|しゃかいふっき|true
社会性|しゃかいせい|true
社会教育|しゃかいきょういく|true
社会的|しゃかいてき|true
社会福祉|しゃかいふくし|true
社会科|しゃかいか|true
社会科学|しゃかいかがく|true
社会資本|しゃかいしほん|true
社会運動|しゃかいうんどう|true
社会面|しゃかいめん|true
社債|しゃさい|true
社内|しゃない|true
社名|しゃめい|true
社告|しゃこく|true
社員|しゃいん|true
社団法人|しゃだんほうじん|true
社外|しゃがい|true
社宅|しゃたく|true
社屋|しゃおく|true
社民党|しゃみんとう|true
社葬|しゃそう|true
社説|しゃせつ|true
社長|しゃちょう|true
祀る|まつる|true
祈とう|きとう|false
祈り|いのり|true
祈る|いのる|true
祈念|きねん|true
祈祷|きとう|true
祈禱|きとう|false
祈願|きがん|true
祖|おや|false
祖|そ|true
祖先|そせん|true
祖国|そこく|true
祖母|そぼ|true
祖母さん|ばあさん|false
祖母ちゃん|ばあちゃん|false
祖父|そふ|true
祖父さん|じいさん|false
祖父母|そふぼ|true
祝|いわい|false
祝い|いわい|true
祝う|いわう|true
祝儀|しゅうぎ|true
祝日|しゅくじつ|true
祝杯|しゅくはい|true
祝盃|しゅくはい|false
祝福|しゅくふく|true
祝賀|しゅくが|true
祝辞|しゅくじ|true
祝電|しゅくでん|true
神|かみ|true
神さま|かみさま|false
神わざ|かみわざ|false
神主|かんぬし|true
神事|かみわざ|false
神司|しんかん|false
神妙|しんみょう|true
神子|みこ|false
神学|しんがく|true
神官|しんかん|true
神宮|じんぐう|true
神戸|こうべ|true
神業|かみわざ|true
神楽|かぐら|true
神様|かみさま|true
神殿|しんでん|true
神父|しんぷ|true
神社|じんじゃ|true
神秘|しんぴ|true
神秘的|しんぴてき|true
神童|しんどう|true
神経|しんけい|true
神経質|しんけいしつ|true
神聖|しんせい|true
神興|みこし|false
神話|しんわ|true
神身|しんしん|false
神輿|みこし|true
神道|しんとう|true
神風|かみかぜ|true
神髄|しんずい|true
票|ひょう|true
票田|ひょうでん|true
祭|まつり|true
祭り|まつり|true
祭る|まつる|true
祭典|さいてん|true
祭壇|さいだん|true
祭日|さいじつ|true
祭礼|さいれい|true
祭禮|さいれい|false
祷り|いのり|false
祷る|いのる|false
禁じる|きんじる|true
禁ずる|きんずる|true
禁制|きんせい|true
禁句|きんく|true
禁固|きんこ|true
禁欲的|きんよくてき|true
禁止|きんし|true
禁止事項|きんしじこう|true
禁止法|きんしほう|true
禁烟|きんえん|false
禁煙|きんえん|true
禁物|きんもつ|true
禁輸|きんゆ|true
禁酒|きんしゅ|true
禁錮|きんこ|true
禅|ぜん|true
禅僧|ぜんそう|true
禅問答|ぜんもんどう|true
禅宗|ぜんしゅう|true
禅寺|ぜんでら|true
禍|わざわい|false
禍根|かこん|true
福|ふく|true
福利厚生|ふくりこうせい|true
福助|ふくすけ|true
福岡|ふくおか|true
福来朗|ふくろう|false
福祉|ふくし|true
福老|ふくろう|false
福音|ふくいん|true
禦ぐ|ふせぐ|false
禪|ぜん|false
禱る|いのる|false
禽|とり|false
禿|はげ|true
禿げ|はげ|false
禿げる|はげる|true
禿び|ちび|false
秀でる|ひいでる|true
秀作|しゅうさく|true
秀才|しゅうさい|true
秀逸|しゅういつ|true
私|あたし|true
私|わたし|true
私か|ひそか|false
私ごと|しじ|false
私たち|わたしたち|true
私事|しじ|true
私企業|しきぎょう|true
私塾|しじゅく|true
私大|しだい|true
私学|しがく|true
私文書|しぶんしょ|true
私書箱|ししょばこ|true
私有|しゆう|true
私服|しふく|true
私案|しあん|true
私物|しぶつ|true
私生活|しせいかつ|true
私用|しよう|true
私的|してき|true
私立|しりつ|true
私自身|わたしじしん|true
私見|しけん|true
私設|しせつ|true
私語|しご|true
私語く|ささやく|false
私費|しひ|true
私達|わたしたち|true
私邸|してい|true
私鉄|してつ|true
秋|あき|true
秋|とき|false
秋分|しゅうぶん|true
秋口|あきぐち|true
秋季|しゅうき|true
秋晴|あきばれ|false
秋晴れ|あきばれ|true
秋風|あきかぜ|true
科|か|true
科|しな|false
科する|かする|true
科威都|クウェート|false
科学|かがく|true
科学技術|かがくぎじゅつ|true
科学技術庁|かがくぎじゅつちょう|true
科学的|かがくてき|true
科学者|かがくしゃ|true
科學|かがく|false
科目|かもく|true
秒|びょう|true
秒読み|びょうよみ|true
秒速|びょうそく|true
秘か|ひそか|false
秘けつ|ひけつ|false
秘める|ひめる|true
秘密|ひみつ|true
秘書|ひしょ|true
秘決|ひけつ|false
秘訣|ひけつ|true
秘話|ひわ|true
秘露|ペルー|false
租界|そかい|true
租税|そぜい|true
秤|はかり|true
秩序|ちつじょ|true
称する|しょうする|true
称める|ほめる|false
称号|しょうごう|true
称讃|しょうさん|false
称讚|しょうさん|false
称賛|しょうさん|true
移す|うつす|true
移り変り|うつりかわり|false
移り変わり|うつりかわり|true
移る|うつる|true
移住|いじゅう|true
移動|いどう|true
移動平均|いどうへいきん|true
移植|いしょく|true
移殖|いしょく|false
移民|いみん|true
移管|いかん|true
移籍|いせき|true
移行|いこう|true
移譲|いじょう|true
移転|いてん|true
移送|いそう|true
稀|まれ|true
稀少|きしょう|false
稀薄|きはく|false
程|ほど|true
程なく|ほどなく|true
程度|ていど|true
程無く|ほどなく|false
稍|やや|false
税制|ぜいせい|true
税務|ぜいむ|true
税務署|ぜいむしょ|true
税収|ぜいしゅう|true
税引|ぜいびき|false
税引き|ぜいびき|true
税法|ぜいほう|true
税率|ぜいりつ|true
税理士|ぜいりし|true
税込|ぜいこみ|false
税込み|ぜいこみ|true
税金|ぜいきん|true
税関|ぜいかん|true
税額|ぜいがく|true
稔り|みのり|false
稔る|みのる|false
稚拙|ちせつ|true
稚海藻|わかめ|false
稚魚|ちぎょ|true
種|たね|true
種々|しゅじゅ|true
種別|しゅべつ|true
種子|しゅし|true
種族|しゅぞく|true
種痘|しゅとう|true
種目|しゅもく|true
種種|しゅじゅ|false
種類|しゅるい|true
種類豊富|しゅるいほうふ|true
稱する|しょうする|false
稲|いね|true
稲作|いなさく|true
稲刈|いねかり|false
稲刈り|いねかり|true
稲妻|いなずま|true
稲田|いなだ|true
稲穂|いなほ|true
稲苅|いねかり|false
稲苅り|いねかり|false
稲荷|いなり|true
稻|いね|false
稼ぎ|かせぎ|true
稼ぐ|かせぐ|true
稼働|かどう|true
稼働率|かどうりつ|true
稼動|かどう|false
稼動率|かどうりつ|false
稼業|かぎょう|true
稽える|かんがえる|false
稽古|けいこ|true
稿|こう|true
稿料|こうりょう|true
穀倉|こくそう|true
穀物|こくもつ|true
穀類|こくるい|true
穂|ほ|true
積|せき|true
積みかさね|つみかさね|false
積み立て|つみたて|true
積み込む|つみこむ|true
積み重|つみかさね|false
積み重ね|つみかさね|true
積み重ねる|つみかさねる|true
積む|つむ|true
積もり|つもり|false
積もる|つもる|true
積り|つもり|false
積る|つもる|false
積ん読|つんどく|true
積極|せっきょく|true
積極的|せっきょくてき|true
積立|つみたて|true
積立て|つみたて|false
積立金|つみたてきん|true
積算|せきさん|true
積読|つんどく|false
積載|せきさい|true
積込む|つみこむ|false
積重ね|つみかさね|false
積重ねる|つみかさねる|false
積雪|せきせつ|true
穏やか|おだやか|true
穏便|おんびん|true
穏健|おんけん|true
穏和|おんわ|true
穏当|おんとう|true
穗|ほ|false
穢い|きたない|false
穢す|よごす|false
穫り入れる|とりいれる|false
穴|あな|true
穴うめ|あなうめ|false
穴埋め|あなうめ|true
究明|きゅうめい|true
究極|きゅうきょく|true
空|から|true
空|そら|true
空き|あき|true
空きや|あきや|false
空きカン|あきかん|false
空き地|あきち|true
空き家|あきや|true
空き屋|あきや|false
空き巣|あきす|true
空き缶|あきかん|true
空く|あく|true
空く|すく|true
空ける|あける|true
空しい|むなしい|true
空っぽ|からっぽ|true
空ふく|くうふく|false
空ぶり|からぶり|false
空オケ|カラオケ|false
空中|くうちゅう|true
空前|くうぜん|true
空地|あきち|false
空地|くうち|true
空域|くういき|true
空家|あきや|false
空屋|あきや|false
空巣|あきす|false
空席|くうせき|true
空想|くうそう|true
空手|からて|true
空振り|からぶり|true
空欄|くうらん|true
空母|くうぼ|true
空気|くうき|true
空洞|くうどう|true
空港|くうこう|true
空爆|くうばく|true
空疎|くうそ|true
空白|くうはく|true
空砲|くうほう|true
空缶|あきかん|false
空胴|くうどう|false
空腹|くうふく|true
空虚|くうきょ|true
空襲|くうしゅう|true
空調|くうちょう|true
空路|くうろ|true
空車|くうしゃ|true
空軍|くうぐん|true
空転|くうてん|true
空輸|くうゆ|true
空間|くうかん|true
穿く|はく|false
突き|つき|true
突きあげる|つきあげる|false
突きあたり|つきあたり|false
突きあたる|つきあたる|false
突きさす|つきさす|false
突き上げる|つきあげる|true
突き刺す|つきさす|true
突き当たり|つきあたり|true
突き当たる|つきあたる|true
突き当り|つきあたり|false
突き当る|つきあたる|false
突き抜ける|つきぬける|true
突く|つく|true
突く|つつく|true
突っこむ|つっこむ|false
突っぱる|つっぱる|false
突っ張り|つっぱり|true
突っ張る|つっぱる|true
突っ込む|つっこむ|true
突つく|つつく|false
突上げる|つきあげる|false
突付く|つつく|false
突入|とつにゅう|true
突出|とっしゅつ|true
突刺す|つきさす|false
突如|とつじょ|true
突尼斯|チュニジア|false
突張り|つっぱり|false
突当たり|つきあたり|false
突当たる|つきあたる|false
突当り|つきあたり|false
突当る|つきあたる|false
突抜ける|つきぬける|false
突然|とつぜん|true
突破|とっぱ|true
突貫|とっかん|true
突起|とっき|true
突込む|つっこむ|false
突進|とっしん|true
突風|とっぷう|true
窃か|ひそか|false
窃盗|せっとう|true
窒息|ちっそく|true
窒扶斯|チフス|false
窒素|ちっそ|true
窓|まど|true
窓ぎわ|まどぎわ|false
窓口|まどぐち|true
窓際|まどぎわ|true
窗|まど|false
窟|いわや|false
窪み|くぼみ|true
窮まる|きわまる|false
窮み|きわみ|false
窮める|きわめる|false
窮乏|きゅうぼう|true
窮地|きゅうち|true
窮屈|きゅうくつ|true
窮極|きゅうきょく|false
窮状|きゅうじょう|true
窯|かま|true
窯元|かまもと|true
窯業|ようぎょう|true
窺く|のぞく|false
竃|かま|false
竈|かま|false
竊か|ひそか|false
立ち|たち|true
立ちあい|たちあい|false
立ちあがる|たちあがる|false
立ちあげる|たちあげる|false
立ちどまる|たちどまる|false
立ちなおる|たちなおる|true
立ちのく|たちのく|false
立ちよる|たちよる|false
立ち上がり|たちあがり|true
立ち上がる|たちあがる|true
立ち上げる|たちあげる|true
立ち上り|たちあがり|false
立ち会い|たちあい|true
立ち入り|たちいり|true
立ち入り禁止|たちいりきんし|true
立ち入禁止|たちいりきんし|false
立ち去る|たちさる|true
立ち合い|たちあい|true
立ち寄る|たちよる|true
立ち往生|たちおうじょう|true
立ち止まる|たちどまる|true
立ち止る|たちどまる|false
立ち消え|たちぎえ|true
立ち留まる|たちどまる|false
立ち直り|たちなおり|true
立ち直る|たちなおる|true
立ち話|たちばなし|true
立ち読み|たちよみ|true
立ち退き|たちのき|true
立ち退く|たちのく|true
立つ|たつ|true
立てこむ|たてこむ|false
立てつづけ|たてつづけ|false
立てなおす|たてなおす|false
立てる|たてる|true
立て前|たてまえ|false
立て替える|たてかえる|true
立て札|たてふだ|true
立て直す|たてなおす|true
立て続け|たてつづけ|true
立て込む|たてこむ|true
立上がり|たちあがり|false
立上がる|たちあがる|false
立上げる|たちあげる|false
立上り|たちあがり|false
立会|たちあい|false
立会い|たちあい|true
立体|りったい|true
立体的|りったいてき|true
立候補|りっこうほ|true
立入|たちいり|false
立入り|たちいり|false
立入り禁止|たちいりきんし|false
立入禁止|たちいりきんし|true
立前|たてまえ|false
立去る|たちさる|false
立合|たちあい|false
立合い|たちあい|false
立国|りっこく|true
立地|りっち|true
立場|たちば|true
立寄る|たちよる|false
立往生|たちおうじょう|false
立憲|りっけん|true
立方メートル|りっぽうメートル|true
立春|りっしゅん|true
立替える|たてかえる|false
立札|たてふだ|true
立案|りつあん|true
立止る|たちどまる|false
立法|りっぽう|true
立法府|りっぽうふ|true
立派|りっぱ|true
立消え|たちぎえ|false
立留まる|たちどまる|false
立留る|たちどまる|false
立直|リーチ|false
立直す|たてなおす|false
立直る|たちなおる|false
立脚|りっきゃく|true
立腹|りっぷく|true
立証|りっしょう|true
立話|たちばなし|false
立読み|たちよみ|false
立込む|たてこむ|false
立退き|たちのき|false
立退く|たちのく|false
竓|ミリリットル|false
竜|りゅう|true
竜巻|たつまき|true
竜巻き|たつまき|false
竜王|りゅうおう|true
竟に|ついに|false
竟る|おわる|false
章|しょう|true
章魚|たこ|false
童心|どうしん|true
童話|どうわ|true
童謡|どうよう|true
童顔|どうがん|true
竪|たて|false
竭きる|つきる|false
竭す|つくす|false
端|はし|true
端たない|はしたない|false
端ない|はしたない|false
端先|はなさき|false
端書|はがき|false
端書き|はがき|false
端末|たんまつ|true
端末機|たんまつき|true
端的|たんてき|true
端緒|たんしょ|true
競う|きそう|true
競べ|くらべ|false
競べる|くらべる|false
競り合い|せりあい|true
競り合う|せりあう|true
競る|せる|true
競争|きょうそう|true
競争入札|きょうそうにゅうさつ|true
競争力|きょうそうりょく|true
競合|きょうごう|true
競合い|せりあい|false
競合う|せりあう|false
競合他社|きょうごうたしゃ|true
競売|きょうばい|true
競技|きょうぎ|true
競技場|きょうぎじょう|true
競歩|きょうほ|true
競泳|きょうえい|true
競演|きょうえん|true
競艇|きょうてい|true
競走|きょうそう|true
競走馬|きょうそうば|true
競輪|けいりん|true
競馬|けいば|true
競馬場|けいばじょう|true
竹|たけ|true
竹の子|たけのこ|false
竹刀|しない|true
竹林|ちくりん|true
竿|さお|true
笋|たけのこ|false
笑|わらい|false
笑い|わらい|true
笑い声|わらいごえ|true
笑う|わらう|true
笑み|えみ|true
笑窪|えくぼ|false
笑顔|えがお|true
笛|ふえ|true
笠|かさ|true
符号|ふごう|true
符合|ふごう|true
第|だい|true
第一|だいいち|true
第一人者|だいいちにんしゃ|true
第一声|だいいっせい|true
第一歩|だいいっぽ|true
第一線|だいいっせん|true
第一義|だいいちぎ|true
第三国|だいさんごく|true
第三者|だいさんしゃ|true
第二|だいに|true
第二次世界大戦|だいにじせかいたいせん|true
第宅|ていたく|false
第希蘭|テヘラン|false
第１|だいいち|false
第２|だいに|false
第２次世界大戦|だいにじせかいたいせん|false
笹|ささ|true
筆|ふで|true
筆名|ひつめい|true
筆者|ひっしゃ|true
筆記|ひっき|true
筆記用具|ひっきようぐ|true
筆記試験|ひっきしけん|true
筆跡|ひっせき|true
筆蹟|ひっせき|false
筆迹|ひっせき|false
筆順|ひつじゅん|true
筆頭|ひっとう|true
筈|はず|true
等|など|true
等|ら|true
等々|とうとう|true
等しい|ひとしい|true
等価|とうか|true
等分|とうぶん|true
等等|とうとう|false
等級|とうきゅう|true
等身|とうしん|true
等閑|なおざり|true
筋|すじ|true
筋力|きんりょく|true
筋書|すじがき|false
筋書き|すじがき|true
筋肉|きんにく|true
筋道|すじみち|true
筋違い|すじちがい|true
筍|たけのこ|true
筐|はこ|false
筐体|きょうたい|true
筒|つつ|true
筒井|つつい|true
答|こたえ|true
答え|こたえ|true
答える|こたえる|true
答弁|とうべん|true
答案|とうあん|true
答申|とうしん|true
答辯|とうべん|false
策|さく|true
策定|さくてい|true
策戦|さくせん|false
策略|さくりゃく|true
筝|こと|false
筥|はこ|false
筺体|きょうたい|false
箆|へら|false
箇|こ|false
箇々|ここ|false
箇別|こべつ|false
箇国|かこく|false
箇所|かしょ|true
箇月|かげつ|false
箇箇|ここ|false
箏|こと|false
箒|ほうき|true
算える|かぞえる|false
算出|さんしゅつ|true
算定|さんてい|true
算数|さんすう|true
算盤|そろばん|true
管|かん|true
管|くだ|true
管内|かんない|true
管制|かんせい|true
管制塔|かんせいとう|true
管制官|かんせいかん|true
管区|かんく|true
管区気象台|かんくきしょうだい|true
管弦楽|かんげんがく|true
管弦楽団|かんげんがくだん|true
管理|かんり|true
管理人|かんりにん|true
管理者|かんりしゃ|true
管理職|かんりしょく|true
管絃楽|かんげんがく|false
管財|かんざい|true
管轄|かんかつ|true
管長|かんちょう|true
箪笥|たんす|true
箭|や|false
箱|はこ|true
箸|はし|true
節|せつ|true
節|ふし|true
節供|せっく|false
節句|せっく|true
節度|せつど|true
節操|せっそう|true
節減|せつげん|true
節目|ふしめ|true
節約|せつやく|true
範|はん|true
範囲|はんい|true
篇|へん|false
築きあげる|きずきあげる|false
築き上げる|きずきあげる|true
築く|きずく|true
築地|ついじ|true
築墻|ついじ|false
築山|つきやま|true
篏める|はめる|false
篠|ささ|false
篤い|あつい|false
篤志家|とくしか|true
篦|へら|false
篭|かご|true
篭める|こめる|false
篭もる|こもる|false
篭る|こもる|false
簇がる|むらがる|false
簞笥|たんす|false
簡|ふだ|false
簡単|かんたん|true
簡易|かんい|true
簡易保険|かんいほけん|true
簡潔|かんけつ|true
簡略|かんりゃく|true
簡短|かんたん|false
簡端|かんたん|false
簡素|かんそ|true
簡裁|かんさい|true
簷|のき|false
簿記|ぼき|true
籍|せき|true
籖|くじ|false
籠|かご|true
籠める|こめる|false
籠もる|こもる|true
籠る|こもる|false
籤|くじ|false
籤引|くじびき|true
籤引き|くじびき|true
籬|かき|false
米|こめ|true
米|べい|true
米|メートル|false
米人|べいじん|true
米価|べいか|true
米倉|こめぐら|true
米国|べいこく|true
米穀|べいこく|true
米突|メートル|false
米粒|こめつぶ|true
米蔵|こめぐら|false
米軍|べいぐん|true
米飯|べいはん|true
粁|キロメートル|false
粉|こな|true
粉ミルク|こなミルク|true
粉末|ふんまつ|true
粉砕|ふんさい|true
粉飾|ふんしょく|true
粋|いき|true
粍|ミリメートル|false
粒|つぶ|true
粒子|りゅうし|true
粒状|りゅうじょう|true
粗|ほぼ|false
粗い|あらい|true
粗っぽい|あらっぽい|false
粗品|そしな|true
粗大|そだい|true
粗悪|そあく|true
粗暴|そぼう|true
粗木|あらき|false
粗末|そまつ|true
粗筋|あらすじ|true
粗野|そや|true
粗鋼|そこう|true
粘々|ねばねば|false
粘り|ねばり|true
粘り強い|ねばりづよい|true
粘る|ねばる|true
粘土|ねんど|true
粘着|ねんちゃく|true
粘粘|ねばねば|false
粘膜|ねんまく|true
粛清|しゅくせい|true
粥|かゆ|true
粧い|よそおい|false
粧う|よそおう|false
精|せい|true
精々|せいぜい|true
精いっぱい|せいいっぱい|false
精しい|くわしい|false
精一杯|せいいっぱい|true
精力|せいりょく|true
精子|せいし|true
精密|せいみつ|true
精巧|せいこう|true
精度|せいど|true
精彩|せいさい|true
精液|せいえき|true
精神|せいしん|true
精神的|せいしんてき|true
精神科|せいしんか|true
精神薄弱|せいしんはくじゃく|true
精神障害|せいしんしょうがい|true
精算|せいさん|true
精米|せいまい|true
精精|せいぜい|false
精製|せいせい|true
精通|せいつう|true
精進|しょうじん|true
精選|せいせん|true
精鋭|せいえい|true
糀|こうじ|false
糊|のり|true
糎|センチメートル|false
糖|とう|true
糖分|とうぶん|true
糖尿病|とうにょうびょう|true
糖質|とうしつ|true
糞|くそ|true
糧食|りょうしょく|true
糶る|せる|false
糸|いと|true
糸口|いとぐち|true
糺す|ただす|true
糺弾|きゅうだん|false
系|けい|true
系列|けいれつ|true
系図|けいず|true
系統|けいとう|true
系譜|けいふ|true
糾す|ただす|false
糾合|きゅうごう|true
糾弾|きゅうだん|true
紀元|きげん|true
紀元前|きげんぜん|true
紀律|きりつ|false
紀念|きねん|false
紀行|きこう|true
約|やく|true
約束|やくそく|true
約束どうり|やくそくどおり|false
約束どおり|やくそくどおり|false
約束通り|やくそくどおり|true
約款|やっかん|true
紅|あか|false
紅|くれない|true
紅い|あかい|false
紅梅|こうばい|true
紅潮|こうちょう|true
紅白|こうはく|true
紅茶|こうちゃ|true
紅葉|こうよう|true
紅葉|もみじ|true
紊す|みだす|false
紊れ|みだれ|false
紊れる|みだれる|false
紋|もん|true
紋切り型|もんきりがた|true
紋切型|もんきりがた|false
紋様|もんよう|false
紋章|もんしょう|true
納まり|おさまり|false
納まる|おさまる|true
納める|おさめる|true
納付|のうふ|true
納入|のうにゅう|true
納屋|なや|true
納得|なっとく|true
納税|のうぜい|true
納豆|なっとう|true
納金|のうきん|true
紐|ひも|true
紐約|ニューヨーク|false
紐育|ニューヨーク|false
純|じゅん|true
純度|じゅんど|true
純情|じゅんじょう|true
純文学|じゅんぶんがく|true
純益|じゅんえき|true
純粋|じゅんすい|true
純金|じゅんきん|true
紕|まよい|false
紕い|まよい|false
紕う|まよう|false
紙|かみ|true
紙くず|かみくず|false
紙上|しじょう|true
紙凧|たこ|false
紙屑|かみくず|true
紙幣|しへい|true
紙芝居|かみしばい|true
紙袋|かみぶくろ|true
紙面|しめん|true
紙鳶|たこ|false
級|きゅう|true
紛らす|まぎらす|true
紛らわしい|まぎらわしい|true
紛れ|まぐれ|true
紛れもない|まぎれもない|true
紛れも無い|まぎれもない|false
紛れる|まぎれる|true
紛争|ふんそう|true
紛失|ふんしつ|true
紛糾|ふんきゅう|true
紛諍|ふんそう|false
素|す|true
素|もと|false
素ばやい|すばやい|false
素より|もとより|false
素人|しろうと|true
素地|きじ|false
素子|そし|true
素描|そびょう|true
素敵|すてき|true
素早い|すばやい|true
素晴しい|すばらしい|false
素晴らしい|すばらしい|true
素朴|そぼく|true
素材|そざい|true
素案|そあん|true
素樸|そぼく|false
素的|すてき|false
素直|すなお|true
素粒子|そりゅうし|true
素薔薇しい|すばらしい|false
素見す|ひやかす|false
素質|そしつ|true
素速い|すばやい|false
素適|すてき|false
素顔|すがお|true
紡ぐ|つむぐ|true
紡績|ぼうせき|true
紡織|ぼうしょく|true
索引|さくいん|true
索隠|さくいん|false
紫|むらさき|true
紫外線|しがいせん|true
紫色|むらさきいろ|true
紫菜|のり|false
紫陽花|あじさい|true
累積|るいせき|true
累計|るいけい|true
累進|るいしん|true
細々|こまごま|true
細々|ほそぼそ|true
細い|ほそい|true
細か|こまか|true
細かい|こまかい|true
細かいこと|こまかいこと|true
細かい事|こまかいこと|false
細かく|こまかく|true
細やか|ささやか|true
細る|ほそる|true
細分|さいぶん|true
細工|さいく|true
細心|さいしん|true
細目|さいもく|true
細細|こまごま|false
細細|ほそぼそ|false
細胞|さいぼう|true
細胞内|さいぼうない|true
細菌|さいきん|true
細部|さいぶ|true
細長い|ほそながい|true
細鱗魚|あゆ|false
紲|きずな|false
紳士|しんし|true
紳士協定|しんしきょうてい|true
紹介|しょうかい|true
紹介文|しょうかいぶん|true
紹介者|しょうかいしゃ|true
紺|こん|true
紺屋|こうや|true
終|おわり|false
終う|しまう|false
終える|おえる|true
終えん|しゅうえん|false
終に|ついに|false
終り|おわり|false
終り値|おわりね|false
終る|おわる|false
終わり|おわり|true
終わり値|おわりね|false
終わる|おわる|true
終了|しゅうりょう|true
終了後|しゅうりょうご|true
終値|おわりね|true
終始|しゅうし|true
終局|しゅうきょく|true
終息|しゅうそく|true
終戦|しゅうせん|true
終日|しゅうじつ|true
終末|しゅうまつ|true
終止符|しゅうしふ|true
終点|しゅうてん|true
終焉|しゅうえん|true
終熄|しゅうそく|false
終盤|しゅうばん|true
終着駅|しゅうちゃくえき|true
終結|しゅうけつ|true
終身|しゅうしん|true
終電|しゅうでん|true
絃|つる|false
絃楽|げんがく|false
絃楽器|げんがっき|false
組|くみ|true
組み|くみ|true
組みあわせる|くみあわせる|false
組みこむ|くみこむ|false
組みたて|くみたて|false
組み合い|くみあい|false
組み合せ|くみあわせ|false
組み合せる|くみあわせる|false
組み合わせ|くみあわせ|true
組み合わせる|くみあわせる|true
組み換え|くみかえ|false
組み替え|くみかえ|true
組み立|くみたて|false
組み立て|くみたて|true
組み立てる|くみたてる|true
組み立る|くみたてる|false
組み込む|くみこむ|true
組む|くむ|true
組合|くみあい|true
組合せ|くみあわせ|true
組合せる|くみあわせる|false
組合わせ|くみあわせ|true
組合わせる|くみあわせる|false
組成|そせい|true
組換え|くみかえ|false
組曲|くみきょく|true
組替え|くみかえ|false
組立|くみたて|false
組立て|くみたて|false
組立てる|くみたてる|false
組織|そしき|true
組織的|そしきてき|true
組職|そしき|false
組込む|くみこむ|false
組長|くみちょう|true
組閣|そかく|true
絆|きずな|true
経|きょう|true
経|たて|false
経つ|たつ|true
経る|へる|true
経企庁|けいきちょう|true
経営|けいえい|true
経営者|けいえいしゃ|true
経常|けいじょう|true
経常利益|けいじょうりえき|true
経度|けいど|true
経歴|けいれき|true
経済|けいざい|true
経済企画庁|けいざいきかくちょう|true
経済学|けいざいがく|true
経済封鎖|けいざいふうさ|true
経済成長率|けいざいせいちょうりつ|true
経済界|けいざいかい|true
経済的|けいざいてき|true
経済研究所|けいざいけんきゅうじょ|true
経理|けいり|true
経由|けいゆ|true
経緯|けいい|true
経緯|たてよこ|false
経費|けいひ|true
経路|けいろ|true
経過|けいか|true
経験|けいけん|true
経験値|けいけんち|true
経験者|けいけんしゃ|true
経験豊富|けいけんほうふ|true
結う|ゆう|true
結び|むすび|true
結びつき|むすびつき|true
結びつく|むすびつく|true
結び付き|むすびつき|true
結び付く|むすびつく|false
結ぶ|むすぶ|true
結党|けっとう|true
結合|けつごう|true
結婚|けっこん|true
結婚式|けっこんしき|true
結婚相手|けっこんあいて|true
結局|けっきょく|true
結成|けっせい|true
結托|けったく|false
結晶|けっしょう|true
結末|けつまつ|true
結束|けっそく|true
結果|けっか|true
結核|けっかく|true
結構|けっこう|true
結着|けっちゃく|false
結社|けっしゃ|true
結託|けったく|true
結論|けつろん|true
結集|けっしゅう|true
絞める|しめる|true
絞り|しぼり|true
絞りこむ|しぼりこむ|false
絞り込む|しぼりこむ|true
絞る|しぼる|true
絞殺|こうさつ|true
絞込む|しぼりこむ|false
絞首刑|こうしゅけい|true
絡み|からみ|true
絡み合う|からみあう|true
絡む|からむ|true
給与|きゅうよ|true
給付|きゅうふ|true
給料|きゅうりょう|true
給料日|きゅうりょうび|true
給水|きゅうすい|true
給油|きゅうゆ|true
給油所|きゅうゆじょ|true
給食|きゅうしょく|true
絨毯|じゅうたん|true
絨氈|じゅうたん|false
絨緞|じゅうたん|false
統一|とういつ|true
統一感|とういつかん|true
統制|とうせい|true
統合|とうごう|true
統帥|とうすい|true
統括|とうかつ|true
統治|とうち|true
統計|とうけい|true
統轄|とうかつ|false
絲口|いとぐち|false
絵|え|true
絵とき|えとき|true
絵の具|えのぐ|true
絵はがき|えはがき|true
絵もじ|えもじ|false
絵をえがく|えをかく|false
絵をかく|えをかく|false
絵を描く|えをかく|true
絵を書く|えをかく|false
絵ハガキ|えはがき|false
絵具|えのぐ|false
絵巻|えまき|true
絵巻もの|えまきもの|false
絵巻物|えまきもの|true
絵文字|えもじ|true
絵本|えほん|true
絵画|かいが|true
絵端書|えはがき|false
絵葉書|えはがき|true
絵解き|えとき|false
絶えず|たえず|true
絶える|たえる|true
絶え間なく|たえまなく|true
絶え間無く|たえまなく|false
絶つ|たつ|true
絶やす|たやす|true
絶交|ぜっこう|true
絶句|ぜっく|true
絶叫|ぜっきょう|true
絶大|ぜつだい|true
絶好|ぜっこう|true
絶好調|ぜっこうちょう|true
絶妙|ぜつみょう|true
絶対|ぜったい|true
絶対に|ぜったいに|true
絶対的|ぜったいてき|true
絶望|ぜつぼう|true
絶滅|ぜつめつ|true
絶縁|ぜつえん|true
絶讃|ぜっさん|false
絶賛|ぜっさん|true
絶間なく|たえまなく|false
絶間無く|たえまなく|false
絶頂|ぜっちょう|true
絹|きぬ|true
絹布|けんぷ|true
絹糸|きぬいと|true
絹織物|きぬおりもの|true
継ぎはぎ|つぎはぎ|false
継ぎ接ぎ|つぎはぎ|true
継ぐ|つぐ|true
継承|けいしょう|true
継投|けいとう|true
継接|つぎはぎ|false
継接ぎ|つぎはぎ|false
継続|けいぞく|true
継続的|けいぞくてき|true
続々|ぞくぞく|true
続き|つづき|true
続く|つづく|true
続ぐ|つぐ|false
続ける|つづける|true
続伸|ぞくしん|true
続出|ぞくしゅつ|true
続篇|ぞくへん|false
続続|ぞくぞく|false
続編|ぞくへん|true
続行|ぞっこう|true
綜合|そうごう|false
綜括|そうかつ|false
綜理|そうり|false
綠|みどり|false
綠色|みどりいろ|false
綠茶|りょくちゃ|false
維|これ|false
維持|いじ|true
維新|いしん|true
綱|つな|true
綱ひき|つなひき|false
綱わたり|つなわたり|false
綱引|つなひき|false
綱引き|つなひき|true
綱曳|つなひき|false
綱曳き|つなひき|false
綱渡り|つなわたり|true
綱紀|こうき|true
綱領|こうりょう|true
網|あみ|true
網戸|あみど|true
網羅|もうら|true
網膜|もうまく|true
綴|つづり|false
綴じる|とじる|true
綴り|つづり|true
綴る|つづる|true
綺羅びやか|きらびやか|false
綺麗|きれい|true
綻びる|ほころびる|true
綽名|あだな|false
綿|めん|true
綿|わた|true
綿密|めんみつ|true
綿布|めんぷ|true
緊々|ひしひし|false
緊い|かたい|false
緊まる|しまる|false
緊密|きんみつ|true
緊張|きんちょう|true
緊急|きんきゅう|true
緊急事態宣言|きんきゅうじたいせんげん|true
緊緊|ひしひし|false
緊縮|きんしゅく|true
緊迫|きんぱく|true
緋|あか|false
緋い|あかい|false
総|そう|true
総|ふさ|false
総あたり|そうあたり|false
総て|すべて|false
総べて|すべて|false
総会|そうかい|true
総会屋|そうかいや|true
総体|そうたい|true
総力|そうりょく|true
総動員|そうどういん|true
総務|そうむ|true
総務局|そうむきょく|true
総務部|そうむぶ|true
総勢|そうぜい|true
総合|そうごう|true
総合的|そうごうてき|true
総帥|そうすい|true
総当たり|そうあたり|true
総当り|そうあたり|false
総意|そうい|true
総括|そうかつ|true
総数|そうすう|true
総本山|そうほんざん|true
総決算|そうけっさん|true
総理|そうり|true
総理大臣|そうりだいじん|true
総理府|そうりふ|true
総監|そうかん|true
総督|そうとく|true
総統|そうとう|true
総菜|そうざい|false
総裁|そうさい|true
総計|そうけい|true
総評|そうひょう|true
総論|そうろん|true
総辞職|そうじしょく|true
総選挙|そうせんきょ|true
総量|そうりょう|true
総長|そうちょう|true
総領事|そうりょうじ|true
総額|そうがく|true
緑|みどり|true
緑化|りょっか|true
緑地|りょくち|true
緑色|みどりいろ|true
緑茶|りょくちゃ|true
緑青|ろくしょう|true
緒|いとぐち|false
緒|お|true
緒戦|しょせん|true
線|せん|true
線維|せんい|false
線路|せんろ|true
線量|せんりょう|true
線香|せんこう|true
締まる|しまる|true
締め|しめ|true
締めだす|しめだす|false
締めつけ|しめつけ|false
締める|しめる|true
締め付け|しめつけ|true
締め出す|しめだす|true
締め切り|しめきり|true
締め切る|しめきる|true
締付|しめつけ|false
締付け|しめつけ|false
締出す|しめだす|false
締切|しめきり|true
締切り|しめきり|false
締切る|しめきる|false
締約|ていやく|true
締結|ていけつ|true
編|へん|true
編みもの|あみもの|false
編み物|あみもの|true
編む|あむ|true
編もの|あみもの|false
編修|へんしゅう|false
編入|へんにゅう|true
編成|へんせい|true
編物|あみもの|true
編者|へんしゃ|true
編著|へんちょ|true
編輯|へんしゅう|false
編集|へんしゅう|true
編集者|へんしゅうしゃ|true
緩い|ぬるい|false
緩い|ゆるい|true
緩む|ゆるむ|true
緩める|ゆるめる|true
緩やか|ゆるやか|true
緩和|かんわ|true
緩急|かんきゅう|true
緩慢|かんまん|true
緩漫|かんまん|false
緩衝地帯|かんしょうちたい|true
緯度|いど|true
練り|ねり|true
練る|ねる|true
練習|れんしゅう|true
緻密|ちみつ|true
縁|ふち|true
縁|よし|false
縁側|えんがわ|true
縁談|えんだん|true
縁起|えんぎ|true
縄|なわ|true
縄とび|なわとび|false
縄張|なわばり|false
縄張り|なわばり|true
縄文|じょうもん|true
縄跳び|なわとび|true
縄飛び|なわとび|false
縋る|すがる|true
縛り首|しばりくび|true
縛る|しばる|true
縞|しま|true
縡|こと|false
縣|けん|false
縦|たて|true
縦え|たとえ|false
縦令|たとえ|false
縦断|じゅうだん|true
縦書|たてがき|true
縦書き|たてがき|true
縦横|じゅうおう|true
縦横|たてよこ|true
縫い目|ぬいめ|true
縫う|ぬう|true
縫成|ほうせい|false
縫目|ぬいめ|true
縫製|ほうせい|true
縮まる|ちぢまる|true
縮み|ちぢみ|true
縮む|ちぢむ|true
縮める|ちぢめる|true
縮れる|ちぢれる|true
縮図|しゅくず|true
縮小|しゅくしょう|true
縮少|しゅくしょう|false
縮尺|しゅくしゃく|true
縺れる|もつれる|true
總督|そうとく|false
繁る|しげる|false
繁昌|はんじょう|false
繁栄|はんえい|true
繁殖|はんしょく|true
繁盛|はんじょう|true
繁茂|はんも|true
繁華街|はんかがい|true
繁雑|はんざつ|false
繃帯|ほうたい|false
繊細|せんさい|true
繊維|せんい|true
繋がり|つながり|true
繋がる|つながる|true
繋ぐ|つなぐ|true
繋争|けいそう|false
織|おり|false
織り|おり|true
織りもの|おりもの|false
織り機|しょっき|false
織り物|おりもの|false
織る|おる|true
織女|たなばた|false
織機|しょっき|true
織物|おりもの|true
繕う|つくろう|true
繞る|めぐる|false
繩|なわ|false
繩張り|なわばり|false
繫がる|つながる|false
繫ぐ|つなぐ|false
繭|まゆ|true
繭糸|きぬいと|false
繰りかえし|くりかえし|false
繰りかえす|くりかえす|false
繰り上げ|くりあげ|true
繰り上げる|くりあげる|true
繰り入れ|くりいれ|true
繰り出しはしご|くりだしはしご|false
繰り出しばしご|くりだしはしご|false
繰り出し梯子|くりだしはしご|true
繰り出す|くりだす|true
繰り広げる|くりひろげる|true
繰り延べ|くりのべ|true
繰り拡げる|くりひろげる|false
繰り返し|くりかえし|true
繰り返す|くりかえす|true
繰る|くる|true
繰上|くりあげ|false
繰上げ|くりあげ|false
繰上げる|くりあげる|false
繰入|くりいれ|true
繰入れ|くりいれ|false
繰出し梯子|くりだしはしご|false
繰出す|くりだす|false
繰広げる|くりひろげる|false
繰延べ|くりのべ|false
繰拡げる|くりひろげる|false
繰返し|くりかえし|false
繰返す|くりかえす|false
纏まる|まとまる|true
纏め|まとめ|false
纏める|まとめる|false
纔か|わずか|false
缶|かん|true
缶コーヒー|かんコーヒー|true
缶詰|かんづめ|true
缶詰め|かんづめ|false
缺ける|かける|false
缺乏|けつぼう|false
罅|ひび|false
罎|びん|false
罐|かん|false
罐詰|かんづめ|false
罐詰め|かんづめ|false
罔羅|もうら|false
罠|わな|true
罩める|こめる|false
罪|つみ|true
罪人|ざいにん|true
置きかえる|おきかえる|false
置きざり|おきざり|false
置きもの|おきもの|false
置き去り|おきざり|true
置き場|おきば|true
置き変える|おきかえる|false
置き換える|おきかえる|true
置き替える|おきかえる|false
置き物|おきもの|false
置く|おく|true
置去り|おきざり|false
置場|おきば|false
置換える|おきかえる|false
置物|おきもの|true
罰|ばち|true
罰|ばつ|true
罰する|ばっする|true
罰則|ばっそく|true
罰点|ばってん|true
罰金|ばっきん|true
署名|しょめい|true
署員|しょいん|true
署長|しょちょう|true
罵る|ののしる|true
罷む|やむ|false
罷める|やめる|false
罷免|ひめん|true
罹る|かかる|true
羂|わな|false
羅典|ラテン|false
羅典語|ラテンご|false
羅列|られつ|true
羅宇|ラオス|false
羅甸|ラテン|false
羅甸語|ラテンご|false
羅針盤|らしんばん|true
羅馬|ローマ|false
羅馬字|ローマじ|false
羊|ひつじ|true
羊毛|ようもう|true
羊肉|ようにく|true
美|び|true
美い|うまい|false
美しい|うつくしい|true
美事|みごと|false
美人|びじん|true
美化|びか|true
美味い|うまい|true
美味しい|おいしい|true
美女|びじょ|true
美学|びがく|true
美容|びよう|true
美容師|びようし|true
美容院|びよういん|true
美意識|びいしき|true
美点|びてん|true
美白|びはく|true
美術|びじゅつ|true
美術展|びじゅつてん|true
美術館|びじゅつかん|true
美貌|びぼう|true
美辞麗句|びじれいく|true
羔|こひつじ|false
羞|はじ|false
羞かしい|はずかしい|false
羞しい|はずかしい|false
羞じらう|はじらう|false
羞じる|はじる|false
羞ずかしい|はずかしい|false
群|ぐん|true
群がる|むらがる|true
群れ|むれ|true
群れる|むれる|true
群像|ぐんぞう|true
群島|ぐんとう|true
群聚|ぐんしゅう|false
群衆|ぐんしゅう|true
群集|ぐんしゅう|true
羨しい|うらやましい|false
羨ましい|うらやましい|true
義兄|ぎけい|true
義勇|ぎゆう|true
義務|ぎむ|true
義務付け|ぎむづけ|true
義務教育|ぎむきょういく|true
義太夫|ぎだゆう|true
義妹|ぎまい|true
義姉|ぎし|true
義弟|ぎてい|true
義捐金|ぎえんきん|false
義援金|ぎえんきん|true
義歯|ぎし|true
義母|ぎぼ|true
義父|ぎふ|true
義理|ぎり|true
羽|はね|true
羽|わ|true
羽書|はがき|false
羽根|はね|true
羽毛|うもう|true
羽目|はめ|true
羽織|はおり|true
羽衣|はごろも|true
翁|おきな|true
翌る|あくる|false
翌る日|あくるひ|false
翌年|よくねん|true
翌日|よくじつ|true
翌月|よくげつ|true
翌朝|よくあさ|true
翌週|よくしゅう|true
習う|ならう|true
習字|しゅうじ|true
習得|しゅうとく|true
習性|しゅうせい|true
習慣|しゅうかん|true
翔ける|かける|false
翔ぶ|とぶ|false
翔る|かける|true
翠|みどり|false
翠色|みどりいろ|false
翳|かげ|false
翳|かすみ|false
翳み|かすみ|false
翳む|かすむ|false
翳り|かげり|false
翻す|こぼす|false
翻す|ひるがえす|true
翻る|ひるがえる|true
翻弄|ほんろう|true
翻意|ほんい|true
翻案|ほんあん|true
翻訳|ほんやく|true
翼|つばさ|true
耀かしい|かがやかしい|false
耀き|かがやき|false
耀く|かがやく|false
老い|おい|true
老いる|おいる|true
老ける|ふける|true
老人|ろうじん|true
老人ホーム|ろうじんホーム|true
老人性|ろうじんせい|true
老人福祉|ろうじんふくし|true
老化|ろうか|true
老夫婦|ろうふうふ|true
老女|ろうじょ|true
老婆|ろうば|true
老婦|ろうふ|true
老子|ろうし|true
老年|ろうねん|true
老後|ろうご|true
老朽|ろうきゅう|true
老眼|ろうがん|true
老舗|しにせ|true
老若|ろうにゃく|true
老若男女|ろうにゃくなんにょ|true
老衰|ろうすい|true
老麺|ラーメン|false
老齢|ろうれい|true
考え|かんがえ|true
考えてみれば|かんがえてみれば|true
考えて見れば|かんがえてみれば|false
考えなおす|かんがえなおす|false
考える|かんがえる|true
考え方|かんがえかた|true
考え直す|かんがえなおす|true
考古学|こうこがく|true
考察|こうさつ|true
考慮|こうりょ|true
考按|こうあん|false
考案|こうあん|true
考証|こうしょう|true
耄ける|ぼける|false
耄れる|ほれる|false
者|もの|true
而して|そして|false
而も|しかも|false
耐える|たえる|true
耐久|たいきゅう|true
耐久性|たいきゅうせい|true
耐性|たいせい|true
耐火|たいか|true
耐熱|たいねつ|true
耕す|たがやす|true
耕作|こうさく|true
耕地|こうち|true
耳|みみ|true
耳もと|みみもと|false
耳より|みみより|true
耳元|みみもと|true
耳寄り|みみより|true
耳目|じもく|true
耳許|みみもと|false
耳障り|みみざわり|true
耳鼻科|じびか|true
耻|はじ|false
耻じる|はじる|false
耽ける|ふける|false
耽る|ふける|true
聊|いささか|false
聊か|いささか|false
聖人|せいじん|true
聖地|せいち|true
聖域|せいいき|true
聖堂|せいどう|true
聖戦|せいせん|true
聖書|せいしょ|true
聖母|せいぼ|true
聖火|せいか|true
聖職者|せいしょくしゃ|true
聚落|しゅうらく|false
聚集|しゅうしゅう|false
聞える|きこえる|false
聞かす|きかす|true
聞きとる|ききとる|false
聞き取り|ききとり|true
聞き取る|ききとる|true
聞き手|ききて|true
聞き書|ききがき|false
聞き書き|ききがき|true
聞く|きく|true
聞こえる|きこえる|true
聞取り|ききとり|false
聞取る|ききとる|false
聞手|ききて|false
聞書|ききがき|false
聞書き|ききがき|false
聟|むこ|false
聢り|しっかり|false
聯動|れんどう|false
聯合|れんごう|false
聯想|れんそう|false
聯盟|れんめい|false
聯立|れんりつ|false
聯絡|れんらく|false
聯繋|れんけい|false
聯邦|れんぽう|false
聯関|れんかん|false
聯隊|れんたい|false
聲|こえ|false
聳える|そびえる|true
聴える|きこえる|false
聴き取り|ききとり|false
聴き取る|ききとる|false
聴き手|ききて|false
聴く|きく|true
聴こえる|きこえる|false
聴す|ゆるす|false
聴取|ちょうしゅ|true
聴取り|ききとり|false
聴取る|ききとる|false
聴手|ききて|false
聴聞|ちょうもん|true
聴衆|ちょうしゅう|true
聴覚|ちょうかく|true
聴講|ちょうこう|true
職|しょく|true
職人|しょくにん|true
職別|しきべつ|false
職務|しょくむ|true
職員|しょくいん|true
職場|しょくば|true
職業|しょくぎょう|true
職権|しょっけん|true
職歴|しょくれき|true
職種|しょくしゅ|true
職能|しょくのう|true
肆|し|false
肉|にく|true
肉体|にくたい|true
肉体的|にくたいてき|true
肉声|にくせい|true
肉屋|にくや|true
肉眼|にくがん|true
肉筆|にくひつ|true
肉薄|にくはく|true
肉親|にくしん|true
肉迫|にくはく|false
肉食|にくしょく|true
肌|はだ|true
肌ざわり|はだざわり|false
肌寒い|はださむい|true
肌着|はだぎ|true
肌色|はだいろ|true
肌衣|はだぎ|false
肌触|はだざわり|false
肌触り|はだざわり|true
肌触わり|はだざわり|false
肖像|しょうぞう|true
肘|ひじ|true
肚|はら|false
肝|きも|true
肝心|かんじん|true
肝炎|かんえん|true
肝硬変|かんこうへん|true
肝腎|かんじん|false
肝臓|かんぞう|true
肝要|かんよう|true
肝銘|かんめい|false
股|また|true
股|もも|false
股がる|またがる|false
肢|あし|false
肢体|したい|true
肥|こえ|true
肥える|こえる|true
肥し|こやし|false
肥す|こやす|false
肥やし|こやし|true
肥やす|こやす|true
肥る|ふとる|false
肥大|ひだい|true
肥料|ひりょう|true
肥満|ひまん|true
肩|かた|true
肩がわり|かたがわり|false
肩こり|かたこり|true
肩代り|かたがわり|false
肩代わり|かたがわり|true
肩凝り|かたこり|false
肩書|かたがき|true
肩書き|かたがき|true
肩替り|かたがわり|false
肩替わり|かたがわり|false
肯く|うなずく|false
肯定|こうてい|true
肱|ひじ|false
育くむ|はぐくむ|false
育ち|そだち|true
育つ|そだつ|true
育てる|そだてる|true
育む|はぐくむ|true
育児|いくじ|true
育成|いくせい|true
育生|いくせい|false
育英|いくえい|true
肺|はい|true
肺炎|はいえん|true
肺結核|はいけっかく|true
胃|い|true
胃嚢|いぶくろ|false
胃腸|いちょう|true
胃袋|いぶくろ|true
胄|かぶと|false
胆|きも|true
胆石|たんせき|true
背|せ|true
背|せい|true
背がたかい|せがたかい|false
背が高い|せがたかい|true
背く|そむく|true
背すじ|せすじ|false
背たけ|せたけ|false
背なか|せなか|false
背ぼね|せぼね|false
背もたれ|せもたれ|true
背丈|せたけ|true
背中|せなか|true
背任|はいにん|true
背信|はいしん|true
背凭れ|せもたれ|false
背広|せびろ|true
背後|はいご|true
背景|はいけい|true
背泳ぎ|せおよぎ|true
背番号|せばんごう|true
背筋|せすじ|true
背負う|せおう|true
背骨|せぼね|true
胎む|はらむ|false
胎仔|たいじ|false
胎児|たいじ|true
胎動|たいどう|true
胎盤|たいばん|true
胞子|ほうし|true
胡坐|あぐら|true
胡床|あぐら|false
胡座|あぐら|false
胡桃|くるみ|true
胡椒|こしょう|true
胡瓜|きゅうり|true
胡麻|ごま|true
胡麻化す|ごまかす|false
胯|また|false
胴|どう|true
胴上げ|どうあげ|true
胴体|どうたい|true
胴像|どうぞう|false
胴揚げ|どうあげ|false
胸|むね|true
胸中|きょうちゅう|true
胸像|きょうぞう|true
胸襟|きょうきん|true
胸部|きょうぶ|true
能|のう|true
能く|よく|false
能力|のうりょく|true
能動|のうどう|true
能動的|のうどうてき|true
能楽|のうがく|true
能率|のうりつ|true
能面|のうめん|true
脂|あぶら|true
脂肪|しぼう|true
脂身|あぶらみ|true
脅える|おびえる|false
脅かす|おどかす|true
脅かす|おびやかす|true
脅し|おどし|true
脅す|おどす|true
脅威|きょうい|true
脅迫|きょうはく|true
脆い|もろい|true
脆弱|ぜいじゃく|true
脇|かたわら|false
脇|わき|true
脇役|わきやく|true
脇見|わきみ|true
脈|みゃく|true
脈拍|みゃくはく|true
脈搏|みゃくはく|false
脈略|みゃくらく|false
脈絡|みゃくらく|true
脉|みゃく|false
脊|せ|false
脊|せい|false
脊丈|せたけ|false
脊広|せびろ|false
脊負う|せおう|false
脊骨|せぼね|false
脊髄|せきずい|true
脚|あし|true
脚光|きゃっこう|true
脚本|きゃくほん|true
脚色|きゃくしょく|true
脛|すね|true
脣|くちびる|false
脱ぐ|ぬぐ|true
脱けだす|ぬけだす|false
脱ける|ぬける|false
脱け出す|ぬけだす|false
脱する|だっする|true
脱出|だっしゅつ|true
脱出す|ぬけだす|false
脱却|だっきゃく|true
脱水|だっすい|true
脱皮|だっぴ|true
脱硫|だつりゅう|true
脱税|だつぜい|true
脱線|だっせん|true
脱落|だつらく|true
脱衣|だつい|true
脱衣所|だついじょ|true
脱走|だっそう|true
脱退|だったい|true
脳|のう|true
脳出血|のうしゅっけつ|true
脳卒中|のうそっちゅう|true
脳死|のうし|true
脳波|のうは|true
脳炎|のうえん|true
脳裏|のうり|true
脳裡|のうり|false
脹らむ|ふくらむ|false
脹れる|はれる|false
脹れる|ふくれる|false
腋|わき|false
腎臓|じんぞう|true
腐る|くさる|true
腐心|ふしん|true
腐敗|ふはい|true
腐蝕|ふしょく|false
腐食|ふしょく|true
腕|うで|true
腕まえ|うでまえ|false
腕前|うでまえ|true
腕力|わんりょく|true
腕時計|うでどけい|true
腕白|わんぱく|true
腥い|なまぐさい|false
腫れる|はれる|true
腫瘍|しゅよう|true
腭|あご|false
腮|あご|false
腰|こし|true
腰かけ|こしかけ|false
腰かける|こしかける|false
腰掛|こしかけ|true
腰掛け|こしかけ|true
腰掛ける|こしかける|true
腰掛る|こしかける|false
腰痛|ようつう|true
腰部|ようぶ|true
腸|ちょう|true
腹|はら|true
腹いっぱい|はらいっぱい|true
腹一杯|はらいっぱい|true
腹心|ふくしん|true
腹痛|ふくつう|true
腹部|ふくぶ|true
腿|もも|true
膏|あぶら|false
膚|はだ|false
膚寒い|はださむい|false
膚着|はだぎ|false
膚色|はだいろ|false
膚触り|はだざわり|false
膜|まく|true
膝|ひざ|true
膝まずく|ひざまずく|false
膝まづく|ひざまずく|false
膨らます|ふくらます|true
膨らむ|ふくらむ|true
膨れる|ふくれる|true
膨大|ぼうだい|true
膨張|ぼうちょう|true
膨脹|ぼうちょう|false
膩|あぶら|false
膳|ぜん|true
臀|しり|false
臂|ひじ|false
臆測|おくそく|false
臆病|おくびょう|true
臆病者|おくびょうもの|true
臍|へそ|true
臑|すね|false
臓|ぞう|true
臓器|ぞうき|true
臥せる|ふせる|false
臥児狼徳|グリーンランド|false
臨く|のぞく|false
臨む|のぞむ|true
臨場感|りんじょうかん|true
臨床|りんしょう|true
臨時|りんじ|true
臨海|りんかい|true
臨界|りんかい|true
臨終|りんじゅう|true
自から|おのずから|false
自ずから|おのずから|true
自ら|おのずから|false
自ら|みずから|true
自主|じしゅ|true
自主的|じしゅてき|true
自他|じた|true
自任|じにん|true
自伝|じでん|true
自体|じたい|true
自作|じさく|true
自供|じきょう|true
自信|じしん|true
自修|じしゅう|false
自働|じどう|false
自働化|じどうか|false
自分|じぶん|true
自分で|じぶんで|true
自分自身|じぶんじしん|true
自制|じせい|true
自前|じまえ|true
自力|じりき|true
自助|じじょ|true
自動|じどう|true
自動化|じどうか|true
自動的|じどうてき|true
自動販売器|じどうはんばいき|false
自動販売機|じどうはんばいき|true
自動車|じどうしゃ|true
自叙伝|じじょでん|true
自問|じもん|true
自営|じえい|true
自営業|じえいぎょう|true
自国|じこく|true
自在|じざい|true
自宅|じたく|true
自室|じしつ|true
自家|じか|true
自家用|じかよう|true
自尊|じそん|true
自己|じこ|true
自己管理|じこかんり|true
自己紹介|じこしょうかい|true
自己資本|じこしほん|true
自律|じりつ|true
自律神経|じりつしんけい|true
自惚|うぬぼれ|false
自惚れ|うぬぼれ|true
自惚れる|うぬぼれる|true
自慢|じまん|true
自我|じが|true
自明|じめい|true
自棄|やけ|true
自殺|じさつ|true
自民|じみん|true
自民党|じみんとう|true
自決|じけつ|true
自治|じち|true
自治体|じちたい|true
自治権|じちけん|true
自活|じかつ|true
自浄|じじょう|true
自滅|じめつ|true
自炊|じすい|true
自然|しぜん|true
自然公園|しぜんこうえん|true
自然環境|しぜんかんきょう|true
自然界|しぜんかい|true
自然科学|しぜんかがく|true
自由|じゆう|true
自由主義|じゆうしゅぎ|true
自由化|じゆうか|true
自由型|じゆうがた|false
自由形|じゆうがた|true
自由経済|じゆうけいざい|true
自画像|じがぞう|true
自発|じはつ|true
自発的|じはつてき|true
自白|じはく|true
自省|じせい|true
自社|じしゃ|true
自称|じしょう|true
自立|じりつ|true
自筆|じひつ|true
自粛|じしゅく|true
自給|じきゅう|true
自習|じしゅう|true
自薦|じせん|true
自衛|じえい|true
自衛官|じえいかん|true
自衛隊|じえいたい|true
自覚|じかく|true
自論|じろん|false
自負|じふ|true
自販|じはん|true
自販機|じはんき|true
自責|じせき|true
自費|じひ|true
自身|じしん|true
自転車|じてんしゃ|true
自閉症|じへいしょう|true
自首|じしゅ|true
自鳴鐘|とけい|false
臭い|くさい|true
臭い|におい|false
臭う|におう|true
臭気|しゅうき|true
至って|いたって|true
至る|いたる|true
至るところ|いたるところ|false
至る処|いたるところ|false
至る所|いたるところ|true
至上|しじょう|true
至急|しきゅう|true
至福|しふく|true
至難|しなん|true
致す|いたす|true
致命傷|ちめいしょう|true
致命的|ちめいてき|true
致死|ちし|true
致死量|ちしりょう|true
臺灣|たいわん|false
臺處|だいどころ|false
舅|しゅうと|true
興|きょう|true
興す|おこす|true
興信所|こうしんじょ|true
興味|きょうみ|true
興味しんしん|きょうみしんしん|false
興味ぶかい|きょうみぶかい|false
興味津々|きょうみしんしん|true
興味津津|きょうみしんしん|false
興味深い|きょうみぶかい|true
興奮|こうふん|true
興業|こうぎょう|true
興行|こうぎょう|true
興隆|こうりゅう|true
舌|した|true
舌うち|したうち|false
舌戦|ぜっせん|true
舌打ち|したうち|true
舎|しゃ|true
舎路|シアトル|false
舐める|なめる|true
舗|ほ|true
舗装|ほそう|true
舞|まい|true
舞い|まい|false
舞う|まう|true
舞台|ぶたい|true
舞台裏|ぶたいうら|true
舞姫|まいひめ|true
舞楽|ぶがく|true
舞踊|ぶよう|true
舞踏|ぶとう|true
舟|ふね|false
舟艇|しゅうてい|true
舟酔い|ふなよい|false
航法|こうほう|true
航海|こうかい|true
航空|こうくう|true
航空会社|こうくうがいしゃ|true
航空便|こうくうびん|true
航空券|こうくうけん|true
航空機|こうくうき|true
航空母艦|こうくうぼかん|true
航空自衛隊|こうくうじえいたい|true
航行|こうこう|true
航路|こうろ|true
舵|かじ|true
舶来|はくらい|true
船|ふね|true
船主|せんしゅ|true
船体|せんたい|true
船便|ふなびん|true
船出|ふなで|true
船員|せんいん|true
船室|せんしつ|true
船旅|ふなたび|true
船橋|ふなばし|true
船籍|せんせき|true
船舶|せんぱく|true
船酔い|ふなよい|true
船長|せんちょう|true
艦|かん|true
艦船|かんせん|true
艦艇|かんてい|true
艦隊|かんたい|true
良|りょう|true
良い|よい|true
良いね|いいね|false
良い加減|いいかげん|false
良かったら|よかったら|true
良き|よき|true
良く|よく|true
良くあるご質問|よくあるごしつもん|false
良くある御質問|よくあるごしつもん|false
良くある質問|よくあるしつもん|false
良さ|よさ|true
良しあし|よしあし|false
良し悪し|よしあし|true
良人|おっと|false
良好|りょうこう|true
良妻|りょうさい|true
良心|りょうしん|true
良識|りょうしき|true
良質|りょうしつ|true
色|いろ|true
色々|いろいろ|true
色々あって|いろいろあって|true
色いろ|いろいろ|false
色どり|いろどり|false
色どる|いろどる|false
色んな|いろんな|true
色取り|いろどり|false
色取る|いろどる|false
色合|いろあい|false
色合い|いろあい|true
色彩|しきさい|true
色気|いろけ|true
色紙|しきし|true
色素|しきそ|true
色色|いろいろ|false
色葉|いろは|false
色調|しきちょう|true
艶|つや|true
艶々|つやつや|true
艶歌|えんか|false
艶艶|つやつや|false
艸|くさ|false
芋|いも|true
芒果|マンゴー|false
芝|しば|true
芝居|しばい|true
芝居小屋|しばいごや|true
芝生|しばふ|true
芝草|しばくさ|true
芥|ゴミ|false
芥子|からし|false
芥箱|ごみばこ|false
芬蘭|フィンランド|false
芬蘭土|フィンランド|false
芯|しん|true
花|はな|true
花々しい|はなばなしい|false
花ざかり|はなざかり|false
花だん|かだん|false
花びら|はなびら|true
花びん|かびん|false
花やか|はなやか|false
花園|はなぞの|true
花壇|かだん|true
花壻|はなむこ|false
花婿|はなむこ|true
花嫁|はなよめ|true
花屋|はなや|true
花弁|はなびら|true
花形|はながた|true
花束|はなたば|true
花柳|かりゅう|true
花火|はなび|true
花火大会|はなびたいかい|true
花片|はなびら|false
花環|はなわ|false
花瓶|かびん|true
花盛り|はなざかり|true
花粉|かふん|true
花粉症|かふんしょう|true
花紙|はながみ|false
花美|かび|false
花聟|はなむこ|false
花花しい|はなばなしい|false
花見|はなみ|true
花輪|はなわ|true
花道|かどう|false
花道|はなみち|true
花鳥|かちょう|true
芳しい|かんばしい|true
芳ばしい|こうばしい|false
芳香|ほうこう|true
芸|げい|true
芸人|げいにん|true
芸名|げいめい|true
芸者|げいしゃ|true
芸能|げいのう|true
芸能人|げいのうじん|true
芸術|げいじゅつ|true
芸術家|げいじゅつか|true
芸術祭|げいじゅつさい|true
芸術院|げいじゅついん|true
芽|め|true
芽出度い|めでたい|false
芽子|はぎ|false
芽生え|めばえ|true
苅る|かる|false
苑|えん|false
苑|その|false
苑内|えんない|false
苔|こけ|true
苗|なえ|true
苗字|みょうじ|true
苗床|なえどこ|true
苗木|なえぎ|true
苛々|いらいら|true
苛め|いじめ|true
苛める|いじめる|true
苛苛|いらいら|false
苛酷|かこく|false
若々しい|わかわかしい|true
若い|わかい|true
若いころ|わかいころ|true
若い頃|わかいころ|true
若くは|もしくは|false
若さ|わかさ|true
若し|ごとし|false
若し|もし|true
若しかしたら|もしかしたら|true
若しかして|もしかして|true
若しかすると|もしかすると|true
若しくは|もしくは|true
若しも|もしも|true
若人|わこうど|true
若冠|じゃっかん|false
若布|わかめ|false
若干|じゃっかん|true
若年|じゃくねん|true
若手|わかて|true
若者|わかもの|true
若若しい|わかわかしい|false
若葉|わかば|true
若返り|わかがえり|true
苦い|にがい|true
苦しい|くるしい|true
苦しみ|くるしみ|true
苦しむ|くるしむ|true
苦しめる|くるしめる|true
苦み|にがみ|false
苦労|くろう|true
苦勞|くろう|false
苦味|にがみ|true
苦境|くきょう|true
苦心|くしん|true
苦悩|くのう|true
苦情|くじょう|true
苦慮|くりょ|true
苦戦|くせん|true
苦手|にがて|true
苦況|くきょう|false
苦渋|くじゅう|true
苦痛|くつう|true
苦笑|くしょう|true
苦笑い|にがわらい|true
苦肉の策|くにくのさく|true
苦脳|くのう|false
苦言|くげん|true
苦難|くなん|true
苧|あさ|false
英|えい|true
英会話|えいかいわ|true
英単語|えいたんご|true
英吉利|イギリス|false
英听|ポンド|false
英和|えいわ|true
英国|えいこく|true
英國|えいこく|false
英字|えいじ|true
英数字|えいすうじ|true
英文|えいぶん|true
英文学|えいぶんがく|true
英斤|ポンド|false
英明|えいめい|true
英智|えいち|false
英気|えいき|true
英知|えいち|true
英蘭|イングランド|false
英訳|えいやく|true
英語|えいご|true
英雄|えいゆう|true
苺|いちご|true
茂る|しげる|true
茄|なす|false
茄子|なす|true
茎|くき|true
茣蓙|ござ|true
茲|ここ|false
茶|ちゃ|true
茶いろ|ちゃいろ|false
茶の湯|ちゃのゆ|true
茶の間|ちゃのま|true
茶わん|ちゃわん|true
茶室|ちゃしつ|true
茶屋|ちゃや|true
茶碗|ちゃわん|true
茶色|ちゃいろ|true
茶褐色|ちゃかっしょく|true
茶道|さどう|true
茸|きのこ|true
茹でる|ゆでる|true
草|くさ|true
草の根|くさのね|true
草はら|そうげん|false
草分け|くさわけ|true
草刈り|くさかり|true
草原|そうげん|true
草履|ぞうり|true
草書|そうしょ|true
草木|くさき|true
草案|そうあん|true
草稿|そうこう|true
草綿|わた|false
草臥れる|くたびれる|false
草花|くさばな|true
草食|そうしょく|true
荒々しい|あらあらしい|true
荒い|あらい|true
荒す|あらす|false
荒っぽい|あらっぽい|true
荒らげる|あららげる|true
荒らす|あらす|true
荒れ|あれ|true
荒れる|あれる|true
荒れ野|こうや|false
荒廃|こうはい|true
荒木|あらき|true
荒波|あらなみ|true
荒筋|あらすじ|false
荒荒しい|あらあらしい|false
荒野|こうや|true
荘る|かざる|false
荘厳|そうごん|true
荳|まめ|false
荷|に|true
荷う|になう|false
荷づくり|にづくり|false
荷なう|になう|false
荷作り|にづくり|true
荷台|にだい|true
荷担|かたん|false
荷揚げ|にあげ|true
荷札|にふだ|true
荷物|にもつ|true
荷造り|にづくり|true
荻|おぎ|true
莓|いちご|false
莟|つぼみ|false
莨|タバコ|false
莫大|ばくだい|true
莫斯科|モスクワ|false
莫迦|ばか|false
菅|すげ|true
菊|きく|true
菌|きのこ|false
菌|きん|true
菓子|かし|true
菓子屋|かしや|true
菓物|くだもの|false
菜|な|true
菜園|さいえん|true
菜種|なたね|true
菜食|さいしょく|true
菟|うさぎ|false
菠薐草|ほうれんそう|false
菩薩|ぼさつ|true
華|はな|false
華々しい|はなばなしい|true
華やか|はなやか|true
華僑|かきょう|true
華盛頓|ワシントン|false
華美|かび|true
華華しい|はなばなしい|false
華道|かどう|true
華麗|かれい|true
菴|いおり|false
菽|まめ|false
萌える|もえる|true
萌し|きざし|false
萌芽|ほうが|true
萎える|なえる|true
萎む|しぼむ|true
萎れる|しおれる|true
萎縮|いしゅく|true
萠芽|ほうが|false
萩|はぎ|true
萬|まん|false
落|おち|false
落しもの|おとしもの|false
落し物|おとしもの|true
落し穴|おとしあな|false
落す|おとす|false
落ち|おち|true
落ちこぼれ|おちこぼれ|true
落ちこむ|おちこむ|false
落ちついた|おちついた|false
落ちつく|おちつく|false
落ちる|おちる|true
落ち付き|おちつき|false
落ち付く|おちつく|false
落ち入る|おちいる|false
落ち合う|おちあう|true
落ち度|おちど|true
落ち着いた|おちついた|true
落ち着き|おちつき|true
落ち着く|おちつく|true
落ち葉|おちば|true
落ち込む|おちこむ|true
落ち零れ|おちこぼれ|false
落としもの|おとしもの|false
落とし物|おとしもの|true
落とし穴|おとしあな|true
落とす|おとす|true
落る|おちる|false
落下|らっか|true
落付き|おちつき|false
落付く|おちつく|false
落合う|おちあう|false
落差|らくさ|true
落度|おちど|false
落書|らくがき|false
落書き|らくがき|true
落札|らくさつ|true
落着き|おちつき|false
落着く|おちつく|false
落第|らくだい|true
落胆|らくたん|true
落葉|おちば|false
落語|らくご|true
落語家|らくごか|true
落込む|おちこむ|false
落選|らくせん|true
落雷|らくらい|true
葉|は|true
葉っぱ|はっぱ|true
葉巻|はまき|true
葉巻き|はまき|false
葉書|はがき|true
葉書き|はがき|false
著|ちょ|true
著しい|いちじるしい|true
著す|あらわす|true
著る|きる|false
著わす|あらわす|true
著作|ちょさく|true
著作権|ちょさくけん|true
著名|ちょめい|true
著手|ちゃくしゅ|false
著書|ちょしょ|true
著者|ちょしゃ|true
葛|くず|true
葛藤|かっとう|true
葡萄|ぶどう|true
葡萄牙|ポルトガル|false
葫|にんにく|false
葬る|ほうむる|true
葬儀|そうぎ|true
葬列|そうれつ|true
葬式|そうしき|true
葬祭|そうさい|true
葬送|そうそう|true
葱|ねぎ|true
葱頭|たまねぎ|false
蒐荷|しゅうか|false
蒐輯|しゅうしゅう|false
蒐集|しゅうしゅう|false
蒔く|まく|true
蒜|にんにく|false
蒲公英|たんぽぽ|false
蒲団|ふとん|false
蒸かす|ふかす|true
蒸し|むし|true
蒸しパン|むしパン|true
蒸し暑い|むしあつい|true
蒸し返す|むしかえす|true
蒸す|ふかす|false
蒸す|むす|true
蒸パン|むしパン|false
蒸暑い|むしあつい|false
蒸気|じょうき|true
蒸汽|じょうき|false
蒸発|じょうはつ|true
蒸返す|むしかえす|false
蒼|あお|false
蒼い|あおい|false
蒼ざめる|あおざめる|false
蒼白い|あおじろい|false
蒼褪める|あおざめる|false
蓄える|たくわえる|true
蓄積|ちくせき|true
蓄財|ちくざい|true
蓄電池|ちくでんち|true
蓋|ふた|true
蓋う|おおう|false
蓙|ござ|false
蓮|はす|true
蔑む|さげすむ|true
蔓る|はびこる|false
蔓延|まんえん|false
蔓延る|はびこる|true
蔓衍|まんえん|false
蔭|かげ|false
蔭り|かげり|false
蔭口|かげぐち|false
蔵|くら|true
蔵う|しまう|false
蔵書|ぞうしょ|true
蔵相|ぞうしょう|true
蔽う|おおう|false
蕃主|はんしゅ|false
蕃昌|はんじょう|false
蕃椒|とうがらし|false
蕃殖|はんしょく|false
蕈|きのこ|false
蕎麦|そば|true
蕎麦屋|そばや|true
蕾|つぼみ|true
薄い|うすい|true
薄ぐらい|うすぐらい|false
薄まる|うすまる|true
薄める|うすめる|true
薄らぐ|うすらぐ|true
薄れる|うすれる|true
薄弱|はくじゃく|true
薄暗い|うすぐらい|true
薄着|うすぎ|true
薑|しょうが|false
薔薇|ばら|true
薔薇色|バラいろ|true
薔薇薔薇|バラバラ|false
薗|その|false
薦め|すすめ|false
薦める|すすめる|true
薩摩芋|さつまいも|true
薪|まき|true
薪炭|しんたん|true
薫|かおり|false
薫り|かおり|false
薫る|かおる|false
薬|くすり|true
薬価|やっか|true
薬剤|やくざい|true
薬剤師|やくざいし|true
薬味|やくみ|true
薬品|やくひん|true
薬学|やくがく|true
薬害|やくがい|true
薬局|やっきょく|true
薬指|くすりゆび|true
薬物|やくぶつ|true
薬缶|やかん|false
薬罐|やかん|false
薬鑵|やかん|false
薯|いも|false
藁|わら|true
藉く|しく|false
藉す|かす|false
藍|あい|true
藕|はす|false
藝|げい|false
藝者|げいしゃ|false
藝術|げいじゅつ|false
藤|ふじ|true
藩|はん|true
藩主|はんしゅ|true
藷|いも|false
藻|も|true
藻掻く|もがく|false
藻搔く|もがく|false
藻類|そうるい|true
蘇える|よみがえる|false
蘇る|よみがえる|true
蘇維埃|ソビエト|false
蘇連|ソれん|false
蘚|こけ|false
蘭|らん|true
蘿|こけ|false
虎|とら|true
虎列刺|コレラ|false
虎列剌|コレラ|false
虐げる|しいたげる|true
虐め|いじめ|true
虐める|いじめる|false
虐待|ぎゃくたい|true
虐殺|ぎゃくさつ|true
虔む|つつしむ|false
處|ところ|false
虚|から|false
虚|そら|false
虚しい|むなしい|true
虚偽|きょぎ|true
虚弱|きょじゃく|true
虚心|きょしん|true
虚栄|きょえい|true
虚栄心|きょえいしん|true
虚構|きょこう|true
虚無|きょむ|true
虚空|こくう|true
虞|おそれ|false
號|ごう|false
虫|むし|true
虫よけ|むしよけ|false
虫歯|むしば|true
虫除け|むしよけ|true
虫食む|むしばむ|false
虹|にじ|false
虹|にじ|true
蚊|か|true
蚊屋|かや|false
蚊帳|かや|true
蚕|かいこ|true
蚕糸|さんし|true
蛇|へび|true
蛇の目|じゃのめ|true
蛇ノ目|じゃのめ|false
蛇口|じゃぐち|true
蛇目|じゃのめ|false
蛇行|だこう|true
蛋白質|たんぱくしつ|false
蛍|ほたる|true
蛍光灯|けいこうとう|true
蛍光燈|けいこうとう|false
蛙|かえる|true
蛤|かえる|false
蛭児|えびす|false
蛭子|えびす|false
蛮勇|ばんゆう|true
蛮行|ばんこう|true
蛯|えび|false
蛸|たこ|true
蛸焼|たこやき|false
蛸焼き|たこやき|false
蜂|はち|true
蜂蜜|はちみつ|true
蜊蛄|ザリガニ|false
蜒々|えんえん|false
蜘蛛|くも|true
蜚蠊|ゴキブリ|false
蜜|みつ|true
蜜接|みっせつ|false
蜜柑|みかん|true
蜻蛉|とんぼ|true
蜻蜒|とんぼ|false
蜻蜓|とんぼ|false
蜿々|えんえん|false
蜿蜒|えんえん|false
蜿蜿|えんえん|false
蝉|せみ|true
蝋燭|ろうそく|true
蝕ばむ|むしばむ|false
蝕む|むしばむ|true
蝦|えび|false
蝦|かえる|false
蝦夷|えみし|true
蝲蛄|ザリガニ|false
蝶|ちょう|true
蝶々|ちょうちょう|true
蝶蝶|ちょうちょう|true
蝿|はえ|true
融かす|とかす|false
融く|とく|false
融けこむ|とけこむ|false
融ける|とける|false
融け込む|とけこむ|false
融合|ゆうごう|true
融和|ゆうわ|true
融資|ゆうし|true
融通|ゆうずう|true
螢|ほたる|false
螢光灯|けいこうとう|false
螢光燈|けいこうとう|false
螫す|さす|false
螺子|ネジ|false
螺旋|らせん|true
螺旋|ネジ|false
蟬|せみ|false
蟲|むし|false
蟹|かに|true
蟻|あり|true
蠅|はえ|true
蠏|かに|false
蠟燭|ろうそく|false
蠣|かき|false
蠶|かいこ|false
血|ち|true
血友病|けつゆうびょう|true
血圧|けつあつ|true
血液|けつえき|true
血液型|けつえきがた|true
血液検査|けつえきけんさ|true
血痕|けっこん|true
血管|けっかん|true
血糖|けっとう|true
血縁|けつえん|true
衆|しゅう|true
衆議院|しゅうぎいん|true
衆院|しゅういん|true
行|ぎょう|true
行い|おこない|true
行う|おこなう|true
行き|いき|true
行きすぎ|いきすぎ|false
行きすぎる|いきすぎる|false
行きとどく|いきとどく|false
行きなり|いきなり|false
行きわたる|いきわたる|false
行き先|いきさき|true
行き届く|いきとどく|true
行き成|いきなり|false
行き成り|いきなり|false
行き来|ゆきき|true
行き止まり|いきどまり|true
行き止り|いきどまり|false
行き渡る|いきわたる|true
行き詰まり|いきづまり|true
行き詰り|いきづまり|false
行き過ぎ|いきすぎ|true
行き過ぎる|いきすぎる|true
行き違い|いきちがい|true
行く|いく|true
行くえ|ゆくえ|false
行けない|いけない|false
行けません|いけません|true
行ったりきたり|いったりきたり|false
行ったり来たり|いったりきたり|true
行ったり来り|いったりきたり|false
行ってきます|いってきます|true
行ってらっしゃい|いってらっしゃい|true
行って来ます|いってきます|true
行ない|おこない|false
行なう|おこなう|false
行る|やる|false
行事|ぎょうじ|true
行使|こうし|true
行儀|ぎょうぎ|true
行先|いきさき|false
行列|ぎょうれつ|true
行動|こうどう|true
行司|ぎょうじ|true
行員|こういん|true
行届く|いきとどく|false
行成|いきなり|false
行成り|いきなり|false
行政|ぎょうせい|true
行政処分|ぎょうせいしょぶん|true
行政機関|ぎょうせいきかん|true
行政訴訟|ぎょうせいそしょう|true
行方|ゆくえ|true
行方不明|ゆくえふめい|true
行来|ゆきき|false
行楽|こうらく|true
行楽地|こうらくち|true
行止まり|いきどまり|false
行止り|いきどまり|false
行渡る|いきわたる|false
行為|こうい|true
行程|こうてい|true
行脚|あんぎゃ|true
行衛|ゆくえ|false
行詰まり|いきづまり|false
行詰り|いきづまり|false
行進|こうしん|true
行過ぎる|いきすぎる|false
行違い|いきちがい|false
行間|ぎょうかん|true
行革|ぎょうかく|true
術|じゅつ|true
術後|じゅつご|true
術語|じゅつご|true
街|がい|true
街|まち|false
街づくり|まちづくり|true
街なか|まちなか|false
街はずれ|まちはずれ|false
街並|まちなみ|false
街並み|まちなみ|false
街中|まちなか|false
街作り|まちづくり|false
街外れ|まちはずれ|false
街宣車|がいせんしゃ|true
街灯|がいとう|true
街燈|がいとう|false
街角|まちかど|true
街路|がいろ|true
街路樹|がいろじゅ|true
街造り|まちづくり|false
街道|かいどう|true
街頭|がいとう|true
衛星|えいせい|true
衛生|えいせい|true
衛生的|えいせいてき|true
衝き上げる|つきあげる|false
衝き当たる|つきあたる|false
衝く|つく|false
衝動|しょうどう|true
衝撃|しょうげき|true
衝突|しょうとつ|true
衢|ちまた|false
衣|ころも|true
衣料|いりょう|true
衣料品|いりょうひん|true
衣更え|ころもがえ|false
衣替え|ころもがえ|true
衣服|いふく|true
衣装|いしょう|true
衣裳|いしょう|false
衣類|いるい|true
衣食住|いしょくじゅう|true
表|おもて|true
表|ひょう|true
表す|あらわす|true
表する|ひょうする|true
表だって|おもてだって|false
表だつ|おもてだつ|false
表れ|あらわれ|true
表れる|あらわれる|true
表わす|あらわす|true
表われ|あらわれ|false
表われる|あらわれる|false
表向き|おもてむき|true
表彰|ひょうしょう|true
表彰状|ひょうしょうじょう|true
表情|ひょうじょう|true
表明|ひょうめい|true
表札|ひょうさつ|true
表決|ひょうけつ|true
表現|ひょうげん|true
表着|うわぎ|false
表示|ひょうじ|true
表立って|おもてだって|true
表立つ|おもてだつ|true
表紙|ひょうし|true
表裏|ひょうり|true
表計算|ひょうけいさん|true
表記|ひょうき|true
表賞|ひょうしょう|false
表通|おもてどおり|false
表通り|おもてどおり|true
表面|ひょうめん|true
表題|ひょうだい|true
衰え|おとろえ|true
衰える|おとろえる|true
衰弱|すいじゃく|true
衰退|すいたい|true
衰頽|すいたい|false
衷心|ちゅうしん|true
衿|えり|false
衿元|えりもと|false
袋|ふくろ|true
袋小路|ふくろこうじ|true
袖|そで|true
被う|おおう|false
被せる|かぶせる|true
被せる|きせる|false
被ばく|ひばく|false
被る|かぶる|true
被保険者|ひほけんしゃ|true
被写体|ひしゃたい|true
被告|ひこく|true
被告人|ひこくにん|true
被害|ひがい|true
被害者|ひがいしゃ|true
被服|ひふく|true
被災|ひさい|true
被災者|ひさいしゃ|true
被爆|ひばく|true
被疑者|ひぎしゃ|true
袴|はかま|true
裁く|さばく|true
裁つ|たつ|true
裁判|さいばん|true
裁判官|さいばんかん|true
裁判所|さいばんしょ|true
裁定|さいてい|true
裁決|さいけつ|true
裁縫|さいほう|true
裁量|さいりょう|true
裂く|さく|true
裂ける|さける|true
裂け目|さけめ|true
裂目|さけめ|false
装い|よそおい|true
装う|よそおう|true
装丁|そうてい|true
装備|そうび|true
装幀|そうてい|false
装甲|そうこう|true
装着|そうちゃく|true
装置|そうち|true
装訂|そうてい|false
装釘|そうてい|false
装飾|そうしょく|true
裏|うち|false
裏|うら|true
裏がわ|うらがわ|false
裏づけ|うらづけ|false
裏づける|うらづける|false
裏付|うらづけ|false
裏付け|うらづけ|true
裏付ける|うらづける|true
裏側|うらがわ|true
裏切り|うらぎり|true
裏切り者|うらぎりもの|true
裏切る|うらぎる|true
裏切者|うらぎりもの|false
裏口|うらぐち|true
裏方|うらかた|true
裏目|うらめ|true
裏腹|うらはら|true
裏表|うらおもて|true
裏返し|うらがえし|true
裏返す|うらがえす|true
裏通|うらどおり|false
裏通り|うらどおり|true
裏道|うらみち|true
裏金|うらがね|true
裏門|うらもん|true
裏面|うらめん|true
裏面|りめん|true
裕福|ゆうふく|true
裙蔕菜|わかめ|false
補う|おぎなう|true
補ける|たすける|false
補佐|ほさ|true
補修|ほしゅう|true
補償|ほしょう|true
補充|ほじゅう|true
補助|ほじょ|true
補完|ほかん|true
補強|ほきょう|true
補欠|ほけつ|true
補正|ほせい|true
補正予算|ほせいよさん|true
補給|ほきゅう|true
補聴器|ほちょうき|true
補足|ほそく|true
補闕|ほけつ|false
裡|うち|false
裡面|りめん|false
裸|はだか|true
裸婦|らふ|true
裸足|はだし|true
裹む|つつむ|false
製|せい|true
製作|せいさく|true
製作費|せいさくひ|true
製品|せいひん|true
製図|せいず|true
製油所|せいゆじょ|true
製法|せいほう|true
製糖|せいとう|true
製紙|せいし|true
製薬|せいやく|true
製造|せいぞう|true
製鉄|せいてつ|true
製鉄所|せいてつじょ|true
製鋼|せいこう|true
裾|すそ|true
複写|ふくしゃ|true
複利|ふくり|true
複刻|ふっこく|false
複合|ふくごう|true
複数|ふくすう|true
複製|ふくせい|true
複雑|ふくざつ|true
複雑さ|ふくざつさ|true
褊狭|へんきょう|false
褐色|かっしょく|true
褒める|ほめる|true
褒奨金|ほうしょうきん|false
褒美|ほうび|true
褒賞|ほうしょう|true
褪せる|あせる|true
襖|ふすま|true
襟|えり|true
襟もと|えりもと|false
襟元|えりもと|true
襟巻|えりまき|false
襟巻き|えりまき|true
襲う|おそう|true
襲ぐ|つぐ|false
襲名|しゅうめい|true
襲撃|しゅうげき|true
西|にし|true
西ドイツ|にしドイツ|true
西伯利|シベリア|false
西伯利亜|シベリア|false
西側|にしがわ|true
西南|せいなん|true
西口|にしぐち|true
西方|せいほう|true
西日本|にしにほん|true
西暦|せいれき|true
西欧|せいおう|true
西比利亜|シベリア|false
西洋|せいよう|true
西洋人|せいようじん|true
西独|せいどく|true
西班牙|スペイン|false
西班牙語|スペインご|false
西瓜|すいか|true
西蔵|チベット|false
西部|せいぶ|true
西風|にしかぜ|true
要|かなめ|true
要する|ようする|true
要するに|ようするに|true
要は|ようは|true
要る|いる|true
要人|ようじん|true
要件|ようけん|true
要員|よういん|true
要因|よういん|true
要心|ようじん|false
要慎|ようじん|false
要所|ようしょ|true
要旨|ようし|true
要望|ようぼう|true
要求|ようきゅう|true
要注意|ようちゅうい|true
要点|ようてん|true
要約|ようやく|true
要素|ようそ|true
要綱|ようこう|true
要職|ようしょく|true
要衝|ようしょう|true
要請|ようせい|true
要頂|ようこう|false
要項|ようこう|true
要領|ようりょう|true
覆う|おおう|true
覆す|くつがえす|true
覆る|くつがえる|true
覆刻|ふっこく|false
覆面|ふくめん|true
覇権|はけん|true
覇気|はき|true
覇者|はしゃ|true
見あげる|みあげる|false
見あたる|みあたる|false
見あわせる|みあわせる|false
見いだす|みいだす|false
見い出す|みいだす|false
見うける|みうける|false
見うしなう|みうしなう|false
見え|みえ|false
見えかくれ|みえかくれ|false
見えがくれ|みえかくれ|false
見える|みえる|true
見え隠れ|みえかくれ|true
見おぼえ|みおぼえ|false
見おろす|みおろす|false
見かけ|みかけ|true
見かける|みかける|true
見きわめる|みきわめる|false
見こみ|みこみ|false
見しらぬ|みしらぬ|false
見すてる|みすてる|false
見す見す|みすみす|true
見ず知らず|みずしらず|true
見せかけ|みせかけ|false
見せびらかす|みせびらかす|true
見せる|みせる|true
見せ場|みせば|true
見せ掛け|みせかけ|true
見そこなう|みそこなう|false
見たところ|みたところ|true
見ため|みため|false
見た処|みたところ|false
見た所|みたところ|false
見た目|みため|true
見ちがえる|みちがえる|false
見っともない|みっともない|false
見っとも無い|みっともない|false
見つかる|みつかる|true
見つける|みつける|true
見つめる|みつめる|true
見とおし|みとおし|false
見とどける|みとどける|false
見どころ|みどころ|true
見なおす|みなおす|false
見なす|みなす|true
見ならう|みならう|false
見なれる|みなれる|false
見のがす|みのがす|false
見はらし|みはらし|false
見はる|みはる|false
見ばえ|みばえ|false
見やぶる|みやぶる|false
見る|みる|true
見る見る|みるみる|true
見わけ|みわけ|false
見わける|みわける|false
見わたす|みわたす|false
見上げる|みあげる|true
見下す|みくだす|true
見下ろす|みおろす|true
見世|みせ|false
見世開き|みせびらき|false
見事|みごと|true
見付かる|みつかる|false
見付ける|みつける|true
見付る|みつかる|false
見倣う|みならう|false
見做す|みなす|false
見入る|みいる|true
見凝める|みつめる|false
見処|みどころ|false
見出し|みだし|true
見出す|みいだす|true
見出だす|みいだす|false
見分け|みわけ|true
見分ける|みわける|true
見切り|みきり|true
見切り発車|みきりはっしゃ|true
見受ける|みうける|true
見合|みあい|false
見合い|みあい|true
見合せる|みあわせる|false
見合わせる|みあわせる|true
見在|げんざい|false
見地|けんち|true
見失う|みうしなう|true
見学|けんがく|true
見守る|みまもる|true
見届ける|みとどける|true
見張り|みはり|true
見張る|みはる|true
見当|けんとう|true
見当たらない|みあたらない|true
見当たる|みあたる|true
見当る|みあたる|false
見得|みえ|false
見慣れる|みなれる|true
見憎い|みにくい|false
見憶え|みおぼえ|false
見戍る|みまもる|false
見所|みどころ|true
見捨てる|みすてる|true
見掛け|みかけ|false
見掛ける|みかける|false
見損う|みそこなう|false
見損なう|みそこなう|true
見放す|みはなす|true
見方|みかた|true
見映え|みばえ|false
見晴し|みはらし|false
見晴す|みはらす|false
見晴らし|みはらし|true
見晴らす|みはらす|true
見本|みほん|true
見本市|みほんいち|true
見栄|みえ|true
見栄え|みばえ|true
見棄てる|みすてる|false
見極める|みきわめる|true
見比べる|みくらべる|true
見渡す|みわたす|true
見物|けんぶつ|true
見物人|けんぶつにん|true
見直し|みなおし|true
見直す|みなおす|true
見知らぬ|みしらぬ|true
見破る|みやぶる|true
見積|みつもり|false
見積もり|みつもり|true
見積り|みつもり|true
見習|みならい|false
見習い|みならい|true
見習う|みならう|true
見聞|けんぶん|true
見舞|みまい|false
見舞い|みまい|true
見舞う|みまう|true
見苦しい|みぐるしい|true
見落す|みおとす|false
見落とす|みおとす|true
見覚え|みおぼえ|true
見解|けんかい|true
見詰める|みつめる|false
見識|けんしき|true
見較べる|みくらべる|false
見込|みこみ|false
見込み|みこみ|true
見込む|みこむ|true
見返す|みかえす|true
見返り|みかえり|true
見送り|みおくり|true
見送る|みおくる|true
見逃がす|みのがす|false
見逃す|みのがす|true
見透し|みとおし|false
見通|みとおし|false
見通し|みとおし|true
見遁す|みのがす|false
見過ごす|みすごす|true
見過す|みすごす|false
見違える|みちがえる|true
見醜しい|みぐるしい|false
見附ける|みつける|false
見限る|みかぎる|true
見離す|みはなす|false
見馴れる|みなれる|false
規制|きせい|true
規則|きそく|true
規定|きてい|true
規律|きりつ|true
規格|きかく|true
規模|きぼ|true
規準|きじゅん|true
規程|きてい|true
規範|きはん|true
規約|きやく|true
視える|みえる|false
視る|みる|false
視力|しりょく|true
視察|しさつ|true
視点|してん|true
視界|しかい|true
視線|しせん|true
視聴|しちょう|true
視聴率|しちょうりつ|true
視聴者|しちょうしゃ|true
視覚|しかく|true
視野|しや|true
覗く|のぞく|true
覘う|ねらう|false
覘く|のぞく|false
覚え|おぼえ|true
覚える|おぼえる|true
覚え書|おぼえがき|false
覚え書き|おぼえがき|false
覚せい|かくせい|false
覚せい剤|かくせいざい|true
覚ます|さます|true
覚める|さめる|true
覚り|さとり|false
覚る|さとる|false
覚悟|かくご|true
覚書|おぼえがき|true
覚書き|おぼえがき|false
覚醒|かくせい|true
覚醒剤|かくせいざい|true
覧る|みる|false
親|おや|true
親しい|したしい|true
親しみ|したしみ|true
親しむ|したしむ|true
親せき|しんせき|false
親ばか|おやばか|true
親ぼく|しんぼく|false
親バカ|おやばか|true
親不孝|おやふこう|true
親不幸|おやふこう|false
親交|しんこう|true
親仁|おやじ|false
親会社|おやがいしゃ|true
親分|おやぶん|true
親切|しんせつ|true
親友|しんゆう|true
親善|しんぜん|true
親子|おやこ|true
親孝行|おやこうこう|true
親密|しんみつ|true
親愛|しんあい|true
親戚|しんせき|true
親指|おやゆび|true
親方|おやかた|true
親族|しんぞく|true
親日|しんにち|true
親書|しんしょ|true
親父|おやじ|true
親爺|おやじ|false
親睦|しんぼく|true
親衛|しんえい|true
親譲り|おやゆずり|true
親近感|しんきんかん|true
親類|しんるい|true
親馬鹿|おやばか|false
観|かん|true
観せる|みせる|false
観る|みる|true
観光|かんこう|true
観光スポット|かんこうスポット|true
観光客|かんこうきゃく|true
観劇|かんげき|true
観客|かんきゃく|true
観察|かんさつ|true
観念|かんねん|true
観戦|かんせん|true
観測|かんそく|true
観点|かんてん|true
観衆|かんしゅう|true
観覧|かんらん|true
観賞|かんしょう|true
観過|かんか|false
観音|かんのん|true
觀光|かんこう|false
觀察|かんさつ|false
觀音|かんのん|false
角|かく|true
角|かど|true
角|すみ|false
角|つの|true
角力|すもう|false
角度|かくど|true
角界|かくかい|true
角膜|かくまく|true
觚|さかずき|false
觜|くちばし|false
觝触|ていしょく|false
解かす|とかす|false
解きほぐす|ときほぐす|true
解き解す|ときほぐす|false
解く|とく|true
解く|ほどく|true
解けこむ|とけこむ|false
解ける|とける|false
解ける|とける|true
解ける|ほどける|true
解け込む|とけこむ|false
解り|わかり|false
解りにくい|わかりにくい|false
解り難い|わかりにくい|false
解る|わかる|true
解任|かいにん|true
解体|かいたい|true
解剖|かいぼう|true
解剖学|かいぼうがく|true
解折|かいせき|false
解放|かいほう|true
解散|かいさん|true
解明|かいめい|true
解析|かいせき|true
解決|かいけつ|true
解決方法|かいけつほうほう|true
解決策|かいけつさく|true
解消|かいしょう|true
解熱|げねつ|true
解禁|かいきん|true
解答|かいとう|true
解約|かいやく|true
解説|かいせつ|true
解読|かいどく|true
解込む|とけこむ|false
解釈|かいしゃく|true
解除|かいじょ|true
解雇|かいこ|true
触る|さわる|true
触れあう|ふれあう|false
触れる|ふれる|true
触れ合い|ふれあい|true
触れ合う|ふれあう|true
触合い|ふれあい|false
触媒|しょくばい|true
触発|しょくはつ|true
触覚|しょっかく|true
觴|さかずき|false
言|げん|true
言いかえす|いいかえす|false
言いかえる|いいかえる|false
言いきる|いいきる|false
言いだす|いいだす|false
言いなり|いいなり|true
言いまわし|いいまわし|false
言いようがない|いいようがない|true
言いわけ|いいわけ|false
言い出す|いいだす|true
言い分|いいぶん|true
言い分け|いいわけ|false
言い切る|いいきる|true
言い回し|いいまわし|true
言い廻し|いいまわし|false
言い成り|いいなり|false
言い換える|いいかえる|true
言い方|いいかた|true
言い替える|いいかえる|false
言い様がない|いいようがない|false
言い渡し|いいわたし|true
言い渡す|いいわたす|true
言い現す|いいあらわす|false
言い表す|いいあらわす|true
言い表わす|いいあらわす|true
言い訳|いいわけ|true
言い返えす|いいかえす|false
言い返す|いいかえす|true
言う|いう|true
言うまでもない|いうまでもない|true
言うまでも無い|いうまでもない|false
言う迄もない|いうまでもない|false
言う迄も無い|いうまでもない|false
言わば|いわば|true
言わゆる|いわゆる|false
言出す|いいだす|false
言分|いいぶん|false
言分け|いいわけ|false
言切る|いいきる|false
言動|げんどう|true
言及|げんきゅう|true
言回し|いいまわし|false
言成り|いいなり|false
言換える|いいかえる|false
言方|いいかた|false
言明|げんめい|true
言替える|いいかえる|false
言様がない|いいようがない|false
言渡し|いいわたし|false
言渡す|いいわたす|false
言葉|ことば|true
言葉つかい|ことばづかい|false
言葉づかい|ことばづかい|false
言葉使い|ことばづかい|false
言葉遣い|ことばづかい|true
言表す|いいあらわす|false
言訳|いいわけ|false
言語|げんご|true
言論|げんろん|true
言質|げんち|true
言返す|いいかえす|false
訂正|ていせい|true
計|けい|true
計りしれない|はかりしれない|false
計り知れない|はかりしれない|true
計る|はかる|true
計上|けいじょう|true
計器|けいき|true
計測|けいそく|true
計画|けいかく|true
計画的|けいかくてき|true
計算|けいさん|true
計量|けいりょう|true
訊く|きく|true
訊ねる|たずねる|false
訊問|じんもん|false
討つ|うつ|true
討論|とうろん|true
討議|とうぎ|true
訓|くん|true
訓え|おしえ|false
訓える|おしえる|false
訓む|よむ|false
訓令|くんれい|true
訓戒|くんかい|true
訓示|くんじ|true
訓練|くんれん|true
訓誡|くんかい|false
訓読み|くんよみ|true
託す|たくす|true
託児所|たくじしょ|true
託宣|たくせん|true
記す|しるす|true
記事|きじ|true
記入|きにゅう|true
記号|きごう|true
記帳|きちょう|true
記念|きねん|true
記念日|きねんび|true
記念碑|きねんひ|true
記憶|きおく|true
記章|きしょう|true
記者|きしゃ|true
記者会見|きしゃかいけん|true
記載|きさい|true
記述|きじゅつ|true
記錄|きろく|false
記録|きろく|true
記録的|きろくてき|true
訛|なまり|false
訛り|なまり|true
訣別|けつべつ|false
訪う|とう|false
訪ねる|たずねる|true
訪れ|おとずれ|true
訪れる|おとずれる|true
訪中|ほうちゅう|true
訪問|ほうもん|true
訪問者|ほうもんしゃ|true
訪日|ほうにち|true
訪欧|ほうおう|true
訪米|ほうべい|true
設ける|もうける|true
設備|せつび|true
設問|せつもん|true
設定|せってい|true
設定可能|せっていかのう|true
設立|せつりつ|true
設置|せっち|true
設計|せっけい|true
許|ばかり|false
許|もと|false
許し|ゆるし|true
許す|ゆるす|true
許り|ばかり|false
許りか|ばかりか|false
許可|きょか|true
許容|きょよう|true
許諾|きょだく|true
訳|わけ|true
訳がない|わけがない|true
訳が無い|わけがない|false
訳じゃない|わけじゃない|true
訳す|やくす|true
訳ではない|わけではない|true
訳では無い|わけではない|false
訳者|やくしゃ|true
訴え|うったえ|true
訴える|うったえる|true
訴状|そじょう|true
訴訟|そしょう|true
訴追|そつい|true
診る|みる|true
診察|しんさつ|true
診断|しんだん|true
診療|しんりょう|true
診療所|しんりょうじょ|true
註|ちゅう|false
註文|ちゅうもん|false
註釈|ちゅうしゃく|false
証|あかし|true
証|しるし|false
証し|あかし|false
証し|しるし|false
証人|しょうにん|true
証券|しょうけん|true
証拠|しょうこ|true
証明|しょうめい|true
証明書|しょうめいしょ|true
証書|しょうしょ|true
証正|ぜせい|false
証言|しょうげん|true
詐る|いつわる|false
詐取|さしゅ|true
詐欺|さぎ|true
詐欺師|さぎし|true
詐称|さしょう|true
詔|みことのり|true
詔書|しょうしょ|true
評|ひょう|true
評伝|ひょうでん|true
評価|ひょうか|true
評判|ひょうばん|true
評決|ひょうけつ|true
評論|ひょうろん|true
評論家|ひょうろんか|true
評議|ひょうぎ|true
評議員|ひょうぎいん|true
詛い|のろい|false
詛う|のろう|false
詞|ことば|false
詠う|うたう|false
詠む|よむ|true
詣る|まいる|false
試し|ためし|true
試す|ためす|true
試み|こころみ|true
試みる|こころみる|true
試作|しさく|true
試写|ししゃ|true
試合|しあい|true
試合い|しあい|false
試料|しりょう|true
試案|しあん|true
試煉|しれん|false
試着|しちゃく|true
試算|しさん|true
試練|しれん|true
試薬|しやく|true
試行|しこう|true
試行錯誤|しこうさくご|true
試運転|しうんてん|true
試金石|しきんせき|true
試錬|しれん|false
試食|ししょく|true
試験|しけん|true
試験場|しけんじょう|true
試験的|しけんてき|true
詩|うた|false
詩|し|true
詩人|しじん|true
詩哥|しいか|false
詩情|しじょう|true
詩歌|しいか|true
詩集|ししゅう|true
詫び|わび|true
詫びる|わびる|true
詮|かい|false
詮衡|せんこう|false
詰まらせる|つまらせる|true
詰まらない|つまらない|false
詰まり|つまり|true
詰まる|つまる|true
詰む|つむ|true
詰めこむ|つめこむ|false
詰める|つめる|true
詰め込む|つめこむ|true
詰らない|つまらない|true
詰り|つまり|false
詰る|つまる|false
詰問|きつもん|true
詰込む|つめこむ|false
話|はなし|true
話し|はなし|false
話しあう|はなしあう|false
話しかける|はなしかける|true
話しことば|はなしことば|false
話し合い|はなしあい|true
話し合う|はなしあう|true
話し声|はなしごえ|true
話し掛ける|はなしかける|true
話し方|はなしかた|true
話し言葉|はなしことば|true
話し込む|はなしこむ|true
話す|はなす|true
話合い|はなしあい|true
話合う|はなしあう|false
話声|はなしごえ|false
話言葉|はなしことば|false
話込む|はなしこむ|true
話題|わだい|true
該当|がいとう|true
詳しい|くわしい|true
詳報|しょうほう|true
詳細|しょうさい|true
詳述|しょうじゅつ|true
誇り|ほこり|true
誇る|ほこる|true
誇大|こだい|true
誇張|こちょう|true
誇示|こじ|true
誉める|ほめる|false
誉れ|ほまれ|true
誌|し|true
誌す|しるす|false
誌上|しじょう|true
誌面|しめん|true
認め|みとめ|true
認める|みとめる|true
認め印|みとめいん|true
認印|みとめいん|false
認可|にんか|true
認定|にんてい|true
認知|にんち|true
認知症|にんちしょう|true
認証|にんしょう|true
認識|にんしき|true
誓い|ちかい|true
誓う|ちかう|true
誓って|ちかって|true
誓約|せいやく|true
誕生|たんじょう|true
誕生日|たんじょうび|true
誘い|さそい|true
誘い水|さそいみず|true
誘う|さそう|true
誘かい|ゆうかい|false
誘因|ゆういん|true
誘導|ゆうどう|true
誘惑|ゆうわく|true
誘拐|ゆうかい|true
誘発|ゆうはつ|true
誘致|ゆうち|true
語|かたり|false
語|ご|true
語い|ごい|false
語らう|かたらう|true
語り|かたり|true
語り口|かたりくち|true
語り手|かたりて|true
語る|かたる|true
語原|ごげん|false
語句|ごく|true
語学|ごがく|true
語彙|ごい|true
語気|ごき|true
語源|ごげん|true
誠|まこと|true
誠に|まことに|true
誠にありがとうございます|まことにありがとうございます|true
誠にありがとう御座います|まことにありがとうございます|false
誠に有難うございます|まことにありがとうございます|false
誠に有難う御座います|まことにありがとうございます|false
誠実|せいじつ|true
誠意|せいい|true
誡め|いましめ|false
誡める|いましめる|false
誡告|かいこく|false
誤ち|あやまち|false
誤って|あやまって|true
誤り|あやまり|true
誤る|あやまる|true
誤報|ごほう|true
誤字|ごじ|true
誤差|ごさ|true
誤摩化す|ごまかす|false
誤植|ごしょく|true
誤算|ごさん|true
誤解|ごかい|true
誤認|ごにん|true
誤魔化す|ごまかす|true
説|せつ|true
説く|とく|true
説得|せっとく|true
説得力|せっとくりょく|true
説教|せっきょう|true
説明|せつめい|true
説明書|せつめいしょ|true
読み|よみ|true
読みかえす|よみかえす|false
読みにくい|よみにくい|true
読みもの|よみもの|false
読み上げる|よみあげる|true
読み取|よみとり|false
読み取り|よみとり|true
読み悪い|よみにくい|true
読み方|よみかた|true
読み書き|よみかき|true
読み物|よみもの|true
読み返す|よみかえす|true
読み難い|よみにくい|false
読む|よむ|true
読上げる|よみあげる|false
読取|よみとり|false
読取り|よみとり|false
読売|よみうり|true
読書|どくしょ|true
読本|とくほん|true
読物|よみもの|false
読者|どくしゃ|true
読返す|よみかえす|false
誰|だれ|true
誰か|だれか|true
誰でも|だれでも|true
誰にでも|だれにでも|true
誰にも|だれにも|true
誰も|だれも|true
課|か|true
課する|かする|true
課員|かいん|true
課徴金|かちょうきん|true
課目|かもく|true
課程|かてい|true
課税|かぜい|true
課長|かちょう|true
課題|かだい|true
誹謗|ひぼう|true
調う|ととのう|false
調える|ととのえる|false
調べ|しらべ|true
調べる|しらべる|true
調停|ちょうてい|true
調剤|ちょうざい|true
調印|ちょういん|true
調味料|ちょうみりょう|true
調和|ちょうわ|true
調子|ちょうし|true
調教|ちょうきょう|true
調整|ちょうせい|true
調書|ちょうしょ|true
調査|ちょうさ|true
調理|ちょうり|true
調節|ちょうせつ|true
調達|ちょうたつ|true
諄い|くどい|false
談合|だんごう|true
談笑|だんしょう|true
談話|だんわ|true
請う|こう|false
請け|うけ|false
請ける|うける|true
請け取り|うけとり|false
請け取る|うけとる|false
請け負い|うけおい|false
請け負う|うけおう|true
請取|うけとり|false
請取り|うけとり|false
請取る|うけとる|false
請待|しょうたい|false
請求|せいきゅう|true
請求書|せいきゅうしょ|true
請求権|せいきゅうけん|true
請託|せいたく|true
請負|うけおい|true
請負う|うけおう|false
請願|せいがん|true
諒承|りょうしょう|false
諒解|りょうかい|false
論じつくす|ろんじつくす|false
論じる|ろんじる|true
論じ尽くす|ろんじつくす|true
論ずる|ろんずる|true
論争|ろんそう|true
論告|ろんこく|true
論外|ろんがい|true
論客|ろんきゃく|true
論戦|ろんせん|true
論拠|ろんきょ|true
論文|ろんぶん|true
論旨|ろんし|true
論点|ろんてん|true
論理|ろんり|true
論理的|ろんりてき|true
論義|ろんぎ|false
論者|ろんしゃ|true
論評|ろんぴょう|true
論説|ろんせつ|true
論調|ろんちょう|true
論議|ろんぎ|true
諠譁|けんか|false
諢名|あだな|false
諦める|あきらめる|true
諭す|さとす|true
諮る|はかる|true
諮問|しもん|true
諳記|あんき|false
諷刺|ふうし|false
諸|しょ|true
諸君|しょくん|true
諸国|しょこく|true
諸島|しょとう|true
諺|ことわざ|true
諾否|だくひ|true
謀る|はかる|false
謀略|ぼうりゃく|true
謂う|いう|false
謂わば|いわば|false
謂わゆる|いわゆる|false
謄本|とうほん|true
謎|なぞ|true
謎々|なぞなぞ|true
謎謎|なぞなぞ|false
謙そん|けんそん|false
謙虚|けんきょ|true
謙遜|けんそん|true
講ずる|こうずる|true
講和|こうわ|true
講堂|こうどう|true
講師|こうし|true
講座|こうざ|true
講演|こうえん|true
講演会|こうえんかい|true
講義|こうぎ|true
講習|こうしゅう|true
講談|こうだん|true
謝る|あやまる|true
謝意|しゃい|true
謝礼|しゃれい|true
謝罪|しゃざい|true
謡|うたい|true
謡い|うたい|false
謡曲|ようきょく|true
謬|あやまり|false
謬り|あやまり|false
謬る|あやまる|false
謳う|うたう|true
謹む|つつしむ|false
謹慎|きんしん|true
謹賀新年|きんがしんねん|true
譃わる|いつわる|false
證券|しょうけん|false
證據|しょうこ|false
譏嫌|きげん|false
識す|しるす|false
識る|しる|false
識別|しきべつ|true
識者|しきしゃ|true
譜面|ふめん|true
警め|いましめ|false
警める|いましめる|false
警備|けいび|true
警告|けいこく|true
警報|けいほう|true
警報器|けいほうき|true
警報機|けいほうき|false
警官|けいかん|true
警察|けいさつ|true
警察官|けいさつかん|true
警察庁|けいさつちょう|true
警察署|けいさつしょ|true
警戒|けいかい|true
警笛|けいてき|true
警視|けいし|true
警視庁|けいしちょう|true
警護|けいご|true
警部|けいぶ|true
警鐘|けいしょう|true
譬|たとえ|false
譬え|たとえ|false
譬える|たとえる|false
譬喩|ひゆ|false
譬諭|ひゆ|false
議る|はかる|false
議事|ぎじ|true
議事堂|ぎじどう|true
議事録|ぎじろく|true
議会|ぎかい|true
議員|ぎいん|true
議場|ぎじょう|true
議定書|ぎていしょ|true
議席|ぎせき|true
議案|ぎあん|true
議決|ぎけつ|true
議論|ぎろん|true
議長|ぎちょう|true
議院|ぎいん|true
議院運営委員会|ぎいんうんえいいいんかい|true
議題|ぎだい|true
譲りわたす|ゆずりわたす|false
譲り渡す|ゆずりわたす|true
譲る|ゆずる|true
譲歩|じょうほ|true
譲渡|じょうと|true
護り|まもり|false
護る|まもる|false
護国|ごこく|true
護岸|ごがん|true
護憲|ごけん|true
護美箱|ごみばこ|false
護衛|ごえい|true
護謨|ゴム|false
護送|ごそう|true
讀む|よむ|false
讀書|どくしょ|false
讀賣|よみうり|false
讃|さん|false
讃める|ほめる|false
讃歌|さんか|false
讃美|さんび|false
讃辞|さんじ|false
變|へん|false
變更|へんこう|false
讌|うたげ|false
讚歌|さんか|false
讚美|さんび|false
讚辞|さんじ|false
谷|たに|true
谷あい|たにま|false
谷まる|きわまる|false
谷川|たにがわ|true
谷底|たにぞこ|true
谷間|たにま|true
谿|たに|false
谿流|けいりゅう|false
谿谷|けいこく|false
豆|まめ|true
豆乳|とうにゅう|true
豆冨|とうふ|false
豆富|とうふ|false
豆知識|まめちしき|true
豆腐|とうふ|true
豊|ゆたか|false
豊か|ゆたか|true
豊作|ほうさく|true
豊富|ほうふ|true
豊年|ほうねん|true
豊満|ほうまん|true
豊漁|ほうりょう|true
豊胸|ほうきょう|true
豕|ぶた|false
豚|ぶた|true
豚かつ|とんカツ|false
豚カツ|とんカツ|true
豚肉|ぶたにく|true
象|しょう|true
象|ぞう|true
象徴|しょうちょう|true
象徴的|しょうちょうてき|true
象戯|しょうぎ|false
象棋|しょうぎ|false
象牙|ぞうげ|true
豪|ごう|true
豪い|えらい|false
豪傑|ごうけつ|true
豪太剌利|オーストラリア|false
豪快|ごうかい|true
豪族|ごうぞく|true
豪華|ごうか|true
豪雨|ごうう|true
貌|かお|false
貌|かたち|false
貍|たぬき|false
貝|かい|true
貝がら|かいがら|false
貝殻|かいがら|true
貝殼|かいがら|false
負|ふ|true
負い目|おいめ|true
負う|おう|true
負かす|まかす|true
負け|まけ|true
負ける|まける|true
負け犬|まけいぬ|true
負け越し|まけこし|true
負んぶ|おんぶ|false
負債|ふさい|true
負傷|ふしょう|true
負担|ふたん|true
負目|おいめ|false
負荷|ふか|true
財|ざい|true
財|たから|false
財務|ざいむ|true
財務官|ざいむかん|true
財団|ざいだん|true
財団法人|ざいだんほうじん|true
財布|さいふ|true
財政|ざいせい|true
財政投融資|ざいせいとうゆうし|true
財政難|ざいせいなん|true
財源|ざいげん|true
財産|ざいさん|true
財界|ざいかい|true
財閥|ざいばつ|true
貢献|こうけん|true
貧しい|まずしい|true
貧之|びんぼう|false
貧乏|びんぼう|true
貧乏人|びんぼうにん|true
貧困|ひんこん|true
貧富|ひんぷ|true
貧弱|ひんじゃく|true
貧相|ひんそう|true
貧素|ひんそう|false
貧血|ひんけつ|true
貨|たから|false
貨幣|かへい|true
貨幣価値|かへいかち|true
貨弊|かへい|false
貨物|かもつ|true
貨車|かしゃ|true
販促|はんそく|true
販売|はんばい|true
販売員|はんばいいん|true
販路|はんろ|true
貪る|むさぼる|true
貪慾|どんよく|false
貪欲|どんよく|true
貫|かん|true
貫き通す|つらぬきとおす|true
貫く|つらぬく|true
貫徹|かんてつ|true
貫通|かんつう|true
責める|せめる|true
責任|せきにん|true
責任をもつ|せきにんをもつ|false
責任を持つ|せきにんをもつ|true
責任感|せきにんかん|true
責任者|せきにんしゃ|true
責務|せきむ|true
貮|に|false
貯える|たくわえる|false
貯水|ちょすい|true
貯水池|ちょすいち|true
貯蓄|ちょちく|true
貯蔵|ちょぞう|true
貯金|ちょきん|true
貰う|もらう|true
貳|に|false
貴い|とうとい|true
貴ぶ|とうとぶ|true
貴女|あなた|false
貴方|あなた|true
貴方|あんた|true
貴方々|あなたがた|false
貴方がた|あなたがた|false
貴方方|あなたがた|false
貴族|きぞく|true
貴男|あなた|false
貴社|きしゃ|true
貴賓|きひん|true
貴重|きちょう|true
貴重品|きちょうひん|true
貴金属|ききんぞく|true
貶す|けなす|true
貶む|さげすむ|false
買い|かい|true
買いつけ|かいつけ|false
買いもの|かいもの|false
買いもん|かいもの|false
買い上げ|かいあげ|true
買い付け|かいつけ|true
買い入れ|かいいれ|true
買い入れる|かいいれる|true
買い出し|かいだし|true
買い占め|かいしめ|true
買い占める|かいしめる|true
買い取り|かいとり|true
買い得|かいどく|true
買い戻し|かいもどし|true
買い手|かいて|true
買い控え|かいびかえ|true
買い物|かいもの|true
買う|かう|true
買上げ|かいあげ|false
買付|かいつけ|false
買付け|かいつけ|false
買入|かいいれ|false
買入れ|かいいれ|false
買入れる|かいいれる|false
買出し|かいだし|false
買占め|かいしめ|false
買占める|かいしめる|false
買収|ばいしゅう|true
買取|かいとり|true
買取り|かいとり|false
買得|かいどく|false
買戻し|かいもどし|false
買手|かいて|true
買物|かいもの|true
貸|かし|false
貸し|かし|true
貸しつけ|かしつけ|false
貸し付|かしつけ|false
貸し付け|かしつけ|false
貸し出し|かしだし|true
貸し出す|かしだす|true
貸し切り|かしきり|true
貸し家|かしや|false
貸し屋|かしや|false
貸し金|かしきん|false
貸し間|かしま|false
貸す|かす|true
貸りる|かりる|false
貸与|たいよ|true
貸付|かしつけ|true
貸付け|かしつけ|false
貸借|たいしゃく|true
貸出|かしだし|true
貸出し|かしだし|false
貸出す|かしだす|false
貸出用|かしだしよう|true
貸切|かしきり|false
貸切り|かしきり|true
貸家|かしや|true
貸屋|かしや|false
貸金|かしきん|true
貸間|かしま|true
費|ひ|true
費す|ついやす|false
費やす|ついやす|true
費用|ひよう|true
貼りだす|はりだす|false
貼りつける|はりつける|false
貼り付ける|はりつける|true
貼り出す|はりだす|false
貼り紙|はりがみ|false
貼る|はる|true
貼付|ちょうふ|true
貼付ける|はりつける|false
貼紙|はりがみ|false
貿易|ぼうえき|true
賀正|がしょう|true
賀状|がじょう|true
賀留多|カルタ|false
賃上げ|ちんあげ|true
賃借|ちんしゃく|true
賃貸|ちんたい|true
賃金|ちんぎん|true
賃銀|ちんぎん|false
賄う|まかなう|true
賄賂|わいろ|true
資する|しする|true
資料|しりょう|true
資本|しほん|true
資本主義|しほんしゅぎ|true
資本家|しほんか|true
資本金|しほんきん|true
資材|しざい|true
資格|しかく|true
資源|しげん|true
資源エネルギー庁|しげんエネルギーちょう|true
資産|しさん|true
資質|ししつ|true
資金|しきん|true
資金ぐり|しきんぐり|false
資金繰|しきんぐり|false
資金繰り|しきんぐり|true
資金調達|しきんちょうたつ|true
賑やか|にぎやか|true
賑わう|にぎわう|true
賓客|ひんきゃく|true
賛|さん|true
賛助|さんじょ|true
賛同|さんどう|true
賛否|さんぴ|true
賛意|さんい|true
賛成|さんせい|true
賛歌|さんか|true
賛美|さんび|true
賛辞|さんじ|true
賜杯|しはい|true
賜盃|しはい|false
賞|しょう|true
賞める|ほめる|false
賞与|しょうよ|true
賞味期限|しょうみきげん|true
賞品|しょうひん|true
賞牌|しょうはい|true
賞状|しょうじょう|true
賞罰|しょうばつ|true
賞讃|しょうさん|false
賞讚|しょうさん|false
賞賛|しょうさん|true
賞金|しょうきん|true
賠償|ばいしょう|true
賠償金|ばいしょうきん|true
賢い|かしこい|true
賢人|けんじん|true
賢明|けんめい|true
賢母|けんぼ|true
賤しい|いやしい|false
賦る|くばる|false
賦課|ふか|true
質|しつ|true
質問|しつもん|true
質問をする|しつもんをする|true
質屋|しちや|true
質疑|しつぎ|true
質的|しつてき|true
質素|しっそ|true
質量|しつりょう|true
賭|かけ|false
賭け|かけ|true
賭ける|かける|true
購入|こうにゅう|true
購読|こうどく|true
購買|こうばい|true
購買力|こうばいりょく|true
贅沢|ぜいたく|true
贈りもの|おくりもの|false
贈り主|おくりぬし|true
贈り物|おくりもの|true
贈る|おくる|true
贈与|ぞうよ|true
贈主|おくりぬし|false
贈収賄|ぞうしゅうわい|true
贈呈|ぞうてい|true
贈物|おくりもの|true
贈答|ぞうとう|true
贈賄|ぞうわい|true
贋|にせ|false
贋物|にせもの|false
贏つ|かつ|false
贔屓|ひいき|true
贔負|ひいき|false
赤|あか|true
赤い|あかい|true
赤ちゃん|あかちゃん|true
赤んぼ|あかんぼう|false
赤んぼう|あかんぼう|false
赤ん坊|あかんぼう|true
赤信号|あかしんごう|true
赤外線|せきがいせん|true
赤字|あかじ|true
赤旗|あかはた|true
赤松|あかまつ|true
赤痢|せきり|true
赤色|あかいろ|true
赤軍|せきぐん|true
赤道|せきどう|true
赤金|どう|false
赤面|せきめん|true
赤飯|せきはん|true
赦し|ゆるし|false
赦す|ゆるす|false
赦免|しゃめん|true
赫かしい|かがやかしい|false
赫き|かがやき|false
赫く|かがやく|false
赭い|あかい|false
走り|はしり|true
走りだす|はしりだす|false
走りまわる|はしりまわる|false
走り出す|はしりだす|true
走り回る|はしりまわる|true
走り幅跳|はしりはばとび|false
走り幅跳び|はしりはばとび|true
走り廻る|はしりまわる|false
走り書|はしりがき|false
走り書き|はしりがき|true
走り高とび|はしりたかとび|false
走り高跳|はしりたかとび|false
走り高跳び|はしりたかとび|true
走り高飛び|はしりたかとび|false
走る|はしる|true
走召|ちょう|false
走塁|そうるい|true
走幅跳|はしりはばとび|false
走幅跳び|はしりはばとび|false
走書き|はしりがき|false
走者|そうしゃ|true
走行|そうこう|true
走高跳|はしりたかとび|false
走高跳び|はしりたかとび|false
赴く|おもむく|true
赴任|ふにん|true
起きあがる|おきあがる|false
起きる|おきる|true
起き上がりこぼし|おきあがりこぼし|true
起き上がり小法師|おきあがりこぼし|false
起き上がる|おきあがる|true
起き上り小法師|おきあがりこぼし|false
起き上る|おきあがる|false
起こす|おこす|true
起こる|おこる|true
起す|おこす|false
起ちあがる|たちあがる|false
起ちあげる|たちあげる|false
起ち上がる|たちあがる|false
起ち上げる|たちあげる|false
起る|おこる|false
起上がる|おきあがる|false
起上る|おきあがる|false
起上小法師|おきあがりこぼし|false
起伏|きふく|true
起債|きさい|true
起動|きどう|true
起原|きげん|false
起因|きいん|true
起工|きこう|true
起床|きしょう|true
起死回生|きしかいせい|true
起源|きげん|true
起点|きてん|true
起爆|きばく|true
起用|きよう|true
起立|きりつ|true
起草|きそう|true
起訴|きそ|true
起訴猶予|きそゆうよ|true
超|ちょう|true
超える|こえる|true
超す|こす|true
超人|ちょうじん|true
超伝導|ちょうでんどう|true
超党派|ちょうとうは|true
超特急|ちょうとっきゅう|true
超越|ちょうえつ|true
超過|ちょうか|true
超電導|ちょうでんどう|true
超音波|ちょうおんぱ|true
超音速|ちょうおんそく|true
越える|こえる|true
越し|ごし|true
越す|こす|true
越冬|えっとう|true
越境|えっきょう|true
越年|えつねん|true
越幾斯|エキス|false
越度|おちど|false
越後|えちご|true
越権|えっけん|true
越歴|エレキ|false
越歴機|エレキ|false
趣|おもむき|true
趣き|おもむき|false
趣く|おもむく|false
趣向|しゅこう|true
趣味|しゅみ|true
趣好|しゅこう|false
趣旨|しゅし|true
趨く|おもむく|false
趨る|はしる|false
足|あし|true
足あと|あしあと|true
足がかり|あしがかり|false
足し算|たしざん|true
足す|たす|true
足どり|あしどり|false
足ふみ|あしぶみ|false
足ぶみ|あしぶみ|false
足もと|あしもと|false
足りる|たりる|true
足る|たる|true
足下|あしもと|true
足並|あしなみ|false
足並み|あしなみ|true
足元|あしもと|true
足取り|あしどり|true
足場|あしば|true
足掛かり|あしがかり|true
足掛り|あしがかり|false
足早|あしばや|true
足止め|あしどめ|true
足留|あしどめ|false
足留め|あしどめ|false
足腰|あしこし|true
足袋|たび|true
足許|あしもと|false
足跡|あしあと|true
足踏み|あしぶみ|true
足速|あしばや|false
足音|あしおと|true
足頸|あしくび|false
足首|あしくび|true
趺坐|あぐら|false
距たる|へだたる|false
距てる|へだてる|false
距離|きょり|true
跡|あと|true
跡切れる|とぎれる|false
跡始末|あとしまつ|false
跡片づけ|あとかたづけ|false
跡片付け|あとかたづけ|false
跡絶える|とだえる|false
跡継|あとつぎ|false
跡継ぎ|あとつぎ|true
跣|はだし|false
跣足|はだし|false
跨がる|またがる|true
跨ぐ|またぐ|true
跨る|またがる|true
跪く|ひざまずく|true
跫|あしおと|false
跫音|あしおと|false
路|みち|false
路上|ろじょう|true
路地|ろじ|true
路線|ろせん|true
路線図|ろせんず|true
路草|みちくさ|false
路面|ろめん|true
跳ねあがる|はねあがる|false
跳ねる|はねる|true
跳ね上がる|はねあがる|true
跳ね上る|はねあがる|false
跳びあがる|とびあがる|false
跳びおりる|とびおりる|false
跳びだす|とびだす|false
跳び上がる|とびあがる|false
跳び上る|とびあがる|false
跳び下りる|とびおりる|false
跳び出す|とびだす|false
跳び降りる|とびおりる|false
跳ぶ|とぶ|true
跳上る|とびあがる|false
跳躍|ちょうやく|true
践む|ふむ|false
踊り|おどり|true
踊り場|おどりば|true
踊り子|おどりこ|true
踊る|おどる|true
踊場|おどりば|false
踊子|おどりこ|false
踏まえる|ふまえる|true
踏み切|ふみきり|false
踏み切り|ふみきり|false
踏み切る|ふみきる|true
踏み絵|ふみえ|true
踏む|ふむ|true
踏んばる|ふんばる|false
踏ん張る|ふんばる|true
踏切|ふみきり|true
踏切り|ふみきり|true
踏切る|ふみきる|false
踏絵|ふみえ|false
踞る|うずくまる|false
踠く|もがく|false
踵|かかと|true
蹌踉めく|よろめく|false
蹣跚めく|よろめく|false
蹲る|うずくまる|true
蹴る|ける|true
蹶る|ける|false
蹶起|けっき|false
躄蟹|ザリガニ|false
躊躇|ちゅうちょ|true
躊躇う|ためらう|true
躍り|おどり|true
躍動|やくどう|true
躍如|やくじょ|true
躍起|やっき|true
躍進|やくしん|true
躑躅|つつじ|false
躓く|つまずく|true
身|み|true
身うごき|みうごき|false
身うち|みうち|false
身がる|みがる|false
身なり|みなり|true
身につける|みにつける|true
身に付ける|みにつける|false
身に着ける|みにつける|false
身のまわり|みのまわり|false
身の上|みのうえ|true
身の周り|みのまわり|false
身の回り|みのまわり|true
身の廻り|みのまわり|false
身ぶり|みぶり|false
身ぶるい|みぶるい|false
身もと|みもと|false
身より|みより|false
身上|しんじょう|true
身代り|みがわり|false
身代わり|みがわり|true
身代金要求|みのしろきんようきゅう|true
身体|からだ|false
身体|しんたい|true
身体つき|からだつき|false
身体付き|からだつき|false
身体障がい者|しんたいしょうがいしゃ|false
身体障害者|しんたいしょうがいしゃ|true
身体障碍者|しんたいしょうがいしゃ|false
身元|みもと|true
身内|みうち|true
身分|みぶん|true
身分証明書|みぶんしょうめいしょ|true
身動き|みうごき|true
身寄|みより|false
身寄り|みより|true
身形|みなり|false
身心|しんしん|false
身投げ|みなげ|true
身振|みぶり|false
身振い|みぶるい|false
身振り|みぶり|true
身方|みかた|false
身替り|みがわり|false
身替わり|みがわり|false
身柄|みがら|true
身神|しんしん|false
身許|みもと|false
身軽|みがる|true
身辺|しんぺん|true
身近|みぢか|true
身長|しんちょう|true
身障者|しんしょうしゃ|true
身震い|みぶるい|true
身體|しんたい|false
躯|からだ|false
躰|からだ|false
躾|しつけ|true
躾け|しつけ|false
軀|からだ|false
軈て|やがて|false
車|くるま|true
車いす|くるまいす|false
車イス|くるまいす|false
車両|しゃりょう|true
車中|しゃちゅう|true
車体|しゃたい|true
車内|しゃない|true
車庫|しゃこ|true
車掌|しゃしょう|true
車椅子|くるまいす|true
車検|しゃけん|true
車種|しゃしゅ|true
車窓|しゃそう|true
車線|しゃせん|true
車軸|しゃじく|true
車輌|しゃりょう|true
車輛|しゃりょう|false
車輪|しゃりん|true
車道|しゃどう|true
軌範|きはん|false
軌跡|きせき|true
軌道|きどう|true
軍|いくさ|false
軍|ぐん|true
軍事|ぐんじ|true
軍人|ぐんじん|true
軍備|ぐんび|true
軍兵|ぐんぴょう|true
軍医|ぐんい|true
軍団|ぐんだん|true
軍国主義|ぐんこくしゅぎ|true
軍属|ぐんぞく|true
軍拡|ぐんかく|true
軍政|ぐんせい|true
軍服|ぐんぷく|true
軍機|ぐんき|true
軍港|ぐんこう|true
軍用|ぐんよう|true
軍縮|ぐんしゅく|true
軍艦|ぐんかん|true
軍部|ぐんぶ|true
軍配|ぐんばい|true
軍隊|ぐんたい|true
軍需|ぐんじゅ|true
軒|のき|true
軒並|のきなみ|true
軒並み|のきなみ|true
軒先|のきさき|true
軟らか|やわらか|true
軟らかい|やわらかい|true
軟化|なんか|true
軟式|なんしき|true
軟弱|なんじゃく|true
軟派|ナンパ|false
軟着陸|なんちゃくりく|true
軟禁|なんきん|true
軟骨|なんこつ|true
転々|てんてん|true
転がす|ころがす|true
転がる|ころがる|true
転じる|てんじる|true
転ぶ|ころぶ|true
転ぷく|てんぷく|false
転任|てんにん|true
転倒|てんとう|true
転出|てんしゅつ|true
転勤|てんきん|true
転向|てんこう|true
転売|てんばい|true
転嫁|てんか|true
転居|てんきょ|true
転戦|てんせん|true
転換|てんかん|true
転機|てんき|true
転用|てんよう|true
転移|てんい|true
転職|てんしょく|true
転落|てんらく|true
転覆|てんぷく|true
転身|てんしん|true
転転|てんてん|false
転送|てんそう|true
軸|じく|true
軽|けい|true
軽々|かるがる|true
軽い|かるい|true
軽はずみ|かるはずみ|true
軽べつ|けいべつ|false
軽やか|かろやか|true
軽傷|けいしょう|true
軽卒|けいそつ|false
軽多|カルタ|false
軽妙|けいみょう|true
軽工業|けいこうぎょう|true
軽快|けいかい|true
軽板|カルタ|false
軽油|けいゆ|true
軽減|けいげん|true
軽率|けいそつ|true
軽自動車|けいじどうしゃ|true
軽蔑|けいべつ|true
軽薄|けいはく|true
軽視|けいし|true
軽軽|かるがる|false
軽量|けいりょう|true
軽震|けいしん|true
軽音楽|けいおんがく|true
軽食|けいしょく|true
較べ|くらべ|false
較べる|くらべる|false
較正|こうせい|false
載せる|のせる|false
載る|のる|true
載録|さいろく|false
輒ち|すなわち|false
輔ける|たすける|false
輔佐|ほさ|false
輔助|ほじょ|false
輝かしい|かがやかしい|true
輝き|かがやき|true
輝く|かがやく|true
輝やかしい|かがやかしい|false
輝度|きど|true
輩出|はいしゅつ|true
輪|わ|true
輪かく|りんかく|false
輪ゴム|わゴム|true
輪切り|わぎり|true
輪廓|りんかく|false
輪番|りんばん|true
輪郭|りんかく|true
輸入|ゆにゅう|true
輸出|ゆしゅつ|true
輸出入|ゆしゅつにゅう|true
輸血|ゆけつ|true
輸送|ゆそう|true
輸銀|ゆぎん|true
輿論|よろん|false
轉任|てんにん|false
轉送|てんそう|false
轢く|ひく|true
辛い|からい|true
辛い|つらい|true
辛うじて|かろうじて|true
辛勝|しんしょう|true
辛口|からくち|true
辛子|からし|true
辛抱|しんぼう|true
辛棒|しんぼう|false
辛苦|しんく|true
辛酸|しんさん|true
辞|ことば|false
辞す|じす|true
辞める|やめる|true
辞令|じれい|true
辞任|じにん|true
辞典|じてん|true
辞意|じい|true
辞書|じしょ|true
辞職|じしょく|true
辞表|じひょう|true
辞退|じたい|true
辨|べん|false
辨える|わきまえる|false
辨償|べんしょう|false
辨務官|べんむかん|false
辨当|べんとう|false
辨慶|べんけい|false
辨明|べんめい|false
辨済|べんさい|false
辨當|べんとう|false
辭典|じてん|false
辭書|じしょ|false
辯|べん|false
辯明|べんめい|false
辯舌|べんぜつ|false
辯解|べんかい|false
辯論|べんろん|false
辯護|べんご|false
辰|たつ|true
辱|はじ|false
農|のう|true
農作業|のうさぎょう|true
農作物|のうさくぶつ|true
農協|のうきょう|true
農園|のうえん|true
農地|のうち|true
農地改革|のうちかいかく|true
農場|のうじょう|true
農学部|のうがくぶ|true
農家|のうか|true
農政|のうせい|true
農村|のうそん|true
農林|のうりん|true
農業|のうぎょう|true
農業協同組合|のうぎょうきょうどうくみあい|true
農民|のうみん|true
農法|のうほう|true
農産|のうさん|true
農産物|のうさんぶつ|true
農相|のうしょう|true
農耕|のうこう|true
農薬|のうやく|true
農閑期|のうかんき|true
辷る|すべる|false
辺|へん|true
辺り|あたり|true
辺地|へんち|true
辺境|へんきょう|true
辺疆|へんきょう|false
辻|つじ|true
辻褄|つじつま|true
辻風|せんぷう|false
込む|こむ|true
込める|こめる|true
辿りつく|たどりつく|false
辿り着く|たどりつく|true
辿る|たどる|true
迄|まで|false
迄も|までも|false
迄もない|までもない|false
迄も無い|までもない|false
迅速|じんそく|true
迎え|むかえ|true
迎えうつ|むかえうつ|false
迎える|むかえる|true
迎え打つ|むかえうつ|false
迎え撃つ|むかえうつ|true
迎え討つ|むかえうつ|false
迎合|げいごう|true
迎撃|げいげき|true
迎撃つ|むかえうつ|false
迎賓館|げいひんかん|true
近々|ちかぢか|true
近い|ちかい|true
近く|ちかく|true
近ごろ|ちかごろ|false
近ぢか|ちかぢか|false
近づき|ちかづき|true
近づく|ちかづく|true
近づける|ちかづける|true
近め|きんがん|false
近よる|ちかよる|false
近世|きんせい|true
近付き|ちかづき|false
近付く|ちかづく|true
近付ける|ちかづける|true
近代|きんだい|true
近代的|きんだいてき|true
近代詩|きんだいし|true
近作|きんさく|true
近寄せる|ちかよせる|true
近寄る|ちかよる|true
近年|きんねん|true
近所|きんじょ|true
近日|きんじつ|true
近況|きんきょう|true
近海|きんかい|true
近畿|きんき|true
近目|きんがん|false
近眼|きんがん|true
近著|きんちょ|true
近衛|このえ|true
近視|きんし|true
近親|きんしん|true
近距離|きんきょり|true
近路|ちかみち|false
近辺|きんぺん|true
近近|ちかぢか|false
近道|ちかみち|true
近郊|きんこう|true
近隣|きんりん|true
近頃|ちかごろ|true
返す|かえす|true
返り咲き|かえりざき|true
返る|かえる|true
返上|へんじょう|true
返事|へんじ|true
返信|へんしん|true
返却|へんきゃく|true
返咲き|かえりざき|false
返品|へんぴん|true
返済|へんさい|true
返答|へんとう|true
返辞|へんじ|false
返送|へんそう|true
返還|へんかん|true
返金|へんきん|true
迚も|とても|false
迫る|せまる|true
迫力|はくりょく|true
迫害|はくがい|true
迫撃|はくげき|true
迫撃砲|はくげきほう|true
迫間|はざま|false
迯げる|にげる|false
述べる|のべる|true
述懐|じゅっかい|true
迷い|まよい|true
迷う|まよう|true
迷信|めいしん|true
迷児|まいご|false
迷子|まいご|true
迷宮|めいきゅう|true
迷彩|めいさい|true
迷惑|めいわく|true
迷惑行為|めいわくこうい|true
迷路|めいろ|true
迹|あと|false
追いうち|おいうち|false
追いかける|おいかける|true
追いこす|おいこす|false
追いこみ|おいこみ|false
追いこむ|おいこむ|false
追いだす|おいだす|false
追いつく|おいつく|true
追いぬく|おいぬく|false
追い上げる|おいあげる|true
追い付く|おいつく|true
追い出す|おいだす|true
追い打ち|おいうち|false
追い抜く|おいぬく|true
追い掛ける|おいかける|false
追い撃ち|おいうち|false
追い着く|おいつく|false
追い討ち|おいうち|true
追い越す|おいこす|true
追い込み|おいこみ|true
追い込む|おいこむ|true
追い風|おいかぜ|true
追い駆ける|おいかける|false
追う|おう|true
追っかけ|おっかけ|true
追っかける|おっかける|true
追っ手|おって|true
追っ掛け|おっかけ|false
追っ掛ける|おっかける|false
追付く|おいつく|false
追伸|ついしん|true
追出す|おいだす|false
追加|ついか|true
追加料金|ついかりょうきん|true
追及|ついきゅう|true
追徴|ついちょう|true
追悼|ついとう|true
追手|おって|false
追打ち|おいうち|false
追抜く|おいぬく|false
追掛ける|おいかける|false
追撃|ついげき|true
追撃ち|おいうち|false
追放|ついほう|true
追求|ついきゅう|true
追申|ついしん|false
追着く|おいつく|false
追究|ついきゅう|true
追突|ついとつ|true
追窮|ついきゅう|false
追討ち|おいうち|false
追越す|おいこす|false
追跡|ついせき|true
追込み|おいこみ|false
追随|ついずい|true
追風|おいかぜ|false
退がる|さがる|false
退きどき|ひきどき|false
退き時|ひきどき|false
退く|しりぞく|true
退く|どく|true
退ける|どける|true
退ける|のける|true
退める|やめる|false
退任|たいにん|true
退却|たいきゃく|true
退去|たいきょ|true
退団|たいだん|true
退場|たいじょう|true
退学|たいがく|true
退官|たいかん|true
退屈|たいくつ|true
退廃|たいはい|true
退廃的|たいはいてき|true
退役|たいえき|true
退治|たいじ|true
退社|たいしゃ|true
退職|たいしょく|true
退避|たいひ|true
退院|たいいん|true
退陣|たいじん|true
送り|おくり|true
送りがな|おくりがな|false
送りこむ|おくりこむ|false
送り仮名|おくりがな|true
送り先|おくりさき|true
送り出し|おくりだし|true
送り込む|おくりこむ|true
送り返す|おくりかえす|true
送る|おくる|true
送付|そうふ|true
送信|そうしん|true
送別|そうべつ|true
送別会|そうべつかい|true
送料|そうりょう|true
送検|そうけん|true
送球|そうきゅう|true
送葬|そうそう|false
送迎|そうげい|true
送還|そうかん|true
送金|そうきん|true
送附|そうふ|false
送電|そうでん|true
逃がす|にがす|true
逃げ|にげ|true
逃げだす|にげだす|false
逃げる|にげる|true
逃げ出す|にげだす|true
逃げ切る|にげきる|true
逃げ足|にげあし|true
逃げ路|にげみち|false
逃げ道|にげみち|true
逃す|のがす|true
逃れる|のがれる|true
逃亡|とうぼう|true
逃出す|にげだす|false
逃切る|にげきる|false
逃走|とうそう|true
逃道|にげみち|false
逃避|とうひ|true
逆|ぎゃく|true
逆さ|さかさ|true
逆しま|さかしま|true
逆らう|さからう|true
逆上せる|のぼせる|true
逆上る|さかのぼる|false
逆効果|ぎゃくこうか|true
逆境|ぎゃっきょう|true
逆戻り|ぎゃくもどり|true
逆手|ぎゃくて|true
逆点|ぎゃくてん|false
逆立|さかだち|false
逆立ち|さかだち|true
逆襲|ぎゃくしゅう|true
逆説|ぎゃくせつ|true
逆転|ぎゃくてん|true
逆転勝ち|ぎゃくてんがち|true
逆輸入|ぎゃくゆにゅう|true
逆風|ぎゃくふう|true
透かさず|すかさず|false
透き|すき|false
透きとおる|すきとおる|false
透き徹る|すきとおる|false
透き通る|すきとおる|true
透き間|すきま|false
透さず|すかさず|false
透す|とおす|false
透る|とおる|false
透明|とうめい|true
透析|とうせき|true
透視|とうし|true
透間|すきま|false
逐う|おう|false
逐一|ちくいち|true
逐次|ちくじ|true
途|と|true
途|みち|false
途上|とじょう|true
途上国|とじょうこく|true
途中|とちゅう|true
途切れる|とぎれる|true
途惑う|とまどう|false
途方|とほう|true
途端|とたん|true
途端に|とたんに|true
途絶える|とだえる|true
逕路|けいろ|false
這う|はう|true
這入り込む|はいりこむ|false
這入る|はいる|false
這入口|いりぐち|false
通|つう|true
通い|かよい|true
通う|かよう|true
通し|とおし|true
通じ|つうじ|true
通じる|つうじる|true
通す|とおす|true
通り|とおり|true
通り|どおり|true
通りすぎる|とおりすぎる|false
通り過ぎる|とおりすぎる|true
通る|とおる|true
通例|つうれい|true
通俗的|つうぞくてき|true
通信|つうしん|true
通信社|つうしんしゃ|true
通信網|つうしんもう|true
通信衛星|つうしんえいせい|true
通信販売|つうしんはんばい|true
通勤|つうきん|true
通告|つうこく|true
通商|つうしょう|true
通報|つうほう|true
通夜|つや|true
通学|つうがく|true
通帳|つうちょう|true
通常|つうじょう|true
通年|つうねん|true
通念|つうねん|true
通産相|つうさんしょう|true
通産省|つうさんしょう|true
通用|つうよう|true
通知|つうち|true
通称|つうしょう|true
通算|つうさん|true
通行|つうこう|true
通行止|つうこうどめ|false
通行止め|つうこうどめ|true
通訳|つうやく|true
通話|つうわ|true
通貨|つうか|true
通販|つうはん|true
通路|つうろ|true
通過|つうか|true
通達|つうたつ|true
通関|つうかん|true
通院|つういん|true
逝去|せいきょ|true
逞しい|たくましい|true
速い|はやい|true
速く|はやく|true
速さ|はやさ|true
速まる|はやまる|false
速める|はやめる|true
速やか|すみやか|true
速力|そくりょく|true
速口|はやくち|false
速報|そくほう|true
速度|そくど|true
速攻|そっこう|true
速球|そっきゅう|true
速記|そっき|true
速達|そくたつ|true
速達便|そくたつびん|true
造り|つくり|true
造りあげる|つくりあげる|false
造りだす|つくりだす|false
造り上げる|つくりあげる|false
造り出す|つくりだす|false
造る|つくる|true
造反|ぞうはん|true
造型|ぞうけい|false
造形|ぞうけい|true
造成|ぞうせい|true
造船|ぞうせん|true
造語|ぞうご|true
逢う|あう|true
連なる|つらなる|true
連ねる|つらねる|true
連らく|れんらく|false
連れ|つれ|true
連れ|づれ|true
連れていく|つれていく|true
連れてくる|つれてくる|true
連れてゆく|つれていく|false
連れて来る|つれてくる|true
連れて行く|つれていく|true
連れる|つれる|true
連れ去る|つれさる|true
連中|れんちゅう|true
連休|れんきゅう|true
連作|れんさく|true
連係|れんけい|true
連係プレー|れんけいプレー|true
連動|れんどう|true
連勝|れんしょう|true
連去る|つれさる|false
連合|れんごう|true
連合会|れんごうかい|true
連名|れんめい|true
連坐|れんざ|false
連峯|れんぽう|false
連峰|れんぽう|true
連帯|れんたい|true
連座|れんざ|true
連想|れんそう|true
連戦|れんせん|true
連打|れんだ|true
連投|れんとう|true
連捷|れんしょう|false
連携|れんけい|true
連携プレー|れんけいプレー|false
連敗|れんぱい|true
連日|れんじつ|true
連用|れんよう|true
連発|れんぱつ|true
連盟|れんめい|true
連立|れんりつ|true
連結|れんけつ|true
連絡|れんらく|true
連絡先|れんらくさき|true
連続|れんぞく|true
連繋|れんけい|false
連行|れんこう|true
連覇|れんぱ|true
連載|れんさい|true
連邦|れんぽう|true
連鎖|れんさ|true
連関|れんかん|true
連隊|れんたい|true
逮捕|たいほ|true
週|しゅう|true
週あけ|しゅうあけ|false
週休|しゅうきゅう|true
週内|しゅうない|true
週刊|しゅうかん|true
週刊誌|しゅうかんし|true
週明け|しゅうあけ|true
週末|しゅうまつ|true
週間|しゅうかん|true
週間誌|しゅうかんし|false
進み|すすみ|true
進む|すすむ|true
進める|すすめる|true
進入|しんにゅう|true
進出|しんしゅつ|true
進化|しんか|true
進呈|しんてい|true
進学|しんがく|true
進展|しんてん|true
進捗|しんちょく|true
進撃|しんげき|true
進攻|しんこう|true
進歩|しんぽ|true
進級|しんきゅう|true
進行|しんこう|true
進路|しんろ|true
進退|しんたい|true
進退伺|しんたいうかがい|false
進退伺い|しんたいうかがい|true
進陟|しんちょく|false
進駐|しんちゅう|true
逸らす|そらす|true
逸れる|それる|true
逸れる|はぐれる|true
逸品|いっぴん|true
逸早く|いちはやく|false
逸脱|いつだつ|true
逸話|いつわ|true
逸速く|いちはやく|false
逼る|せまる|false
遁げる|にげる|false
遁す|のがす|false
遁れる|のがれる|false
遂げる|とげる|true
遂に|ついに|true
遂行|すいこう|true
遅々|ちち|true
遅い|おそい|true
遅す|おくらす|false
遅らす|おくらす|true
遅れ|おくれ|true
遅れる|おくれる|true
遅刻|ちこく|true
遅咲|おそざき|false
遅咲き|おそざき|true
遅延|ちえん|true
遅滞|ちたい|true
遅遅|ちち|false
遅配|ちはい|true
遇う|あう|false
遇然|ぐうぜん|false
遉|さすが|false
遊び|あそび|true
遊び場|あそびば|true
遊び相手|あそびあいて|true
遊ぶ|あそぶ|true
遊休|ゆうきゅう|true
遊園地|ゆうえんち|true
遊戯|ゆうぎ|true
遊撃|ゆうげき|true
遊撃手|ゆうげきしゅ|true
遊歩|ゆうほ|true
遊牧|ゆうぼく|true
遊覧|ゆうらん|true
遊説|ゆうぜい|true
運|うん|true
運び|はこび|true
運ぶ|はこぶ|true
運よく|うんよく|false
運休|うんきゅう|true
運動|うんどう|true
運動不足|うんどうぶそく|true
運動会|うんどうかい|true
運動場|うんどうじょう|true
運命|うんめい|true
運営|うんえい|true
運搬|うんぱん|true
運河|うんが|true
運用|うんよう|true
運航|うんこう|true
運良く|うんよく|true
運行|うんこう|true
運賃|うんちん|true
運転|うんてん|true
運転免許|うんてんめんきょ|true
運転士|うんてんし|true
運転手|うんてんしゅ|true
運輸|うんゆ|true
運輸省|うんゆしょう|true
運送|うんそう|true
遍歴|へんれき|true
過ぎ|すぎ|true
過ぎる|すぎる|true
過ごす|すごす|true
過す|すごす|false
過ち|あやまち|true
過って|あやまって|false
過剰|かじょう|true
過労|かろう|true
過半数|かはんすう|true
過去|かこ|true
過多|かた|true
過大|かだい|true
過失|かしつ|true
過失致死|かしつちし|true
過密|かみつ|true
過小評価|かしょうひょうか|true
過少評価|かしょうひょうか|false
過度|かど|true
過当|かとう|true
過敏|かびん|true
過渡|かと|true
過渡期|かとき|true
過激|かげき|true
過熱|かねつ|true
過疎|かそ|true
過程|かてい|true
過言|かごん|true
過酷|かこく|true
道|みち|true
道のり|みちのり|true
道ばた|みちばた|false
道具|どうぐ|true
道場|どうじょう|true
道徳|どうとく|true
道理|どうり|true
道程|みちのり|true
道端|みちばた|true
道筋|みちすじ|true
道義|どうぎ|true
道義的責任|どうぎてきせきにん|true
道草|みちくさ|true
道路|どうろ|true
道順|みちじゅん|true
達|たち|true
達する|たっする|true
達人|たつじん|true
達成|たっせい|true
達磨|だるま|true
達筆|たっぴつ|true
達者|たっしゃ|true
達頼喇嘛|ダライラマ|false
違い|ちがい|true
違いない|ちがいない|true
違い無い|ちがいない|false
違う|ちがう|true
違反|いはん|true
違和感|いわかん|true
違憲|いけん|true
違法|いほう|true
遙か|はるか|false
遠い|とおい|true
遠く|とおく|true
遠ざかる|とおざかる|true
遠山|えんざん|true
遠征|えんせい|true
遠心力|えんしんりょく|true
遠慮|えんりょ|true
遠方|えんぽう|true
遠泳|えんえい|true
遠浅|とおあさ|true
遠足|えんそく|true
遠距離|えんきょり|true
遠近法|えんきんほう|true
遠隔|えんかく|true
遡る|さかのぼる|true
遣い|つかい|false
遣い捨て|つかいすて|false
遣い方|つかいかた|false
遣う|つかう|false
遣す|よこす|false
遣って来る|やってくる|false
遣りなおす|やりなおす|false
遣り切れない|やりきれない|false
遣り取り|やりとり|false
遣り方|やりかた|false
遣り甲斐|やりがい|false
遣り直し|やりなおし|false
遣り直す|やりなおす|false
遣り繰り|やりくり|false
遣り過ごす|やりすごす|false
遣り過す|やりすごす|false
遣る|やる|false
遣る気|やるき|false
遣唐使|けんとうし|true
遣直|やりなおし|false
遥か|はるか|true
適|たまたま|false
適する|てきする|true
適に|たまに|false
適わない|かなわない|false
適中|てきちゅう|false
適切|てきせつ|true
適合|てきごう|true
適宜|てきぎ|true
適度|てきど|true
適当|てきとう|true
適応|てきおう|true
適性|てきせい|true
適時|てきじ|true
適格|てきかく|true
適正|てきせい|true
適法|てきほう|true
適用|てきよう|true
適確|てきかく|true
適量|てきりょう|true
適齢|てきれい|true
適齢期|てきれいき|true
遭う|あう|true
遭遇|そうぐう|true
遭難|そうなん|true
遮る|さえぎる|true
遮断|しゃだん|true
遮断器|しゃだんき|true
遮断機|しゃだんき|true
遲い|おそい|false
遵う|したがう|false
遵守|じゅんしゅ|true
遷す|うつす|false
遷る|うつる|false
遷都|せんと|true
選|せん|true
選ぶ|えらぶ|true
選りすぐり|よりすぐり|true
選り分ける|よりわける|true
選る|よる|true
選任|せんにん|true
選出|せんしゅつ|true
選別|せんべつ|true
選奨|せんしょう|true
選定|せんてい|true
選手|せんしゅ|true
選手村|せんしゅむら|true
選手権|せんしゅけん|true
選抜|せんばつ|true
選択|せんたく|true
選択科目|せんたくかもく|true
選択肢|せんたくし|true
選挙|せんきょ|true
選挙人|せんきょにん|true
選挙戦|せんきょせん|true
選挙権|せんきょけん|true
選挙運動|せんきょうんどう|true
選考|せんこう|true
選者|せんじゃ|true
選衡|せんこう|false
遺る|のこる|false
遺伝|いでん|true
遺伝子|いでんし|true
遺体|いたい|true
遺作|いさく|true
遺児|いじ|true
遺品|いひん|true
遺失物|いしつぶつ|true
遺影|いえい|true
遺志|いし|true
遺恨|いこん|true
遺憾|いかん|true
遺族|いぞく|true
遺書|いしょ|true
遺棄|いき|true
遺構|いこう|true
遺物|いぶつ|true
遺産|いさん|true
遺言|ゆいごん|true
遺跡|いせき|true
遺蹟|いせき|false
遺骨|いこつ|true
遽しい|あわただしい|false
避ける|さける|true
避る|さる|false
避妊|ひにん|true
避暑|ひしょ|true
避難|ひなん|true
避難民|ひなんみん|true
邀える|むかえる|false
邀え撃つ|むかえうつ|false
還す|かえす|false
還り|かえり|false
還る|かえる|false
還付|かんぷ|true
還元|かんげん|true
還境|かんきょう|false
還暦|かんれき|true
還流|かんりゅう|true
邌る|ねる|false
邦|くに|false
邦人|ほうじん|true
邦楽|ほうがく|true
邦画|ほうが|true
邪|よこしま|true
邪ま|よこしま|false
邪道|じゃどう|true
邪魔|じゃま|true
邸|やしき|true
邸内|ていない|true
邸宅|ていたく|true
郊外|こうがい|true
郡|ぐん|true
郡部|ぐんぶ|true
部|ぶ|true
部下|ぶか|true
部会|ぶかい|true
部位|ぶい|true
部内|ぶない|true
部分|ぶぶん|true
部分的|ぶぶんてき|true
部品|ぶひん|true
部員|ぶいん|true
部局|ぶきょく|true
部屋|へや|true
部所|ぶしょ|false
部数|ぶすう|true
部族|ぶぞく|true
部活|ぶかつ|true
部署|ぶしょ|true
部落|ぶらく|true
部長|ぶちょう|true
部門|ぶもん|true
部隊|ぶたい|true
部首|ぶしゅ|true
郵便|ゆうびん|true
郵便局|ゆうびんきょく|true
郵政|ゆうせい|true
郵政省|ゆうせいしょう|true
郵貯|ゆうちょ|true
郵貯銀行|ゆうちょぎんこう|false
郵送|ゆうそう|true
郷土|きょうど|true
郷愁|きょうしゅう|true
郷里|きょうり|true
都|みやこ|true
都て|かつて|false
都会|とかい|true
都内|とない|true
都合|つごう|true
都営|とえい|true
都市|とし|true
都市ガス|としガス|true
都市計画|としけいかく|true
都市部|としぶ|true
都庁|とちょう|true
都度|つど|true
都心|としん|true
都政|とせい|true
都民|とみん|true
都立|とりつ|true
都議|とぎ|true
都道府県|とどうふけん|true
鄙しい|いやしい|false
鄙劣|ひれつ|false
鄭重|ていちょう|false
鄰|となり|false
酉|とり|true
酌み取る|くみとる|false
配りもの|くばりもの|false
配り物|くばりもの|true
配る|くばる|true
配信|はいしん|true
配偶者|はいぐうしゃ|true
配備|はいび|true
配分|はいぶん|true
配列|はいれつ|true
配合|はいごう|true
配属|はいぞく|true
配布|はいふ|true
配当|はいとう|true
配役|はいやく|true
配慮|はいりょ|true
配本|はいほん|true
配球|はいきゅう|true
配管|はいかん|true
配給|はいきゅう|true
配線|はいせん|true
配置|はいち|true
配送|はいそう|true
配送先|はいそうさき|true
配達|はいたつ|true
配電|はいでん|true
酎ハイ|チューハイ|false
酒|さけ|true
酒場|さかば|true
酒屋|さかや|true
酒店|さかだな|true
酒盃|さかずき|false
酒税|しゅぜい|true
酒造|しゅぞう|true
酒類|しゅるい|true
酔い|よい|true
酔う|よう|true
酔っぱらい|よっぱらい|false
酔っぱらう|よっぱらう|false
酔っ払い|よっぱらい|true
酔っ払う|よっぱらう|true
酔払い|よっぱらい|false
酔払う|よっぱらう|false
酢|す|true
酢のもの|すのもの|false
酢の物|すのもの|true
酢酸|さくさん|true
酪農|らくのう|true
酬いる|むくいる|false
酬われる|むくわれる|false
酵母|こうぼ|true
酵素|こうそ|true
酷|こく|true
酷い|ひどい|true
酷く|ひどく|true
酷しい|きびしい|false
酷似|こくじ|true
酷使|こくし|true
酷暑|こくしょ|true
酷評|こくひょう|true
酸|さん|true
酸|す|false
酸っぱい|すっぱい|true
酸み|さんみ|false
酸化|さんか|true
酸味|さんみ|true
酸性|さんせい|true
酸素|さんそ|true
醋|す|false
醋酸|さくさん|false
醒ます|さます|false
醒める|さめる|false
醗酵|はっこう|false
醜い|みにくい|true
醜しい|みぐるしい|false
醜体|しゅうたい|false
醜女|しゅうじょ|true
醜悪|しゅうあく|true
醜態|しゅうたい|true
醜聞|しゅうぶん|true
醤油|しょうゆ|true
醫師|いし|false
醫者|いしゃ|false
醫院|いいん|false
醬油|しょうゆ|false
醱酵|はっこう|false
醵出|きょしゅつ|false
醸成|じょうせい|true
醸造|じょうぞう|true
釈放|しゃくほう|true
釈明|しゃくめい|true
釈迦|しゃか|true
里|り|true
里がえり|さとがえり|false
里子|さとご|true
里帰|さとがえり|false
里帰り|さとがえり|true
里親|さとおや|true
重|おも|false
重い|おもい|true
重き|おもき|true
重さ|おもさ|true
重し|おもし|true
重たい|おもたい|true
重なる|かさなる|true
重ねる|かさねる|true
重ね合わせ|かさねあわせ|true
重み|おもみ|true
重る|おもる|true
重んじる|おもんじる|true
重んずる|おもんずる|true
重体|じゅうたい|true
重傷|じゅうしょう|true
重力|じゅうりょく|true
重加算税|じゅうかさんぜい|true
重厚|じゅうこう|true
重味|おもみ|false
重圧|じゅうあつ|true
重大|じゅうだい|true
重宝|ちょうほう|true
重層|じゅうそう|true
重工業|じゅうこうぎょう|true
重度|じゅうど|true
重役|じゅうやく|true
重復|ちょうふく|false
重心|じゅうしん|true
重態|じゅうたい|true
重手|じゅうしょう|false
重油|じゅうゆ|true
重点|じゅうてん|true
重点的|じゅうてんてき|true
重病|じゅうびょう|true
重症|じゅうしょう|true
重石|おもし|false
重箱|じゅうばこ|true
重苦しい|おもくるしい|true
重荷|おもに|true
重複|ちょうふく|true
重要|じゅうよう|true
重要性|じゅうようせい|true
重要文化財|じゅうようぶんかざい|true
重要視|じゅうようし|true
重視|じゅうし|true
重責|じゅうせき|true
重量|じゅうりょう|true
重鎮|じゅうちん|true
野|の|true
野中|のなか|true
野党|やとう|true
野原|のはら|true
野合|やごう|true
野呂松|のろま|false
野呂間|のろま|false
野外|やがい|true
野山|のやま|true
野心|やしん|true
野性|やせい|true
野手|やしゅ|true
野放し|のばなし|true
野暮|やぼ|true
野望|やぼう|true
野末|のずえ|true
野犬|やけん|true
野獣|やじゅう|true
野球|やきゅう|true
野球部|やきゅうぶ|true
野生|やせい|true
野菜|やさい|true
野蛮|やばん|true
野郎|やろう|true
野鳥|やちょう|true
量|りょう|true
量りしれない|はかりしれない|false
量り知れない|はかりしれない|false
量る|はかる|true
量刑|りょうけい|true
量産|りょうさん|true
量的|りょうてき|true
量販店|りょうはんてん|true
釐|りん|false
金|かね|true
金|きん|true
金|こがね|false
金がない|かねがない|true
金が無い|かねがない|false
金しばり|かなしばり|false
金ぞく|きんぞく|false
金づち|かなづち|false
金もうけ|かねもうけ|false
金儲け|かねもうけ|true
金具|かなぐ|true
金利|きんり|true
金品|きんぴん|true
金塊|きんかい|true
金屏風|きんびょうぶ|true
金属|きんぞく|true
金庫|きんこ|true
金持|かねもち|false
金持ち|かねもち|true
金星|きんせい|true
金星|きんぼし|true
金曜|きんよう|true
金曜日|きんようび|true
金槌|かなづち|true
金権|きんけん|true
金石|きんせき|true
金糸雀|カナリア|false
金網|かなあみ|true
金縛り|かなしばり|true
金脈|きんみゃく|true
金色|きんいろ|true
金融|きんゆう|true
金融市場|きんゆうしじょう|true
金融庁|きんゆうちょう|true
金融機関|きんゆうきかん|true
金貨|きんか|true
金銭|きんせん|true
金額|きんがく|true
金髪|きんぱつ|true
金魚|きんぎょ|true
釘|くぎ|true
釜|かま|true
針|はり|true
針灸|しんきゅう|false
針金|はりがね|true
釣|つり|false
釣り|つり|true
釣りばり|つりばり|false
釣り合い|つりあい|true
釣り合う|つりあう|true
釣り堀|つりぼり|true
釣り針|つりばり|true
釣り鉤|つりばり|false
釣り銭|つりせん|true
釣る|つる|true
釣合|つりあい|true
釣合い|つりあい|true
釣合う|つりあう|false
釣堀|つりぼり|false
釣針|つりばり|false
釣鉤|つりばり|false
釣銭|つりせん|false
釦|ボタン|false
鈍い|おそい|false
鈍い|にぶい|true
鈍い|のろい|true
鈍る|にぶる|true
鈍化|どんか|true
鈍器|どんき|true
鈍感|どんかん|true
鈍間|のろま|false
鈎|はり|false
鈔本|しょうほん|false
鈕|ボタン|false
鈴|すず|true
鉄|てつ|true
鉄工|てっこう|true
鉄板|てっぱん|true
鉄棒|てつぼう|true
鉄橋|てっきょう|true
鉄炮|てっぽう|false
鉄砲|てっぽう|true
鉄筋|てっきん|true
鉄葉|ブリキ|false
鉄製|てっせい|true
鉄道|てつどう|true
鉄鈑|てっぱん|false
鉄鉱|てっこう|true
鉄鋼|てっこう|true
鉄鎚|かなづち|false
鉄骨|てっこつ|true
鉉|つる|false
鉛|なまり|true
鉛筆|えんぴつ|true
鉢|はち|true
鉢巻|はちまき|true
鉢巻き|はちまき|true
鉢植|はちうえ|false
鉢植え|はちうえ|true
鉤|はり|false
鉱区|こうく|true
鉱山|こうざん|true
鉱業|こうぎょう|true
鉱物|こうぶつ|true
鉱石|こうせき|true
鉾|ほこ|false
鉾先|ほこさき|false
銀|ぎん|true
銀口魚|あゆ|false
銀座|ぎんざ|true
銀持|かねもち|false
銀杯|ぎんぱい|true
銀河|ぎんが|true
銀盃|ぎんぱい|false
銀紙|ぎんがみ|true
銀色|ぎんいろ|true
銀行|ぎんこう|true
銀貨|ぎんか|true
銃|じゅう|true
銃器|じゅうき|true
銃声|じゅうせい|true
銃弾|じゅうだん|true
銃撃|じゅうげき|true
銃殺|じゅうさつ|true
銅|どう|true
銅像|どうぞう|true
銅山|どうざん|true
銅版画|どうはんが|true
銅貨|どうか|true
銑鉄|せんてつ|true
銓衡|せんこう|false
銘々|めいめい|true
銘作|めいさく|false
銘名|めいめい|false
銘柄|めいがら|true
銘記|めいき|true
銘銘|めいめい|false
銚子|ちょうし|true
銜む|ふくむ|false
銭|せん|true
銭湯|せんとう|true
銹|さび|false
鋏|はさみ|false
鋒|ほこ|false
鋒|ほこさき|false
鋒先|ほこさき|false
鋤焼|すきやき|false
鋤焼き|すきやき|false
鋪|ほ|false
鋪装|ほそう|false
鋭い|するどい|true
鋭利|えいり|true
鋭敏|えいびん|true
鋭角|えいかく|true
鋳る|いる|true
鋳型|いがた|true
鋳物|いもの|true
鋳造|ちゅうぞう|true
鋸|のこぎり|true
鋼|はがね|true
鋼材|こうざい|true
鋼板|こうはん|true
鋼鈑|こうはん|false
鋼鉄|こうてつ|true
錄音|ろくおん|false
錆|さび|true
錆び|さび|false
錆びる|さびる|true
錠|じょう|true
錠剤|じょうざい|true
錢|せん|false
錦|にしき|true
錨|いかり|true
錫|すず|true
錬り|ねり|false
錬る|ねる|false
錬金術|れんきんじゅつ|true
錬金術師|れんきんじゅつし|true
錯る|こする|false
錯乱|さくらん|true
錯覚|さっかく|true
錯誤|さくご|true
録る|とる|false
録画|ろくが|true
録音|ろくおん|true
録音テープ|ろくおんテープ|true
錺る|かざる|false
錻|ブリキ|false
錻力|ブリキ|false
鍋|なべ|true
鍛える|きたえる|true
鍛練|たんれん|false
鍛錬|たんれん|true
鍵|かぎ|true
鍵盤|けんばん|true
鍼灸|しんきゅう|true
鍾乳洞|しょうにゅうどう|true
鎌|かま|true
鎌倉|かまくら|true
鎔く|とく|false
鎔接|ようせつ|false
鎔解|ようかい|false
鎔鉱炉|ようこうろ|false
鎖|くさり|true
鎖|じょう|false
鎖す|とざす|false
鎖国|さこく|true
鎗|やり|false
鎧|よろい|true
鎮まる|しずまる|true
鎮める|しずめる|true
鎮主|ちんじゅ|false
鎮圧|ちんあつ|true
鎮守|ちんじゅ|true
鎮痛剤|ちんつうざい|true
鎮魂|ちんこん|true
鏁|くさり|false
鏁|じょう|false
鏈|くさり|false
鏡|かがみ|true
鏡台|きょうだい|true
鏽|さび|false
鐘|かね|true
鐘乳洞|しょうにゅうどう|false
鐘楼|しょうろう|true
鐫る|ほる|false
鐵|てつ|false
鑄る|いる|false
鑑別|かんべつ|true
鑑定|かんてい|true
鑑査|かんさ|false
鑑賞|かんしょう|true
鑓|やり|false
鑰|かぎ|false
鑵|かん|false
長|たけ|false
長|ちょう|true
長い|ながい|true
長いあいだ|ながいあいだ|false
長い間|ながいあいだ|true
長さ|ながさ|true
長そで|ながそで|false
長つづき|ながつづき|false
長びく|ながびく|false
長もち|ながもち|false
長らく|ながらく|true
長久|ちょうきゅう|true
長唄|ながうた|true
長大|ちょうだい|true
長女|ちょうじょ|true
長官|ちょうかん|true
長家|ながや|false
長寿|ちょうじゅ|true
長居|ながい|true
長屋|ながや|true
長崎|ながさき|true
長年|ながねん|true
長引く|ながびく|true
長所|ちょうしょ|true
長打|ちょうだ|true
長持|ながもち|false
長持ち|ながもち|true
長方形|ちょうほうけい|true
長時間|ちょうじかん|true
長期|ちょうき|true
長期的|ちょうきてき|true
長生き|ながいき|true
長男|ちょうなん|true
長短|ちょうたん|true
長篇|ちょうへん|false
長続|ながつづき|false
長続き|ながつづき|true
長編|ちょうへん|true
長老|ちょうろう|true
長者|ちょうじゃ|true
長蛇の列|ちょうだのれつ|true
長袖|ながそで|true
長話|ながばなし|true
長調|ちょうちょう|true
長距離|ちょうきょり|true
長身|ちょうしん|true
長閑|のどか|true
長閑か|のどか|false
長雨|ながあめ|true
門|と|false
門|もん|true
門下|もんか|true
門下生|もんかせい|true
門前|もんぜん|true
門前払|もんぜんばらい|false
門前払い|もんぜんばらい|true
門外漢|もんがいかん|true
門戸|もんこ|true
門扉|もんぴ|true
門松|かどまつ|true
閃く|ひらめく|true
閉ざす|とざす|true
閉じこめる|とじこめる|false
閉じこもる|とじこもる|true
閉じる|とじる|true
閉じ篭もる|とじこもる|false
閉じ篭る|とじこもる|false
閉じ籠もる|とじこもる|false
閉じ籠る|とじこもる|false
閉じ込める|とじこめる|true
閉じ込もる|とじこもる|false
閉そく|へいそく|false
閉まる|しまる|true
閉めだす|しめだす|false
閉める|しめる|true
閉め出す|しめだす|false
閉め切り|しめきり|false
閉め切る|しめきる|false
閉会|へいかい|true
閉切り|しめきり|false
閉切る|しめきる|false
閉口|へいこう|true
閉塞|へいそく|true
閉幕|へいまく|true
閉店|へいてん|true
閉篭もる|とじこもる|false
閉篭る|とじこもる|false
閉籠もる|とじこもる|false
閉籠る|とじこもる|false
閉込める|とじこめる|false
閉鎖|へいさ|true
閊える|つかえる|false
開き|ひらき|true
開きなおる|ひらきなおる|false
開き治る|ひらきなおる|false
開き直る|ひらきなおる|true
開く|あく|true
開く|ひらく|true
開ける|あける|true
開ける|ひらける|true
開会|かいかい|true
開催|かいさい|true
開口|かいこう|true
開国|かいこく|true
開城|かいじょう|true
開場|かいじょう|true
開墾|かいこん|true
開始|かいし|true
開始時刻|かいしじこく|true
開封|かいふう|true
開局|かいきょく|true
開幕|かいまく|true
開店|かいてん|true
開廷|かいてい|true
開戦|かいせん|true
開拓|かいたく|true
開拓者|かいたくしゃ|true
開放|かいほう|true
開校|かいこう|true
開業|かいぎょう|true
開業医|かいぎょうい|true
開港|かいこう|true
開演|かいえん|true
開発|かいはつ|true
開発元|かいはつもと|true
開発者|かいはつしゃ|true
開発途上国|かいはつとじょうこく|true
開発部|かいはつぶ|true
開示|かいじ|true
開票|かいひょう|true
開花|かいか|true
開設|かいせつ|true
開通|かいつう|true
開閉|かいへい|true
開館|かいかん|true
閏年|うるうどし|true
閑|ひま|false
閑か|しずか|false
閑散|かんさん|true
閑静|かんせい|true
間|あいだ|true
間|かん|true
間|はざま|false
間|ま|true
間がら|あいだがら|false
間じゅう|あいだじゅう|false
間にあう|まにあう|false
間に合う|まにあう|true
間に合せ|まにあわせ|true
間に合せる|まにあわせる|false
間に合わせ|まにあわせ|true
間に合わせる|まにあわせる|true
間もなく|まもなく|true
間も無く|まもなく|true
間一発|かんいっぱつ|false
間一髪|かんいっぱつ|true
間中|あいだじゅう|true
間伐|かんばつ|true
間借り|まがり|true
間取|まどり|false
間取り|まどり|true
間口|まぐち|true
間抜け|まぬけ|true
間接|かんせつ|true
間接的|かんせつてき|true
間接税|かんせつぜい|true
間柄|あいだがら|true
間近|まぢか|true
間違い|まちがい|true
間違いない|まちがいない|true
間違い無い|まちがいない|false
間違う|まちがう|true
間違える|まちがえる|true
間隔|かんかく|true
間際|まぎわ|true
間食|かんしょく|true
関|せき|true
関する|かんする|true
関らず|かかわらず|false
関る|かかわる|false
関わらず|かかわらず|true
関わる|かかわる|true
関与|かんよ|true
関係|かんけい|true
関係者|かんけいしゃ|true
関取|せきとり|true
関心|かんしん|true
関心ごと|かんしんじ|false
関心事|かんしんじ|true
関東|かんとう|true
関渉|かんしょう|false
関知|かんち|true
関税|かんぜい|true
関節|かんせつ|true
関聯|かんれん|false
関脇|せきわけ|true
関西|かんさい|true
関西人|かんさいじん|true
関西弁|かんさいべん|true
関西辯|かんさいべん|false
関連|かんれん|true
関門|かんもん|true
閣下|かっか|true
閣僚|かくりょう|true
閣内|かくない|true
閣議|かくぎ|true
閥|ばつ|true
閲覧|えつらん|true
閾|しきい|false
閾値|いきち|true
闇|やみ|true
闇い|くらい|false
闇黒|あんこく|false
闌干|らんかん|false
闔|とびら|false
闕く|かく|false
闕ける|かける|false
闕乏|けつぼう|false
闕員|けついん|false
闘い|たたかい|false
闘う|たたかう|true
闘争|とうそう|true
闘士|とうし|true
闘志|とうし|true
闘病|とうびょう|true
阡|せん|false
阪|さか|false
阪神|はんしん|true
防ぐ|ふせぐ|true
防害|ぼうがい|false
防弾|ぼうだん|true
防御|ぼうぎょ|true
防戦|ぼうせん|true
防止|ぼうし|true
防水|ぼうすい|true
防波堤|ぼうはてい|true
防火|ぼうか|true
防災|ぼうさい|true
防犯|ぼうはん|true
防犯カメラ|ぼうはんカメラ|true
防疫|ぼうえき|true
防禦|ぼうぎょ|false
防空|ぼうくう|true
防衛|ぼうえい|true
防衛庁|ぼうえいちょう|true
防衛施設庁|ぼうえいしせつちょう|true
防護|ぼうご|true
防音|ぼうおん|true
阻む|はばむ|true
阻害|そがい|true
阻止|そし|true
阻碍|そがい|false
阻礙|そがい|false
阿呆|アホ|true
阿弗利加|アフリカ|false
阿弥陀|あみだ|true
阿彌陀|あみだ|false
阿房|アホ|false
阿米利加|アメリカ|false
阿蘭陀|オランダ|false
阿魔|あま|false
附いて来る|ついてくる|false
附く|つく|false
附け|つけ|false
附ける|つける|false
附け加える|つけくわえる|false
附け根|つけね|false
附与|ふよ|false
附加|ふか|false
附加える|つけくわえる|false
附属|ふぞく|true
附帯|ふたい|false
附根|つけね|false
附添い|つきそい|false
附着|ふちゃく|false
附近|ふきん|false
附録|ふろく|false
陌|ひゃく|false
降す|くだす|false
降り|くだり|false
降りる|おりる|true
降る|くだる|false
降る|ふる|true
降ろす|おろす|true
降下|こうか|true
降伏|こうふく|true
降参|こうさん|true
降服|こうふく|false
降板|こうばん|true
降格|こうかく|true
降水|こうすい|true
降水量|こうすいりょう|true
降雨|こうう|true
降雪|こうせつ|true
限|きり|false
限り|かぎり|true
限り|きり|false
限りない|かぎりない|true
限り無い|かぎりない|false
限り限り|ぎりぎり|true
限る|かぎる|true
限定|げんてい|true
限度|げんど|true
限度額|げんどがく|true
限界|げんかい|true
陛下|へいか|true
陞進|しょうしん|false
院内|いんない|true
院長|いんちょう|true
陣中|じんちゅう|true
陣営|じんえい|true
陣地|じんち|true
陣容|じんよう|true
陣痛|じんつう|true
陣頭|じんとう|true
除々に|じょじょに|false
除いて|のぞいて|true
除く|のぞく|true
除ける|さける|false
除ける|のける|false
除去|じょきょ|true
除名|じょめい|true
除外|じょがい|true
除籍|じょせき|true
除草|じょそう|true
除菌|じょきん|true
除行|じょこう|false
除除に|じょじょに|false
陥し穴|おとしあな|false
陥とし穴|おとしあな|false
陥る|おちいる|true
陥没|かんぼつ|true
陥穴|おとしあな|false
陥落|かんらく|true
陪審|ばいしん|true
陰|かげ|true
陰か|ひそか|false
陰り|かげり|true
陰口|かげぐち|true
陰性|いんせい|true
陰気|いんき|true
陰神|めがみ|false
陰語|いんご|false
陰謀|いんぼう|true
陰陽|いんよう|true
陳べる|のべる|false
陳列|ちんれつ|true
陳情|ちんじょう|true
陳腐|ちんぷ|true
陳謝|ちんしゃ|true
陳述|ちんじゅつ|true
陵|みささぎ|true
陶器|とうき|true
陶工|とうこう|true
陶磁器|とうじき|true
陶芸|とうげい|true
陶酔|とうすい|true
陸|りく|true
陸|ろく|false
陸な|ろくな|false
陸に|ろくに|false
陸上|りくじょう|true
陸上競技|りくじょうきょうぎ|true
陸上自衛隊|りくじょうじえいたい|true
陸橋|りっきょう|true
陸海|りくかい|true
陸符|おか|false
陸路|りくろ|true
陸軍|りくぐん|true
険しい|けわしい|true
険悪|けんあく|true
陽|よう|true
陽あたり|ひあたり|false
陽ざし|ひざし|false
陽光|ようこう|true
陽子|ようし|true
陽射|ひざし|false
陽射し|ひざし|false
陽差し|ひざし|false
陽当たり|ひあたり|false
陽当り|ひあたり|false
陽性|ようせい|true
陽気|ようき|true
陽焼け|ひやけ|false
隅|すみ|true
隅々|すみずみ|true
隅隅|すみずみ|false
隆盛|りゅうせい|true
隆起|りゅうき|true
隈なく|くまなく|true
隈無く|くまなく|false
隊員|たいいん|true
隊長|たいちょう|true
階|かい|true
階|しな|false
階子|はしご|false
階層|かいそう|true
階段|かいだん|true
階級|かいきゅう|true
随う|したがう|false
随える|したがえる|false
随一|ずいいち|true
随処|ずいしょ|false
随分|ずいぶん|true
随員|ずいいん|true
随意|ずいい|true
随所|ずいしょ|true
随時|ずいじ|true
随筆|ずいひつ|true
隔たり|へだたり|true
隔たる|へだたる|true
隔て|へだて|true
隔てる|へだてる|true
隔り|へだたり|false
隔月|かくげつ|true
隔週|かくしゅう|true
隔離|かくり|true
隙|すき|true
隙き間|すきま|false
隙間|すきま|true
際|さい|true
際だつ|きわだつ|false
際会|さいかい|true
際立つ|きわだつ|true
際限|さいげん|true
障がい|しょうがい|false
障がい者|しょうがいしゃ|false
障る|さわる|true
障壁|しょうへき|true
障子|しょうじ|true
障害|しょうがい|true
障害者|しょうがいしゃ|true
障碍|しょうがい|false
障碍者|しょうがいしゃ|false
障礙|しょうがい|false
障礙者|しょうがいしゃ|false
隠くす|かくす|false
隠し引き出し|かくしひきだし|true
隠す|かくす|true
隠る|こもる|false
隠れる|かくれる|true
隠匿|いんとく|true
隠居|いんきょ|true
隠滅|いんめつ|true
隠語|いんご|true
隠謀|いんぼう|false
隣|となり|true
隣あわせ|となりあわせ|false
隣り|となり|false
隣りあう|となりあう|false
隣りあわせ|となりあわせ|false
隣り合う|となりあう|true
隣り合せ|となりあわせ|false
隣り合わせ|となりあわせ|true
隣人|りんじん|true
隣合う|となりあう|false
隣合せ|となりあわせ|false
隣合わせ|となりあわせ|false
隣国|りんごく|true
隣室|りんしつ|true
隣家|りんか|true
隣接|りんせつ|true
隨う|したがう|false
隨分|ずいぶん|false
隨筆|ずいひつ|false
隱す|かくす|false
隱語|いんご|false
隼|はやぶさ|true
雀|すずめ|true
雁|かり|true
雁|がん|true
雄|おす|true
雄大|ゆうだい|true
雄弁|ゆうべん|true
雄辯|ゆうべん|false
雅楽|ががく|true
雅致|がち|true
集|しゅう|true
集い|つどい|true
集う|つどう|true
集まり|あつまり|true
集まる|あつまる|true
集める|あつめる|true
集り|あつまり|false
集る|あつまる|false
集る|たかる|true
集中|しゅうちゅう|true
集中力|しゅうちゅうりょく|true
集中豪雨|しゅうちゅうごうう|true
集会|しゅうかい|true
集合|しゅうごう|true
集団|しゅうだん|true
集大成|しゅうたいせい|true
集散|しゅうさん|true
集票|しゅうひょう|true
集積|しゅうせき|true
集約|しゅうやく|true
集荷|しゅうか|true
集落|しゅうらく|true
集計|しゅうけい|true
集金|しゅうきん|true
雇い主|やといぬし|true
雇う|やとう|true
雇主|やといぬし|false
雇傭|こよう|false
雇用|こよう|true
雌|めす|true
雌花|めばな|true
雌雄|しゆう|true
雑|ざつ|true
雑える|まじえる|false
雑ざる|まざる|false
雑じる|まじる|false
雑ぜる|まぜる|false
雑居|ざっきょ|true
雑巾|ぞうきん|true
雑布|ぞうきん|false
雑木林|ぞうきばやし|true
雑沓|ざっとう|false
雑炊|ぞうすい|true
雑煮|ぞうに|true
雑草|ざっそう|true
雑誌|ざっし|true
雑談|ざつだん|true
雑貨|ざっか|true
雑踏|ざっとう|true
雑音|ざつおん|true
雑鬧|ざっとう|false
雕る|ほる|false
雛|ひな|true
雛|ひよこ|true
雛祭|ひなまつり|false
雛祭り|ひなまつり|false
雞|にわとり|false
離す|はなす|true
離れる|はなれる|true
離党|りとう|true
離反|りはん|true
離叛|りはん|false
離婚|りこん|true
離宮|りきゅう|true
離島|りとう|true
離散|りさん|true
離着陸|りちゃくりく|true
離職|りしょく|true
離脱|りだつ|true
離陸|りりく|true
難|なん|true
難い|かたい|true
難い|にくい|false
難しい|むずかしい|true
難なく|なんなく|true
難問|なんもん|true
難局|なんきょく|true
難易|なんい|true
難民|なんみん|true
難波|なにわ|true
難点|なんてん|true
難無く|なんなく|false
難病|なんびょう|true
難聴|なんちょう|true
難航|なんこう|true
難色|なんしょく|true
難解|なんかい|true
難関|なんかん|true
難題|なんだい|true
雨|あめ|true
雨が降る|あめがふる|true
雨だれ|あまだれ|false
雨ふり|あめふり|false
雨もり|あまもり|false
雨やどり|あまやどり|false
雨具|あまぐ|true
雨垂れ|あまだれ|true
雨天|うてん|true
雨季|うき|true
雨宿り|あまやどり|true
雨戸|あまど|true
雨期|うき|true
雨水|あまみず|true
雨漏|あまもり|false
雨漏り|あまもり|true
雨量|うりょう|true
雨降り|あめふり|true
雨雲|あまぐも|true
雪|ゆき|true
雪どけ|ゆきどけ|false
雪国|ゆきぐに|true
雪崩|なだれ|true
雪崩れ|なだれ|false
雪渓|せっけい|true
雪溶け|ゆきどけ|false
雪特尼|シドニー|false
雪融け|ゆきどけ|false
雪解け|ゆきどけ|true
雪辱|せつじょく|true
雫|しずく|false
雰囲気|ふんいき|true
雲|くも|true
雲ゆき|くもゆき|false
雲泥の差|うんでいのさ|true
雲泥之差|うんでいのさ|false
雲行き|くもゆき|true
雲雀|ひばり|true
零|れい|true
零|ゼロ|false
零す|こぼす|false
零れる|こぼれる|true
零下|れいか|true
零時|れいじ|true
零点|れいてん|true
零細|れいさい|true
雷|かみなり|true
雷雨|らいう|true
雷鳴|らいめい|true
電|いなずま|false
電信|でんしん|true
電光|でんこう|true
電力|でんりょく|true
電動|でんどう|true
電化|でんか|true
電卓|でんたく|true
電器|でんき|true
電圧|でんあつ|true
電報|でんぽう|true
電子|でんし|true
電子メイル|でんしメール|false
電子メール|でんしメール|true
電子部品|でんしぶひん|true
電撃|でんげき|true
電柱|でんちゅう|true
電極|でんきょく|true
電機|でんき|true
電気|でんき|true
電気製品|でんきせいひん|true
電気通信|でんきつうしん|true
電氣|でんき|false
電池|でんち|true
電池切れ|でんちぎれ|true
電波|でんぱ|true
電流|でんりゅう|true
電源|でんげん|true
電源ケーブル|でんげんケーブル|true
電源開発|でんげんかいはつ|true
電灯|でんとう|true
電燈|でんとう|false
電球|でんきゅう|true
電磁石|でんじしゃく|true
電線|でんせん|true
電話|でんわ|true
電話器|でんわき|false
電話帳|でんわちょう|true
電話機|でんわき|true
電話番号|でんわばんごう|true
電車|でんしゃ|true
電通大|でんつうだい|true
電鉄|でんてつ|true
需給|じゅきゅう|true
需要|じゅよう|true
震える|ふるえる|true
震動|しんどう|true
震度|しんど|true
震源|しんげん|true
震災|しんさい|true
霊|たましい|false
霊|れい|true
霊園|れいえん|true
霊苑|れいえん|false
霑う|うるおう|false
霑す|うるおす|false
霓|にじ|false
霖|ながあめ|false
霜|しも|true
霜降|しもふり|false
霜降り|しもふり|true
霞|かすみ|true
霞む|かすむ|true
霧|きり|true
霧雨|きりさめ|true
露|つゆ|true
露出|ろしゅつ|true
露呈|ろてい|true
露天風呂|ろてんぶろ|true
露店|ろてん|true
露西亜|ロシア|false
露見|ろけん|true
露路|ろじ|false
露顕|ろけん|true
露骨|ろこつ|true
霽らす|はらす|false
霽れ|はれ|false
霽れる|はれる|false
青|あお|true
青い|あおい|true
青ざめる|あおざめる|true
青じろい|あおじろい|false
青やぎ|あおやぎ|false
青写真|あおじゃしん|true
青少年|せいしょうねん|true
青山|せいざん|true
青年|せいねん|true
青年団|せいねんだん|true
青春|せいしゅん|true
青木|あおき|true
青果|せいか|true
青柳|あおやぎ|true
青梅|あおうめ|true
青田買い|あおたがい|true
青白い|あおじろい|true
青空|あおぞら|true
青色|あおいろ|true
青葉|あおば|true
青褪める|あおざめる|false
青酸|せいさん|true
青銅|せいどう|true
青雲|せいうん|true
靖国神社|やすくにじんじゃ|true
静か|しずか|true
静けさ|しずけさ|true
静まる|しずまる|true
静める|しずめる|true
静寂|せいじゃく|true
静岡|しずおか|true
静止|せいし|true
静物|せいぶつ|true
静粛|せいしゅく|true
静脈|じょうみゃく|true
静観|せいかん|true
静養|せいよう|true
靜岡|しずおか|false
非|ひ|true
非公式|ひこうしき|true
非公開|ひこうかい|true
非合法|ひごうほう|true
非常|ひじょう|true
非常に|ひじょうに|true
非常勤|ひじょうきん|true
非常口|ひじょうぐち|true
非常識|ひじょうしき|true
非礼|ひれい|true
非行|ひこう|true
非認|ひにん|false
非道い|ひどい|false
非道く|ひどく|false
非鉄金属|ひてつきんぞく|true
非難|ひなん|true
靠れる|もたれる|false
靡く|なびく|true
面|おもて|true
面|つら|true
面|めん|true
面々|めんめん|true
面する|めんする|true
面もち|おももち|false
面会|めんかい|true
面倒|めんどう|true
面倒くさい|めんどくさい|true
面倒臭い|めんどくさい|true
面子|メンツ|true
面影|おもかげ|true
面持|おももち|false
面持ち|おももち|true
面接|めんせつ|true
面白|おもしろ|true
面白い|おもしろい|true
面皰|にきび|false
面目|めんぼく|true
面積|めんせき|true
面談|めんだん|true
面識|めんしき|true
面面|めんめん|false
靨|えくぼ|false
革|かわ|true
革まる|あらたまる|false
革める|あらためる|false
革包|かばん|false
革命|かくめい|true
革新|かくしん|true
革沓|かわぐつ|false
革靴|かわぐつ|true
靴|くつ|true
靴下|くつした|true
靴屋|くつや|true
鞄|かばん|true
鞆絵|ともえ|false
鞋|くつ|false
鞏固|きょうこ|false
鞦韆|ぶらんこ|false
韓国|かんこく|true
韓国語|かんこくご|true
韓國|かんこく|false
韓方薬|かんぽうやく|false
音|おと|true
音|おん|true
音|ね|true
音いろ|ねいろ|false
音声|おんせい|true
音楽|おんがく|true
音楽家|おんがくか|true
音樂|おんがく|false
音痴|おんち|true
音程|おんてい|true
音符|おんぷ|true
音色|ねいろ|true
音訓|おんくん|true
音読|おんどく|true
音読み|おんよみ|true
音質|おんしつ|true
音量|おんりょう|true
音階|おんかい|true
音響|おんきょう|true
音頭|おんど|true
韻|いん|true
韻律|いんりつ|true
響|ひびき|false
響き|ひびき|true
響く|どよめく|false
響く|ひびく|true
響めく|どよめく|false
響動めく|どよめく|false
頁|ページ|true
頂|いただき|true
頂き|いただき|false
頂きます|いただきます|true
頂く|いただく|true
頂ける|いただける|true
頂だい|ちょうだい|false
頂上|ちょうじょう|true
頂戴|ちょうだい|true
頂点|ちょうてん|true
頂載|ちょうだい|false
頂辺|てっぺん|false
頃|ころ|true
項目|こうもく|true
順|じゅん|true
順々に|じゅんじゅんに|true
順う|したがう|false
順じる|じゅんじる|false
順ずる|じゅんずる|false
順に|じゅんに|true
順位|じゅんい|true
順守|じゅんしゅ|true
順序|じゅんじょ|true
順当|じゅんとう|true
順応|じゅんのう|true
順次|じゅんじ|true
順番|じゅんばん|true
順礼|じゅんれい|false
順調|じゅんちょう|true
順路|じゅんろ|true
順順に|じゅんじゅんに|false
須臾|しばらく|false
預かり|あずかり|true
預かり所|あずかりじょ|true
預かり証|あずかりしょう|true
預かる|あずかる|true
預ける|あずける|true
預け入れる|あずけいれる|true
預り|あずかり|false
預り証|あずかりしょう|false
預備|よび|false
預託|よたく|true
預貯金|よちょきん|true
預金|よきん|true
預防|よぼう|false
頑|かたくな|false
頑な|かたくな|true
頑丈|がんじょう|true
頑固|がんこ|true
頑張って|がんばって|true
頑張り|がんばり|true
頑張る|がんばる|true
頑強|がんきょう|true
頒ける|わける|false
頒布|はんぷ|true
頓|ひたすら|false
頓て|やがて|false
領|えり|false
領事|りょうじ|true
領事館|りょうじかん|true
領会|りょうかい|false
領内|りょうない|true
領収|りょうしゅう|true
領収書|りょうしゅうしょ|true
領土|りょうど|true
領地|りょうち|true
領域|りょういき|true
領承|りょうしょう|false
領有|りょうゆう|true
領海|りょうかい|true
領空|りょうくう|true
領袖|りょうしゅう|true
領解|りょうかい|false
頚|くび|false
頚飾り|くびかざり|false
頤|あご|false
頬|つら|false
頬|ほお|true
頬っぺた|ほっぺた|true
頬っ辺|ほっぺた|false
頬笑む|ほほえむ|false
頭|あたま|true
頭|とう|true
頭上|ずじょう|true
頭取|とうどり|true
頭打ち|あたまうち|true
頭文字|かしらもじ|true
頭痛|ずつう|true
頭脳|ずのう|true
頭角|とうかく|true
頭部|とうぶ|true
頭金|あたまきん|true
頭骨|とうこつ|true
頭髪|とうはつ|true
頰|ほお|false
頰っぺた|ほっぺた|false
頰っ辺|ほっぺた|false
頷く|うなずく|true
頸|くび|false
頸飾り|くびかざり|false
頻りに|しきりに|true
頻度|ひんど|true
頻発|ひんぱつ|true
頻繁|ひんぱん|true
頼み|たのみ|true
頼む|たのむ|true
頼もしい|たのもしい|true
頼り|たより|true
頼りない|たよりない|true
頼り無い|たよりない|false
頼る|たよる|true
頼母しい|たのもしい|false
頽廃|たいはい|false
顋|あご|false
題|だい|true
題する|だいする|true
題名|だいめい|true
題字|だいじ|true
題材|だいざい|true
額|がく|true
額|ひたい|true
額ぶち|がくぶち|false
額縁|がくぶち|true
額面|がくめん|true
顎|あご|true
顏|かお|false
顔|かお|true
顔いろ|かおいろ|false
顔だち|かおだち|false
顔つき|かおつき|true
顔なじみ|かおなじみ|true
顔ぶれ|かおぶれ|true
顔をだす|かおをだす|false
顔をつぶす|かおをつぶす|false
顔を出す|かおをだす|true
顔を潰す|かおをつぶす|true
顔付|かおつき|false
顔付き|かおつき|true
顔合せ|かおあわせ|false
顔合わせ|かおあわせ|true
顔立|かおだち|false
顔立ち|かおだち|true
顔色|かおいろ|true
顔見知り|かおみしり|true
顔触れ|かおぶれ|true
顔負け|かおまけ|true
顔面|がんめん|true
顔馴染|かおなじみ|false
顔馴染み|かおなじみ|false
顕す|あらわす|false
顕れ|あらわれ|false
顕れる|あらわれる|false
顕われる|あらわれる|false
顕在|けんざい|true
顕彰|けんしょう|true
顕微鏡|けんびきょう|true
顕著|けんちょ|true
願|がん|true
願|ねがい|false
願い|ねがい|true
願う|ねがう|true
願わくは|ねがわくは|true
願書|がんしょ|true
願望|がんぼう|true
顚覆|てんぷく|false
顛倒|てんとう|false
顛落|てんらく|false
顛覆|てんぷく|false
類|るい|true
類人猿|るいじんえん|true
類似|るいじ|true
類推|るいすい|true
顧みる|かえりみる|true
顧る|かえりみる|false
顧問|こもん|true
顧客|こきゃく|true
顧客満足|こかくまんぞく|true
顫える|ふるえる|false
顯著|けんちょ|false
風|かぜ|true
風|ふう|true
風|ふり|false
風あたり|かぜあたり|false
風とおし|かぜとおし|false
風りん|ふうりん|false
風上|かざかみ|true
風下|かざしも|true
風俗|ふうぞく|true
風刺|ふうし|true
風力|ふうりょく|true
風向き|かざむき|true
風呂|ふろ|true
風呂場|ふろば|true
風呂屋|ふろや|true
風呂敷|ふろしき|true
風味|ふうみ|true
風土|ふうど|true
風太郎|プータロー|false
風当たり|かぜあたり|true
風当り|かぜあたり|false
風情|ふぜい|true
風景|ふうけい|true
風格|ふうかく|true
風流|ふうりゅう|true
風潮|ふうちょう|true
風物詩|ふうぶつし|true
風物誌|ふうぶつし|false
風穴|かざあな|true
風紀|ふうき|true
風習|ふうしゅう|true
風船|ふうせん|true
風薬|かぜぐすり|false
風通し|かぜとおし|true
風速|ふうそく|true
風邪|かぜ|true
風邪をひく|かぜをひく|true
風邪を引く|かぜをひく|false
風邪薬|かぜぐすり|true
風鈴|ふうりん|true
風雨|ふうう|true
風雲|ふううん|true
颯っと|さっと|false
颯と|さっと|false
颱風|たいふう|false
飛ばし|とばし|true
飛ばす|とばす|true
飛びあがる|とびあがる|false
飛びおりる|とびおりる|false
飛びかう|とびかう|false
飛びきり|とびきり|false
飛びこむ|とびこむ|false
飛びだし|とびだし|false
飛びだす|とびだす|false
飛び上がる|とびあがる|true
飛び上る|とびあがる|false
飛び下りる|とびおりる|true
飛び交う|とびかう|true
飛び出し|とびだし|true
飛び出す|とびだす|true
飛び切り|とびきり|true
飛び地|とびち|true
飛び火|とびひ|true
飛び込み|とびこみ|true
飛び込む|とびこむ|true
飛び降りる|とびおりる|true
飛ぶ|とぶ|true
飛んだ|とんだ|false
飛んでもない|とんでもない|false
飛上がる|とびあがる|false
飛上る|とびあがる|false
飛下りる|とびおりる|false
飛出|とびだし|false
飛出し|とびだし|false
飛出す|とびだす|false
飛切り|とびきり|false
飛地|とびち|false
飛火|とびひ|false
飛球|ひきゅう|true
飛行|ひこう|true
飛行場|ひこうじょう|true
飛行士|ひこうし|true
飛行機|ひこうき|true
飛行船|ひこうせん|true
飛躍|ひやく|true
飛車|ひしゃ|true
飛込み|とびこみ|false
飛込む|とびこむ|false
飛降りる|とびおりる|false
飜す|ひるがえす|false
飜る|ひるがえる|false
飜弄|ほんろう|false
飜訳|ほんやく|false
食|しょく|true
食いさがる|くいさがる|false
食いちがう|くいちがう|false
食いとめる|くいとめる|false
食い下がる|くいさがる|true
食い下る|くいさがる|false
食い止める|くいとめる|true
食い込む|くいこむ|true
食い違い|くいちがい|true
食い違う|くいちがう|true
食う|くう|true
食っ付く|くっつく|false
食べあるき|たべあるき|false
食べすぎる|たべすぎる|false
食べもの|たべもの|false
食べる|たべる|true
食べ歩き|たべあるき|true
食べ物|たべもの|true
食べ過ぎる|たべすぎる|true
食み出す|はみだす|false
食らう|くらう|true
食パン|しょくパン|true
食下がる|くいさがる|false
食中毒|しょくちゅうどく|true
食事|しょくじ|true
食卓|しょくたく|true
食品|しょくひん|true
食品添加物|しょくひんてんかぶつ|true
食器|しょっき|true
食堂|しょくどう|true
食塩|しょくえん|true
食後|しょくご|true
食慾|しょくよく|false
食料|しょくりょう|true
食料品|しょくりょうひん|true
食材|しょくざい|true
食欲|しょくよく|true
食止める|くいとめる|false
食物|しょくもつ|true
食生活|しょくせいかつ|true
食用|しょくよう|true
食管法|しょっかんほう|true
食糧|しょくりょう|true
食糧庁|しょくりょうちょう|true
食肉|しょくにく|true
食費|しょくひ|true
食込む|くいこむ|false
食道|しょくどう|true
食違い|くいちがい|false
食違う|くいちがう|false
飢え|うえ|true
飢える|うえる|true
飢え死|うえじに|false
飢え死に|うえじに|true
飢きん|ききん|false
飢死|うえじに|false
飢死に|うえじに|false
飢餓|きが|true
飢饉|ききん|true
飮む|のむ|false
飯|めし|true
飲みこむ|のみこむ|false
飲みもの|のみもの|false
飲み会|のみかい|true
飲み水|のみみず|true
飲み物|のみもの|true
飲み込む|のみこむ|true
飲む|のむ|true
飲料|いんりょう|true
飲料水|いんりょうすい|true
飲水|のみみず|false
飲物|のみもの|true
飲込む|のみこむ|false
飲酒|いんしゅ|true
飲酒運転|いんしゅうんてん|true
飲食|いんしょく|true
飲食店|いんしょくてん|true
飴|あめ|true
飼い主|かいぬし|true
飼い犬|かいいぬ|true
飼う|かう|true
飼主|かいぬし|false
飼料|しりょう|true
飼犬|かいいぬ|false
飼育|しいく|true
飽き|あき|true
飽きる|あきる|true
飽くまでも|あくまでも|false
飽く迄も|あくまでも|false
飽和|ほうわ|true
飽食|ほうしょく|true
飾り|かざり|true
飾りけ|かざりけ|false
飾りつけ|かざりつけ|false
飾り付け|かざりつけ|true
飾り気|かざりけ|true
飾る|かざる|true
飾付|かざりつけ|false
餃子|ギョーザ|true
餅|もち|true
養う|やしなう|true
養なう|やしなう|false
養子|ようし|true
養成|ようせい|true
養殖|ようしょく|true
養父|ようふ|true
養父母|ようふぼ|true
養老|ようろう|true
養老院|ようろういん|true
養育|よういく|true
養蚕|ようさん|true
養護|ようご|true
養豚|ようとん|true
養鶏|ようけい|true
餌|えさ|true
餓え|うえ|false
餓える|うえる|false
餓え死に|うえじに|false
餓死|がし|true
餘り|あまり|false
餘地|よち|false
餝る|かざる|false
餠|もち|false
餡|あん|true
餡こ|あんこ|false
餡子|あんこ|true
館内|かんない|true
館長|かんちょう|true
饂飩|うどん|false
饋還|きかん|false
饑え|うえ|false
饑える|うえる|false
饑死|うえじに|false
饑餓|きが|false
饑饉|ききん|false
饗|あるじ|false
饗宴|きょうえん|true
首|くび|true
首位|しゅい|true
首唱|しゅしょう|true
首尾|しゅび|true
首席|しゅせき|true
首班|しゅはん|true
首相|しゅしょう|true
首肯く|うなずく|false
首脳|しゅのう|true
首脳部|しゅのうぶ|true
首謀|しゅぼう|true
首都|しゅと|true
首都圏|しゅとけん|true
首長|しゅちょう|true
首領|しゅりょう|true
首飾り|くびかざり|true
馘|くび|false
香|かおり|false
香い|におい|false
香しい|かんばしい|false
香ばしい|こうばしい|true
香り|かおり|true
香る|かおる|true
香料|こうりょう|true
香気|こうき|true
香水|こうすい|true
香港|ホンコン|true
香蕈|しいたけ|false
香辛料|こうしんりょう|true
香魚|あゆ|false
馨しい|かんばしい|false
馨り|かおり|false
馨る|かおる|false
馬|うま|true
馬主|うまぬし|true
馬九行久|うまくいく|false
馬九行駆|うまくいく|false
馬克|マルク|false
馬券|ばけん|true
馬力|ばりき|true
馬場|ばば|true
馬尻|バケツ|false
馬尼剌|マニラ|false
馬来西亜|マレーシア|false
馬稼|ばか|false
馬穴|バケツ|false
馬術|ばじゅつ|true
馬車|ばしゃ|true
馬鹿|ばか|true
馬鹿らしい|ばからしい|true
馴々しい|なれなれしい|false
馴らす|ならす|false
馴れ|なれ|false
馴れる|なれる|false
馴れ馴れしい|なれなれしい|true
馴染む|なじむ|true
馴鹿|トナカイ|false
駄目|だめ|true
駄菓子|だがし|true
駄菓子屋|だがしや|true
駅|えき|true
駅伝|えきでん|true
駅前|えきまえ|true
駅員|えきいん|true
駅弁|えきべん|true
駅長|えきちょう|true
駆けこみ|かけこみ|false
駆けっこ|かけっこ|true
駆けつける|かけつける|true
駆けひき|かけひき|false
駆けまわる|かけまわる|false
駆ける|かける|false
駆ける|かける|true
駆け付ける|かけつける|false
駆け回る|かけまわる|true
駆け廻る|かけまわる|false
駆け引|かけひき|false
駆け引き|かけひき|true
駆け足|かけあし|true
駆け込み|かけこみ|true
駆る|かる|true
駆付ける|かけつける|false
駆使|くし|true
駆動|くどう|true
駆回る|かけまわる|false
駆引|かけひき|false
駆引き|かけひき|false
駆足|かけあし|false
駆込み|かけこみ|false
駆逐|くちく|true
駆逐艦|くちくかん|true
駆除|くじょ|true
駈けっこ|かけっこ|false
駈ける|かける|false
駈け回る|かけまわる|false
駈け引き|かけひき|false
駈け足|かけあし|false
駈け込み|かけこみ|false
駈る|かる|false
駈引|かけひき|false
駈引き|かけひき|false
駈足|かけあし|false
駈込み|かけこみ|false
駐まる|とどまる|false
駐まる|とまる|false
駐在|ちゅうざい|true
駐屯|ちゅうとん|true
駐日|ちゅうにち|true
駐留|ちゅうりゅう|true
駐車|ちゅうしゃ|true
駐車場|ちゅうしゃじょう|true
駒|こま|true
駭く|おどろく|false
駿足|しゅんそく|false
騎兵|きへい|true
騎士|きし|true
騎手|きしゅ|true
騎馬|きば|true
騏驎|きりん|false
騒々しい|そうぞうしい|true
騒がしい|さわがしい|true
騒ぎ|さわぎ|true
騒ぐ|さわぐ|true
騒めく|ざわめく|false
騒乱|そうらん|true
騒動|そうどう|true
騒然|そうぜん|true
騒音|そうおん|true
騒騒しい|そうぞうしい|false
験|ためし|false
験し|ためし|false
験す|ためす|false
騙す|だます|true
騰がる|あがる|false
騰げる|あげる|false
騰貴|とうき|true
騷ぐ|さわぐ|false
驕る|おごる|false
驚かす|おどろかす|true
驚がく|きょうがく|false
驚き|おどろき|true
驚く|おどろく|true
驚くほど|おどろくほど|true
驚く程|おどろくほど|false
驚嘆|きょうたん|true
驚威|きょうい|false
驚愕|きょうがく|true
驚歎|きょうたん|false
驚異|きょうい|true
驛|えき|false
骨|ほね|true
骨子|こっし|true
骨折|こっせつ|true
骨抜き|ほねぬき|true
骨杯|コップ|false
骨格|こっかく|true
骨牌|カルタ|false
骨董|こっとう|true
骨骼|こっかく|false
骨髄|こつずい|true
骸|から|false
骸骨|がいこつ|true
體|からだ|false
高|たか|true
高い|たかい|true
高さ|たかさ|true
高まり|たかまり|true
高まる|たかまる|true
高める|たかめる|true
高らか|たからか|true
高ーい|たかい|false
高位|こうい|true
高低|こうてい|true
高価|こうか|true
高価い|たかい|false
高値|たかね|true
高僧|こうそう|true
高卒|こうそつ|true
高原|こうげん|true
高収入|こうしゅうにゅう|true
高台|たかだい|true
高名|こうめい|true
高品質|こうひんしつ|true
高圧|こうあつ|true
高地|こうち|true
高学年|こうがくねん|true
高官|こうかん|true
高尚|こうしょう|true
高層|こうそう|true
高山|こうざん|true
高峰|こうほう|true
高度|こうど|true
高性能|こうせいのう|true
高所|こうしょ|true
高揚|こうよう|true
高架|こうか|true
高校|こうこう|true
高校生|こうこうせい|true
高気圧|こうきあつ|true
高水準|こうすいじゅん|true
高波|たかなみ|true
高浪|たかなみ|false
高温|こうおん|true
高潔|こうけつ|true
高瀬|たかせ|true
高炉|こうろ|true
高熱|こうねつ|true
高率|こうりつ|true
高等|こうとう|true
高等学校|こうとうがっこう|true
高等教育|こうとうきょういく|true
高級|こうきゅう|true
高級ホテル|こうきゅうホテル|true
高給|こうきゅう|true
高血圧|こうけつあつ|true
高裁|こうさい|true
高見|こうけん|true
高速|こうそく|true
高速バス|こうそくバス|true
高速度|こうそくど|true
高速道路|こうそくどうろ|true
高音|こうおん|true
高額|こうがく|true
高騰|こうとう|true
高麗|こうらい|true
高齢|こうれい|true
高齢者|こうれいしゃ|true
髪|かみ|true
髪の毛|かみのけ|true
髪型|かみがた|true
髪形|かみがた|true
髭|ひげ|true
髮|かみ|false
髯|ひげ|false
鬘|かつら|true
鬚|ひげ|false
鬪う|たたかう|false
鬪爭|とうそう|false
鬮|くじ|false
鬱|うつ|true
鬱病|うつびょう|false
鬱陶しい|うっとうしい|true
鬼|おに|true
鬼ごっこ|おにごっこ|true
鬼才|きさい|true
鬼理死丹|キリシタン|false
鬼神|きしん|true
魁|さきがけ|false
魁ける|さきがける|false
魂|たましい|true
魂胆|こんたん|true
魄|たましい|false
魅かれる|ひかれる|false
魅了|みりょう|true
魅力|みりょく|true
魅力的|みりょくてき|true
魅惑|みわく|true
魔|ま|true
魔力|まりょく|true
魔女|まじょ|true
魔法|まほう|true
魔法びん|まほうびん|false
魔法瓶|まほうびん|true
魔術|まじゅつ|true
魚|さかな|true
魚介|ぎょかい|true
魚介類|ぎょかいるい|true
魚信|あたり|false
魚屋|さかなや|true
魚市場|うおいちば|true
魚群|ぎょぐん|true
魚肉|ぎょにく|true
魚貝|ぎょかい|false
魚貝類|ぎょかいるい|false
魚雷|ぎょらい|true
魚類|ぎょるい|true
魯西亜|ロシア|false
鮎|あゆ|true
鮓|すし|false
鮨|すし|false
鮪|マグロ|true
鮫|サメ|true
鮭|さけ|true
鮮か|あざやか|false
鮮やか|あざやか|true
鮮度|せんど|true
鮮明|せんめい|true
鮮烈|せんれつ|true
鮮魚|せんぎょ|true
鮹|たこ|false
鯉|こい|true
鯖|さば|true
鯛|タイ|true
鯨|くじら|true
鯨肉|げいにく|true
鯵|あじ|true
鰕|えび|false
鰞|イカ|false
鰮|いわし|false
鰯|いわし|true
鰺|あじ|false
鰻|うなぎ|true
鱆|たこ|false
鱗|うろこ|true
鳥|とり|true
鳥居|とりい|true
鳥渡|ちょっと|false
鳥獣|ちょうじゅう|true
鳥肉|とりにく|false
鳥類|ちょうるい|true
鳧|かも|false
鳩|はと|true
鳩合|きゅうごう|false
鳳蓮草|ほうれんそう|false
鳴き声|なきごえ|true
鳴く|なく|true
鳴らす|ならす|true
鳴り|なり|true
鳴る|なる|true
鳴声|なきごえ|false
鳴戸|なると|false
鳴門|なると|true
鴈|かり|false
鴈|がん|false
鴉|カラス|false
鴎|カモメ|false
鴨|かも|true
鴴|ちどり|false
鴿|はと|false
鵆|ちどり|false
鶏|とり|false
鶏|にわとり|true
鶏卵|けいらん|true
鶏肉|とりにく|true
鶩|アヒル|false
鶴|つる|true
鷄|にわとり|false
鷄卵|けいらん|false
鷗|カモメ|false
鷲|わし|true
鷹|たか|true
鹹い|しおからい|false
鹿|しか|true
麁品|そしな|false
麒麟|きりん|true
麓|ふもと|true
麦|むぎ|true
麦畑|むぎばたけ|true
麦芽|ばくが|true
麦茶|むぎちゃ|true
麪|めん|false
麵|めん|false
麹|こうじ|true
麺|めん|true
麻|あさ|true
麻将|マージャン|false
麻布|あさぬの|true
麻痺|まひ|true
麻睡|ますい|false
麻薬|まやく|true
麻酔|ますい|true
麻雀|マージャン|true
黄いろい|きいろい|false
黄昏|たそがれ|true
黄瓜|きゅうり|false
黄色|きいろ|true
黄色い|きいろい|true
黄葉|もみじ|false
黄身|きみ|true
黄金|おうごん|true
黄金|こがね|true
黄金時代|おうごんじだい|true
黎巴嫩|レバノン|false
黒|くろ|true
黒い|くろい|true
黒い霧|くろいきり|true
黒っぽい|くろっぽい|true
黒人|くろうと|false
黒人|こくじん|true
黒子|ほくろ|false
黒字|くろじ|true
黒幕|くろまく|true
黒星|くろぼし|true
黒木|くろき|true
黒板|こくばん|true
黒海|こっかい|true
黒潮|くろしお|true
黒煙|こくえん|true
黒白|くろしろ|true
黒色|くろいろ|true
黒衣|こくい|true
黒鉛|こくえん|true
黙とう|もくとう|true
黙る|だまる|true
黙殺|もくさつ|true
黙祷|もくとう|false
黙禱|もくとう|false
黙認|もくにん|true
黴|カビ|false
黴菌|ばいきん|false
黴雨|つゆ|false
黶|あざ|false
鼓|つづみ|true
鼓動|こどう|true
鼓膜|こまく|true
鼓舞|こぶ|true
鼠|ネズミ|true
鼻|はな|true
鼻先|はなさき|true
鼻息|はないき|true
鼻水|はなみず|true
鼻紙|はながみ|true
鼻血|はなぢ|true
鼾|いびき|true
齎す|もたらす|false
齎らす|もたらす|false
齒|は|false
齒醫者|はいしゃ|false
齢|よわい|true
齲歯|むしば|false
齶|あご|false
龍|りゅう|false
龍巻|たつまき|false
龍巻き|たつまき|false
龍王|りゅうおう|false
龜|かめ|false
龜裂|きれつ|false
﨑|さき|false
＆|アンド|false
０|れい|true
０|ゼロ|true
０時|れいじ|false
１|いち|false
１|ワン|false
１か月|いっかげつ|false
１つ|ひとつ|false
１つ１つ|ひとつひとつ|false
１ぱい|いっぱい|false
１カ月|いっかげつ|false
１ケ月|いっかげつ|false
１ヵ月|いっかげつ|false
１ヶ月|いっかげつ|false
１万|いちまん|true
１人|ひとり|true
１人で|ひとりで|false
１人娘|ひとりむすめ|false
１人息子|ひとりむすこ|false
１人暮らし|ひとりぐらし|false
１人１人|ひとりひとり|false
１位|いちい|false
１体|いったい|false
１個|いっこ|false
１億|いちおく|false
１党|いっとう|false
１冊|いっさつ|false
１分|いちぶ|false
１割|いちわり|true
１匹|いっぴき|false
１千|いっせん|false
１台|いちだい|false
１回|いっかい|false
１塁|いちるい|false
１対１|いちたいいち|true
１局|いっきょく|false
１年|いちねん|false
１年中|いちねんじゅう|false
１年生|いちねんせい|false
１年間|いちねんかん|false
１度|いちど|false
１度に|いちどに|false
１式|いっしき|false
１打|いちだ|false
１日|いちにち|true
１日|ついたち|true
１日じゅう|いちにちじゅう|false
１日中|いちにちじゅう|false
１時|いちじ|false
１時間|いちじかん|false
１晩中|ひとばんじゅう|false
１月|いちがつ|true
１本|いっぽん|false
１杯|いっぱい|false
１枚|いちまい|false
１歩|いっぽ|false
１泊|いっぱく|false
１点|いってん|false
１番|いちばん|false
１番手|いちばんて|false
１発|いっぱつ|false
１着|いっちゃく|false
１票|いっぴょう|false
１等|いっとう|false
１箇月|いっかげつ|false
１行|いちぎょう|false
１足|いっそく|false
１軍|いちぐん|false
１軒|いっけん|false
１週間|いっしゅうかん|false
１部|いちぶ|false
１階|いっかい|true
１面|いちめん|false
１０|じゅう|false
１０万|じゅうまん|true
１０代|じゅうだい|true
１０日|とおか|true
１０月|じゅうがつ|true
１００|ひゃく|true
１００万|ひゃくまん|true
１００億|ひゃくおく|true
１００円ショップ|ひゃくえんショップ|true
１００均|ひゃっきん|true
１０００|いっせん|true
１０００円|せんえん|true
１０００円札|せんえんさつ|false
１００００|いちまん|true
１０００００|じゅうまん|false
１００００００|ひゃくまん|false
１００００００００００|ひゃくおく|false
１１|じゅういち|false
１１日|じゅういちにち|true
１１月|じゅういちがつ|true
１１０番|ひゃくとおばん|true
１１９番|ひゃくじゅうきゅうばん|true
１２|じゅうに|false
１２日|じゅうににち|true
１２月|じゅうにがつ|true
１３|じゅうさん|false
１３日|じゅうさんにち|true
１４|じゅうし|false
１４日|じゅうよっか|true
１５|じゅうご|false
１５日|じゅうごにち|true
１６|じゅうろく|false
１６日|じゅうろくにち|true
１７|じゅうなな|false
１７日|じゅうしちにち|true
１８|じゅうはち|false
１８日|じゅうはちにち|true
１８０度|ひゃくはちじゅうど|true
１９|じゅうきゅう|false
１９日|じゅうくにち|true
２|に|false
２つ|ふたつ|false
２つ目|ふたつめ|false
２世|にせい|false
２人|ふたり|false
２人とも|ふたりとも|false
２人共|ふたりとも|false
２割|にわり|true
２回|にかい|false
２塁|にるい|false
２度|にど|false
２度と|にどと|false
２度寝|にどね|false
２日|ふつか|true
２月|にがつ|true
２期|にき|false
２枚|にまい|false
２次|にじ|false
２番|にばん|false
２百|にひゃく|false
２部|にぶ|false
２重|にじゅう|false
２階|にかい|false
２階建|にかいだて|false
２階建て|にかいだて|false
２０|にじゅう|true
２０世紀|にじっせいき|false
２０才|はたち|false
２０日|はつか|true
２０歳|はたち|false
２００|にひゃく|true
２１日|にじゅういちにち|true
２２日|にじゅうににち|true
２３日|にじゅうさんにち|true
２４日|にじゅうよっか|true
２５日|にじゅうごにち|true
２６日|にじゅうろくにち|true
２７日|にじゅうしちにち|true
２８日|にじゅうはちにち|true
２９日|にじゅうくにち|true
３|さん|false
３つ|みっつ|false
３人|さんにん|false
３千|さんぜん|false
３回|さんかい|false
３塁|さんるい|false
３年|さんねん|false
３度|さんど|false
３日|みっか|true
３時|さんじ|false
３月|さんがつ|true
３本|さんぼん|false
３枚|さんまい|false
３次元|さんじげん|true
３百|さんびゃく|false
３角形|さんかくけい|false
３部|さんぶ|false
３０|さんじゅう|true
３０日|さんじゅうにち|true
３００|さんびゃく|true
３０００|さんぜん|true
３１日|さんじゅういちにち|true
３８度線|さんじゅうはちどせん|true
４|し|false
４つ|よっつ|false
４人|よにん|false
４千|よんせん|false
４日|よっか|true
４時|よじ|true
４月|しがつ|true
４本|よんほん|false
４百|よんひゃく|false
４０|よんじゅう|true
４００|よんひゃく|false
４０００|よんせん|true
５|ご|false
５つ|いつつ|false
５日|いつか|true
５月|ごがつ|true
５０|ごじゅう|true
６|ろく|false
６つ|むっつ|false
６日|むいか|true
６月|ろくがつ|true
６０|ろくじゅう|true
７|しち|false
７つ|ななつ|false
７日|なのか|true
７時|しちじ|true
７月|しちがつ|true
７０|しちじゅう|true
７５３|しちごさん|false
８|はち|false
８つ|やっつ|false
８日|ようか|true
８月|はちがつ|true
８０|はちじゅう|true
９|きゅう|false
９つ|ここのつ|false
９日|ここのか|true
９月|くがつ|true
９０|きゅうじゅう|true
ＡＩＤＳ|エイズ|true
ＡＭｅＤＡＳ|アメダス|true
ＡＮＤ|アンド|false
ＡＳＣＩＩ|アスキー|true
ＡＴＭ|エー・ティー・エム|true
ＢＢＱ|バーベキュー|false
ＢＧＭ|ビー・ジー・エム|true
ＣＤプレイヤー|シーディープレーヤー|false
ＣＤプレーヤー|シーディープレーヤー|true
ＣＭ|シー・エム|true
ＣＯＭ|コム|false
ＤＶＤプレーヤー|ディーブイディープレーヤー|true
ＦＡＸ|ファックス|false
Ｇパン|ジーパン|false
ＧＯサイン|ゴーサイン|false
ＧＵＩ|ジー・ユー・アイ|true
Ｈ|エッチ|false
ＩＮ|イン|false
ＪＡＳ|ジャス|false
ＪＩＳ|ジス|false
ＪＲ|ジェー・アール|true
ＭＰ３|エムピースリー|true
ＭｉＧ|ミグ|false
ＮＥＥＴ|ニート|true
ＮＯＲ|ノア|false
ＯＦＦ|オフ|false
ＯＫ|オッケー|false
ＯＮ|オン|false
ＯＵＴ|アウト|false
ＱＱ車|きゅうきゅうしゃ|false
ＲＯＭ|ロム|true
Ｓ|エス|false
ＳＷＩＦＴ|スウィフト|false
Ｔシャツ|ティーシャツ|true
Ｔバック|ティーバック|true
ＴＶゲーム|テレビゲーム|false
ＵＮＩＣＥＦ|ユニセフ|false
ＵＳＡ|ユー・エス・エー|true
Ｘ線|エックスせん|true
Ｙシャツ|ワイシャツ|true
Ｙ目|よこめ|false
ａｎｄ|アンド|false
ｈ|エッチ|false
ｓ|エス|false
ﾀﾋぬ|しぬ|false
ﾀﾋ亡|しぼう|false
𠏹|ほとけ|false
𠮟る|しかる|false
𦜝|へそ|false
兔|うさぎ|false
