word|source
〆切|jmdict-variant
〆切り|jmdict-variant
〆切る|jmdict-variant
〇点|jmdict-variant
あ〜|jmdict-variant
あ〜あ|jmdict-variant
あ〜っ|jmdict-variant
あぁ|jmdict-variant
ああ|jmdict-common
ああぁ|jmdict-variant
ああああ|jmdict-common
ああいう|jmdict-common
ああっ|jmdict-variant
ああゆう|jmdict-variant
ああー|jmdict-variant
ああ言う|jmdict-common
あい|jmdict-common
あいかわらず|jmdict-common
あいきょう|jmdict-common
あいぎょう|jmdict-variant
あいけん|jmdict-common
あいこう|jmdict-common
あいこく|jmdict-common
あいことば|jmdict-common
あいご|jmdict-common
あいさつ|jmdict-common
あいしゅう|jmdict-common
あいしょう|jmdict-common
あいじょう|jmdict-common
あいじん|jmdict-common
あいす|jmdict-common
あいする|jmdict-common
あいず|jmdict-common
あいずち|jmdict-variant
あいそ|jmdict-common
あいそう|jmdict-common
あいぞう|jmdict-common
あいたい|jmdict-common
あいだ|jmdict-common
あいだがら|jmdict-common
あいだじゅう|jmdict-common
あいちゃく|jmdict-common
あいつ|jmdict-common
あいつぐ|jmdict-common
あいつら|jmdict-common
あいつ等|jmdict-variant
あいづち|jmdict-common
あいて|jmdict-common
あいてかた|jmdict-common
あいてがた|jmdict-variant
あいてどる|jmdict-common
あいとう|jmdict-common
あいどく|jmdict-common
あいにく|jmdict-common
あいのり|jmdict-common
あいぼう|jmdict-common
あいま|jmdict-common
あいまい|jmdict-common
あいまって|jmdict-common
あいよう|jmdict-common
あい変らず|jmdict-variant
あい変わらず|jmdict-variant
あい昧|jmdict-variant
あう|jmdict-common
あえて|jmdict-common
あえん|jmdict-common
あお|jmdict-common
あおい|jmdict-common
あおいろ|jmdict-common
あおうめ|jmdict-common
あおき|jmdict-common
あおぐ|jmdict-common
あおざめる|jmdict-common
あおじゃしん|jmdict-common
あおじろい|jmdict-common
あおぞら|jmdict-common
あおたがい|jmdict-common
あおば|jmdict-common
あおむけ|jmdict-common
あおやぎ|jmdict-common
あおやなぎ|jmdict-variant
あおやま|jmdict-variant
あおる|jmdict-common
あお向け|jmdict-variant
あか|jmdict-common
あかい|jmdict-common
あかいろ|jmdict-common
あかがね|jmdict-variant
あかし|jmdict-common
あかしんごう|jmdict-common
あかじ|jmdict-common
あかす|jmdict-common
あかちゃん|jmdict-common
あかつき|jmdict-common
あかとき|jmdict-variant
あかはた|jmdict-common
あかまつ|jmdict-common
あかり|jmdict-common
あかるい|jmdict-common
あかんぼ|jmdict-variant
あかんぼう|jmdict-common
あがったり|jmdict-common
あがり|jmdict-common
あがる|jmdict-common
あき|jmdict-common
あきうど|jmdict-variant
あきかぜ|jmdict-common
あきかん|jmdict-common
あきぐち|jmdict-common
あきす|jmdict-common
あきち|jmdict-common
あきない|jmdict-common
あきばれ|jmdict-common
あきびと|jmdict-variant
あきや|jmdict-common
あきゅうど|jmdict-variant
あきらか|jmdict-common
あきらめる|jmdict-common
あきる|jmdict-common
あきれる|jmdict-common
あきんど|jmdict-variant
あき地|jmdict-variant
あき家|jmdict-variant
あき屋|jmdict-variant
あき缶|jmdict-variant
あく|jmdict-common
あくい|jmdict-common
あくえいきょう|jmdict-common
あくしつ|jmdict-common
あくしゅ|jmdict-common
あくしゅう|jmdict-common
あくじ|jmdict-common
あくじゅんかん|jmdict-common
あくじょ|jmdict-common
あくせい|jmdict-common
あくてんこう|jmdict-common
あくと|jmdict-variant
あくとく|jmdict-common
あくにん|jmdict-common
あくび|jmdict-common
あくま|jmdict-common
あくまでも|jmdict-common
あくむ|jmdict-common
あくやく|jmdict-common
あくよう|jmdict-common
あくりょく|jmdict-common
あくる|jmdict-common
あくるひ|jmdict-common
あくる日|jmdict-common
あぐら|jmdict-common
あけ|jmdict-common
あけがた|jmdict-common
あけくれ|jmdict-common
あけぼの|jmdict-common
あけましておめでとうございます|jmdict-common
あける|jmdict-common
あげ|jmdict-common
あげく|jmdict-common
あげる|jmdict-common
あこ|jmdict-variant
あこがれ|jmdict-common
あこがれのまと|jmdict-common
あこがれる|jmdict-common
あご|jmdict-common
あさ|jmdict-common
あさい|jmdict-common
あさいちばん|jmdict-common
あさがお|jmdict-common
あさがた|jmdict-common
あさぎり|jmdict-common
あさぐろい|jmdict-common
あさごはん|jmdict-common
あさせ|jmdict-common
あさって|jmdict-common
あさぬの|jmdict-common
あさねぼう|jmdict-common
あさはか|jmdict-common
あさはん|jmdict-variant
あさばん|jmdict-common
あさひ|jmdict-common
あさめし|jmdict-common
あさゆう|jmdict-common
あさる|jmdict-common
あさ飯|jmdict-variant
あざ|jmdict-common
あざける|jmdict-common
あざむく|jmdict-common
あざやか|jmdict-common
あし|jmdict-common
あしあと|jmdict-common
あしおと|jmdict-common
あしからず|jmdict-common
あしがかり|jmdict-common
あしくび|jmdict-common
あしこ|jmdict-variant
あしこし|jmdict-common
あした|jmdict-common
あしどめ|jmdict-common
あしどり|jmdict-common
あしなみ|jmdict-common
あしば|jmdict-common
あしばや|jmdict-common
あしぶみ|jmdict-common
あしもと|jmdict-common
あじ|jmdict-common
あじきない|jmdict-variant
あじけない|jmdict-common
あじさい|jmdict-common
あじつけ|jmdict-common
あじのもと|jmdict-common
あじわい|jmdict-common
あじわう|jmdict-common
あす|jmdict-common
あすこ|jmdict-variant
あすぶ|jmdict-variant
あずかり|jmdict-common
あずかりしょ|jmdict-variant
あずかりしょう|jmdict-common
あずかりじょ|jmdict-common
あずかる|jmdict-common
あずき|jmdict-common
あずけいれる|jmdict-common
あずける|jmdict-common
あせ|jmdict-common
あせり|jmdict-common
あせる|jmdict-common
あそこ|jmdict-common
あそび|jmdict-common
あそびあいて|jmdict-common
あそびば|jmdict-common
あそび相手|jmdict-variant
あそぶ|jmdict-common
あたい|jmdict-common
あたいする|jmdict-common
あたえる|jmdict-common
あたかも|jmdict-common
あたくし|jmdict-variant
あたし|jmdict-common
あたたかい|jmdict-common
あたたまる|jmdict-common
あたためる|jmdict-common
あたま|jmdict-common
あたまうち|jmdict-common
あたまきん|jmdict-common
あたらしい|jmdict-common
あたり|jmdict-common
あたりまえ|jmdict-common
あたりめえ|jmdict-variant
あたりめー|jmdict-variant
あたりやく|jmdict-common
あたり前|jmdict-variant
あたり役|jmdict-variant
あたる|jmdict-common
あだかも|jmdict-variant
あだな|jmdict-common
あだびと|jmdict-variant
あだ名|jmdict-common
あち|jmdict-variant
あちこち|jmdict-common
あちら|jmdict-common
あちらこちら|jmdict-common
あぢぃ|jmdict-variant
あぢい|jmdict-variant
あぢー|jmdict-variant
あっ|jmdict-common
あっか|jmdict-common
あっかん|jmdict-common
あっけ|jmdict-common
あっこう|jmdict-common
あっさり|jmdict-common
あっしゅく|jmdict-common
あっしょう|jmdict-common
あっせん|jmdict-common
あったかい|jmdict-variant
あったけー|jmdict-variant
あったまる|jmdict-variant
あっためる|jmdict-variant
あったりめー|jmdict-variant
あっち|jmdict-common
あっちこっち|jmdict-common
あっつあっつ|jmdict-variant
あっつあつ|jmdict-variant
あっつい|jmdict-variant
あってない|jmdict-common
あっての|jmdict-common
あっというま|jmdict-common
あっというまに|jmdict-common
あっという間|jmdict-common
あっという間に|jmdict-common
あっとう|jmdict-common
あっとうてき|jmdict-common
あっとゆうま|jmdict-variant
あっとゆう間|jmdict-variant
あっとゆう間に|jmdict-variant
あっとゆーま|jmdict-variant
あっとゆー間|jmdict-variant
あっと言う間|jmdict-variant
あっと言う間に|jmdict-variant
あっぱく|jmdict-common
あっぶねー|jmdict-variant
あっ旋|jmdict-variant
あっ気|jmdict-variant
あつあつ|jmdict-common
あつい|jmdict-common
あつかい|jmdict-common
あつかう|jmdict-common
あつかましい|jmdict-common
あつがみ|jmdict-common
あつぎ|jmdict-common
あつさ|jmdict-common
あつまり|jmdict-common
あつまる|jmdict-common
あつみ|jmdict-common
あつめる|jmdict-common
あつりょく|jmdict-common
あづい|jmdict-variant
あて|jmdict-common
あてさき|jmdict-common
あてな|jmdict-common
あてはまる|jmdict-common
あてはめる|jmdict-common
あてる|jmdict-common
あて先|jmdict-variant
あて名|jmdict-variant
あと|jmdict-common
あとおし|jmdict-common
あとかたづけ|jmdict-common
あとから|jmdict-common
あとがき|jmdict-common
あとしまつ|jmdict-common
あとつぎ|jmdict-common
あとのまつり|jmdict-common
あとまわし|jmdict-common
あともどり|jmdict-common
あと押し|jmdict-variant
あと片づけ|jmdict-variant
あと片付け|jmdict-variant
あな|jmdict-common
あない|jmdict-variant
あなうめ|jmdict-common
あながち|jmdict-common
あなた|jmdict-common
あなたがた|jmdict-common
あなた方|jmdict-common
あなどる|jmdict-common
あに|jmdict-common
あにき|jmdict-common
あにさん|jmdict-variant
あね|jmdict-common
あねさん|jmdict-variant
あねったい|jmdict-common
あの|jmdict-common
あのう|jmdict-variant
あのかた|jmdict-common
あのさ|jmdict-variant
あのさあ|jmdict-variant
あのね|jmdict-common
あのねえ|jmdict-variant
あのひと|jmdict-common
あのよ|jmdict-common
あのー|jmdict-common
あの世|jmdict-common
あの人|jmdict-common
あの方|jmdict-common
あはれ|jmdict-variant
あばれる|jmdict-common
あひる|jmdict-variant
あびせる|jmdict-common
あびる|jmdict-common
あふれる|jmdict-common
あぶく|jmdict-variant
あぶない|jmdict-common
あぶねー|jmdict-variant
あぶら|jmdict-common
あぶらえ|jmdict-common
あぶらみ|jmdict-common
あぶら身|jmdict-variant
あべこべ|jmdict-common
あほ|jmdict-common
あほう|jmdict-variant
あま|jmdict-common
あまい|jmdict-common
あまえ|jmdict-common
あまえる|jmdict-common
あまくだり|jmdict-common
あまぐ|jmdict-common
あまぐも|jmdict-common
あます|jmdict-common
あまず|jmdict-common
あまだれ|jmdict-common
あまど|jmdict-common
あまのかわ|jmdict-variant
あまのがわ|jmdict-common
あまみ|jmdict-common
あまみず|jmdict-common
あまもり|jmdict-common
あまやかす|jmdict-common
あまやどり|jmdict-common
あまり|jmdict-common
あまりに|jmdict-common
あまる|jmdict-common
あま味|jmdict-variant
あみ|jmdict-common
あみだ|jmdict-common
あみど|jmdict-common
あみもの|jmdict-common
あむ|jmdict-common
あめ|jmdict-common
あめがふる|jmdict-common
あめつち|jmdict-variant
あめふり|jmdict-common
あやうい|jmdict-common
あやうく|jmdict-common
あやしい|jmdict-common
あやしむ|jmdict-common
あやつる|jmdict-common
あやふや|jmdict-common
あやぶむ|jmdict-common
あやまち|jmdict-common
あやまって|jmdict-common
あやまり|jmdict-common
あやまる|jmdict-common
あゆ|jmdict-common
あゆみ|jmdict-common
あゆみより|jmdict-common
あゆみよる|jmdict-common
あゆむ|jmdict-common
あら|jmdict-common
あらあらしい|jmdict-common
あらい|jmdict-common
あらいあげる|jmdict-common
あらいもの|jmdict-common
あらいもん|jmdict-variant
あらう|jmdict-common
あらかじめ|jmdict-common
あらき|jmdict-common
あらし|jmdict-common
あらす|jmdict-common
あらすじ|jmdict-common
あらそい|jmdict-common
あらそう|jmdict-common
あらた|jmdict-common
あらたまる|jmdict-common
あらためて|jmdict-common
あらためる|jmdict-common
あらっぽい|jmdict-common
あらて|jmdict-common
あらなみ|jmdict-common
あらの|jmdict-variant
あらゆる|jmdict-common
あららげる|jmdict-common
あらわす|jmdict-common
あらわれ|jmdict-common
あらわれる|jmdict-common
あらー|jmdict-variant
あら筋|jmdict-variant
あり|jmdict-common
ありあわせ|jmdict-common
ありえない|jmdict-common
ありがたい|jmdict-common
ありがち|jmdict-common
ありがとう|jmdict-common
ありがとうございました|jmdict-common
ありがとうございます|jmdict-common
ありがとう御座います|jmdict-variant
ありさま|jmdict-common
ありしひ|jmdict-common
ありし日|jmdict-variant
ありそう|jmdict-common
ありとあらゆる|jmdict-common
ありのまま|jmdict-common
ありふれた|jmdict-common
ありよう|jmdict-variant
あり合せ|jmdict-variant
あり合わせ|jmdict-common
あり得ない|jmdict-common
あり得無い|jmdict-variant
あり様|jmdict-variant
あり触れた|jmdict-variant
ある|jmdict-common
あるいは|jmdict-common
あるいみで|jmdict-common
あるいみでは|jmdict-common
あるきまわる|jmdict-common
あるく|jmdict-common
あるじ|jmdict-common
ある意味で|jmdict-common
ある意味では|jmdict-common
あれ|jmdict-common
あれこれ|jmdict-common
あれだけ|jmdict-common
あれの|jmdict-common
あれほど|jmdict-common
あれる|jmdict-common
あれ程|jmdict-common
あわ|jmdict-common
あわい|jmdict-common
あわす|jmdict-common
あわせる|jmdict-common
あわただしい|jmdict-common
あわてる|jmdict-common
あわれ|jmdict-common
あわれむ|jmdict-common
あん|jmdict-common
あんい|jmdict-common
あんうん|jmdict-common
あんか|jmdict-common
あんがい|jmdict-common
あんき|jmdict-common
あんぎゃ|jmdict-common
あんけん|jmdict-common
あんこ|jmdict-common
あんこく|jmdict-common
あんごう|jmdict-common
あんさつ|jmdict-common
あんしょう|jmdict-common
あんしん|jmdict-common
あんしんかん|jmdict-common
あんじ|jmdict-common
あんじゅう|jmdict-common
あんず|jmdict-common
あんせい|jmdict-common
あんせん|jmdict-variant
あんぜん|jmdict-common
あんぜんほしょう|jmdict-common
あんた|jmdict-common
あんたい|jmdict-common
あんだ|jmdict-common
あんちゃん|jmdict-variant
あんてい|jmdict-common
あんな|jmdict-common
あんない|jmdict-common
あんに|jmdict-common
あんね|jmdict-variant
あんのじょう|jmdict-common
あんばい|jmdict-common
あんび|jmdict-variant
あんぴ|jmdict-common
あんぶ|jmdict-variant
あんぷ|jmdict-variant
あんぽ|jmdict-common
あんま|jmdict-common
あんまり|jmdict-common
あんまりに|jmdict-variant
あんみん|jmdict-common
あんもく|jmdict-common
あんらくし|jmdict-common
あん摩|jmdict-common
あー|jmdict-common
あーあー|jmdict-variant
あーいう|jmdict-variant
あーっ|jmdict-variant
あーゆー|jmdict-variant
あーーー|jmdict-variant
いあわせる|jmdict-common
いあん|jmdict-common
いい|jmdict-common
いいあらわす|jmdict-common
いいえ|jmdict-common
いいかえす|jmdict-common
いいかえる|jmdict-common
いいかげん|jmdict-common
いいかげんにしろ|jmdict-common
いいかた|jmdict-common
いいきる|jmdict-common
いいだす|jmdict-common
いいなり|jmdict-common
いいね|jmdict-common
いいぶん|jmdict-common
いいまわし|jmdict-common
いいや|jmdict-common
いいようがない|jmdict-common
いいわけ|jmdict-common
いいわたし|jmdict-common
いいわたす|jmdict-common
いいん|jmdict-common
いいんかい|jmdict-common
いいんちょう|jmdict-common
いい切る|jmdict-variant
いい加減|jmdict-common
いい加減にしろ|jmdict-common
いい返す|jmdict-variant
いう|jmdict-common
いうまでもない|jmdict-common
いえ|jmdict-common
いえあるじ|jmdict-variant
いえい|jmdict-common
いえいえ|jmdict-variant
いえがら|jmdict-common
いえづくり|jmdict-common
いえで|jmdict-common
いえぬし|jmdict-variant
いえもと|jmdict-common
いお|jmdict-variant
いおう|jmdict-common
いおり|jmdict-common
いか|jmdict-common
いかが|jmdict-common
いかがく|jmdict-common
いかく|jmdict-common
いかす|jmdict-common
いかに|jmdict-common
いかにも|jmdict-common
いからせる|jmdict-variant
いかり|jmdict-common
いかん|jmdict-common
いがい|jmdict-common
いがく|jmdict-common
いがくぶ|jmdict-common
いがた|jmdict-common
いがむ|jmdict-variant
いき|jmdict-common
いきいき|jmdict-common
いきうめ|jmdict-common
いきおい|jmdict-common
いきかえる|jmdict-common
いきかた|jmdict-common
いきがい|jmdict-common
いきき|jmdict-common
いきぎれ|jmdict-common
いきごみ|jmdict-common
いきごむ|jmdict-common
いきさかん|jmdict-common
いきさき|jmdict-common
いきさつ|jmdict-variant
いきじ|jmdict-variant
いきすぎ|jmdict-common
いきすぎる|jmdict-common
いきち|jmdict-common
いきちがい|jmdict-common
いきづまり|jmdict-common
いきとどく|jmdict-common
いきどおり|jmdict-common
いきどまり|jmdict-common
いきない|jmdict-common
いきなり|jmdict-common
いきのこり|jmdict-common
いきのこる|jmdict-common
いきもの|jmdict-common
いきょく|jmdict-common
いきよい|jmdict-variant
いきる|jmdict-common
いきわたる|jmdict-common
いき値|jmdict-variant
いき残り|jmdict-variant
いぎ|jmdict-common
いぎょう|jmdict-common
いく|jmdict-common
いくえい|jmdict-common
いくか|jmdict-variant
いくさ|jmdict-common
いくじ|jmdict-common
いくせい|jmdict-common
いくたび|jmdict-variant
いくつ|jmdict-common
いくつか|jmdict-common
いくど|jmdict-common
いくどうおん|jmdict-common
いくにち|jmdict-common
いくぶん|jmdict-common
いくら|jmdict-common
いく日|jmdict-variant
いけ|jmdict-common
いけがき|jmdict-common
いけない|jmdict-common
いけばな|jmdict-common
いけません|jmdict-common
いけめん|jmdict-variant
いける|jmdict-common
いけん|jmdict-common
いけ花|jmdict-variant
いけ面|jmdict-variant
いげ|jmdict-variant
いげん|jmdict-common
いこい|jmdict-common
いこう|jmdict-common
いこうどうおん|jmdict-variant
いこく|jmdict-common
いこつ|jmdict-common
いこん|jmdict-common
いご|jmdict-common
いごこち|jmdict-common
いさぎよい|jmdict-common
いさぎ良い|jmdict-variant
いさく|jmdict-common
いさご|jmdict-variant
いささか|jmdict-common
いさましい|jmdict-common
いさみあし|jmdict-common
いさむ|jmdict-common
いさる|jmdict-variant
いさん|jmdict-common
いざかや|jmdict-common
いざこざ|jmdict-common
いざない|jmdict-variant
いざなう|jmdict-variant
いし|jmdict-common
いしあたま|jmdict-common
いしかい|jmdict-common
いしがき|jmdict-common
いしがけ|jmdict-variant
いしがみ|jmdict-variant
いしき|jmdict-common
いしきちょうさ|jmdict-common
いしきてき|jmdict-common
いしけってい|jmdict-common
いしずえ|jmdict-common
いしずみ|jmdict-variant
いしそつう|jmdict-common
いしだん|jmdict-common
いしつ|jmdict-common
いしつぶつ|jmdict-common
いしばい|jmdict-variant
いしばし|jmdict-common
いしひょうじ|jmdict-common
いしぶみ|jmdict-common
いしぼとけ|jmdict-variant
いしむろ|jmdict-variant
いしゃ|jmdict-common
いしゅく|jmdict-common
いしょ|jmdict-common
いしょう|jmdict-common
いしょく|jmdict-common
いしょくじゅう|jmdict-common
いしん|jmdict-common
いじ|jmdict-common
いじめ|jmdict-common
いじめる|jmdict-common
いじゅう|jmdict-common
いじょう|jmdict-common
いじる|jmdict-common
いじわる|jmdict-common
いじん|jmdict-common
いす|jmdict-common
いずく|jmdict-variant
いずこ|jmdict-variant
いずみ|jmdict-common
いずれ|jmdict-common
いずれか|jmdict-common
いせい|jmdict-common
いせいしゃ|jmdict-common
いせき|jmdict-common
いぜん|jmdict-common
いぜんとして|jmdict-common
いそ|jmdict-common
いそいそ|jmdict-common
いそいで|jmdict-common
いそう|jmdict-common
いそうろう|jmdict-common
いそがしい|jmdict-common
いそぎ|jmdict-common
いそぐ|jmdict-common
いそん|jmdict-variant
いそんしょう|jmdict-variant
いぞく|jmdict-common
いぞん|jmdict-common
いぞんしょう|jmdict-common
いた|jmdict-common
いたい|jmdict-common
いたく|jmdict-common
いたす|jmdict-common
いたずら|jmdict-common
いただき|jmdict-common
いただきます|jmdict-common
いただく|jmdict-common
いただける|jmdict-common
いたって|jmdict-common
いたづら|jmdict-variant
いたで|jmdict-common
いたましい|jmdict-common
いたみ|jmdict-common
いたむ|jmdict-common
いためる|jmdict-common
いたる|jmdict-common
いたるところ|jmdict-common
いたる処|jmdict-variant
いたる所|jmdict-variant
いたわる|jmdict-common
いたん|jmdict-common
いたガラス|jmdict-common
いだい|jmdict-common
いだく|jmdict-common
いち|jmdict-common
いちい|jmdict-common
いちいち|jmdict-common
いちいん|jmdict-common
いちえん|jmdict-common
いちおう|jmdict-common
いちおく|jmdict-common
いちがいに|jmdict-common
いちがつ|jmdict-common
いちがん|jmdict-common
いちぎ|jmdict-common
いちぎょう|jmdict-common
いちぐう|jmdict-common
いちぐん|jmdict-common
いちげき|jmdict-common
いちげつ|jmdict-variant
いちげん|jmdict-common
いちげんか|jmdict-common
いちご|jmdict-common
いちごん|jmdict-variant
いちざ|jmdict-common
いちじ|jmdict-common
いちじかん|jmdict-common
いちじき|jmdict-common
いちじきん|jmdict-common
いちじつ|jmdict-variant
いちじてき|jmdict-common
いちじょ|jmdict-common
いちじょう|jmdict-common
いちじるしい|jmdict-common
いちじんぶつ|jmdict-common
いちず|jmdict-common
いちずける|jmdict-variant
いちぞく|jmdict-common
いちたいいち|jmdict-common
いちだ|jmdict-common
いちだい|jmdict-common
いちだん|jmdict-common
いちだんらく|jmdict-common
いちぢるしい|jmdict-variant
いちつけ|jmdict-variant
いちづけ|jmdict-common
いちづける|jmdict-common
いちど|jmdict-common
いちどう|jmdict-common
いちどに|jmdict-common
いちなか|jmdict-variant
いちなん|jmdict-common
いちに|jmdict-common
いちにち|jmdict-common
いちにちじゅう|jmdict-common
いちにちぢゅう|jmdict-variant
いちにん|jmdict-common
いちにんまえ|jmdict-common
いちねん|jmdict-common
いちねんかん|jmdict-common
いちねんじゅう|jmdict-common
いちねんせい|jmdict-common
いちねんぢゅう|jmdict-variant
いちはやく|jmdict-common
いちば|jmdict-common
いちばい|jmdict-common
いちばん|jmdict-common
いちばんうえ|jmdict-common
いちばんて|jmdict-common
いちばんのり|jmdict-common
いちぶ|jmdict-common
いちぶぶん|jmdict-common
いちまい|jmdict-common
いちまいいわ|jmdict-common
いちまつ|jmdict-common
いちまん|jmdict-common
いちめん|jmdict-common
いちもん|jmdict-common
いちや|jmdict-common
いちやく|jmdict-common
いちょう|jmdict-common
いちよう|jmdict-common
いちよく|jmdict-common
いちらん|jmdict-common
いちらんひょう|jmdict-common
いちりつ|jmdict-common
いちりづか|jmdict-common
いちりゅう|jmdict-common
いちりょう|jmdict-common
いちるい|jmdict-common
いちれい|jmdict-common
いちれん|jmdict-common
いちわり|jmdict-common
いち早く|jmdict-common
いち速く|jmdict-variant
いっか|jmdict-common
いっかい|jmdict-common
いっかく|jmdict-common
いっかげつ|jmdict-common
いっかつ|jmdict-common
いっかん|jmdict-common
いっき|jmdict-common
いっきいちゆう|jmdict-common
いっきうち|jmdict-common
いっきなり|jmdict-variant
いっきに|jmdict-common
いっきゅう|jmdict-common
いっきょ|jmdict-common
いっきょく|jmdict-common
いっきょに|jmdict-common
いっけ|jmdict-variant
いっけん|jmdict-common
いっこ|jmdict-common
いっこう|jmdict-common
いっこうに|jmdict-common
いっこく|jmdict-common
いっこだて|jmdict-common
いっさい|jmdict-common
いっさくじつ|jmdict-variant
いっさくねん|jmdict-common
いっさつ|jmdict-common
いっさんかたんそ|jmdict-common
いっしき|jmdict-common
いっしつ|jmdict-common
いっしゅ|jmdict-common
いっしゅう|jmdict-common
いっしゅうかん|jmdict-common
いっしゅうねん|jmdict-common
いっしゅん|jmdict-common
いっしょ|jmdict-common
いっしょう|jmdict-common
いっしょうけんめい|jmdict-common
いっしょく|jmdict-common
いっしょに|jmdict-common
いっしん|jmdict-common
いっしんに|jmdict-common
いっせい|jmdict-common
いっせいに|jmdict-common
いっせき|jmdict-common
いっせきにちょう|jmdict-common
いっせつ|jmdict-common
いっせん|jmdict-common
いっそ|jmdict-common
いっそう|jmdict-common
いっそく|jmdict-common
いっそのこと|jmdict-common
いっその事|jmdict-variant
いったい|jmdict-common
いったいいち|jmdict-variant
いったりきたり|jmdict-common
いったん|jmdict-common
いっち|jmdict-common
いっちゃく|jmdict-common
いっちょう|jmdict-common
いっちょくせん|jmdict-common
いっつう|jmdict-common
いって|jmdict-common
いってい|jmdict-common
いってきます|jmdict-common
いってらっしゃい|jmdict-common
いってん|jmdict-common
いって来ます|jmdict-variant
いっとう|jmdict-common
いっとき|jmdict-variant
いっぱ|jmdict-common
いっぱい|jmdict-common
いっぱく|jmdict-common
いっぱつ|jmdict-common
いっぱん|jmdict-common
いっぱんじん|jmdict-common
いっぱんてき|jmdict-common
いっぱんに|jmdict-common
いっぴき|jmdict-common
いっぴょう|jmdict-common
いっぴん|jmdict-common
いっぷう|jmdict-common
いっぺん|jmdict-common
いっぺんとう|jmdict-common
いっぺんに|jmdict-common
いっぽ|jmdict-common
いっぽう|jmdict-common
いっぽうつうこう|jmdict-common
いっぽうてき|jmdict-common
いっぽん|jmdict-common
いつ|jmdict-common
いつか|jmdict-common
いつごろ|jmdict-common
いつだつ|jmdict-common
いつつ|jmdict-common
いつでも|jmdict-common
いつになく|jmdict-common
いつになったら|jmdict-common
いつのまにか|jmdict-common
いつの間にか|jmdict-common
いつまでも|jmdict-common
いつも|jmdict-common
いつもとおり|jmdict-variant
いつもどうり|jmdict-variant
いつもどおり|jmdict-common
いつも通り|jmdict-common
いつわ|jmdict-common
いつわる|jmdict-common
いつ迄も|jmdict-variant
いつ頃|jmdict-common
いづこ|jmdict-variant
いづれ|jmdict-variant
いてん|jmdict-common
いでん|jmdict-common
いでんし|jmdict-common
いと|jmdict-common
いとぐち|jmdict-common
いとこ|jmdict-common
いとしい|jmdict-common
いとてき|jmdict-common
いとなみ|jmdict-common
いとなむ|jmdict-common
いとめる|jmdict-common
いど|jmdict-common
いどう|jmdict-common
いどうへいきん|jmdict-common
いどこ|jmdict-variant
いどむ|jmdict-common
いな|jmdict-common
いない|jmdict-common
いなか|jmdict-common
いなさく|jmdict-common
いなずま|jmdict-common
いなだ|jmdict-common
いなづま|jmdict-variant
いなほ|jmdict-common
いなり|jmdict-common
いにしえ|jmdict-common
いにん|jmdict-common
いぬ|jmdict-common
いね|jmdict-common
いねかり|jmdict-common
いねむり|jmdict-common
いのしし|jmdict-common
いのち|jmdict-common
いのり|jmdict-common
いのる|jmdict-common
いはん|jmdict-common
いばしょ|jmdict-common
いばり|jmdict-variant
いばる|jmdict-common
いひょう|jmdict-common
いひん|jmdict-common
いびき|jmdict-common
いふく|jmdict-common
いぶき|jmdict-common
いぶくろ|jmdict-common
いぶつ|jmdict-common
いぶん|jmdict-common
いへん|jmdict-common
いほう|jmdict-common
いま|jmdict-common
いまいち|jmdict-common
いまごろ|jmdict-common
いまさら|jmdict-common
いましめ|jmdict-common
いましめる|jmdict-common
いますぐ|jmdict-common
いまだ|jmdict-variant
いまどき|jmdict-common
いまに|jmdict-common
いまにも|jmdict-common
いまひとつ|jmdict-common
いままで|jmdict-common
いまや|jmdict-common
いまわしい|jmdict-common
いま一つ|jmdict-variant
いみ|jmdict-common
いみあい|jmdict-common
いみふめい|jmdict-common
いみょう|jmdict-common
いみん|jmdict-common
いめい|jmdict-variant
いも|jmdict-common
いもうと|jmdict-common
いもの|jmdict-common
いもん|jmdict-common
いや|jmdict-common
いやいや|jmdict-common
いやおい|jmdict-variant
いやがらせ|jmdict-common
いやがる|jmdict-common
いやき|jmdict-common
いやく|jmdict-common
いやくひん|jmdict-common
いやけ|jmdict-variant
いやしい|jmdict-common
いやらしい|jmdict-common
いよいよ|jmdict-common
いよう|jmdict-common
いよく|jmdict-common
いらい|jmdict-common
いらいら|jmdict-common
いらして|jmdict-common
いらしゃい|jmdict-variant
いらしゃいませ|jmdict-variant
いらっしゃい|jmdict-common
いらっしゃいませ|jmdict-common
いらっしゃる|jmdict-common
いり|jmdict-common
いりくち|jmdict-variant
いりぐち|jmdict-common
いりこむ|jmdict-variant
いりごみ|jmdict-common
いりょう|jmdict-common
いりょうひん|jmdict-common
いりょく|jmdict-common
いる|jmdict-common
いるい|jmdict-common
いるか|jmdict-common
いれい|jmdict-common
いれいさい|jmdict-common
いれかえ|jmdict-common
いれずみ|jmdict-common
いれば|jmdict-common
いれもの|jmdict-common
いれる|jmdict-common
いろ|jmdict-common
いろあい|jmdict-common
いろあわい|jmdict-variant
いろいろ|jmdict-common
いろいろあって|jmdict-common
いろけ|jmdict-common
いろどり|jmdict-common
いろどる|jmdict-common
いろは|jmdict-common
いろん|jmdict-common
いろんな|jmdict-common
いわ|jmdict-common
いわい|jmdict-common
いわう|jmdict-common
いわかん|jmdict-common
いわく|jmdict-common
いわし|jmdict-common
いわしお|jmdict-variant
いわば|jmdict-common
いわま|jmdict-common
いわや|jmdict-common
いわやま|jmdict-common
いわゆる|jmdict-common
いん|jmdict-common
いんえん|jmdict-variant
いんかん|jmdict-common
いんが|jmdict-common
いんき|jmdict-common
いんきょ|jmdict-common
いんご|jmdict-common
いんさつ|jmdict-common
いんし|jmdict-common
いんしゅ|jmdict-common
いんしゅうんてん|jmdict-common
いんしょう|jmdict-common
いんしょうづける|jmdict-common
いんしょうてき|jmdict-common
いんしょく|jmdict-common
いんしょくてん|jmdict-common
いんすう|jmdict-variant
いんず|jmdict-variant
いんずう|jmdict-common
いんせい|jmdict-common
いんせき|jmdict-common
いんぜい|jmdict-common
いんたい|jmdict-common
いんちき|jmdict-variant
いんちょう|jmdict-common
いんとく|jmdict-common
いんない|jmdict-common
いんねん|jmdict-common
いんぼう|jmdict-common
いんめつ|jmdict-common
いんよう|jmdict-common
いんりつ|jmdict-common
いんりょう|jmdict-common
いんりょうすい|jmdict-common
いんりょく|jmdict-common
うい|jmdict-variant
ういじん|jmdict-common
ううむ|jmdict-variant
ううん|jmdict-common
うえ|jmdict-common
うえき|jmdict-common
うえきばち|jmdict-common
うえした|jmdict-common
うえじに|jmdict-common
うえむき|jmdict-variant
うえる|jmdict-common
うお|jmdict-variant
うおいちば|jmdict-common
うおうさおう|jmdict-common
うかがう|jmdict-common
うかびあがる|jmdict-common
うかび上がる|jmdict-variant
うかぶ|jmdict-common
うかべる|jmdict-common
うかる|jmdict-common
うかれる|jmdict-common
うがい|jmdict-common
うき|jmdict-common
うきうき|jmdict-common
うきぼり|jmdict-common
うきめ|jmdict-common
うきよえ|jmdict-common
うき目|jmdict-variant
うく|jmdict-common
うけ|jmdict-common
うけいれ|jmdict-common
うけいれる|jmdict-common
うけおい|jmdict-common
うけおう|jmdict-common
うけざら|jmdict-common
うけたまわる|jmdict-common
うけつぐ|jmdict-common
うけつけ|jmdict-common
うけつけちゅう|jmdict-common
うけつける|jmdict-common
うけとめる|jmdict-common
うけとり|jmdict-common
うけとりにん|jmdict-common
うけとる|jmdict-common
うけみ|jmdict-common
うけもち|jmdict-common
うけもつ|jmdict-common
うける|jmdict-common
うけわたし|jmdict-common
うけ取る|jmdict-variant
うごかす|jmdict-common
うごき|jmdict-common
うごきだす|jmdict-common
うごく|jmdict-common
うさぎ|jmdict-common
うし|jmdict-common
うしなう|jmdict-common
うしろ|jmdict-common
うしろすがた|jmdict-common
うしろだて|jmdict-common
うしろむき|jmdict-common
うしろ姿|jmdict-variant
うじがみ|jmdict-common
うじな|jmdict-variant
うすい|jmdict-common
うすぎ|jmdict-common
うすぐらい|jmdict-common
うすまる|jmdict-common
うすめる|jmdict-common
うすらぐ|jmdict-common
うすれる|jmdict-common
うす暗い|jmdict-variant
うず|jmdict-common
うずうず|jmdict-common
うずくまる|jmdict-common
うずまき|jmdict-common
うずまる|jmdict-common
うずめる|jmdict-common
うずもれる|jmdict-variant
うせつ|jmdict-common
うそ|jmdict-common
うそく|jmdict-variant
うそつき|jmdict-common
うそ付き|jmdict-variant
うそ吐き|jmdict-variant
うた|jmdict-common
うたあわせ|jmdict-common
うたい|jmdict-common
うたう|jmdict-common
うたがい|jmdict-common
うたがう|jmdict-common
うたがわしい|jmdict-common
うたげ|jmdict-common
うたごえ|jmdict-common
うたひめ|jmdict-common
うち|jmdict-common
うちあい|jmdict-common
うちあける|jmdict-common
うちあげ|jmdict-common
うちあげる|jmdict-common
うちあわせ|jmdict-common
うちあわせる|jmdict-common
うちうち|jmdict-common
うちうみ|jmdict-variant
うちがわ|jmdict-common
うちき|jmdict-common
うちきり|jmdict-common
うちきる|jmdict-common
うちけし|jmdict-common
うちけす|jmdict-common
うちこみ|jmdict-common
うちこむ|jmdict-common
うちそと|jmdict-variant
うちだす|jmdict-common
うちぼり|jmdict-common
うちまく|jmdict-common
うちゅう|jmdict-common
うちゅうかいはつ|jmdict-common
うちゅうかいはつじぎょうだん|jmdict-common
うちゅうかん|jmdict-common
うちゅうくうかん|jmdict-common
うちゅうひこうし|jmdict-common
うちょうてん|jmdict-common
うちわ|jmdict-common
うちわけ|jmdict-common
うち合わせ|jmdict-variant
うち込む|jmdict-variant
うっかり|jmdict-common
うったえ|jmdict-common
うったえる|jmdict-common
うっとうしい|jmdict-common
うっとおしい|jmdict-variant
うつ|jmdict-common
うつくしい|jmdict-common
うつし|jmdict-common
うつしだす|jmdict-common
うつし出す|jmdict-variant
うつす|jmdict-common
うつびょう|jmdict-common
うつむく|jmdict-common
うつりかわり|jmdict-common
うつる|jmdict-common
うつわ|jmdict-common
うつわもの|jmdict-variant
うつ向く|jmdict-variant
うつ病|jmdict-common
うづもれる|jmdict-variant
うてん|jmdict-common
うで|jmdict-common
うでぢから|jmdict-variant
うでどけい|jmdict-common
うでまえ|jmdict-common
うでる|jmdict-variant
うで時計|jmdict-variant
うとうと|jmdict-common
うとっと|jmdict-variant
うどん|jmdict-common
うながす|jmdict-common
うなぎ|jmdict-common
うなじ|jmdict-variant
うなずく|jmdict-common
うなぞこ|jmdict-variant
うなづく|jmdict-variant
うなる|jmdict-common
うぬぼれ|jmdict-common
うぬぼれる|jmdict-common
うね|jmdict-common
うねり|jmdict-common
うねる|jmdict-common
うは|jmdict-common
うば|jmdict-variant
うばう|jmdict-common
うぶだし|jmdict-variant
うほう|jmdict-common
うま|jmdict-common
うまい|jmdict-common
うまくいく|jmdict-common
うまく行く|jmdict-variant
うまぐるま|jmdict-variant
うまぬし|jmdict-common
うまる|jmdict-common
うまれ|jmdict-common
うまれそだつ|jmdict-common
うまれつき|jmdict-common
うまれる|jmdict-common
うみ|jmdict-common
うみじ|jmdict-variant
うみだす|jmdict-common
うみのおや|jmdict-common
うみべ|jmdict-common
うみ出す|jmdict-variant
うむ|jmdict-common
うめ|jmdict-common
うめしゅ|jmdict-common
うめたて|jmdict-common
うめたてち|jmdict-common
うめぼし|jmdict-common
うめる|jmdict-common
うもう|jmdict-common
うもれる|jmdict-common
うやまう|jmdict-common
うやむや|jmdict-common
うよく|jmdict-common
うら|jmdict-common
うらおもて|jmdict-common
うらかた|jmdict-common
うらがえし|jmdict-common
うらがえす|jmdict-common
うらがね|jmdict-common
うらがわ|jmdict-common
うらぎり|jmdict-common
うらぎりもの|jmdict-common
うらぎる|jmdict-common
うらぐち|jmdict-common
うらづけ|jmdict-common
うらづける|jmdict-common
うらとおり|jmdict-variant
うらどおり|jmdict-common
うらない|jmdict-common
うらないし|jmdict-common
うらなう|jmdict-common
うらはら|jmdict-common
うらみ|jmdict-common
うらみち|jmdict-common
うらむ|jmdict-common
うらめ|jmdict-common
うらめん|jmdict-common
うらもん|jmdict-common
うらやましい|jmdict-common
うら側|jmdict-variant
うり|jmdict-common
うりあげ|jmdict-common
うりあげきん|jmdict-common
うりあげだか|jmdict-common
うりきれ|jmdict-common
うりきれる|jmdict-common
うりこみ|jmdict-common
うりこむ|jmdict-common
うりだし|jmdict-common
うりだす|jmdict-common
うりて|jmdict-common
うりば|jmdict-common
うりもの|jmdict-common
うりょう|jmdict-common
うる|jmdict-common
うるうどし|jmdict-common
うるう年|jmdict-variant
うるおい|jmdict-common
うるおう|jmdict-common
うるおす|jmdict-common
うるさい|jmdict-common
うるし|jmdict-common
うるしぬり|jmdict-common
うるむ|jmdict-common
うれい|jmdict-common
うれえる|jmdict-common
うれしい|jmdict-common
うれすじ|jmdict-common
うれすじランキング|jmdict-common
うれゆき|jmdict-common
うれる|jmdict-common
うろうろ|jmdict-common
うろこ|jmdict-common
うろつく|jmdict-common
うわき|jmdict-common
うわぎ|jmdict-common
うわくちびる|jmdict-common
うわさ|jmdict-common
うわっちょうし|jmdict-common
うわづみ|jmdict-common
うわてなげ|jmdict-common
うわのせ|jmdict-common
うわまる|jmdict-variant
うわまわる|jmdict-common
うわむき|jmdict-common
うわん|jmdict-variant
うわ気|jmdict-variant
うん|jmdict-common
うんえい|jmdict-common
うんが|jmdict-common
うんきゅう|jmdict-common
うんこ|jmdict-common
うんこう|jmdict-common
うんざり|jmdict-common
うんそう|jmdict-common
うんち|jmdict-variant
うんちん|jmdict-common
うんてん|jmdict-common
うんてんし|jmdict-common
うんてんしゅ|jmdict-common
うんてんめんきょ|jmdict-common
うんでいのさ|jmdict-common
うんどう|jmdict-common
うんどうかい|jmdict-common
うんどうじょう|jmdict-common
うんどうば|jmdict-variant
うんどうぶそく|jmdict-common
うんどん|jmdict-variant
うんぬん|jmdict-common
うんぱん|jmdict-common
うんめい|jmdict-common
うんゆ|jmdict-common
うんゆしょう|jmdict-common
うんよう|jmdict-common
うんよく|jmdict-common
うーん|jmdict-common
えい|jmdict-common
えいえん|jmdict-common
えいかいわ|jmdict-common
えいかく|jmdict-common
えいかん|jmdict-common
えいが|jmdict-common
えいがかん|jmdict-common
えいき|jmdict-common
えいきゅう|jmdict-common
えいきょう|jmdict-common
えいきょうりょく|jmdict-common
えいぎょう|jmdict-common
えいぎょうしょ|jmdict-common
えいぎょうじかん|jmdict-common
えいぎょうマン|jmdict-common
えいこ|jmdict-common
えいこう|jmdict-common
えいこく|jmdict-common
えいご|jmdict-common
えいじ|jmdict-common
えいじゅう|jmdict-common
えいすうじ|jmdict-common
えいせい|jmdict-common
えいせいてき|jmdict-common
えいぜん|jmdict-common
えいぞう|jmdict-common
えいぞく|jmdict-common
えいたい|jmdict-common
えいたんご|jmdict-common
えいだん|jmdict-common
えいち|jmdict-common
えいのう|jmdict-common
えいびん|jmdict-common
えいぶん|jmdict-common
えいぶんがく|jmdict-common
えいめい|jmdict-common
えいやく|jmdict-common
えいゆう|jmdict-common
えいよ|jmdict-common
えいよう|jmdict-common
えいようがく|jmdict-common
えいようし|jmdict-common
えいようしっちょう|jmdict-common
えいようそ|jmdict-common
えいり|jmdict-common
えいわ|jmdict-common
えう|jmdict-variant
ええ|jmdict-common
ええっと|jmdict-variant
ええと|jmdict-variant
えがお|jmdict-common
えがく|jmdict-common
えき|jmdict-common
えきいん|jmdict-common
えきか|jmdict-common
えきしょう|jmdict-common
えきたい|jmdict-common
えきちょう|jmdict-common
えきでん|jmdict-common
えきびょう|jmdict-common
えきべん|jmdict-common
えきまえ|jmdict-common
えくぼ|jmdict-common
えさ|jmdict-common
えしゃく|jmdict-common
えぞ|jmdict-variant
えだ|jmdict-common
えだは|jmdict-common
えだまめ|jmdict-common
えちご|jmdict-common
えっきょう|jmdict-common
えっけん|jmdict-common
えっち|jmdict-variant
えっと|jmdict-common
えっとう|jmdict-common
えつねん|jmdict-common
えつらん|jmdict-common
えとき|jmdict-common
えど|jmdict-common
えどじだい|jmdict-common
えどっこ|jmdict-common
えのぐ|jmdict-common
えはがき|jmdict-common
えばる|jmdict-variant
えび|jmdict-common
えびす|jmdict-common
えべす|jmdict-variant
えほん|jmdict-common
えまき|jmdict-common
えまきもの|jmdict-common
えみ|jmdict-common
えみし|jmdict-common
えもじ|jmdict-common
えもの|jmdict-common
えらい|jmdict-common
えらぶ|jmdict-common
えり|jmdict-common
えりすぐり|jmdict-variant
えりまき|jmdict-common
えりもと|jmdict-common
えりわける|jmdict-variant
えり元|jmdict-variant
えり分ける|jmdict-variant
えり巻き|jmdict-variant
える|jmdict-common
えをえがく|jmdict-variant
えをかく|jmdict-common
えん|jmdict-common
えんえい|jmdict-common
えんえん|jmdict-common
えんか|jmdict-common
えんかい|jmdict-common
えんかいしゅう|jmdict-common
えんかく|jmdict-common
えんかつ|jmdict-common
えんがわ|jmdict-common
えんがん|jmdict-common
えんき|jmdict-common
えんきょく|jmdict-common
えんきょり|jmdict-common
えんきんほう|jmdict-common
えんぎ|jmdict-common
えんぎりょく|jmdict-common
えんぐん|jmdict-common
えんけい|jmdict-common
えんげい|jmdict-common
えんげき|jmdict-common
えんこ|jmdict-common
えんこつ|jmdict-variant
えんご|jmdict-common
えんさん|jmdict-common
えんざん|jmdict-common
えんしゅう|jmdict-common
えんしゅつ|jmdict-common
えんしゅつか|jmdict-common
えんしょう|jmdict-common
えんしんりょく|jmdict-common
えんじ|jmdict-common
えんじゅく|jmdict-common
えんじょ|jmdict-common
えんじょう|jmdict-common
えんじょこうさい|jmdict-common
えんじる|jmdict-common
えんすい|jmdict-variant
えんずる|jmdict-common
えんせい|jmdict-common
えんせき|jmdict-common
えんせん|jmdict-common
えんぜつ|jmdict-common
えんそ|jmdict-common
えんそう|jmdict-common
えんそうかい|jmdict-common
えんそうば|jmdict-common
えんそく|jmdict-common
えんたい|jmdict-common
えんたく|jmdict-common
えんだか|jmdict-common
えんだて|jmdict-common
えんだん|jmdict-common
えんちゅう|jmdict-common
えんちょう|jmdict-common
えんてん|jmdict-common
えんでん|jmdict-common
えんとう|jmdict-common
えんとつ|jmdict-common
えんどう|jmdict-common
えんない|jmdict-common
えんばん|jmdict-common
えんぴつ|jmdict-common
えんぶ|jmdict-common
えんぶん|jmdict-common
えんぽう|jmdict-common
えんまん|jmdict-common
えんみ|jmdict-variant
えんみょう|jmdict-variant
えんめい|jmdict-common
えんめつ|jmdict-variant
えんもく|jmdict-common
えんやす|jmdict-common
えんりょ|jmdict-common
えー|jmdict-variant
えーっ|jmdict-variant
えーっと|jmdict-variant
えーと|jmdict-variant
えーー|jmdict-variant
えーーっと|jmdict-variant
えーーーっと|jmdict-variant
えーーーーっと|jmdict-variant
おい|jmdict-common
おいあげる|jmdict-common
おいうち|jmdict-common
おいおい|jmdict-common
おいかける|jmdict-common
おいかぜ|jmdict-common
おいこす|jmdict-common
おいこみ|jmdict-common
おいこむ|jmdict-common
おいしい|jmdict-common
おいしゃさん|jmdict-common
おいたち|jmdict-common
おいだす|jmdict-common
おいつく|jmdict-common
おいて|jmdict-variant
おいぬ|jmdict-variant
おいぬく|jmdict-common
おいめ|jmdict-common
おいる|jmdict-common
おいわい|jmdict-common
おい出す|jmdict-variant
おう|jmdict-common
おうい|jmdict-common
おうえん|jmdict-common
おうか|jmdict-common
おうかん|jmdict-common
おうきゅう|jmdict-common
おうぎ|jmdict-common
おうぎがた|jmdict-common
おうぎょう|jmdict-variant
おうこう|jmdict-common
おうこく|jmdict-common
おうごん|jmdict-common
おうごんじだい|jmdict-common
おうさつ|jmdict-common
おうさま|jmdict-common
おうざ|jmdict-common
おうしつ|jmdict-common
おうしゃ|jmdict-variant
おうしゅう|jmdict-common
おうしょう|jmdict-common
おうしょく|jmdict-variant
おうしん|jmdict-common
おうじ|jmdict-common
おうじゃ|jmdict-common
おうじょ|jmdict-common
おうじょう|jmdict-common
おうじる|jmdict-common
おうずる|jmdict-common
おうせい|jmdict-common
おうせつ|jmdict-common
おうせん|jmdict-common
おうぞく|jmdict-common
おうたい|jmdict-common
おうだ|jmdict-common
おうだん|jmdict-common
おうだんほどう|jmdict-common
おうだんまく|jmdict-common
おうち|jmdict-common
おうちゃく|jmdict-common
おうちょう|jmdict-common
おうて|jmdict-common
おうてん|jmdict-common
おうと|jmdict-common
おうとう|jmdict-common
おうとつ|jmdict-common
おうにょ|jmdict-variant
おうねん|jmdict-common
おうひ|jmdict-common
おうふく|jmdict-common
おうぶん|jmdict-common
おうへい|jmdict-common
おうべい|jmdict-common
おうぼ|jmdict-common
おうぼう|jmdict-common
おうぼしゃ|jmdict-common
おうよう|jmdict-common
おうらい|jmdict-common
おうりつ|jmdict-common
おうりょう|jmdict-common
おう吐|jmdict-variant
おえる|jmdict-common
おお|jmdict-common
おおあきない|jmdict-common
おおあさ|jmdict-variant
おおあたり|jmdict-common
おおあめ|jmdict-common
おおい|jmdict-common
おおいそぎ|jmdict-common
おおいに|jmdict-common
おおう|jmdict-common
おおうみ|jmdict-variant
おおえ|jmdict-variant
おおえだ|jmdict-common
おおおとこ|jmdict-common
おおかた|jmdict-common
おおかみ|jmdict-common
おおかめ|jmdict-variant
おおがかり|jmdict-common
おおがた|jmdict-common
おおがね|jmdict-variant
おおきい|jmdict-common
おおきくなる|jmdict-common
おおきさ|jmdict-common
おおきな|jmdict-common
おおぎ|jmdict-variant
おおく|jmdict-common
おおくち|jmdict-variant
おおくら|jmdict-common
おおくらしょう|jmdict-common
おおぐち|jmdict-common
おおげさ|jmdict-common
おおごえ|jmdict-common
おおさか|jmdict-common
おおさじ|jmdict-common
おおさわぎ|jmdict-common
おおざっぱ|jmdict-common
おおし|jmdict-common
おおじ|jmdict-variant
おおじだい|jmdict-common
おおすじ|jmdict-common
おおずもう|jmdict-common
おおぜい|jmdict-common
おおぜき|jmdict-common
おおそうじ|jmdict-common
おおぞら|jmdict-common
おおだい|jmdict-common
おおだな|jmdict-common
おおつぶ|jmdict-common
おおづめ|jmdict-common
おおて|jmdict-common
おおてきぎょう|jmdict-common
おおどおり|jmdict-common
おおの|jmdict-common
おおはば|jmdict-common
おおば|jmdict-variant
おおふね|jmdict-variant
おおぶね|jmdict-common
おおまか|jmdict-common
おおみず|jmdict-common
おおみそか|jmdict-common
おおむかし|jmdict-common
おおむぎ|jmdict-common
おおめ|jmdict-common
おおもじ|jmdict-common
おおもの|jmdict-common
おおもり|jmdict-common
おおや|jmdict-common
おおやけ|jmdict-common
おおやしろ|jmdict-variant
おおゆき|jmdict-common
おおよろこび|jmdict-common
おおわた|jmdict-variant
おおわらい|jmdict-common
おか|jmdict-common
おかあさん|jmdict-common
おかいけい|jmdict-common
おかいどく|jmdict-common
おかえし|jmdict-common
おかえり|jmdict-common
おかえりなさい|jmdict-common
おかげさまで|jmdict-common
おかげで|jmdict-common
おかげ様で|jmdict-variant
おかし|jmdict-common
おかしい|jmdict-common
おかしな|jmdict-common
おかしや|jmdict-common
おかし屋|jmdict-variant
おかす|jmdict-common
おかず|jmdict-common
おかね|jmdict-common
おかねもち|jmdict-common
おかわり|jmdict-common
おかん|jmdict-common
おかーさん|jmdict-variant
おがむ|jmdict-common
おがわ|jmdict-common
おき|jmdict-common
おきあい|jmdict-common
おきあがりこぼし|jmdict-common
おきあがる|jmdict-common
おきかえる|jmdict-common
おきざり|jmdict-common
おきて|jmdict-common
おきな|jmdict-common
おきなわ|jmdict-common
おきにいり|jmdict-common
おきば|jmdict-common
おきもの|jmdict-common
おきゃくさま|jmdict-common
おきる|jmdict-common
おき去り|jmdict-variant
おぎ|jmdict-common
おぎなう|jmdict-common
おく|jmdict-common
おくがい|jmdict-common
おくさま|jmdict-common
おくさん|jmdict-common
おくじょう|jmdict-common
おくそく|jmdict-common
おくち|jmdict-common
おくない|jmdict-common
おくびょう|jmdict-common
おくびょうもの|jmdict-common
おくやま|jmdict-common
おくゆき|jmdict-common
おくらす|jmdict-common
おくり|jmdict-common
おくりかえす|jmdict-common
おくりがな|jmdict-common
おくりこむ|jmdict-common
おくりさき|jmdict-common
おくりだし|jmdict-common
おくりぬし|jmdict-common
おくりもの|jmdict-common
おくる|jmdict-common
おくれ|jmdict-common
おくれる|jmdict-common
おく病|jmdict-variant
おけ|jmdict-common
おこさま|jmdict-common
おこす|jmdict-common
おこたる|jmdict-common
おこづかい|jmdict-common
おこない|jmdict-common
おこなう|jmdict-common
おこのみやき|jmdict-common
おこのみ焼き|jmdict-variant
おこらせる|jmdict-common
おこる|jmdict-common
おごそか|jmdict-common
おごる|jmdict-common
おさえ|jmdict-common
おさえる|jmdict-common
おさきに|jmdict-common
おさない|jmdict-common
おさなご|jmdict-common
おさなじみ|jmdict-variant
おさななじみ|jmdict-common
おさな子|jmdict-variant
おさまり|jmdict-common
おさまる|jmdict-common
おさめる|jmdict-common
おさん|jmdict-common
おし|jmdict-common
おしい|jmdict-common
おしいり|jmdict-common
おしいる|jmdict-common
おしいれ|jmdict-common
おしうり|jmdict-common
おしえ|jmdict-common
おしえご|jmdict-common
おしえる|jmdict-common
おしきる|jmdict-common
おしこむ|jmdict-common
おしだし|jmdict-common
おしっこ|jmdict-common
おしつける|jmdict-common
おしはらいほうほう|jmdict-common
おしぼり|jmdict-common
おしまい|jmdict-common
おしむ|jmdict-common
おしもんどう|jmdict-common
おしゃべり|jmdict-common
おしゃれ|jmdict-common
おしょう|jmdict-common
おしょく|jmdict-common
おしろい|jmdict-common
おじ|jmdict-common
おじいさん|jmdict-common
おじかん|jmdict-common
おじぎ|jmdict-common
おじま|jmdict-variant
おじゃまします|jmdict-common
おじょうさん|jmdict-common
おす|jmdict-common
おすい|jmdict-common
おすみつき|jmdict-common
おせいぼ|jmdict-common
おせじ|jmdict-common
おせち|jmdict-common
おせちりょうり|jmdict-common
おせち料理|jmdict-common
おせっかい|jmdict-common
おせわになる|jmdict-common
おせん|jmdict-common
おせー|jmdict-variant
おそい|jmdict-common
おそう|jmdict-common
おそうしき|jmdict-common
おそざき|jmdict-common
おそらく|jmdict-common
おそるおそる|jmdict-common
おそるべき|jmdict-common
おそれ|jmdict-common
おそれる|jmdict-common
おそろしい|jmdict-common
おそわる|jmdict-common
おそーい|jmdict-variant
おたがいに|jmdict-common
おたく|jmdict-common
おためしあれ|jmdict-common
おたんじょうび|jmdict-common
おたんじょうびおめでとうございます|jmdict-common
おだいじに|jmdict-common
おだく|jmdict-common
おだやか|jmdict-common
おち|jmdict-common
おちあう|jmdict-common
おちいる|jmdict-common
おちこぼれ|jmdict-common
おちこむ|jmdict-common
おちついた|jmdict-common
おちつき|jmdict-common
おちつく|jmdict-common
おちど|jmdict-common
おちば|jmdict-common
おちゃ|jmdict-common
おちゅうげん|jmdict-common
おちる|jmdict-common
おっかけ|jmdict-common
おっかける|jmdict-common
おっきい|jmdict-common
おっけ|jmdict-variant
おっけい|jmdict-variant
おっけー|jmdict-variant
おっこ|jmdict-variant
おっさん|jmdict-common
おっしゃる|jmdict-common
おっせー|jmdict-variant
おっそい|jmdict-variant
おっそーい|jmdict-variant
おって|jmdict-common
おっと|jmdict-common
おっぱい|jmdict-common
おつ|jmdict-common
おつかい|jmdict-common
おつかれさま|jmdict-common
おつかれ様|jmdict-variant
おつねん|jmdict-variant
おつり|jmdict-common
おてあげ|jmdict-common
おてあらい|jmdict-common
おてかず|jmdict-variant
おてすう|jmdict-common
おてすうですが|jmdict-common
おてつだい|jmdict-common
おてつだいさん|jmdict-common
おてん|jmdict-common
おてんき|jmdict-common
おでかけ|jmdict-common
おでこ|jmdict-common
おでん|jmdict-common
おと|jmdict-common
おとうさん|jmdict-common
おとうと|jmdict-common
おとこ|jmdict-common
おとこたち|jmdict-common
おとこのこ|jmdict-common
おとこのひと|jmdict-common
おとこまえ|jmdict-common
おとこらしい|jmdict-common
おとしあな|jmdict-common
おとしだま|jmdict-common
おとしもの|jmdict-common
おとしより|jmdict-common
おとし物|jmdict-variant
おとし穴|jmdict-variant
おとす|jmdict-common
おとずれ|jmdict-common
おとずれる|jmdict-common
おとっさん|jmdict-variant
おとつい|jmdict-variant
おととい|jmdict-common
おととし|jmdict-common
おとな|jmdict-common
おとなしい|jmdict-common
おとなっぽい|jmdict-common
おとなになる|jmdict-common
おとる|jmdict-common
おとろえ|jmdict-common
おとろえる|jmdict-common
おと年|jmdict-variant
おどおど|jmdict-variant
おどかす|jmdict-common
おどし|jmdict-common
おどす|jmdict-common
おどり|jmdict-common
おどりこ|jmdict-common
おどりば|jmdict-common
おどる|jmdict-common
おどろかす|jmdict-common
おどろき|jmdict-common
おどろく|jmdict-common
おどろくほど|jmdict-common
おどろく程|jmdict-variant
おなか|jmdict-common
おなかのこ|jmdict-common
おなかの子|jmdict-variant
おなじ|jmdict-common
おなじく|jmdict-common
おなじみ|jmdict-common
おなまえ|jmdict-common
おなら|jmdict-common
おに|jmdict-common
おにいさん|jmdict-common
おにがみ|jmdict-variant
おにぎり|jmdict-common
おにごっこ|jmdict-common
おね|jmdict-common
おねえさん|jmdict-common
おねがい|jmdict-common
おねがいいたします|jmdict-common
おねがいします|jmdict-common
おのおの|jmdict-common
おのずから|jmdict-common
おのぼれ|jmdict-variant
おのれ|jmdict-common
おはこ|jmdict-variant
おはなし|jmdict-common
おはなしちゅう|jmdict-common
おはよう|jmdict-common
おはようございます|jmdict-common
おはよう御座います|jmdict-variant
おはよー|jmdict-variant
おはよーございます|jmdict-variant
おば|jmdict-common
おばあさん|jmdict-common
おばあちゃん|jmdict-common
おばけ|jmdict-common
おばーさん|jmdict-variant
おひさしぶり|jmdict-common
おひとりさま|jmdict-common
おひる|jmdict-common
おび|jmdict-common
おびえる|jmdict-common
おびただしい|jmdict-common
おびやかす|jmdict-common
おびる|jmdict-common
おふくろ|jmdict-common
おふろ|jmdict-common
おぶつ|jmdict-common
おぶね|jmdict-variant
おべんとう|jmdict-common
おぼうさん|jmdict-common
おぼえ|jmdict-common
おぼえがき|jmdict-common
おぼえる|jmdict-common
おぼれる|jmdict-common
おまい|jmdict-variant
おまいり|jmdict-common
おまえ|jmdict-common
おまけ|jmdict-common
おまけに|jmdict-common
おまたせしました|jmdict-common
おまちかね|jmdict-common
おまもり|jmdict-common
おまわりさん|jmdict-common
おみあげ|jmdict-variant
おみこし|jmdict-common
おみせ|jmdict-common
おみつもり|jmdict-common
おみやげ|jmdict-common
おむつ|jmdict-common
おめい|jmdict-common
おめでとう|jmdict-common
おめでとうございます|jmdict-common
おめでとう御座います|jmdict-variant
おも|jmdict-common
おもい|jmdict-common
おもいあがる|jmdict-common
おもいあたる|jmdict-common
おもいえがく|jmdict-common
おもいおこす|jmdict-common
おもいおもい|jmdict-common
おもいがけない|jmdict-common
おもいきって|jmdict-common
おもいきり|jmdict-common
おもいきる|jmdict-common
おもいこむ|jmdict-common
おもいだす|jmdict-common
おもいっきり|jmdict-common
おもいつき|jmdict-common
おもいつく|jmdict-common
おもいで|jmdict-common
おもいとどまる|jmdict-common
おもいなおす|jmdict-common
おもいやり|jmdict-common
おもいやる|jmdict-common
おもい出す|jmdict-variant
おもう|jmdict-common
おもうぞんぶん|jmdict-common
おもかげ|jmdict-common
おもき|jmdict-common
おもくるしい|jmdict-common
おもさ|jmdict-common
おもし|jmdict-common
おもしろ|jmdict-common
おもしろい|jmdict-common
おもたい|jmdict-common
おもちゃ|jmdict-common
おもて|jmdict-common
おもてうら|jmdict-variant
おもてだって|jmdict-common
おもてだつ|jmdict-common
おもてどおり|jmdict-common
おもてなし|jmdict-common
おもてむき|jmdict-common
おもで|jmdict-variant
おもに|jmdict-common
おもみ|jmdict-common
おもむき|jmdict-common
おもむく|jmdict-common
おももち|jmdict-common
おもやく|jmdict-variant
おもる|jmdict-common
おもわく|jmdict-common
おもわず|jmdict-common
おもわれる|jmdict-common
おもんじる|jmdict-common
おもんずる|jmdict-common
おや|jmdict-common
おやかた|jmdict-common
おやがいしゃ|jmdict-common
おやがた|jmdict-variant
おやこ|jmdict-common
おやこうこう|jmdict-common
おやじ|jmdict-common
おやすみ|jmdict-common
おやすみなさい|jmdict-common
おやつ|jmdict-common
おやばか|jmdict-common
おやふこう|jmdict-common
おやぶん|jmdict-common
おやま|jmdict-variant
おやゆずり|jmdict-common
おやゆび|jmdict-common
おや指|jmdict-variant
おゆび|jmdict-variant
およぎ|jmdict-common
およぐ|jmdict-common
およそ|jmdict-common
および|jmdict-common
およぶ|jmdict-common
およぼす|jmdict-common
おらあ|jmdict-variant
おり|jmdict-common
おりあい|jmdict-common
おりおり|jmdict-common
おりかえし|jmdict-common
おりかえす|jmdict-common
おりから|jmdict-common
おりがみ|jmdict-common
おりき|jmdict-variant
おりたたみ|jmdict-common
おりにふれて|jmdict-common
おりもの|jmdict-common
おりる|jmdict-common
おり返す|jmdict-variant
おる|jmdict-common
おれ|jmdict-common
おれい|jmdict-common
おれる|jmdict-common
おろおろ|jmdict-common
おろか|jmdict-common
おろし|jmdict-common
おろしうり|jmdict-common
おろしうりしじょう|jmdict-common
おろしうりぶっか|jmdict-common
おろしね|jmdict-common
おろす|jmdict-common
おろそか|jmdict-common
おわび|jmdict-common
おわり|jmdict-common
おわりね|jmdict-common
おわる|jmdict-common
おん|jmdict-common
おんかい|jmdict-common
おんがえし|jmdict-common
おんがく|jmdict-common
おんがくか|jmdict-common
おんがっか|jmdict-variant
おんきゅう|jmdict-common
おんきょう|jmdict-common
おんくん|jmdict-common
おんけい|jmdict-common
おんけん|jmdict-common
おんこう|jmdict-common
おんし|jmdict-common
おんしつ|jmdict-common
おんしゃ|jmdict-common
おんしょう|jmdict-common
おんしょく|jmdict-variant
おんしらず|jmdict-common
おんじき|jmdict-variant
おんじょう|jmdict-variant
おんじん|jmdict-common
おんせい|jmdict-common
おんせん|jmdict-common
おんぞん|jmdict-common
おんたい|jmdict-common
おんだん|jmdict-common
おんち|jmdict-common
おんちゅう|jmdict-common
おんてい|jmdict-common
おんとう|jmdict-common
おんど|jmdict-common
おんどく|jmdict-common
おんどけい|jmdict-common
おんな|jmdict-common
おんながた|jmdict-common
おんなし|jmdict-variant
おんなじ|jmdict-variant
おんなのこ|jmdict-common
おんなのひと|jmdict-common
おんならしい|jmdict-common
おんびん|jmdict-common
おんぶ|jmdict-common
おんぷ|jmdict-common
おんみょう|jmdict-variant
おんよう|jmdict-variant
おんよみ|jmdict-common
おんりょう|jmdict-common
おんれい|jmdict-variant
おんわ|jmdict-common
おカネ持ち|jmdict-variant
おーい|jmdict-variant
おーけー|jmdict-variant
お一人さま|jmdict-variant
お一人様|jmdict-common
お世話になる|jmdict-common
お世辞|jmdict-common
お中|jmdict-variant
お中元|jmdict-common
お久しぶり|jmdict-common
お久し振り|jmdict-variant
お互いに|jmdict-common
お仕舞|jmdict-variant
お仕舞い|jmdict-variant
お代り|jmdict-variant
お代わり|jmdict-common
お休み|jmdict-common
お休みなさい|jmdict-common
お会計|jmdict-common
お使|jmdict-variant
お使い|jmdict-common
お兄さん|jmdict-common
お先に|jmdict-common
お八つ|jmdict-variant
お内|jmdict-variant
お凸|jmdict-variant
お出かけ|jmdict-common
お出掛け|jmdict-variant
お前|jmdict-common
お化け|jmdict-common
お医者さん|jmdict-common
お参り|jmdict-common
お名前|jmdict-common
お喋り|jmdict-common
お土産|jmdict-common
お坊さん|jmdict-common
お墨つき|jmdict-variant
お墨付|jmdict-variant
お墨付き|jmdict-common
お大事に|jmdict-common
お天気|jmdict-common
お好みやき|jmdict-variant
お好み焼|jmdict-variant
お好み焼き|jmdict-common
お姉さん|jmdict-common
お姐さん|jmdict-variant
お婆さん|jmdict-variant
お婆ちゃん|jmdict-variant
お嬢さん|jmdict-common
お子さま|jmdict-common
お子様|jmdict-common
お宅|jmdict-common
お守|jmdict-variant
お守り|jmdict-common
お客さま|jmdict-common
お客様|jmdict-common
お家|jmdict-common
お小遣い|jmdict-common
お巡りさん|jmdict-common
お帰り|jmdict-common
お帰りなさい|jmdict-common
お年より|jmdict-variant
お年寄|jmdict-variant
お年寄り|jmdict-common
お年玉|jmdict-common
お店|jmdict-common
お弁当|jmdict-common
お待たせしました|jmdict-common
お待ちかね|jmdict-common
お待ち兼ね|jmdict-variant
お御輿|jmdict-variant
お手あげ|jmdict-variant
お手上げ|jmdict-common
お手伝い|jmdict-common
お手伝いさん|jmdict-common
お手数|jmdict-common
お手数ですが|jmdict-common
お手洗い|jmdict-common
お持て成し|jmdict-variant
お握り|jmdict-variant
お支払い方法|jmdict-common
お支払方法|jmdict-common
お数|jmdict-variant
お早う|jmdict-variant
お早うございます|jmdict-variant
お早う御座います|jmdict-variant
お昼|jmdict-common
お時間|jmdict-common
お替り|jmdict-variant
お替わり|jmdict-variant
お歳暮|jmdict-common
お母|jmdict-variant
お母さん|jmdict-common
お気に入り|jmdict-common
お洒落|jmdict-common
お父さん|jmdict-common
お爺さん|jmdict-variant
お産|jmdict-common
お田|jmdict-variant
お疲れさま|jmdict-common
お疲れ様|jmdict-common
お目出度う|jmdict-variant
お目出度うございます|jmdict-variant
お礼|jmdict-common
お祖母さん|jmdict-common
お祖母ちゃん|jmdict-variant
お祖父さん|jmdict-common
お祝|jmdict-variant
お祝い|jmdict-common
お神輿|jmdict-common
お節|jmdict-common
お節介|jmdict-common
お節料理|jmdict-common
お終い|jmdict-variant
お絞り|jmdict-common
お腹|jmdict-common
お腹の子|jmdict-common
お芽出度う|jmdict-variant
お茶|jmdict-common
お菓子|jmdict-common
お菓子屋|jmdict-common
お菜|jmdict-variant
お葬式|jmdict-common
お蔭で|jmdict-variant
お蔭様で|jmdict-common
お袋|jmdict-common
お襁褓|jmdict-variant
お見積|jmdict-variant
お見積もり|jmdict-common
お見積り|jmdict-variant
お試しあれ|jmdict-common
お試し有れ|jmdict-variant
お詫び|jmdict-common
お話|jmdict-common
お話し|jmdict-common
お話し中|jmdict-variant
お話中|jmdict-common
お誕生日|jmdict-common
お誕生日おめでとうございます|jmdict-common
お負け|jmdict-variant
お負けに|jmdict-variant
お買い得|jmdict-common
お買い徳|jmdict-variant
お買得|jmdict-common
お買徳|jmdict-variant
お辞儀|jmdict-common
お返し|jmdict-common
お遣い|jmdict-variant
お邪魔します|jmdict-common
お酢|jmdict-common
お金|jmdict-common
お金もち|jmdict-variant
お金持|jmdict-variant
お金持ち|jmdict-common
お釣|jmdict-variant
お釣り|jmdict-common
お陰さまで|jmdict-variant
お陰で|jmdict-common
お陰様で|jmdict-common
お願い|jmdict-common
お願いいたします|jmdict-common
お願いしまあす|jmdict-variant
お願いします|jmdict-common
お願い致します|jmdict-common
お風呂|jmdict-common
お馴染み|jmdict-common
かあさん|jmdict-common
かあつ|jmdict-common
かい|jmdict-common
かいあげ|jmdict-common
かいい|jmdict-variant
かいいき|jmdict-common
かいいぬ|jmdict-common
かいいれ|jmdict-common
かいいれる|jmdict-common
かいいん|jmdict-common
かいうん|jmdict-common
かいえん|jmdict-common
かいおうせい|jmdict-common
かいか|jmdict-common
かいかい|jmdict-common
かいかく|jmdict-common
かいかつ|jmdict-common
かいかん|jmdict-common
かいが|jmdict-common
かいがい|jmdict-common
かいがいしゅっちょう|jmdict-common
かいがいりょこう|jmdict-common
かいがら|jmdict-common
かいがん|jmdict-common
かいがんせん|jmdict-common
かいき|jmdict-common
かいきゅう|jmdict-common
かいきょ|jmdict-common
かいきょう|jmdict-common
かいきょく|jmdict-common
かいきん|jmdict-common
かいぎ|jmdict-common
かいぎしつ|jmdict-common
かいぎょう|jmdict-common
かいぎょうい|jmdict-common
かいぐん|jmdict-common
かいけい|jmdict-common
かいけいけんさいん|jmdict-common
かいけいし|jmdict-common
かいけいねんど|jmdict-common
かいけつ|jmdict-common
かいけつさく|jmdict-common
かいけつほうほう|jmdict-common
かいけん|jmdict-common
かいげんれい|jmdict-common
かいこ|jmdict-common
かいこう|jmdict-common
かいこく|jmdict-common
かいころく|jmdict-common
かいこん|jmdict-common
かいご|jmdict-common
かいごう|jmdict-common
かいさい|jmdict-common
かいさつ|jmdict-common
かいさつぐち|jmdict-common
かいさん|jmdict-common
かいさんぶつ|jmdict-common
かいざい|jmdict-common
かいざん|jmdict-common
かいし|jmdict-common
かいしじこく|jmdict-common
かいしめ|jmdict-common
かいしめる|jmdict-common
かいしゃ|jmdict-common
かいしゃいん|jmdict-common
かいしゃく|jmdict-common
かいしゃこうせいほう|jmdict-common
かいしゅう|jmdict-common
かいしょ|jmdict-common
かいしょう|jmdict-common
かいしょく|jmdict-common
かいしん|jmdict-common
かいじ|jmdict-common
かいじつ|jmdict-variant
かいじゅう|jmdict-common
かいじょ|jmdict-common
かいじょう|jmdict-common
かいじょうじえいたい|jmdict-common
かいじょうほあんちょう|jmdict-common
かいすい|jmdict-common
かいすいよく|jmdict-common
かいすいよくじょう|jmdict-common
かいすう|jmdict-common
かいすうけん|jmdict-common
かいせい|jmdict-common
かいせき|jmdict-common
かいせつ|jmdict-common
かいせん|jmdict-common
かいぜん|jmdict-common
かいそ|jmdict-common
かいそう|jmdict-common
かいそく|jmdict-common
かいぞう|jmdict-common
かいぞく|jmdict-common
かいたい|jmdict-common
かいたく|jmdict-common
かいたくしゃ|jmdict-common
かいだし|jmdict-common
かいだん|jmdict-common
かいちく|jmdict-common
かいちゅう|jmdict-common
かいちゅうでんとう|jmdict-common
かいちょう|jmdict-common
かいつう|jmdict-common
かいつけ|jmdict-common
かいて|jmdict-common
かいてい|jmdict-common
かいていばん|jmdict-common
かいてき|jmdict-common
かいてん|jmdict-common
かいとう|jmdict-common
かいとり|jmdict-common
かいどう|jmdict-common
かいどく|jmdict-common
かいなか|jmdict-common
かいなん|jmdict-common
かいにゅう|jmdict-common
かいにん|jmdict-common
かいぬし|jmdict-common
かいはつ|jmdict-common
かいはつしゃ|jmdict-common
かいはつとじょうこく|jmdict-common
かいはつぶ|jmdict-common
かいはつもと|jmdict-common
かいばつ|jmdict-common
かいひ|jmdict-common
かいひょう|jmdict-common
かいひん|jmdict-common
かいびかえ|jmdict-common
かいふう|jmdict-common
かいふく|jmdict-common
かいぶつ|jmdict-common
かいへい|jmdict-common
かいへいたい|jmdict-common
かいへん|jmdict-common
かいほう|jmdict-common
かいほつ|jmdict-variant
かいぼう|jmdict-common
かいぼうがく|jmdict-common
かいまく|jmdict-common
かいまみる|jmdict-common
かいま見る|jmdict-variant
かいみょう|jmdict-variant
かいむ|jmdict-common
かいめ|jmdict-common
かいめい|jmdict-common
かいめつ|jmdict-common
かいめん|jmdict-common
かいもく|jmdict-common
かいもどし|jmdict-common
かいもの|jmdict-common
かいもん|jmdict-variant
かいやく|jmdict-common
かいよう|jmdict-common
かいらく|jmdict-common
かいらん|jmdict-common
かいりつ|jmdict-common
かいりゅう|jmdict-common
かいりょう|jmdict-common
かいろ|jmdict-common
かいろう|jmdict-common
かいわ|jmdict-common
かいわい|jmdict-common
かいん|jmdict-common
かう|jmdict-common
かえ|jmdict-common
かえす|jmdict-common
かえだま|jmdict-common
かえって|jmdict-common
かえり|jmdict-common
かえりざき|jmdict-common
かえりみち|jmdict-common
かえりみる|jmdict-common
かえる|jmdict-common
かえん|jmdict-variant
かえんびん|jmdict-common
かお|jmdict-common
かおあわせ|jmdict-common
かおいろ|jmdict-common
かおく|jmdict-common
かおだち|jmdict-common
かおつき|jmdict-common
かおなじみ|jmdict-common
かおぶれ|jmdict-common
かおまけ|jmdict-common
かおみしり|jmdict-common
かおり|jmdict-common
かおる|jmdict-common
かおをだす|jmdict-common
かおをつぶす|jmdict-common
かかえ|jmdict-common
かかえる|jmdict-common
かかく|jmdict-common
かかげる|jmdict-common
かかさん|jmdict-variant
かかす|jmdict-common
かかと|jmdict-common
かかり|jmdict-common
かかりいん|jmdict-common
かかりかん|jmdict-common
かかりちょう|jmdict-common
かかる|jmdict-common
かかわらず|jmdict-common
かかわる|jmdict-common
かかん|jmdict-common
かがいしゃ|jmdict-common
かがく|jmdict-common
かがくぎじゅつ|jmdict-common
かがくぎじゅつちょう|jmdict-common
かがくしゃ|jmdict-common
かがくてき|jmdict-common
かがくひりょう|jmdict-common
かがくぶっしつ|jmdict-common
かがくへいき|jmdict-common
かがみ|jmdict-common
かがやかしい|jmdict-common
かがやき|jmdict-common
かがやく|jmdict-common
かがん|jmdict-variant
かき|jmdict-common
かきあげる|jmdict-common
かきかえる|jmdict-common
かきかた|jmdict-common
かきこ|jmdict-variant
かきことば|jmdict-common
かきこみ|jmdict-common
かきこむ|jmdict-common
かきごおり|jmdict-common
かきぞめ|jmdict-common
かきとめ|jmdict-common
かきとり|jmdict-common
かきとる|jmdict-common
かきなおす|jmdict-common
かきね|jmdict-common
かきゅう|jmdict-common
かきょう|jmdict-common
かきょく|jmdict-common
かき氷|jmdict-common
かき直す|jmdict-variant
かぎ|jmdict-common
かぎょう|jmdict-common
かぎり|jmdict-common
かぎりない|jmdict-common
かぎる|jmdict-common
かく|jmdict-common
かくあげ|jmdict-common
かくい|jmdict-common
かくいつ|jmdict-common
かくいん|jmdict-variant
かくう|jmdict-common
かくかい|jmdict-common
かくかぞく|jmdict-common
かくかん|jmdict-variant
かくぎ|jmdict-common
かくげつ|jmdict-common
かくこく|jmdict-variant
かくご|jmdict-common
かくさ|jmdict-common
かくさん|jmdict-common
かくしつ|jmdict-common
かくしひきだし|jmdict-common
かくしゃ|jmdict-variant
かくしゅ|jmdict-common
かくしゅう|jmdict-common
かくしん|jmdict-common
かくじ|jmdict-common
かくじっけん|jmdict-common
かくじつ|jmdict-common
かくじゅう|jmdict-common
かくす|jmdict-common
かくすう|jmdict-common
かくする|jmdict-common
かくずけ|jmdict-variant
かくせい|jmdict-common
かくせいざい|jmdict-common
かくだい|jmdict-common
かくだいきんこう|jmdict-common
かくだん|jmdict-common
かくだんとう|jmdict-common
かくち|jmdict-common
かくちょう|jmdict-common
かくちょうし|jmdict-common
かくづけ|jmdict-common
かくてい|jmdict-common
かくとう|jmdict-common
かくとく|jmdict-common
かくど|jmdict-common
かくない|jmdict-common
かくにん|jmdict-common
かくねんりょう|jmdict-common
かくぶそう|jmdict-common
かくぶんれつ|jmdict-common
かくへいき|jmdict-common
かくべち|jmdict-variant
かくべつ|jmdict-common
かくほ|jmdict-common
かくまく|jmdict-common
かくめい|jmdict-common
かくやく|jmdict-common
かくやす|jmdict-common
かくやすこうくうけん|jmdict-common
かくゆうごう|jmdict-common
かくり|jmdict-common
かくりつ|jmdict-common
かくりょう|jmdict-common
かくれる|jmdict-common
かぐ|jmdict-common
かぐら|jmdict-common
かけ|jmdict-common
かけあし|jmdict-common
かけい|jmdict-common
かけいぼ|jmdict-common
かけきん|jmdict-common
かけこみ|jmdict-common
かけごえ|jmdict-common
かけざん|jmdict-common
かけじく|jmdict-common
かけっこ|jmdict-common
かけつ|jmdict-common
かけつける|jmdict-common
かけはなれる|jmdict-common
かけひき|jmdict-common
かけまわる|jmdict-common
かけら|jmdict-common
かける|jmdict-common
かけ回る|jmdict-variant
かけ声|jmdict-variant
かけ廻る|jmdict-variant
かけ引き|jmdict-variant
かけ算|jmdict-variant
かけ足|jmdict-variant
かけ込み|jmdict-variant
かけ離れる|jmdict-common
かげ|jmdict-common
かげえ|jmdict-common
かげき|jmdict-common
かげぐち|jmdict-common
かげつ|jmdict-common
かげのないかく|jmdict-common
かげり|jmdict-common
かげん|jmdict-common
かこ|jmdict-common
かこい|jmdict-common
かこう|jmdict-common
かこく|jmdict-common
かこみ|jmdict-common
かこむ|jmdict-common
かこん|jmdict-common
かご|jmdict-common
かごう|jmdict-common
かごうぶつ|jmdict-common
かごむ|jmdict-variant
かごん|jmdict-common
かさ|jmdict-common
かさい|jmdict-common
かさいほけん|jmdict-common
かさいりゅう|jmdict-common
かさかさ|jmdict-variant
かさく|jmdict-common
かさなる|jmdict-common
かさねあわせ|jmdict-common
かさねる|jmdict-common
かさん|jmdict-common
かざあたり|jmdict-variant
かざあな|jmdict-common
かざい|jmdict-common
かざかみ|jmdict-common
かざぐすり|jmdict-variant
かざしも|jmdict-common
かざとおし|jmdict-variant
かざむき|jmdict-common
かざり|jmdict-common
かざりけ|jmdict-common
かざりつけ|jmdict-common
かざる|jmdict-common
かざん|jmdict-common
かざんばい|jmdict-common
かし|jmdict-common
かしいえ|jmdict-variant
かしきり|jmdict-common
かしきん|jmdict-common
かしげる|jmdict-common
かしこ|jmdict-variant
かしこい|jmdict-common
かしこまりました|jmdict-common
かしだし|jmdict-common
かしだしよう|jmdict-common
かしだす|jmdict-common
かしつ|jmdict-common
かしつけ|jmdict-common
かしつちし|jmdict-common
かしま|jmdict-common
かしゃ|jmdict-common
かしや|jmdict-common
かしゅ|jmdict-common
かしゅう|jmdict-common
かしょ|jmdict-common
かしょう|jmdict-common
かしょうひょうか|jmdict-common
かしら|jmdict-common
かしらもじ|jmdict-common
かしらん|jmdict-variant
かしわ|jmdict-common
かしわぎ|jmdict-common
かしん|jmdict-variant
かじ|jmdict-common
かじつ|jmdict-common
かじゅ|jmdict-common
かじゅう|jmdict-common
かじょう|jmdict-common
かじん|jmdict-common
かす|jmdict-common
かすか|jmdict-common
かすみ|jmdict-common
かすむ|jmdict-common
かする|jmdict-common
かず|jmdict-common
かずおおく|jmdict-common
かずかず|jmdict-common
かずすくない|jmdict-common
かずら|jmdict-variant
かせい|jmdict-common
かせいふ|jmdict-common
かせき|jmdict-common
かせぎ|jmdict-common
かせぐ|jmdict-common
かせつ|jmdict-common
かせん|jmdict-common
かせんしき|jmdict-variant
かせんじき|jmdict-common
かぜ|jmdict-common
かぜあたり|jmdict-common
かぜあな|jmdict-variant
かぜい|jmdict-common
かぜぐすり|jmdict-common
かぜとおし|jmdict-common
かぜむき|jmdict-variant
かぜをひく|jmdict-common
かぜを引く|jmdict-variant
かぜ薬|jmdict-variant
かそ|jmdict-common
かそう|jmdict-common
かそく|jmdict-common
かぞ|jmdict-variant
かぞいろ|jmdict-variant
かぞいろは|jmdict-variant
かぞえる|jmdict-common
かぞく|jmdict-common
かぞくけいかく|jmdict-common
かた|jmdict-common
かたい|jmdict-common
かたおもい|jmdict-common
かたかな|jmdict-variant
かたがき|jmdict-common
かたがた|jmdict-common
かたがわ|jmdict-common
かたがわり|jmdict-common
かたぎ|jmdict-common
かたく|jmdict-common
かたくな|jmdict-common
かたげる|jmdict-variant
かたこり|jmdict-common
かたさ|jmdict-common
かたしき|jmdict-common
かたすみ|jmdict-common
かたち|jmdict-common
かたづく|jmdict-common
かたづける|jmdict-common
かたて|jmdict-common
かたな|jmdict-common
かたぶく|jmdict-variant
かたほう|jmdict-common
かたまり|jmdict-common
かたまる|jmdict-common
かたみ|jmdict-common
かたみち|jmdict-common
かたむく|jmdict-common
かたむける|jmdict-common
かため|jmdict-common
かためる|jmdict-common
かたより|jmdict-common
かたよる|jmdict-common
かたらう|jmdict-common
かたり|jmdict-common
かたりくち|jmdict-common
かたりて|jmdict-common
かたる|jmdict-common
かたわら|jmdict-common
かたん|jmdict-common
かた目|jmdict-variant
かだい|jmdict-common
かだん|jmdict-common
かち|jmdict-common
かちかち|jmdict-variant
かちかん|jmdict-common
かちく|jmdict-common
かちこし|jmdict-common
かちこす|jmdict-common
かちこち|jmdict-variant
かちぼし|jmdict-common
かちまけ|jmdict-common
かちゅう|jmdict-common
かちょう|jmdict-common
かちょうきん|jmdict-common
かっか|jmdict-common
かっかい|jmdict-variant
かっかん|jmdict-variant
かっかんてき|jmdict-variant
かっき|jmdict-common
かっきてき|jmdict-common
かっきょう|jmdict-common
かっこ|jmdict-common
かっこいい|jmdict-common
かっこう|jmdict-common
かっこういい|jmdict-variant
かっこええ|jmdict-variant
かっこく|jmdict-common
かっこよい|jmdict-variant
かっこ良い|jmdict-variant
かっしょく|jmdict-common
かっすい|jmdict-common
かっせい|jmdict-common
かっせん|jmdict-common
かっそう|jmdict-common
かっそうろ|jmdict-common
かって|jmdict-common
かってきまま|jmdict-common
かっと|jmdict-variant
かっとう|jmdict-common
かっぱ|jmdict-common
かっぱつ|jmdict-common
かつ|jmdict-common
かつえじに|jmdict-variant
かつえる|jmdict-variant
かつぎ|jmdict-common
かつぐ|jmdict-common
かつじ|jmdict-common
かつじょう|jmdict-common
かつて|jmdict-common
かつどう|jmdict-common
かつどうか|jmdict-common
かつぼう|jmdict-common
かつやく|jmdict-common
かつよう|jmdict-common
かつら|jmdict-common
かつりょく|jmdict-common
かつろ|jmdict-common
かてい|jmdict-common
かていか|jmdict-common
かていきょうし|jmdict-common
かていない|jmdict-common
かてん|jmdict-common
かでん|jmdict-common
かと|jmdict-common
かといって|jmdict-common
かとう|jmdict-common
かとき|jmdict-common
かと言って|jmdict-common
かど|jmdict-common
かどう|jmdict-common
かどうか|jmdict-common
かどうりつ|jmdict-common
かどまつ|jmdict-common
かな|jmdict-common
かなぁ|jmdict-variant
かなあ|jmdict-common
かなあみ|jmdict-common
かない|jmdict-common
かないろ|jmdict-variant
かなう|jmdict-common
かなえる|jmdict-common
かなぐ|jmdict-common
かなしい|jmdict-common
かなしばり|jmdict-common
かなしみ|jmdict-common
かなしむ|jmdict-common
かなた|jmdict-common
かなづかい|jmdict-common
かなづち|jmdict-common
かなでる|jmdict-common
かなめ|jmdict-common
かならず|jmdict-common
かならずしも|jmdict-common
かなり|jmdict-common
かなわない|jmdict-common
かなー|jmdict-common
かな使い|jmdict-variant
かな遣い|jmdict-variant
かに|jmdict-common
かにゅう|jmdict-common
かね|jmdict-common
かねあい|jmdict-common
かねがない|jmdict-common
かねそなえる|jmdict-common
かねつ|jmdict-common
かねて|jmdict-common
かねもうけ|jmdict-common
かねもち|jmdict-common
かねる|jmdict-common
かねんせい|jmdict-common
かねんぶつ|jmdict-common
かのう|jmdict-common
かのうせい|jmdict-common
かのうせいがたかい|jmdict-common
かのうにする|jmdict-common
かのじょ|jmdict-common
かはん|jmdict-common
かはんき|jmdict-variant
かはんしん|jmdict-common
かはんすう|jmdict-common
かばう|jmdict-common
かばん|jmdict-common
かひ|jmdict-common
かび|jmdict-common
かびん|jmdict-common
かふ|jmdict-common
かふん|jmdict-common
かふんしょう|jmdict-common
かぶ|jmdict-common
かぶか|jmdict-common
かぶき|jmdict-common
かぶけん|jmdict-common
かぶしき|jmdict-common
かぶしきがいしゃ|jmdict-common
かぶしきしじょう|jmdict-common
かぶせる|jmdict-common
かぶつ|jmdict-variant
かぶと|jmdict-common
かぶぬし|jmdict-common
かぶる|jmdict-common
かぶれ|jmdict-common
かへい|jmdict-common
かへいかち|jmdict-common
かべ|jmdict-common
かべがみ|jmdict-common
かほう|jmdict-common
かぼちゃ|jmdict-common
かま|jmdict-common
かまう|jmdict-common
かまえる|jmdict-common
かまくら|jmdict-common
かまもと|jmdict-common
かま元|jmdict-variant
かみ|jmdict-common
かみかぜ|jmdict-common
かみがた|jmdict-common
かみき|jmdict-common
かみくず|jmdict-common
かみさま|jmdict-common
かみしばい|jmdict-common
かみすり|jmdict-variant
かみそり|jmdict-common
かみつ|jmdict-common
かみつく|jmdict-common
かみづかさ|jmdict-variant
かみなり|jmdict-common
かみのけ|jmdict-common
かみの毛|jmdict-variant
かみはんき|jmdict-common
かみはんしん|jmdict-variant
かみぶくろ|jmdict-common
かみわざ|jmdict-common
かみ付く|jmdict-variant
かむ|jmdict-common
かむかぜ|jmdict-variant
かむだち|jmdict-variant
かむづかさ|jmdict-variant
かむり|jmdict-variant
かむる|jmdict-variant
かむわざ|jmdict-variant
かめ|jmdict-common
かめい|jmdict-common
かめん|jmdict-common
かも|jmdict-common
かもく|jmdict-common
かもしれない|jmdict-common
かもしれません|jmdict-common
かもしれん|jmdict-common
かもつ|jmdict-common
かもめ|jmdict-variant
かも知れない|jmdict-common
かも知れません|jmdict-common
かも知れん|jmdict-variant
かや|jmdict-common
かやかや|jmdict-variant
かやく|jmdict-common
かゆ|jmdict-common
かゆい|jmdict-common
かよい|jmdict-common
かよう|jmdict-common
かようきょく|jmdict-common
かようび|jmdict-common
かよわい|jmdict-common
から|jmdict-common
からい|jmdict-common
からかう|jmdict-common
からくち|jmdict-common
からぐるま|jmdict-variant
からし|jmdict-common
からす|jmdict-common
からだ|jmdict-common
からだつき|jmdict-common
からって|jmdict-common
からっぽ|jmdict-common
からて|jmdict-common
からとて|jmdict-variant
からぶり|jmdict-common
からみ|jmdict-common
からみあう|jmdict-common
からみ合う|jmdict-variant
からむ|jmdict-common
からり|jmdict-common
からオケ|jmdict-variant
から振り|jmdict-variant
かり|jmdict-common
かりいぬ|jmdict-variant
かりいれ|jmdict-common
かりいれきん|jmdict-common
かりうど|jmdict-variant
かりこむ|jmdict-common
かりしょぶん|jmdict-common
かりとる|jmdict-common
かりな|jmdict-variant
かりに|jmdict-common
かりば|jmdict-common
かりびと|jmdict-variant
かりゅう|jmdict-common
かりゅうど|jmdict-common
かりゆしウェア|jmdict-common
かりゆしウエア|jmdict-variant
かりょく|jmdict-common
かりる|jmdict-common
かる|jmdict-common
かるい|jmdict-common
かるがる|jmdict-common
かるた|jmdict-variant
かるはずみ|jmdict-common
かるやか|jmdict-variant
かる多|jmdict-variant
かれ|jmdict-common
かれい|jmdict-common
かれき|jmdict-common
かれこれ|jmdict-variant
かれし|jmdict-common
かれは|jmdict-common
かれら|jmdict-common
かれる|jmdict-common
かれん|jmdict-common
かろい|jmdict-variant
かろう|jmdict-common
かろうじて|jmdict-common
かろがろ|jmdict-variant
かろはずみ|jmdict-variant
かろやか|jmdict-common
かわ|jmdict-common
かわいい|jmdict-common
かわいがる|jmdict-common
かわいそう|jmdict-common
かわいらしい|jmdict-common
かわいーい|jmdict-variant
かわえー|jmdict-variant
かわかす|jmdict-common
かわかみ|jmdict-common
かわき|jmdict-common
かわきり|jmdict-common
かわぎし|jmdict-common
かわく|jmdict-common
かわぐち|jmdict-common
かわぐつ|jmdict-common
かわさき|jmdict-common
かわし|jmdict-variant
かわしも|jmdict-common
かわす|jmdict-common
かわせ|jmdict-common
かわせそうば|jmdict-common
かわぞい|jmdict-common
かわった|jmdict-common
かわばた|jmdict-common
かわら|jmdict-common
かわらけ|jmdict-variant
かわらない|jmdict-common
かわり|jmdict-common
かわる|jmdict-common
かわるがわる|jmdict-common
かわーい|jmdict-variant
かん|jmdict-common
かんあん|jmdict-common
かんい|jmdict-common
かんいっぱつ|jmdict-common
かんいほけん|jmdict-common
かんえん|jmdict-common
かんか|jmdict-common
かんかい|jmdict-common
かんかく|jmdict-common
かんかつ|jmdict-common
かんがい|jmdict-common
かんがいむりょう|jmdict-common
かんがえ|jmdict-common
かんがえかた|jmdict-common
かんがえてみれば|jmdict-common
かんがえなおす|jmdict-common
かんがえる|jmdict-common
かんき|jmdict-common
かんきせん|jmdict-common
かんきゃく|jmdict-common
かんきゅう|jmdict-common
かんきょう|jmdict-common
かんきょうちょう|jmdict-common
かんきょうほご|jmdict-common
かんきょうもんだい|jmdict-common
かんきん|jmdict-common
かんぎょう|jmdict-common
かんく|jmdict-common
かんくきしょうだい|jmdict-common
かんけい|jmdict-common
かんけいしゃ|jmdict-common
かんけつ|jmdict-common
かんけん|jmdict-common
かんげい|jmdict-common
かんげき|jmdict-common
かんげん|jmdict-common
かんげんがく|jmdict-common
かんげんがくだん|jmdict-common
かんこう|jmdict-common
かんこうきゃく|jmdict-common
かんこうちょう|jmdict-common
かんこうへん|jmdict-common
かんこうスポット|jmdict-common
かんこく|jmdict-common
かんこくご|jmdict-common
かんこんそうさい|jmdict-common
かんご|jmdict-common
かんごく|jmdict-common
かんごし|jmdict-common
かんごふ|jmdict-common
かんさ|jmdict-common
かんさい|jmdict-common
かんさいじん|jmdict-common
かんさいべん|jmdict-common
かんさつ|jmdict-common
かんさやく|jmdict-common
かんさん|jmdict-common
かんざい|jmdict-common
かんざん|jmdict-variant
かんし|jmdict-common
かんしゃ|jmdict-common
かんしゅ|jmdict-common
かんしゅう|jmdict-common
かんしょ|jmdict-variant
かんしょう|jmdict-common
かんしょうちたい|jmdict-common
かんしょく|jmdict-common
かんしん|jmdict-common
かんしんごと|jmdict-variant
かんしんじ|jmdict-common
かんじ|jmdict-common
かんじとる|jmdict-common
かんじゃ|jmdict-common
かんじゅせい|jmdict-common
かんじょう|jmdict-common
かんじょうてき|jmdict-common
かんじる|jmdict-common
かんじん|jmdict-common
かんすい|jmdict-common
かんする|jmdict-common
かんずる|jmdict-common
かんせい|jmdict-common
かんせいかん|jmdict-common
かんせいとう|jmdict-common
かんせつ|jmdict-common
かんせつぜい|jmdict-common
かんせつてき|jmdict-common
かんせん|jmdict-common
かんせんしょう|jmdict-common
かんぜい|jmdict-common
かんぜん|jmdict-common
かんぜんしあい|jmdict-variant
かんぜんじあい|jmdict-common
かんぜんちょうあく|jmdict-common
かんそ|jmdict-common
かんそう|jmdict-common
かんそく|jmdict-common
かんそん|jmdict-common
かんぞう|jmdict-common
かんたい|jmdict-common
かんたく|jmdict-common
かんたん|jmdict-common
かんだい|jmdict-common
かんだかい|jmdict-common
かんだん|jmdict-common
かんだんけい|jmdict-common
かんち|jmdict-common
かんちがい|jmdict-common
かんちゅう|jmdict-common
かんちょう|jmdict-common
かんつい|jmdict-variant
かんつう|jmdict-common
かんづかさ|jmdict-variant
かんづめ|jmdict-common
かんてい|jmdict-common
かんてつ|jmdict-common
かんてん|jmdict-common
かんでんち|jmdict-common
かんとう|jmdict-common
かんとく|jmdict-common
かんど|jmdict-common
かんどう|jmdict-common
かんない|jmdict-common
かんぬし|jmdict-common
かんねん|jmdict-common
かんのん|jmdict-common
かんばい|jmdict-common
かんばしい|jmdict-common
かんばつ|jmdict-common
かんばん|jmdict-common
かんぱ|jmdict-common
かんぱい|jmdict-common
かんぱん|jmdict-common
かんび|jmdict-common
かんびょう|jmdict-common
かんぶ|jmdict-common
かんぶくろ|jmdict-variant
かんぶつ|jmdict-common
かんぶり|jmdict-variant
かんぶん|jmdict-common
かんぷ|jmdict-common
かんぷう|jmdict-common
かんべつ|jmdict-common
かんべん|jmdict-common
かんぺき|jmdict-common
かんぼう|jmdict-common
かんぼうちょうかん|jmdict-common
かんぼつ|jmdict-common
かんぽう|jmdict-common
かんぽうやく|jmdict-common
かんまつ|jmdict-common
かんまん|jmdict-common
かんみりょう|jmdict-common
かんみん|jmdict-common
かんむり|jmdict-common
かんめい|jmdict-common
かんもん|jmdict-common
かんゆう|jmdict-common
かんよ|jmdict-common
かんよう|jmdict-common
かんようく|jmdict-common
かんらく|jmdict-common
かんらくがい|jmdict-common
かんらん|jmdict-common
かんり|jmdict-common
かんりしゃ|jmdict-common
かんりしょく|jmdict-common
かんりにん|jmdict-common
かんりゃく|jmdict-common
かんりゅう|jmdict-common
かんりょう|jmdict-common
かんるい|jmdict-common
かんれい|jmdict-common
かんれき|jmdict-common
かんれん|jmdict-common
かんわ|jmdict-common
かんわざ|jmdict-variant
かんコーヒー|jmdict-common
かん高い|jmdict-variant
か否か|jmdict-common
か国|jmdict-variant
か如何か|jmdict-variant
か弱い|jmdict-common
か所|jmdict-variant
か月|jmdict-variant
がい|jmdict-common
がいあつ|jmdict-common
がいえん|jmdict-common
がいか|jmdict-common
がいかい|jmdict-common
がいかく|jmdict-common
がいかくだんたい|jmdict-common
がいかん|jmdict-common
がいき|jmdict-common
がいきょう|jmdict-common
がいけん|jmdict-common
がいこう|jmdict-common
がいこうかん|jmdict-common
がいこく|jmdict-common
がいこくご|jmdict-common
がいこくじん|jmdict-common
がいこつ|jmdict-common
がいさん|jmdict-common
がいし|jmdict-common
がいしゃ|jmdict-common
がいしゅつ|jmdict-common
がいしょう|jmdict-common
がいしょく|jmdict-common
がいしん|jmdict-common
がいじゅ|jmdict-common
がいじん|jmdict-common
がいする|jmdict-common
がいせんしゃ|jmdict-common
がいそく|jmdict-variant
がいちゅう|jmdict-common
がいでん|jmdict-common
がいとう|jmdict-common
がいねん|jmdict-common
がいぶ|jmdict-common
がいへき|jmdict-common
がいまい|jmdict-common
がいむ|jmdict-common
がいむしょう|jmdict-common
がいめん|jmdict-common
がいや|jmdict-common
がいやしゅ|jmdict-common
がいゆう|jmdict-common
がいよう|jmdict-common
がいらい|jmdict-common
がいらいご|jmdict-common
がいりゃく|jmdict-common
がいろ|jmdict-common
がいろじゅ|jmdict-common
がいろん|jmdict-common
がい骨|jmdict-variant
がか|jmdict-common
ががく|jmdict-common
がく|jmdict-common
がくい|jmdict-common
がくいん|jmdict-common
がくう|jmdict-variant
がくえん|jmdict-common
がくぎょう|jmdict-common
がくげい|jmdict-common
がくさい|jmdict-common
がくし|jmdict-common
がくしき|jmdict-common
がくしゃ|jmdict-common
がくしゅう|jmdict-common
がくしゅうしどうようりょう|jmdict-common
がくしょう|jmdict-common
がくじゅつ|jmdict-common
がくせい|jmdict-common
がくせいじだい|jmdict-common
がくせつ|jmdict-common
がくそつ|jmdict-common
がくたい|jmdict-common
がくだん|jmdict-common
がくちょう|jmdict-common
がくと|jmdict-common
がくどう|jmdict-common
がくない|jmdict-common
がくねん|jmdict-common
がくひ|jmdict-common
がくふ|jmdict-common
がくぶ|jmdict-common
がくぶち|jmdict-common
がくめん|jmdict-common
がくもん|jmdict-common
がくや|jmdict-common
がくゆう|jmdict-common
がくりょく|jmdict-common
がくれい|jmdict-common
がくれき|jmdict-common
がくわり|jmdict-common
がけ|jmdict-common
がさがさ|jmdict-common
がし|jmdict-common
がしがし|jmdict-variant
がしょう|jmdict-common
がしん|jmdict-variant
がじょう|jmdict-common
がせい|jmdict-variant
がぞう|jmdict-common
がた|jmdict-variant
がたがた|jmdict-common
がち|jmdict-common
がっか|jmdict-common
がっかい|jmdict-common
がっかいし|jmdict-common
がっかり|jmdict-common
がっき|jmdict-common
がっきゅう|jmdict-common
がっきょく|jmdict-common
がっく|jmdict-common
がっくり|jmdict-common
がっこう|jmdict-common
がっこうほうじん|jmdict-common
がっこうめい|jmdict-common
がっさく|jmdict-common
がっしゅく|jmdict-common
がっしょう|jmdict-common
がっしょうだん|jmdict-common
がっしり|jmdict-common
がっそう|jmdict-common
がっち|jmdict-common
がっちり|jmdict-common
がってん|jmdict-variant
がっぴ|jmdict-common
がっぺい|jmdict-common
がっぺいしょう|jmdict-common
がてん|jmdict-common
がはく|jmdict-common
がぶがぶ|jmdict-common
がまん|jmdict-common
がめん|jmdict-common
がやがや|jmdict-common
がようし|jmdict-common
がら|jmdict-common
がらん|jmdict-common
がらーん|jmdict-variant
がり|jmdict-variant
がりゃく|jmdict-variant
がる|jmdict-common
がれき|jmdict-common
がろう|jmdict-common
がわ|jmdict-common
がん|jmdict-common
がんえん|jmdict-common
がんか|jmdict-common
がんかい|jmdict-common
がんがん|jmdict-variant
がんきょう|jmdict-common
がんきん|jmdict-common
がんこ|jmdict-common
がんしょ|jmdict-common
がんしょう|jmdict-common
がんしょく|jmdict-variant
がんじつ|jmdict-common
がんじょう|jmdict-common
がんせき|jmdict-common
がんそ|jmdict-common
がんたん|jmdict-common
がんちく|jmdict-common
がんにち|jmdict-variant
がんねん|jmdict-common
がんばって|jmdict-common
がんばり|jmdict-common
がんばる|jmdict-common
がんばん|jmdict-common
がんぶつ|jmdict-variant
がんぺき|jmdict-common
がんぼう|jmdict-common
がんぽん|jmdict-common
がんめん|jmdict-common
がんもう|jmdict-variant
がんゆう|jmdict-common
がんらい|jmdict-common
きあい|jmdict-common
きあつ|jmdict-common
きい|jmdict-common
きいと|jmdict-common
きいろ|jmdict-common
きいろい|jmdict-common
きいん|jmdict-common
きうり|jmdict-variant
きうん|jmdict-common
きえ|jmdict-common
きえい|jmdict-common
きえる|jmdict-common
きおい|jmdict-common
きおうしょう|jmdict-common
きおく|jmdict-common
きおん|jmdict-common
きか|jmdict-common
きかい|jmdict-common
きかいか|jmdict-common
きかえる|jmdict-common
きかがく|jmdict-common
きかく|jmdict-common
きかくしつ|jmdict-common
きかざる|jmdict-common
きかす|jmdict-common
きかせる|jmdict-common
きかん|jmdict-common
きかんげんてい|jmdict-common
きかんし|jmdict-common
きかんしゃ|jmdict-common
きかんじゅう|jmdict-common
きが|jmdict-common
きがい|jmdict-common
きがえ|jmdict-common
きがえる|jmdict-common
きがかり|jmdict-common
きがく|jmdict-common
きがつく|jmdict-common
きがね|jmdict-common
きがる|jmdict-common
きがん|jmdict-common
きき|jmdict-common
ききがき|jmdict-common
ききて|jmdict-common
ききとり|jmdict-common
ききとる|jmdict-common
ききめ|jmdict-common
ききゃく|jmdict-common
ききゅう|jmdict-common
ききょう|jmdict-common
ききん|jmdict-common
ききんぞく|jmdict-common
きき眼|jmdict-variant
きぎ|jmdict-common
きぎょう|jmdict-common
きぎょうか|jmdict-common
きく|jmdict-common
きくばり|jmdict-common
きぐ|jmdict-common
きけん|jmdict-common
きけんせい|jmdict-common
きげき|jmdict-common
きげん|jmdict-common
きげんぜん|jmdict-common
きこう|jmdict-common
きこえる|jmdict-common
きこく|jmdict-common
きこん|jmdict-common
きご|jmdict-common
きごう|jmdict-common
きごころ|jmdict-common
きさい|jmdict-common
きざ|jmdict-common
きざい|jmdict-common
きざし|jmdict-common
きざみ|jmdict-common
きざむ|jmdict-common
きし|jmdict-common
きしかいせい|jmdict-common
きしつ|jmdict-common
きしべ|jmdict-common
きしゃ|jmdict-common
きしゃかいけん|jmdict-common
きしゅ|jmdict-common
きしゅう|jmdict-common
きしゅくしゃ|jmdict-common
きしょう|jmdict-common
きしょうがく|jmdict-common
きしょうだい|jmdict-common
きしょうちょう|jmdict-common
きしょうよほうし|jmdict-common
きしょく|jmdict-variant
きしん|jmdict-common
きじ|jmdict-common
きじく|jmdict-common
きじつ|jmdict-common
きじゅ|jmdict-common
きじゅつ|jmdict-common
きじゅん|jmdict-common
きじゅんほう|jmdict-common
きじょう|jmdict-common
きじん|jmdict-common
きす|jmdict-variant
きすう|jmdict-common
きず|jmdict-common
きずあと|jmdict-common
きずきあげる|jmdict-common
きずく|jmdict-common
きずぐち|jmdict-common
きずつく|jmdict-common
きずつける|jmdict-common
きずな|jmdict-common
きずみ|jmdict-variant
きせい|jmdict-common
きせいじじつ|jmdict-common
きせいちゅう|jmdict-common
きせいふく|jmdict-common
きせき|jmdict-common
きせつ|jmdict-common
きせつふう|jmdict-common
きせる|jmdict-common
きせん|jmdict-common
きぜつ|jmdict-common
きそ|jmdict-common
きそう|jmdict-common
きそく|jmdict-common
きそゆうよ|jmdict-common
きそん|jmdict-common
きぞう|jmdict-common
きぞく|jmdict-common
きぞん|jmdict-variant
きた|jmdict-common
きたい|jmdict-common
きたいかん|jmdict-common
きたえる|jmdict-common
きたかぜ|jmdict-common
きたがわ|jmdict-common
きたきゅうしゅう|jmdict-common
きたく|jmdict-common
きたぐち|jmdict-common
きたぐに|jmdict-common
きたちょうせん|jmdict-common
きたない|jmdict-common
きたひがし|jmdict-variant
きたアイルランド|jmdict-common
きち|jmdict-common
きちがい|jmdict-common
きちっと|jmdict-common
きちょう|jmdict-common
きちょうひん|jmdict-common
きちょうめん|jmdict-common
きちんと|jmdict-common
きっかい|jmdict-variant
きっかけ|jmdict-common
きっさ|jmdict-common
きっさてん|jmdict-common
きっする|jmdict-common
きっちゃてん|jmdict-variant
きっちょう|jmdict-common
きっちり|jmdict-common
きって|jmdict-common
きっと|jmdict-common
きっぱり|jmdict-common
きっぷ|jmdict-common
きっぽう|jmdict-common
きつ|jmdict-variant
きつい|jmdict-common
きつえん|jmdict-common
きつね|jmdict-common
きつもん|jmdict-common
きづかい|jmdict-common
きづかれ|jmdict-common
きづく|jmdict-common
きづな|jmdict-variant
きてい|jmdict-common
きてき|jmdict-common
きてん|jmdict-common
きと|jmdict-common
きとう|jmdict-common
きとく|jmdict-common
きとくけん|jmdict-common
きど|jmdict-common
きどあいらく|jmdict-common
きどう|jmdict-common
きどうたい|jmdict-common
きどる|jmdict-common
きない|jmdict-common
きにいり|jmdict-common
きにいる|jmdict-common
きにち|jmdict-variant
きにゅう|jmdict-common
きぬ|jmdict-common
きぬいと|jmdict-common
きぬおりもの|jmdict-common
きねん|jmdict-common
きねんひ|jmdict-common
きねんび|jmdict-common
きのう|jmdict-common
きのこ|jmdict-common
きのせい|jmdict-common
きのどく|jmdict-common
きのは|jmdict-variant
きのみ|jmdict-common
きのむくままに|jmdict-common
きのめ|jmdict-common
きはい|jmdict-variant
きはく|jmdict-common
きはつ|jmdict-common
きはん|jmdict-common
きば|jmdict-common
きばく|jmdict-common
きばつ|jmdict-common
きばらし|jmdict-common
きばん|jmdict-common
きひ|jmdict-common
きひん|jmdict-common
きび|jmdict-variant
きびしい|jmdict-common
きびしさ|jmdict-common
きびす|jmdict-variant
きびょう|jmdict-common
きびん|jmdict-common
きふ|jmdict-common
きふく|jmdict-common
きぶつ|jmdict-common
きぶん|jmdict-common
きぶんてんかん|jmdict-common
きへい|jmdict-common
きほう|jmdict-common
きほん|jmdict-common
きほんてき|jmdict-common
きほんりょうきん|jmdict-common
きぼ|jmdict-common
きぼう|jmdict-common
きぼり|jmdict-common
きまえ|jmdict-common
きまぐれ|jmdict-common
きまって|jmdict-common
きまつ|jmdict-common
きまま|jmdict-common
きまり|jmdict-common
きまる|jmdict-common
きみ|jmdict-common
きみがよ|jmdict-common
きみたち|jmdict-common
きみつ|jmdict-common
きみょう|jmdict-common
きむずかしい|jmdict-common
きめ|jmdict-common
きめだま|jmdict-common
きめつける|jmdict-common
きめて|jmdict-common
きめる|jmdict-common
きも|jmdict-common
きもち|jmdict-common
きもちわるい|jmdict-common
きもの|jmdict-common
きゃく|jmdict-common
きゃくあし|jmdict-common
きゃくいん|jmdict-common
きゃくしつ|jmdict-common
きゃくしゃ|jmdict-common
きゃくしょく|jmdict-common
きゃくせき|jmdict-common
きゃくせん|jmdict-common
きゃくほん|jmdict-common
きゃくま|jmdict-common
きゃっか|jmdict-common
きゃっかん|jmdict-common
きゃっかんてき|jmdict-common
きゃっこう|jmdict-common
きやく|jmdict-common
きゅう|jmdict-common
きゅうい|jmdict-common
きゅういん|jmdict-common
きゅうえん|jmdict-common
きゅうか|jmdict-common
きゅうかい|jmdict-common
きゅうかん|jmdict-common
きゅうがく|jmdict-common
きゅうきゅう|jmdict-common
きゅうきゅういりょう|jmdict-common
きゅうきゅうしゃ|jmdict-common
きゅうきゅうばこ|jmdict-common
きゅうきょ|jmdict-common
きゅうきょく|jmdict-common
きゅうきん|jmdict-common
きゅうぎ|jmdict-common
きゅうぎょう|jmdict-common
きゅうくつ|jmdict-common
きゅうけい|jmdict-common
きゅうけいじかん|jmdict-common
きゅうけいじょ|jmdict-common
きゅうけつき|jmdict-common
きゅうげき|jmdict-common
きゅうこう|jmdict-common
きゅうこく|jmdict-common
きゅうごう|jmdict-common
きゅうさい|jmdict-common
きゅうし|jmdict-common
きゅうしき|jmdict-common
きゅうしゅう|jmdict-common
きゅうしゅつ|jmdict-common
きゅうしょ|jmdict-common
きゅうしょうがつ|jmdict-common
きゅうしょく|jmdict-common
きゅうしん|jmdict-common
きゅうしんりょく|jmdict-common
きゅうじつ|jmdict-common
きゅうじゅう|jmdict-common
きゅうじょ|jmdict-common
きゅうじょう|jmdict-common
きゅうじん|jmdict-common
きゅうすい|jmdict-common
きゅうする|jmdict-common
きゅうせい|jmdict-common
きゅうせいぐん|jmdict-common
きゅうせいしゅ|jmdict-common
きゅうせいちょう|jmdict-common
きゅうせん|jmdict-common
きゅうそく|jmdict-common
きゅうぞう|jmdict-common
きゅうたい|jmdict-common
きゅうだん|jmdict-common
きゅうち|jmdict-common
きゅうちゅう|jmdict-common
きゅうちょう|jmdict-variant
きゅうてい|jmdict-common
きゅうでん|jmdict-common
きゅうとう|jmdict-common
きゅうどう|jmdict-common
きゅうに|jmdict-common
きゅうにゅう|jmdict-common
きゅうは|jmdict-common
きゅうびょう|jmdict-common
きゅうふ|jmdict-common
きゅうへん|jmdict-common
きゅうぼう|jmdict-common
きゅうむ|jmdict-common
きゅうめい|jmdict-common
きゅうやく|jmdict-common
きゅうゆ|jmdict-common
きゅうゆしょ|jmdict-variant
きゅうゆじょ|jmdict-common
きゅうよ|jmdict-common
きゅうよう|jmdict-common
きゅうらい|jmdict-common
きゅうらく|jmdict-common
きゅうり|jmdict-common
きゅうりょう|jmdict-common
きゅうりょうび|jmdict-common
きゅうれき|jmdict-common
きゅうピッチ|jmdict-common
きょう|jmdict-common
きょうあく|jmdict-common
きょうい|jmdict-common
きょういく|jmdict-common
きょういくいいんかい|jmdict-common
きょういくしゃ|jmdict-common
きょういくてき|jmdict-common
きょういん|jmdict-common
きょうえい|jmdict-common
きょうえん|jmdict-common
きょうか|jmdict-common
きょうかい|jmdict-common
きょうかしょ|jmdict-common
きょうかつ|jmdict-common
きょうかん|jmdict-common
きょうがく|jmdict-common
きょうき|jmdict-common
きょうきゃく|jmdict-common
きょうきゅう|jmdict-common
きょうきん|jmdict-common
きょうぎ|jmdict-common
きょうぎじょう|jmdict-common
きょうくん|jmdict-common
きょうぐう|jmdict-common
きょうけん|jmdict-common
きょうげん|jmdict-common
きょうこ|jmdict-common
きょうこう|jmdict-common
きょうこうさいけつ|jmdict-common
きょうこく|jmdict-common
きょうこのごろ|jmdict-common
きょうこの頃|jmdict-variant
きょうごう|jmdict-common
きょうごうたしゃ|jmdict-common
きょうさ|jmdict-common
きょうさい|jmdict-common
きょうさく|jmdict-common
きょうさん|jmdict-common
きょうさんしゅぎ|jmdict-common
きょうさんとう|jmdict-common
きょうざい|jmdict-common
きょうし|jmdict-common
きょうしつ|jmdict-common
きょうしゃ|jmdict-common
きょうしゅう|jmdict-common
きょうしゅく|jmdict-common
きょうしゅつ|jmdict-common
きょうしょ|jmdict-common
きょうしょくいん|jmdict-common
きょうしんしょう|jmdict-common
きょうじ|jmdict-common
きょうじゃく|jmdict-common
きょうじゅ|jmdict-common
きょうじゅつ|jmdict-common
きょうせい|jmdict-common
きょうせいてき|jmdict-common
きょうそ|jmdict-common
きょうそう|jmdict-common
きょうそうきょく|jmdict-common
きょうそうにゅうさつ|jmdict-common
きょうそうば|jmdict-common
きょうそうりょく|jmdict-common
きょうそん|jmdict-variant
きょうぞう|jmdict-common
きょうぞん|jmdict-common
きょうたい|jmdict-common
きょうたん|jmdict-common
きょうだ|jmdict-common
きょうだい|jmdict-common
きょうだん|jmdict-common
きょうち|jmdict-common
きょうちゅう|jmdict-common
きょうちょ|jmdict-common
きょうちょう|jmdict-common
きょうつう|jmdict-common
きょうつうご|jmdict-common
きょうつうてん|jmdict-common
きょうてい|jmdict-common
きょうてき|jmdict-common
きょうと|jmdict-common
きょうとう|jmdict-common
きょうど|jmdict-common
きょうどう|jmdict-common
きょうどうくみあい|jmdict-common
きょうどうたい|jmdict-common
きょうはく|jmdict-common
きょうはん|jmdict-common
きょうばい|jmdict-common
きょうふ|jmdict-common
きょうふう|jmdict-common
きょうふしょう|jmdict-common
きょうぶ|jmdict-common
きょうほ|jmdict-common
きょうほん|jmdict-common
きょうぼう|jmdict-common
きょうみ|jmdict-common
きょうみしんしん|jmdict-common
きょうみぶかい|jmdict-common
きょうむ|jmdict-common
きょうめい|jmdict-common
きょうゆ|jmdict-common
きょうゆう|jmdict-common
きょうよ|jmdict-common
きょうよう|jmdict-common
きょうらん|jmdict-common
きょうり|jmdict-common
きょうりつ|jmdict-common
きょうりゅう|jmdict-common
きょうりょく|jmdict-common
きょうれつ|jmdict-common
きょうわ|jmdict-common
きょうわこく|jmdict-common
きょうわせい|jmdict-common
きょうわとう|jmdict-common
きょう体|jmdict-variant
きょう正|jmdict-variant
きょえい|jmdict-common
きょえいしん|jmdict-common
きょか|jmdict-common
きょかん|jmdict-common
きょがく|jmdict-common
きょぎ|jmdict-common
きょく|jmdict-common
きょくいん|jmdict-common
きょくう|jmdict-common
きょくげん|jmdict-common
きょくせつ|jmdict-common
きょくせん|jmdict-common
きょくたん|jmdict-common
きょくち|jmdict-common
きょくちょう|jmdict-common
きょくとう|jmdict-common
きょくど|jmdict-common
きょくどめ|jmdict-common
きょくばん|jmdict-common
きょくめん|jmdict-common
きょくもく|jmdict-common
きょくりょく|jmdict-common
きょこう|jmdict-common
きょしき|jmdict-common
きょしつ|jmdict-common
きょしてき|jmdict-common
きょしゅう|jmdict-common
きょしゅつ|jmdict-common
きょしょう|jmdict-common
きょしん|jmdict-common
きょじゃく|jmdict-common
きょじゅう|jmdict-common
きょじゅうしゃ|jmdict-common
きょじん|jmdict-common
きょせい|jmdict-common
きょぜつ|jmdict-common
きょぜつはんのう|jmdict-common
きょたい|jmdict-common
きょだい|jmdict-common
きょだく|jmdict-common
きょてん|jmdict-common
きょとう|jmdict-common
きょときょと|jmdict-variant
きょねん|jmdict-common
きょひ|jmdict-common
きょひけん|jmdict-common
きょむ|jmdict-common
きょよう|jmdict-common
きょらい|jmdict-common
きょり|jmdict-common
きょろきょろ|jmdict-common
きよ|jmdict-common
きよい|jmdict-common
きよう|jmdict-common
きよらか|jmdict-common
きらい|jmdict-common
きらう|jmdict-common
きらきら|jmdict-common
きらく|jmdict-common
きらす|jmdict-common
きらびやか|jmdict-common
きり|jmdict-common
きりあげ|jmdict-common
きりあめ|jmdict-variant
きりかえ|jmdict-common
きりかえる|jmdict-common
きりがない|jmdict-common
きりくずす|jmdict-common
きりくち|jmdict-common
きりさげ|jmdict-common
きりさめ|jmdict-common
きりすて|jmdict-common
きりすてる|jmdict-common
きりつ|jmdict-common
きりぬき|jmdict-common
きりはなす|jmdict-common
きりふだ|jmdict-common
きりょく|jmdict-common
きりん|jmdict-common
きる|jmdict-common
きれ|jmdict-common
きれあじ|jmdict-common
きれい|jmdict-common
きれつ|jmdict-common
きれめ|jmdict-common
きれる|jmdict-common
きれーい|jmdict-variant
きろ|jmdict-common
きろく|jmdict-common
きろくてき|jmdict-common
きわた|jmdict-variant
きわだつ|jmdict-common
きわまる|jmdict-common
きわみ|jmdict-common
きわめて|jmdict-common
きわめる|jmdict-common
きをつける|jmdict-common
きん|jmdict-common
きんいち|jmdict-variant
きんいつ|jmdict-common
きんいろ|jmdict-common
きんえん|jmdict-common
きんか|jmdict-common
きんかい|jmdict-common
きんがく|jmdict-common
きんがしんねん|jmdict-common
きんがん|jmdict-common
きんき|jmdict-common
きんきゅう|jmdict-common
きんきゅうじたいせんげん|jmdict-common
きんきょう|jmdict-common
きんきょり|jmdict-common
きんきん|jmdict-variant
きんぎょ|jmdict-common
きんく|jmdict-common
きんけん|jmdict-common
きんこ|jmdict-common
きんこう|jmdict-common
きんさく|jmdict-common
きんし|jmdict-common
きんしじこう|jmdict-common
きんしつ|jmdict-common
きんしほう|jmdict-common
きんしゅ|jmdict-common
きんしゅく|jmdict-common
きんしょく|jmdict-variant
きんしん|jmdict-common
きんじつ|jmdict-common
きんじょ|jmdict-common
きんじる|jmdict-common
きんずる|jmdict-common
きんせい|jmdict-common
きんせき|jmdict-common
きんせん|jmdict-common
きんぞく|jmdict-common
きんだい|jmdict-common
きんだいし|jmdict-common
きんだいてき|jmdict-common
きんちょ|jmdict-common
きんちょう|jmdict-common
きんとう|jmdict-common
きんにく|jmdict-common
きんねん|jmdict-common
きんぱく|jmdict-common
きんぱつ|jmdict-common
きんびょうぶ|jmdict-common
きんぴん|jmdict-common
きんべん|jmdict-common
きんぺん|jmdict-common
きんぼし|jmdict-common
きんみつ|jmdict-common
きんみゃく|jmdict-common
きんむ|jmdict-common
きんむじかん|jmdict-common
きんもつ|jmdict-common
きんゆ|jmdict-common
きんゆう|jmdict-common
きんゆうきかん|jmdict-common
きんゆうしじょう|jmdict-common
きんゆうちょう|jmdict-common
きんよう|jmdict-common
きんようび|jmdict-common
きんよくてき|jmdict-common
きんり|jmdict-common
きんりょく|jmdict-common
きんりん|jmdict-common
きんろう|jmdict-common
きんろうしゃ|jmdict-common
き損|jmdict-variant
き裂|jmdict-variant
ぎあん|jmdict-common
ぎいん|jmdict-common
ぎいんうんえいいいんかい|jmdict-common
ぎえんきん|jmdict-common
ぎかい|jmdict-common
ぎが|jmdict-common
ぎきょく|jmdict-common
ぎぎ|jmdict-common
ぎけい|jmdict-common
ぎけつ|jmdict-common
ぎこう|jmdict-common
ぎこちない|jmdict-common
ぎごく|jmdict-common
ぎごちない|jmdict-variant
ぎざぎざ|jmdict-variant
ぎし|jmdict-common
ぎしき|jmdict-common
ぎしょう|jmdict-common
ぎしん|jmdict-common
ぎじ|jmdict-common
ぎじどう|jmdict-common
ぎじゅつ|jmdict-common
ぎじゅつしゃ|jmdict-common
ぎじゅつてき|jmdict-common
ぎじゅつりょく|jmdict-common
ぎじょう|jmdict-common
ぎじろく|jmdict-common
ぎせい|jmdict-common
ぎせいしゃ|jmdict-common
ぎせき|jmdict-common
ぎそう|jmdict-common
ぎぞう|jmdict-common
ぎだ|jmdict-common
ぎだい|jmdict-common
ぎだゆう|jmdict-common
ぎちょう|jmdict-common
ぎっしり|jmdict-common
ぎっちり|jmdict-variant
ぎてい|jmdict-common
ぎていしょ|jmdict-common
ぎねん|jmdict-common
ぎのう|jmdict-common
ぎひ|jmdict-common
ぎふ|jmdict-common
ぎぶつ|jmdict-variant
ぎほう|jmdict-common
ぎぼ|jmdict-common
ぎまい|jmdict-common
ぎみ|jmdict-common
ぎむ|jmdict-common
ぎむきょういく|jmdict-common
ぎむづけ|jmdict-common
ぎもん|jmdict-common
ぎもんてん|jmdict-common
ぎもんふ|jmdict-common
ぎゃく|jmdict-common
ぎゃくこうか|jmdict-common
ぎゃくさつ|jmdict-common
ぎゃくしゅう|jmdict-common
ぎゃくせつ|jmdict-common
ぎゃくたい|jmdict-common
ぎゃくて|jmdict-common
ぎゃくてん|jmdict-common
ぎゃくてんがち|jmdict-common
ぎゃくふう|jmdict-common
ぎゃくもどり|jmdict-common
ぎゃくゆにゅう|jmdict-common
ぎゃっきょう|jmdict-common
ぎゃっこうか|jmdict-variant
ぎゅう|jmdict-variant
ぎゅうぎゅう|jmdict-common
ぎゅうしゃ|jmdict-common
ぎゅうどん|jmdict-common
ぎゅうにく|jmdict-common
ぎゅうにゅう|jmdict-common
ぎゅうほ|jmdict-common
ぎゅって|jmdict-variant
ぎゅっと|jmdict-common
ぎゆう|jmdict-common
ぎょう|jmdict-common
ぎょうかい|jmdict-common
ぎょうかく|jmdict-common
ぎょうかん|jmdict-common
ぎょうぎ|jmdict-common
ぎょうこ|jmdict-common
ぎょうざ|jmdict-variant
ぎょうし|jmdict-common
ぎょうしゃ|jmdict-common
ぎょうしゅ|jmdict-common
ぎょうしゅく|jmdict-common
ぎょうじ|jmdict-common
ぎょうせい|jmdict-common
ぎょうせいきかん|jmdict-common
ぎょうせいしょぶん|jmdict-common
ぎょうせいそしょう|jmdict-common
ぎょうせき|jmdict-common
ぎょうてん|jmdict-common
ぎょうむ|jmdict-common
ぎょうれつ|jmdict-common
ぎょえん|jmdict-common
ぎょかい|jmdict-common
ぎょかいるい|jmdict-common
ぎょかく|jmdict-common
ぎょぎょう|jmdict-common
ぎょくさい|jmdict-common
ぎょぐん|jmdict-common
ぎょこう|jmdict-common
ぎょじょう|jmdict-common
ぎょせん|jmdict-common
ぎょそん|jmdict-common
ぎょっと|jmdict-common
ぎょにく|jmdict-common
ぎょば|jmdict-variant
ぎょみん|jmdict-common
ぎょらい|jmdict-common
ぎょるい|jmdict-common
ぎらぎら|jmdict-common
ぎり|jmdict-common
ぎりぎり|jmdict-common
ぎれい|jmdict-common
ぎろん|jmdict-common
ぎわく|jmdict-common
ぎん|jmdict-common
ぎんいろ|jmdict-common
ぎんか|jmdict-common
ぎんが|jmdict-common
ぎんがみ|jmdict-common
ぎんこう|jmdict-common
ぎんざ|jmdict-common
ぎんぱい|jmdict-common
ぎんみ|jmdict-common
くい|jmdict-common
くいき|jmdict-common
くいこむ|jmdict-common
くいさがる|jmdict-common
くいちがい|jmdict-common
くいちがう|jmdict-common
くいとめる|jmdict-common
くいる|jmdict-common
くい下がる|jmdict-variant
くい止める|jmdict-variant
くい違い|jmdict-variant
くい違う|jmdict-variant
くう|jmdict-common
くういき|jmdict-common
くうかん|jmdict-common
くうき|jmdict-common
くうきょ|jmdict-common
くうぐん|jmdict-common
くうこう|jmdict-common
くうしゃ|jmdict-common
くうしゅう|jmdict-common
くうせき|jmdict-common
くうぜん|jmdict-common
くうそ|jmdict-common
くうそう|jmdict-common
くうち|jmdict-common
くうちゅう|jmdict-common
くうちょう|jmdict-common
くうてん|jmdict-common
くうどう|jmdict-common
くうはく|jmdict-common
くうばく|jmdict-common
くうふく|jmdict-common
くうほう|jmdict-common
くうぼ|jmdict-common
くうゆ|jmdict-common
くうらん|jmdict-common
くうろ|jmdict-common
くかく|jmdict-common
くかん|jmdict-common
くがつ|jmdict-common
くがね|jmdict-variant
くき|jmdict-common
くきょう|jmdict-common
くぎ|jmdict-common
くぎり|jmdict-common
くぎる|jmdict-common
くく|jmdict-common
くくむ|jmdict-variant
くくる|jmdict-common
くぐる|jmdict-common
くげん|jmdict-common
くさ|jmdict-common
くさい|jmdict-common
くさかり|jmdict-common
くさき|jmdict-common
くさのね|jmdict-common
くさはら|jmdict-variant
くさばな|jmdict-common
くさめ|jmdict-variant
くさり|jmdict-common
くさる|jmdict-common
くさわけ|jmdict-common
くさわら|jmdict-variant
くし|jmdict-common
くしゃくしゃ|jmdict-common
くしゃみ|jmdict-common
くしゅう|jmdict-common
くしょう|jmdict-common
くしん|jmdict-common
くじ|jmdict-common
くじびき|jmdict-common
くじゅう|jmdict-common
くじょ|jmdict-common
くじょう|jmdict-common
くじら|jmdict-common
くじらにく|jmdict-variant
くじ引き|jmdict-common
くすぐったい|jmdict-common
くすぐる|jmdict-common
くすり|jmdict-common
くすりゆび|jmdict-common
くすり指|jmdict-variant
くず|jmdict-common
くずす|jmdict-common
くずれ|jmdict-common
くずれる|jmdict-common
くせ|jmdict-common
くせに|jmdict-common
くせん|jmdict-common
くせー|jmdict-variant
くそ|jmdict-common
くたかけ|jmdict-variant
くたくた|jmdict-common
くたばる|jmdict-common
くたびれる|jmdict-common
くだ|jmdict-common
くだく|jmdict-common
くだける|jmdict-common
ください|jmdict-common
くださる|jmdict-common
くだす|jmdict-common
くだもの|jmdict-common
くだらない|jmdict-common
くだり|jmdict-common
くだりざか|jmdict-common
くだる|jmdict-common
くち|jmdict-common
くちかず|jmdict-common
くちきき|jmdict-common
くちく|jmdict-common
くちくかん|jmdict-common
くちぐせ|jmdict-common
くちぐち|jmdict-common
くちぐちに|jmdict-common
くちけんか|jmdict-variant
くちげんか|jmdict-common
くちごたえ|jmdict-common
くちごもる|jmdict-common
くちさき|jmdict-common
くちだし|jmdict-common
くちどめ|jmdict-common
くちなわ|jmdict-variant
くちばし|jmdict-common
くちばしる|jmdict-common
くちび|jmdict-common
くちびる|jmdict-common
くちぶえ|jmdict-common
くちぶり|jmdict-common
くちべに|jmdict-common
くちょう|jmdict-common
くちコミ|jmdict-common
くっきり|jmdict-common
くっさく|jmdict-common
くっさめ|jmdict-variant
くっし|jmdict-common
くっせつ|jmdict-common
くっせー|jmdict-variant
くったく|jmdict-common
くったくた|jmdict-variant
くっだらない|jmdict-variant
くっだらねえ|jmdict-variant
くっだらねー|jmdict-variant
くっつく|jmdict-common
くっつける|jmdict-common
くっ付く|jmdict-common
くっ付ける|jmdict-variant
くつ|jmdict-common
くつう|jmdict-common
くつがえす|jmdict-common
くつがえる|jmdict-common
くつした|jmdict-common
くつじょく|jmdict-common
くつや|jmdict-common
くつろぐ|jmdict-common
くつ下|jmdict-variant
くつ屋|jmdict-variant
くとうてん|jmdict-common
くどい|jmdict-common
くどう|jmdict-common
くどくど|jmdict-common
くない|jmdict-common
くないちょう|jmdict-common
くなん|jmdict-common
くに|jmdict-common
くにうど|jmdict-variant
くにがら|jmdict-common
くにくのさく|jmdict-common
くにぐに|jmdict-common
くにざかい|jmdict-variant
くにつち|jmdict-variant
くにびと|jmdict-variant
くにゅうど|jmdict-variant
くのう|jmdict-common
くばりもの|jmdict-common
くばる|jmdict-common
くび|jmdict-common
くびかざり|jmdict-common
くびす|jmdict-variant
くふ|jmdict-variant
くふう|jmdict-common
くぶん|jmdict-common
くべつ|jmdict-common
くぼみ|jmdict-common
くま|jmdict-common
くまなく|jmdict-common
くみ|jmdict-common
くみあい|jmdict-common
くみあわせ|jmdict-common
くみあわせる|jmdict-common
くみかえ|jmdict-common
くみきょく|jmdict-common
くみこむ|jmdict-common
くみたて|jmdict-common
くみたてる|jmdict-common
くみちょう|jmdict-common
くみとる|jmdict-common
くみん|jmdict-common
くみ取る|jmdict-variant
くむ|jmdict-common
くも|jmdict-common
くもつ|jmdict-common
くもゆき|jmdict-common
くもり|jmdict-common
くもる|jmdict-common
くやくしょ|jmdict-common
くやしい|jmdict-common
くやしなき|jmdict-common
くやしーい|jmdict-variant
くやむ|jmdict-common
くよう|jmdict-common
くよくよ|jmdict-common
くら|jmdict-common
くらい|jmdict-common
くらう|jmdict-common
くらげ|jmdict-variant
くらし|jmdict-common
くらしき|jmdict-common
くらす|jmdict-common
くらべ|jmdict-common
くらべる|jmdict-common
くらやみ|jmdict-common
くり|jmdict-common
くりあげ|jmdict-common
くりあげる|jmdict-common
くりいれ|jmdict-common
くりかえし|jmdict-common
くりかえす|jmdict-common
くりだしはしご|jmdict-common
くりだしばしご|jmdict-variant
くりだす|jmdict-common
くりつ|jmdict-common
くりのべ|jmdict-common
くりひろげる|jmdict-common
くりょ|jmdict-common
くり出す|jmdict-variant
くり返し|jmdict-variant
くり返す|jmdict-variant
くる|jmdict-common
くるう|jmdict-common
くるくる|jmdict-common
くるしい|jmdict-common
くるしみ|jmdict-common
くるしむ|jmdict-common
くるしめる|jmdict-common
くるま|jmdict-common
くるまいす|jmdict-common
くるみ|jmdict-common
くるむ|jmdict-common
くれ|jmdict-common
くれぐれも|jmdict-common
くれない|jmdict-common
くれる|jmdict-common
くろ|jmdict-common
くろい|jmdict-common
くろいきり|jmdict-common
くろいろ|jmdict-common
くろう|jmdict-common
くろうと|jmdict-common
くろき|jmdict-common
くろぎぬ|jmdict-variant
くろけむり|jmdict-variant
くろしお|jmdict-common
くろしろ|jmdict-common
くろじ|jmdict-common
くろっぽい|jmdict-common
くろと|jmdict-variant
くろぼし|jmdict-common
くろまく|jmdict-common
くわ|jmdict-common
くわえる|jmdict-common
くわしい|jmdict-common
くわだてる|jmdict-common
くわばた|jmdict-variant
くわばたけ|jmdict-common
くわばら|jmdict-common
くわわる|jmdict-common
くん|jmdict-common
くんかい|jmdict-common
くんし|jmdict-common
くんしゅ|jmdict-common
くんしょう|jmdict-common
くんじ|jmdict-common
くんよみ|jmdict-common
くんりん|jmdict-common
くんれい|jmdict-common
くんれん|jmdict-common
ぐあい|jmdict-common
ぐう|jmdict-variant
ぐうすう|jmdict-common
ぐうぜん|jmdict-common
ぐうぞう|jmdict-common
ぐうはつ|jmdict-common
ぐしょう|jmdict-common
ぐずぐず|jmdict-common
ぐたい|jmdict-common
ぐたいか|jmdict-common
ぐたいてき|jmdict-common
ぐたぐた|jmdict-variant
ぐたり|jmdict-variant
ぐだぐだ|jmdict-variant
ぐち|jmdict-common
ぐっすり|jmdict-common
ぐったり|jmdict-common
ぐらい|jmdict-common
ぐらぐら|jmdict-variant
ぐらし|jmdict-variant
ぐるぐる|jmdict-common
ぐるっと|jmdict-common
ぐるり|jmdict-common
ぐるりと|jmdict-variant
ぐれんたい|jmdict-common
ぐれん隊|jmdict-variant
ぐわい|jmdict-variant
ぐん|jmdict-common
ぐんい|jmdict-common
ぐんかく|jmdict-common
ぐんかん|jmdict-common
ぐんき|jmdict-common
ぐんこう|jmdict-common
ぐんこくしゅぎ|jmdict-common
ぐんしゅ|jmdict-variant
ぐんしゅう|jmdict-common
ぐんしゅく|jmdict-common
ぐんじ|jmdict-common
ぐんじゅ|jmdict-common
ぐんじん|jmdict-common
ぐんせい|jmdict-common
ぐんぞう|jmdict-common
ぐんぞく|jmdict-common
ぐんたい|jmdict-common
ぐんだん|jmdict-common
ぐんとう|jmdict-common
ぐんばい|jmdict-common
ぐんび|jmdict-common
ぐんびょう|jmdict-variant
ぐんぴょう|jmdict-common
ぐんぶ|jmdict-common
ぐんぷく|jmdict-common
ぐんぺい|jmdict-variant
ぐんよう|jmdict-common
ぐー|jmdict-variant
けい|jmdict-common
けいい|jmdict-common
けいえい|jmdict-common
けいえいしゃ|jmdict-common
けいえん|jmdict-common
けいおんがく|jmdict-common
けいか|jmdict-common
けいかい|jmdict-common
けいかく|jmdict-common
けいかくてき|jmdict-common
けいかん|jmdict-common
けいき|jmdict-common
けいきちょう|jmdict-common
けいぐ|jmdict-common
けいけん|jmdict-common
けいけんしゃ|jmdict-common
けいけんち|jmdict-common
けいけんほうふ|jmdict-common
けいげん|jmdict-common
けいこ|jmdict-common
けいこう|jmdict-common
けいこうぎょう|jmdict-common
けいこうとう|jmdict-common
けいこう灯|jmdict-variant
けいこく|jmdict-common
けいご|jmdict-common
けいさい|jmdict-common
けいさつ|jmdict-common
けいさつかん|jmdict-common
けいさつしょ|jmdict-common
けいさつちょう|jmdict-common
けいさん|jmdict-common
けいざい|jmdict-common
けいざいかい|jmdict-common
けいざいがく|jmdict-common
けいざいきかくちょう|jmdict-common
けいざいけんきゅうしょ|jmdict-variant
けいざいけんきゅうじょ|jmdict-common
けいざいせいちょうりつ|jmdict-common
けいざいてき|jmdict-common
けいざいふうさ|jmdict-common
けいし|jmdict-common
けいしき|jmdict-common
けいしきてき|jmdict-common
けいしちょう|jmdict-common
けいしゃ|jmdict-common
けいしゅく|jmdict-common
けいしょう|jmdict-common
けいしょく|jmdict-common
けいしん|jmdict-common
けいじ|jmdict-common
けいじじけん|jmdict-common
けいじせきにん|jmdict-common
けいじどうしゃ|jmdict-common
けいじばん|jmdict-common
けいじょう|jmdict-common
けいじょうりえき|jmdict-common
けいず|jmdict-common
けいせい|jmdict-common
けいせき|jmdict-common
けいそう|jmdict-common
けいそく|jmdict-common
けいそつ|jmdict-common
けいぞく|jmdict-common
けいぞくてき|jmdict-common
けいたい|jmdict-common
けいたいでんわ|jmdict-common
けいたいストラップ|jmdict-common
けいだい|jmdict-common
けいちゅう|jmdict-common
けいちょう|jmdict-common
けいつね|jmdict-variant
けいてい|jmdict-variant
けいてき|jmdict-common
けいと|jmdict-common
けいとう|jmdict-common
けいど|jmdict-common
けいにく|jmdict-variant
けいはく|jmdict-common
けいはつ|jmdict-common
けいはん|jmdict-common
けいば|jmdict-common
けいばい|jmdict-variant
けいばじょう|jmdict-common
けいばつ|jmdict-common
けいひ|jmdict-common
けいひん|jmdict-common
けいび|jmdict-common
けいふ|jmdict-common
けいぶ|jmdict-common
けいべつ|jmdict-common
けいほう|jmdict-common
けいほうき|jmdict-common
けいみょう|jmdict-common
けいむしょ|jmdict-common
けいもう|jmdict-common
けいやく|jmdict-common
けいやくしょ|jmdict-common
けいゆ|jmdict-common
けいゆう|jmdict-variant
けいよう|jmdict-common
けいようし|jmdict-common
けいらん|jmdict-common
けいり|jmdict-common
けいりゅう|jmdict-common
けいりょう|jmdict-common
けいりん|jmdict-common
けいれき|jmdict-common
けいれつ|jmdict-common
けいろ|jmdict-common
けいろう|jmdict-common
けい光灯|jmdict-variant
けが|jmdict-common
けがす|jmdict-variant
けがにん|jmdict-common
けがわ|jmdict-common
けが人|jmdict-common
けさ|jmdict-common
けしいん|jmdict-common
けしき|jmdict-common
けしごむ|jmdict-variant
けして|jmdict-variant
けしょう|jmdict-common
けしゴム|jmdict-common
けじめ|jmdict-common
けす|jmdict-common
けずりぶし|jmdict-common
けずる|jmdict-common
けそう|jmdict-variant
けた|jmdict-common
けだもの|jmdict-common
けちえん|jmdict-variant
けっか|jmdict-common
けっかく|jmdict-common
けっかん|jmdict-common
けっき|jmdict-common
けっきょく|jmdict-common
けっこう|jmdict-common
けっこん|jmdict-common
けっこんあいて|jmdict-common
けっこんしき|jmdict-common
けっさい|jmdict-common
けっさいほうほう|jmdict-common
けっさく|jmdict-common
けっさん|jmdict-common
けっして|jmdict-common
けっしゃ|jmdict-common
けっしゅう|jmdict-common
けっしゅつ|jmdict-common
けっしょう|jmdict-common
けっしょうせん|jmdict-common
けっしょうてん|jmdict-common
けっしょうトーナメント|jmdict-common
けっしん|jmdict-common
けっする|jmdict-common
けっせい|jmdict-common
けっせき|jmdict-common
けっせん|jmdict-common
けっせんとうひょう|jmdict-common
けっそく|jmdict-common
けっそん|jmdict-common
けったく|jmdict-common
けっちゃく|jmdict-common
けってい|jmdict-common
けっていてき|jmdict-common
けってん|jmdict-common
けっとう|jmdict-common
けっぱく|jmdict-common
けっぺき|jmdict-common
けつ|jmdict-common
けつあつ|jmdict-common
けつい|jmdict-common
けついん|jmdict-common
けつえき|jmdict-common
けつえきがた|jmdict-common
けつえきけんさ|jmdict-common
けつえん|jmdict-common
けつぎ|jmdict-common
けつごう|jmdict-common
けつじょ|jmdict-common
けつじょう|jmdict-common
けつだん|jmdict-common
けつね|jmdict-variant
けつべつ|jmdict-common
けつぼう|jmdict-common
けつまつ|jmdict-common
けつゆうびょう|jmdict-common
けつれつ|jmdict-common
けつろん|jmdict-common
けとば|jmdict-variant
けど|jmdict-common
けども|jmdict-variant
けなげ|jmdict-common
けなす|jmdict-common
けねん|jmdict-common
けはい|jmdict-common
けぶ|jmdict-variant
けぶい|jmdict-variant
けぶたい|jmdict-variant
けぶり|jmdict-variant
けぶる|jmdict-variant
けみょう|jmdict-variant
けむ|jmdict-variant
けむい|jmdict-common
けむし|jmdict-common
けむたい|jmdict-common
けむり|jmdict-common
けむる|jmdict-common
けもの|jmdict-common
けらい|jmdict-common
けらく|jmdict-variant
ける|jmdict-common
けれど|jmdict-common
けれども|jmdict-common
けわい|jmdict-variant
けわしい|jmdict-common
けん|jmdict-common
けんあく|jmdict-common
けんあん|jmdict-common
けんい|jmdict-common
けんえい|jmdict-common
けんえき|jmdict-common
けんえつ|jmdict-common
けんえんのなか|jmdict-common
けんお|jmdict-common
けんおかん|jmdict-common
けんか|jmdict-common
けんかい|jmdict-common
けんがい|jmdict-common
けんがく|jmdict-common
けんき|jmdict-variant
けんきゅう|jmdict-common
けんきゅういん|jmdict-common
けんきゅうか|jmdict-common
けんきゅうかん|jmdict-common
けんきゅうけっか|jmdict-common
けんきゅうしつ|jmdict-common
けんきゅうしゃ|jmdict-common
けんきゅうしょ|jmdict-variant
けんきゅうじょ|jmdict-common
けんきょ|jmdict-common
けんきん|jmdict-common
けんぎ|jmdict-common
けんぎょう|jmdict-common
けんけい|jmdict-common
けんけつ|jmdict-common
けんげき|jmdict-common
けんげん|jmdict-common
けんこう|jmdict-common
けんこうしょくひん|jmdict-common
けんこうしんだん|jmdict-common
けんこうてき|jmdict-common
けんこうほけん|jmdict-common
けんこく|jmdict-common
けんご|jmdict-common
けんさ|jmdict-common
けんさく|jmdict-common
けんさくじょうけん|jmdict-common
けんさつ|jmdict-common
けんさつかん|jmdict-common
けんさつちょう|jmdict-common
けんざい|jmdict-common
けんし|jmdict-common
けんしき|jmdict-common
けんしゅう|jmdict-common
けんしゅつ|jmdict-common
けんしょう|jmdict-common
けんしん|jmdict-common
けんじ|jmdict-common
けんじせい|jmdict-common
けんじつ|jmdict-common
けんじゅう|jmdict-common
けんじょう|jmdict-common
けんじょうしゃ|jmdict-common
けんじん|jmdict-common
けんすい|jmdict-common
けんすう|jmdict-common
けんせい|jmdict-common
けんせつ|jmdict-common
けんせつしょう|jmdict-common
けんせつてき|jmdict-common
けんぜん|jmdict-common
けんそん|jmdict-common
けんぞう|jmdict-common
けんぞうぶつ|jmdict-common
けんたい|jmdict-common
けんち|jmdict-common
けんちく|jmdict-common
けんちくか|jmdict-common
けんちくがく|jmdict-common
けんちくし|jmdict-common
けんちくぶつ|jmdict-common
けんちじ|jmdict-common
けんちょ|jmdict-common
けんちょう|jmdict-common
けんてい|jmdict-common
けんとう|jmdict-common
けんとうし|jmdict-common
けんどう|jmdict-common
けんない|jmdict-common
けんにん|jmdict-common
けんねん|jmdict-variant
けんばん|jmdict-common
けんびきょう|jmdict-common
けんぶつ|jmdict-common
けんぶつにん|jmdict-common
けんぶん|jmdict-common
けんぷ|jmdict-common
けんぼ|jmdict-common
けんぼう|jmdict-variant
けんぽ|jmdict-common
けんぽう|jmdict-common
けんま|jmdict-common
けんみん|jmdict-common
けんむ|jmdict-common
けんめい|jmdict-common
けんもん|jmdict-common
けんやく|jmdict-common
けんり|jmdict-common
けんりつ|jmdict-common
けんりょく|jmdict-common
けん盤|jmdict-variant
けん銃|jmdict-variant
げい|jmdict-common
げいいん|jmdict-variant
げいげき|jmdict-common
げいごう|jmdict-common
げいしゃ|jmdict-common
げいじゅつ|jmdict-common
げいじゅついん|jmdict-common
げいじゅつか|jmdict-common
げいじゅつさい|jmdict-common
げいにく|jmdict-common
げいにん|jmdict-common
げいのう|jmdict-common
げいのうじん|jmdict-common
げいひんかん|jmdict-common
げいめい|jmdict-common
げか|jmdict-common
げかい|jmdict-common
げき|jmdict-common
げきか|jmdict-common
げきが|jmdict-common
げきげん|jmdict-common
げきさく|jmdict-common
げきじょう|jmdict-common
げきじん|jmdict-common
げきせん|jmdict-common
げきだん|jmdict-common
げきちん|jmdict-common
げきつい|jmdict-common
げきてき|jmdict-common
げきとつ|jmdict-common
げきど|jmdict-common
げきどう|jmdict-common
げきへん|jmdict-common
げきやく|jmdict-common
げきりゅう|jmdict-common
げきれい|jmdict-common
げきろん|jmdict-common
げこ|jmdict-common
げさん|jmdict-variant
げざん|jmdict-common
げし|jmdict-common
げしゃ|jmdict-common
げしゅく|jmdict-common
げじゅん|jmdict-common
げすい|jmdict-common
げすいどう|jmdict-common
げた|jmdict-common
げっか|jmdict-variant
げっかん|jmdict-common
げっきゅう|jmdict-common
げっけい|jmdict-common
げっこう|jmdict-common
げっさん|jmdict-common
げっしゃ|jmdict-common
げっしゅう|jmdict-common
げっしょく|jmdict-common
げっぷ|jmdict-common
げつがく|jmdict-common
げつじ|jmdict-variant
げつない|jmdict-common
げつまつ|jmdict-common
げつめん|jmdict-common
げつや|jmdict-variant
げつよう|jmdict-common
げつようび|jmdict-common
げつれい|jmdict-common
げねつ|jmdict-common
げひん|jmdict-common
げめん|jmdict-variant
げや|jmdict-common
げらく|jmdict-common
げり|jmdict-common
げん|jmdict-common
げんあん|jmdict-common
げんいん|jmdict-common
げんえい|jmdict-common
げんえき|jmdict-common
げんか|jmdict-common
げんかい|jmdict-common
げんかく|jmdict-common
げんかしょうきゃく|jmdict-common
げんかん|jmdict-common
げんが|jmdict-common
げんがく|jmdict-common
げんがっき|jmdict-common
げんき|jmdict-common
げんきゅう|jmdict-common
げんきょ|jmdict-variant
げんきょう|jmdict-common
げんきん|jmdict-common
げんぎ|jmdict-common
げんけい|jmdict-common
げんこう|jmdict-common
げんこうはん|jmdict-common
げんこうようし|jmdict-common
げんこく|jmdict-common
げんこつ|jmdict-common
げんご|jmdict-common
げんごう|jmdict-common
げんさく|jmdict-common
げんさん|jmdict-common
げんさんち|jmdict-common
げんざい|jmdict-common
げんざいりょう|jmdict-common
げんし|jmdict-common
げんしかく|jmdict-common
げんしち|jmdict-variant
げんしつ|jmdict-variant
げんしゅ|jmdict-common
げんしゅう|jmdict-common
げんしゅく|jmdict-common
げんしょ|jmdict-common
げんしょう|jmdict-common
げんしょく|jmdict-common
げんしりょく|jmdict-common
げんしろ|jmdict-common
げんじ|jmdict-common
げんじつ|jmdict-common
げんじつてき|jmdict-common
げんじてん|jmdict-common
げんじゅう|jmdict-common
げんじゅうしょ|jmdict-common
げんじゅうみん|jmdict-common
げんじょう|jmdict-common
げんじん|jmdict-common
げんすい|jmdict-common
げんすいばく|jmdict-common
げんせい|jmdict-common
げんせん|jmdict-common
げんぜい|jmdict-common
げんそ|jmdict-common
げんそう|jmdict-common
げんそく|jmdict-common
げんぞう|jmdict-common
げんたい|jmdict-common
げんたん|jmdict-common
げんだい|jmdict-common
げんだいしゃかい|jmdict-common
げんだいてき|jmdict-common
げんだんかい|jmdict-common
げんち|jmdict-common
げんちょう|jmdict-variant
げんてい|jmdict-common
げんてん|jmdict-common
げんど|jmdict-common
げんどう|jmdict-common
げんどうりょく|jmdict-common
げんどがく|jmdict-common
げんに|jmdict-common
げんば|jmdict-common
げんばく|jmdict-common
げんばつ|jmdict-common
げんぱつ|jmdict-common
げんぶつ|jmdict-common
げんぶん|jmdict-common
げんぽう|jmdict-common
げんぽん|jmdict-common
げんまい|jmdict-common
げんみつ|jmdict-common
げんめい|jmdict-common
げんめつ|jmdict-common
げんめん|jmdict-common
げんや|jmdict-common
げんゆ|jmdict-common
げんゆう|jmdict-common
げんり|jmdict-common
げんりゅう|jmdict-common
げんりょう|jmdict-common
げんろう|jmdict-common
げんろく|jmdict-common
げんろん|jmdict-common
こあめ|jmdict-variant
こい|jmdict-common
こいごころ|jmdict-common
こいし|jmdict-common
こいしい|jmdict-common
こいする|jmdict-common
こいつ|jmdict-common
こいつら|jmdict-common
こいつ等|jmdict-variant
こいぬ|jmdict-common
こいびと|jmdict-common
こいぶみ|jmdict-common
こう|jmdict-common
こうあつ|jmdict-common
こうあん|jmdict-common
こうあんいいんかい|jmdict-common
こうい|jmdict-common
こういう|jmdict-common
こういき|jmdict-common
こういしつ|jmdict-common
こういしょう|jmdict-common
こういった|jmdict-common
こういん|jmdict-common
こうう|jmdict-common
こううん|jmdict-common
こうえい|jmdict-common
こうえき|jmdict-common
こうえきほうじん|jmdict-common
こうえつ|jmdict-common
こうえん|jmdict-common
こうえんかい|jmdict-common
こうおつ|jmdict-common
こうおん|jmdict-common
こうか|jmdict-common
こうかい|jmdict-common
こうかいちゅう|jmdict-common
こうかいどう|jmdict-common
こうかく|jmdict-common
こうかてき|jmdict-common
こうかん|jmdict-common
こうかんど|jmdict-common
こうがい|jmdict-common
こうがく|jmdict-common
こうがくしきもじにんしき|jmdict-common
こうがくねん|jmdict-common
こうがくぶ|jmdict-common
こうき|jmdict-common
こうきあつ|jmdict-common
こうきしん|jmdict-common
こうきゅう|jmdict-common
こうきゅうホテル|jmdict-common
こうきょ|jmdict-common
こうきょう|jmdict-common
こうきょうがくだん|jmdict-common
こうきょうきょく|jmdict-common
こうきょうほうそう|jmdict-common
こうきょうりょうきん|jmdict-common
こうきん|jmdict-common
こうぎ|jmdict-common
こうぎょ|jmdict-variant
こうぎょう|jmdict-common
こうく|jmdict-common
こうくう|jmdict-common
こうくうがいしゃ|jmdict-common
こうくうき|jmdict-common
こうくうけん|jmdict-common
こうくうじえいたい|jmdict-common
こうくうびん|jmdict-common
こうくうぼかん|jmdict-common
こうけい|jmdict-common
こうけいき|jmdict-common
こうけつ|jmdict-common
こうけつあつ|jmdict-common
こうけん|jmdict-common
こうげい|jmdict-common
こうげき|jmdict-common
こうげん|jmdict-common
こうこ|jmdict-common
こうこう|jmdict-common
こうこうせい|jmdict-common
こうこがく|jmdict-common
こうこく|jmdict-common
こうこん|jmdict-variant
こうご|jmdict-common
こうごう|jmdict-common
こうさ|jmdict-common
こうさい|jmdict-common
こうさいひ|jmdict-common
こうさく|jmdict-common
こうさくいん|jmdict-common
こうさくきかい|jmdict-common
こうさつ|jmdict-common
こうさてん|jmdict-common
こうさん|jmdict-common
こうざ|jmdict-common
こうざい|jmdict-common
こうざばんごう|jmdict-common
こうざん|jmdict-common
こうし|jmdict-common
こうしえん|jmdict-common
こうしき|jmdict-common
こうしきせん|jmdict-common
こうしきサイト|jmdict-common
こうしつ|jmdict-common
こうしゃ|jmdict-common
こうしゃく|jmdict-common
こうしゃさい|jmdict-common
こうしゅ|jmdict-common
こうしゅう|jmdict-common
こうしゅうえいせい|jmdict-common
こうしゅうでんわ|jmdict-common
こうしゅうにゅう|jmdict-common
こうしゅけい|jmdict-common
こうしょ|jmdict-common
こうしょう|jmdict-common
こうしょく|jmdict-common
こうしん|jmdict-common
こうしんじょ|jmdict-common
こうしんりょう|jmdict-common
こうじ|jmdict-common
こうじちゅう|jmdict-common
こうじつ|jmdict-common
こうじゅつ|jmdict-common
こうじょ|jmdict-common
こうじょう|jmdict-common
こうじょうせん|jmdict-common
こうじょりょうぞく|jmdict-common
こうじん|jmdict-common
こうすい|jmdict-common
こうすいじゅん|jmdict-common
こうすいりょう|jmdict-common
こうすると|jmdict-common
こうすれば|jmdict-common
こうず|jmdict-common
こうずい|jmdict-common
こうずる|jmdict-common
こうせい|jmdict-common
こうせいしょう|jmdict-common
こうせいせき|jmdict-common
こうせいねんきん|jmdict-common
こうせいのう|jmdict-common
こうせいぶっしつ|jmdict-common
こうせき|jmdict-common
こうせつ|jmdict-common
こうせん|jmdict-common
こうぜん|jmdict-common
こうそ|jmdict-common
こうそう|jmdict-common
こうそく|jmdict-common
こうそくど|jmdict-common
こうそくどうろ|jmdict-common
こうそくバス|jmdict-common
こうそつ|jmdict-common
こうぞう|jmdict-common
こうぞうぶつ|jmdict-common
こうぞく|jmdict-common
こうたい|jmdict-common
こうたいこう|jmdict-variant
こうたいごう|jmdict-common
こうたいし|jmdict-common
こうたいしひ|jmdict-common
こうたく|jmdict-common
こうだい|jmdict-common
こうだん|jmdict-common
こうち|jmdict-common
こうちく|jmdict-common
こうちしょ|jmdict-common
こうちゃ|jmdict-common
こうちょう|jmdict-common
こうちょうかい|jmdict-common
こうちょく|jmdict-common
こうつう|jmdict-common
こうつうきかん|jmdict-common
こうつうじこ|jmdict-common
こうつうひ|jmdict-common
こうつうもう|jmdict-common
こうつごう|jmdict-common
こうてい|jmdict-common
こうていぶあい|jmdict-common
こうてき|jmdict-common
こうてつ|jmdict-common
こうてん|jmdict-common
こうてんし|jmdict-variant
こうてんてき|jmdict-common
こうとう|jmdict-common
こうとうがっこう|jmdict-common
こうとうきょういく|jmdict-common
こうとうべんろん|jmdict-common
こうど|jmdict-common
こうどう|jmdict-common
こうどく|jmdict-common
こうない|jmdict-common
こうにち|jmdict-common
こうにゅう|jmdict-common
こうにん|jmdict-common
こうにんかいけいし|jmdict-common
こうねつ|jmdict-common
こうねつひ|jmdict-common
こうねん|jmdict-common
こうねんき|jmdict-common
こうのう|jmdict-common
こうは|jmdict-common
こうはい|jmdict-common
こうはく|jmdict-common
こうはつ|jmdict-common
こうはん|jmdict-common
こうはんい|jmdict-common
こうはんせん|jmdict-common
こうば|jmdict-common
こうばい|jmdict-common
こうばいりょく|jmdict-common
こうばしい|jmdict-common
こうばん|jmdict-common
こうひ|jmdict-common
こうひょう|jmdict-common
こうひんしつ|jmdict-common
こうふ|jmdict-common
こうふく|jmdict-common
こうふん|jmdict-common
こうぶ|jmdict-common
こうぶつ|jmdict-common
こうぶん|jmdict-common
こうぶんしょ|jmdict-common
こうへい|jmdict-common
こうべ|jmdict-common
こうほ|jmdict-common
こうほう|jmdict-common
こうほしゃ|jmdict-common
こうぼ|jmdict-common
こうぼう|jmdict-common
こうみょう|jmdict-common
こうみん|jmdict-common
こうみんかん|jmdict-common
こうみんけん|jmdict-common
こうみんとう|jmdict-common
こうむ|jmdict-common
こうむいん|jmdict-common
こうめい|jmdict-common
こうめいとう|jmdict-common
こうもく|jmdict-common
こうもん|jmdict-common
こうや|jmdict-common
こうやく|jmdict-common
こうゆう|jmdict-common
こうよう|jmdict-common
こうようじゅ|jmdict-common
こうらい|jmdict-common
こうらく|jmdict-common
こうらくち|jmdict-common
こうり|jmdict-common
こうりかかく|jmdict-common
こうりつ|jmdict-common
こうりつてき|jmdict-common
こうりてん|jmdict-common
こうりゃく|jmdict-common
こうりゅう|jmdict-common
こうりょ|jmdict-common
こうりょう|jmdict-common
こうりょく|jmdict-common
こうれい|jmdict-common
こうれいしゃ|jmdict-common
こうれつ|jmdict-common
こうろ|jmdict-common
こうろう|jmdict-common
こうろん|jmdict-common
こうわ|jmdict-common
こうわん|jmdict-common
こう言う|jmdict-common
こう言った|jmdict-common
こう配|jmdict-variant
こえ|jmdict-common
こえだ|jmdict-common
こえる|jmdict-common
こおう|jmdict-common
こおり|jmdict-common
こおる|jmdict-common
こかく|jmdict-variant
こかくまんぞく|jmdict-common
こかげ|jmdict-common
こかつ|jmdict-common
こがい|jmdict-common
こがいしゃ|jmdict-common
こがす|jmdict-common
こがた|jmdict-common
こがたな|jmdict-common
こがね|jmdict-common
こがら|jmdict-common
こがらし|jmdict-common
こきざみ|jmdict-common
こきゃく|jmdict-common
こきゃくまんぞく|jmdict-variant
こきゅう|jmdict-common
こきゅうき|jmdict-common
こきょう|jmdict-common
こきん|jmdict-variant
こぎ|jmdict-variant
こぎって|jmdict-common
こく|jmdict-common
こくい|jmdict-common
こくいっこく|jmdict-common
こくいっこくと|jmdict-common
こくう|jmdict-common
こくえ|jmdict-variant
こくえい|jmdict-common
こくえき|jmdict-common
こくえん|jmdict-common
こくおう|jmdict-common
こくがい|jmdict-common
こくがく|jmdict-common
こくぎ|jmdict-common
こくぐら|jmdict-variant
こくぐん|jmdict-common
こくこく|jmdict-variant
こくご|jmdict-common
こくごじてん|jmdict-common
こくさい|jmdict-common
こくさいか|jmdict-common
こくさいきょうりょくじぎょうだん|jmdict-common
こくさいじん|jmdict-common
こくさいてき|jmdict-common
こくさいほう|jmdict-common
こくさいれんごう|jmdict-common
こくさく|jmdict-common
こくさん|jmdict-common
こくし|jmdict-common
こくしょ|jmdict-common
こくしょく|jmdict-variant
こくじ|jmdict-common
こくじょう|jmdict-common
こくじん|jmdict-common
こくせい|jmdict-common
こくせいちょうさ|jmdict-common
こくせき|jmdict-common
こくぜ|jmdict-common
こくぜい|jmdict-common
こくぜいきょく|jmdict-common
こくぜいちょう|jmdict-common
こくそ|jmdict-common
こくそう|jmdict-common
こくたい|jmdict-common
こくち|jmdict-common
こくてつ|jmdict-common
こくてんし|jmdict-variant
こくど|jmdict-common
こくどう|jmdict-common
こくどちょう|jmdict-common
こくない|jmdict-common
こくないりょこう|jmdict-common
こくにん|jmdict-variant
こくはく|jmdict-common
こくはつ|jmdict-common
こくばん|jmdict-common
こくひ|jmdict-common
こくひょう|jmdict-common
こくひん|jmdict-common
こくびゃく|jmdict-variant
こくふ|jmdict-common
こくふく|jmdict-common
こくぶんがく|jmdict-common
こくぶんじ|jmdict-common
こくべつ|jmdict-common
こくほう|jmdict-common
こくぼう|jmdict-common
こくみん|jmdict-common
こくみんけんこうほけん|jmdict-common
こくみんしゅくしゃ|jmdict-common
こくみんせい|jmdict-common
こくみんそうせいさん|jmdict-common
こくみんてき|jmdict-common
こくみんとうひょう|jmdict-common
こくみんねんきん|jmdict-common
こくむ|jmdict-common
こくむしょう|jmdict-common
こくむだいじん|jmdict-common
こくむちょうかん|jmdict-common
こくめい|jmdict-common
こくもつ|jmdict-common
こくゆう|jmdict-common
こくりつ|jmdict-common
こくりつげきじょう|jmdict-common
こくりつはくぶつかん|jmdict-common
こくりょく|jmdict-common
こくるい|jmdict-common
こくれん|jmdict-common
こくろん|jmdict-common
こぐ|jmdict-common
こぐち|jmdict-common
こけ|jmdict-common
こけい|jmdict-common
こけら|jmdict-variant
こげる|jmdict-common
ここ|jmdict-common
ここく|jmdict-common
ここじん|jmdict-common
ここち|jmdict-common
ここちいい|jmdict-variant
ここちよい|jmdict-common
ここぬか|jmdict-variant
ここの|jmdict-variant
ここのえ|jmdict-common
ここのか|jmdict-common
ここのつ|jmdict-common
ここら|jmdict-common
こころ|jmdict-common
こころあたり|jmdict-common
こころいき|jmdict-common
こころえ|jmdict-common
こころえる|jmdict-common
こころから|jmdict-common
こころがけ|jmdict-common
こころがける|jmdict-common
こころがまえ|jmdict-common
こころざし|jmdict-common
こころざす|jmdict-common
こころづかい|jmdict-common
こころづよい|jmdict-common
こころぼそい|jmdict-common
こころまち|jmdict-common
こころみ|jmdict-common
こころみる|jmdict-common
こころよい|jmdict-common
こころをこめて|jmdict-common
こころ細い|jmdict-variant
ここん|jmdict-common
こご|jmdict-common
こごえ|jmdict-common
こごえる|jmdict-common
こごと|jmdict-common
こさじ|jmdict-common
こさめ|jmdict-common
こさん|jmdict-common
こざら|jmdict-common
こし|jmdict-common
こしかけ|jmdict-common
こしかける|jmdict-common
こしつ|jmdict-common
こしゅう|jmdict-variant
こしょ|jmdict-common
こしょう|jmdict-common
こしらえる|jmdict-common
こじ|jmdict-common
こじいん|jmdict-common
こじき|jmdict-common
こじま|jmdict-common
こじょう|jmdict-common
こじん|jmdict-common
こじんさ|jmdict-common
こじんてき|jmdict-common
こす|jmdict-common
こすい|jmdict-common
こすう|jmdict-common
こする|jmdict-common
こずかい|jmdict-variant
こせい|jmdict-common
こせいてき|jmdict-common
こせき|jmdict-common
こせきとうほん|jmdict-common
こぜに|jmdict-common
こそ|jmdict-common
こそこそ|jmdict-common
こそだて|jmdict-common
こぞ|jmdict-variant
こぞう|jmdict-common
こたい|jmdict-common
こたえ|jmdict-common
こたえる|jmdict-common
こたつ|jmdict-common
こだい|jmdict-common
こだわる|jmdict-common
こち|jmdict-variant
こちこち|jmdict-variant
こちょう|jmdict-common
こちら|jmdict-common
こっか|jmdict-common
こっかい|jmdict-common
こっかいぎいん|jmdict-common
こっかいぎじどう|jmdict-common
こっかく|jmdict-common
こっかこうむいん|jmdict-common
こっかしけん|jmdict-common
こっき|jmdict-common
こっきょう|jmdict-common
こっけい|jmdict-common
こっけいせつ|jmdict-common
こっけん|jmdict-common
こっこ|jmdict-common
こっこう|jmdict-common
こっこく|jmdict-common
こっし|jmdict-common
こっせつ|jmdict-common
こっそり|jmdict-common
こった|jmdict-common
こっち|jmdict-common
こっとう|jmdict-common
こつこつ|jmdict-common
こつじき|jmdict-variant
こつずい|jmdict-common
こづかい|jmdict-common
こづつみ|jmdict-common
こてい|jmdict-common
こていしさん|jmdict-common
こていひ|jmdict-common
こてさき|jmdict-common
こてん|jmdict-common
こてんてき|jmdict-common
こと|jmdict-common
ことう|jmdict-common
ことがある|jmdict-common
ことができる|jmdict-common
ことがない|jmdict-common
ことがら|jmdict-common
ことが出来る|jmdict-common
ことが無い|jmdict-variant
ことごとく|jmdict-common
ことし|jmdict-common
ことてん|jmdict-variant
ことなる|jmdict-common
ことに|jmdict-common
ことにする|jmdict-common
ことになる|jmdict-common
ことによって|jmdict-common
ことにより|jmdict-common
ことによる|jmdict-common
ことば|jmdict-common
ことばづかい|jmdict-common
ことば使い|jmdict-variant
ことば遣い|jmdict-variant
ことぶき|jmdict-common
ことゆえ|jmdict-variant
ことり|jmdict-common
ことわざ|jmdict-common
ことわらず|jmdict-common
ことわり|jmdict-common
ことわる|jmdict-common
こどう|jmdict-common
こどうぐ|jmdict-common
こどく|jmdict-common
こども|jmdict-common
こどもたち|jmdict-common
こどものころ|jmdict-common
こどもの頃|jmdict-variant
こどもよう|jmdict-common
こども用|jmdict-variant
こども達|jmdict-variant
こな|jmdict-common
こなす|jmdict-common
こなミルク|jmdict-common
こにちは|jmdict-variant
こにちわ|jmdict-variant
こねこ|jmdict-common
この|jmdict-common
このあいだ|jmdict-common
このうち|jmdict-common
このえ|jmdict-common
このかん|jmdict-variant
このごろ|jmdict-common
このため|jmdict-common
このなか|jmdict-variant
このは|jmdict-common
このへん|jmdict-common
このほか|jmdict-common
このまえ|jmdict-common
このましい|jmdict-common
このみ|jmdict-common
このむ|jmdict-common
このめ|jmdict-variant
このんで|jmdict-common
この中|jmdict-variant
この内|jmdict-common
この前|jmdict-common
この外|jmdict-common
この辺|jmdict-common
この間|jmdict-common
この頃|jmdict-common
こはく|jmdict-common
こはば|jmdict-common
こはん|jmdict-common
こばむ|jmdict-common
こひつじ|jmdict-common
こびと|jmdict-common
こぴぺ|jmdict-variant
こふう|jmdict-common
こふん|jmdict-common
こぶ|jmdict-common
こぶし|jmdict-common
こぶね|jmdict-common
こぶん|jmdict-common
こぶんしょ|jmdict-variant
こべつ|jmdict-common
こべつほうもん|jmdict-common
こほん|jmdict-variant
こぼく|jmdict-variant
こぼす|jmdict-common
こぼれる|jmdict-common
こま|jmdict-common
こまか|jmdict-common
こまかい|jmdict-common
こまかいこと|jmdict-common
こまかく|jmdict-common
こまく|jmdict-common
こまごま|jmdict-common
こまりはてる|jmdict-common
こまる|jmdict-common
こむ|jmdict-common
こむぎ|jmdict-common
こむぎこ|jmdict-common
こむすび|jmdict-common
こめ|jmdict-common
こめぐら|jmdict-common
こめつぶ|jmdict-common
こめる|jmdict-common
こもじ|jmdict-common
こもの|jmdict-common
こもり|jmdict-common
こもりうた|jmdict-common
こもる|jmdict-common
こもん|jmdict-common
こもんじょ|jmdict-common
こや|jmdict-common
こやく|jmdict-common
こやし|jmdict-common
こやす|jmdict-common
こやつ|jmdict-variant
こやま|jmdict-common
こゆう|jmdict-common
こゆび|jmdict-common
こよい|jmdict-common
こよう|jmdict-common
こよみ|jmdict-common
こらい|jmdict-common
こりしょう|jmdict-common
こりつ|jmdict-common
こりる|jmdict-common
こる|jmdict-common
これ|jmdict-common
これから|jmdict-common
これこそ|jmdict-common
これで|jmdict-common
これまで|jmdict-common
これら|jmdict-common
これをきに|jmdict-common
これを期に|jmdict-variant
これを機に|jmdict-common
これ等|jmdict-common
これ迄|jmdict-variant
ころ|jmdict-common
ころがす|jmdict-common
ころがる|jmdict-common
ころころ|jmdict-variant
ころし|jmdict-common
ころす|jmdict-common
ころぶ|jmdict-common
ころも|jmdict-common
ころもがえ|jmdict-common
ころんころん|jmdict-variant
こわい|jmdict-common
こわいろ|jmdict-common
こわがる|jmdict-common
こわす|jmdict-common
こわだか|jmdict-common
こわれる|jmdict-common
こん|jmdict-common
こんい|jmdict-common
こんいん|jmdict-common
こんか|jmdict-common
こんかい|jmdict-common
こんかん|jmdict-common
こんがん|jmdict-common
こんき|jmdict-common
こんきゅう|jmdict-common
こんきょ|jmdict-common
こんけつ|jmdict-common
こんげつ|jmdict-common
こんげん|jmdict-common
こんご|jmdict-common
こんごう|jmdict-common
こんざつ|jmdict-common
こんしゅう|jmdict-common
こんしゅうまつ|jmdict-common
こんしゅん|jmdict-common
こんしん|jmdict-common
こんじき|jmdict-common
こんじつ|jmdict-variant
こんじゃく|jmdict-common
こんじょう|jmdict-common
こんすい|jmdict-common
こんせい|jmdict-common
こんせき|jmdict-common
こんせつ|jmdict-common
こんせん|jmdict-common
こんぜつ|jmdict-common
こんたん|jmdict-common
こんだて|jmdict-common
こんだん|jmdict-common
こんち|jmdict-variant
こんちゅう|jmdict-common
こんちょう|jmdict-variant
こんてい|jmdict-common
こんど|jmdict-common
こんどう|jmdict-common
こんな|jmdict-common
こんなに|jmdict-common
こんなん|jmdict-common
こんにち|jmdict-common
こんにちてき|jmdict-common
こんにちは|jmdict-common
こんにちわ|jmdict-variant
こんにゅう|jmdict-common
こんねん|jmdict-variant
こんねんど|jmdict-common
こんばん|jmdict-common
こんばんは|jmdict-common
こんばんわ|jmdict-variant
こんぶ|jmdict-common
こんぼう|jmdict-common
こんぼん|jmdict-variant
こんぽう|jmdict-common
こんぽん|jmdict-common
こんぽんてき|jmdict-common
こんめい|jmdict-common
こんや|jmdict-common
こんやく|jmdict-common
こんやくしゃ|jmdict-common
こんらん|jmdict-common
こんりゅう|jmdict-common
こんろ|jmdict-common
こんわ|jmdict-common
こんわく|jmdict-common
こん包|jmdict-variant
こネタ|jmdict-common
こーいう|jmdict-variant
こーゆー|jmdict-variant
ごい|jmdict-common
ごう|jmdict-common
ごうい|jmdict-common
ごういん|jmdict-common
ごうう|jmdict-common
ごうか|jmdict-common
ごうかい|jmdict-common
ごうかく|jmdict-common
ごうがい|jmdict-common
ごうきゅう|jmdict-common
ごうきん|jmdict-common
ごうぎ|jmdict-common
ごうけい|jmdict-common
ごうけつ|jmdict-common
ごうけん|jmdict-common
ごうしゃ|jmdict-common
ごうじょう|jmdict-common
ごうせい|jmdict-common
ごうせいせんい|jmdict-common
ごうせいせんざい|jmdict-common
ごうせん|jmdict-common
ごうぞく|jmdict-common
ごうだつ|jmdict-common
ごうとう|jmdict-common
ごうどう|jmdict-common
ごうはん|jmdict-common
ごうばん|jmdict-common
ごうひ|jmdict-common
ごうべん|jmdict-common
ごうほう|jmdict-common
ごうほうてき|jmdict-common
ごうまん|jmdict-common
ごうもん|jmdict-common
ごうり|jmdict-common
ごうりか|jmdict-common
ごうりき|jmdict-variant
ごうりてき|jmdict-common
ごうりゅう|jmdict-common
ごうりょく|jmdict-common
ごうれい|jmdict-common
ごう慢|jmdict-variant
ごえい|jmdict-common
ごえつどうしゅう|jmdict-common
ごえんりょください|jmdict-common
ごかい|jmdict-common
ごかく|jmdict-common
ごかん|jmdict-common
ごがく|jmdict-common
ごがつ|jmdict-common
ごがん|jmdict-common
ごき|jmdict-common
ごきぶり|jmdict-variant
ごきょうりょく|jmdict-common
ごく|jmdict-common
ごくかん|jmdict-variant
ごくじょう|jmdict-common
ごくちゅう|jmdict-common
ごくひ|jmdict-common
ごくらく|jmdict-common
ごくろうさま|jmdict-common
ごくろーさま|jmdict-variant
ごけん|jmdict-common
ごげん|jmdict-common
ごこく|jmdict-common
ごご|jmdict-common
ごさ|jmdict-common
ごさい|jmdict-common
ごさん|jmdict-common
ござ|jmdict-common
ございます|jmdict-common
ごし|jmdict-common
ごしゅじん|jmdict-common
ごしょ|jmdict-common
ごしょく|jmdict-common
ごじ|jmdict-common
ごじつ|jmdict-common
ごじゅう|jmdict-common
ごじゅうおん|jmdict-common
ごじゅうさんつぎ|jmdict-common
ごじょ|jmdict-common
ごせん|jmdict-common
ごぜん|jmdict-common
ごぜんちゅう|jmdict-common
ごそう|jmdict-common
ごぞんじ|jmdict-common
ごたい|jmdict-common
ごちそう|jmdict-common
ごちそうさま|jmdict-common
ごちそうさまでした|jmdict-common
ごっかん|jmdict-common
ごて|jmdict-common
ごてん|jmdict-common
ごと|jmdict-common
ごとし|jmdict-common
ごとに|jmdict-common
ごにち|jmdict-variant
ごにん|jmdict-common
ごはん|jmdict-common
ごばん|jmdict-common
ごふく|jmdict-common
ごぶ|jmdict-common
ごぶさた|jmdict-common
ごほう|jmdict-common
ごほうび|jmdict-common
ごま|jmdict-common
ごまかす|jmdict-common
ごみ|jmdict-common
ごみばこ|jmdict-common
ごみ箱|jmdict-variant
ごめん|jmdict-common
ごめんください|jmdict-common
ごめん下さい|jmdict-variant
ごもん|jmdict-variant
ごようてい|jmdict-common
ごらく|jmdict-common
ごらん|jmdict-common
ごらんになる|jmdict-common
ごりょうしょうください|jmdict-common
ごりん|jmdict-common
ごれんらく|jmdict-common
ごろ|jmdict-common
ごろごろ|jmdict-common
ごろんごろん|jmdict-variant
ごんご|jmdict-variant
ご不沙汰|jmdict-variant
ご主人|jmdict-common
ご了承ください|jmdict-common
ご了承下さい|jmdict-common
ご免|jmdict-common
ご免ください|jmdict-variant
ご免下さい|jmdict-variant
ご協力|jmdict-common
ご存じ|jmdict-common
ご存知|jmdict-common
ご座います|jmdict-variant
ご所|jmdict-variant
ご殿|jmdict-variant
ご無沙汰|jmdict-common
ご苦労さま|jmdict-common
ご苦労様|jmdict-common
ご褒美|jmdict-common
ご覧|jmdict-common
ご覧になる|jmdict-common
ご連絡|jmdict-common
ご遠慮ください|jmdict-common
ご遠慮下さい|jmdict-common
ご飯|jmdict-common
ご馳走|jmdict-common
ご馳走さま|jmdict-common
ご馳走さまでした|jmdict-variant
ご馳走様|jmdict-common
ご馳走様でした|jmdict-common
さぁ|jmdict-variant
さあ|jmdict-common
さい|jmdict-common
さいあい|jmdict-common
さいあく|jmdict-common
さいえん|jmdict-common
さいか|jmdict-common
さいかい|jmdict-common
さいかいはつ|jmdict-common
さいかくにん|jmdict-common
さいがい|jmdict-common
さいき|jmdict-common
さいきどう|jmdict-common
さいきょう|jmdict-common
さいきん|jmdict-common
さいく|jmdict-common
さいくつ|jmdict-common
さいけいこく|jmdict-common
さいけつ|jmdict-common
さいけん|jmdict-common
さいけんとう|jmdict-common
さいげつ|jmdict-common
さいげん|jmdict-common
さいこ|jmdict-common
さいこう|jmdict-common
さいこうきゅう|jmdict-common
さいこうけん|jmdict-common
さいこうさい|jmdict-common
さいこうび|jmdict-common
さいこうほう|jmdict-common
さいこん|jmdict-common
さいご|jmdict-common
さいごのぶたい|jmdict-common
さいさん|jmdict-common
さいし|jmdict-common
さいしき|jmdict-common
さいしゅ|jmdict-common
さいしゅう|jmdict-common
さいしゅうてき|jmdict-common
さいしゅつ|jmdict-common
さいしょ|jmdict-common
さいしょう|jmdict-common
さいしょうげん|jmdict-common
さいしょく|jmdict-common
さいしん|jmdict-common
さいしんえい|jmdict-common
さいしんけんきゅう|jmdict-common
さいしんじょうほう|jmdict-common
さいしんニュース|jmdict-common
さいじつ|jmdict-common
さいじゅうてん|jmdict-common
さいじょう|jmdict-common
さいせい|jmdict-common
さいせいき|jmdict-common
さいせき|jmdict-common
さいせん|jmdict-common
さいせんたん|jmdict-common
さいぜん|jmdict-common
さいぜんせん|jmdict-common
さいぜんれつ|jmdict-common
さいそく|jmdict-common
さいた|jmdict-common
さいたく|jmdict-common
さいたま|jmdict-common
さいたん|jmdict-common
さいだい|jmdict-common
さいだいげん|jmdict-common
さいだん|jmdict-common
さいちゅう|jmdict-common
さいちょう|jmdict-common
さいてい|jmdict-common
さいていげん|jmdict-common
さいてき|jmdict-common
さいてん|jmdict-common
さいど|jmdict-common
さいなん|jmdict-common
さいにゅう|jmdict-common
さいにん|jmdict-common
さいねん|jmdict-common
さいねんしょう|jmdict-common
さいのう|jmdict-common
さいはつ|jmdict-common
さいはん|jmdict-common
さいばい|jmdict-common
さいばん|jmdict-common
さいばんかん|jmdict-common
さいばんしょ|jmdict-common
さいふ|jmdict-common
さいぶ|jmdict-common
さいぶん|jmdict-common
さいへん|jmdict-common
さいほう|jmdict-common
さいぼう|jmdict-common
さいぼうない|jmdict-common
さいまつ|jmdict-common
さいみん|jmdict-common
さいむ|jmdict-common
さいもく|jmdict-common
さいゆうぐう|jmdict-common
さいよう|jmdict-common
さいらい|jmdict-common
さいりょう|jmdict-common
さいるい|jmdict-common
さいれい|jmdict-common
さいろく|jmdict-common
さいわい|jmdict-common
さいスタート|jmdict-common
さえ|jmdict-common
さえあれば|jmdict-common
さえき|jmdict-common
さえぎる|jmdict-common
さえる|jmdict-common
さお|jmdict-common
さおとめ|jmdict-common
さか|jmdict-common
さかい|jmdict-common
さかいめ|jmdict-common
さかえる|jmdict-common
さかさ|jmdict-common
さかしま|jmdict-common
さかずき|jmdict-common
さかだち|jmdict-common
さかだな|jmdict-common
さかづき|jmdict-variant
さかて|jmdict-variant
さかな|jmdict-common
さかなや|jmdict-common
さかのぼる|jmdict-common
さかば|jmdict-common
さかみせ|jmdict-variant
さかみち|jmdict-common
さかや|jmdict-common
さからう|jmdict-common
さかり|jmdict-common
さかん|jmdict-common
さか立ち|jmdict-variant
さがく|jmdict-common
さがしまわる|jmdict-common
さがしもの|jmdict-common
さがし物|jmdict-variant
さがす|jmdict-common
さがり|jmdict-common
さがる|jmdict-common
さき|jmdict-common
さきいき|jmdict-variant
さきおくり|jmdict-common
さきかた|jmdict-variant
さきがけ|jmdict-common
さきがける|jmdict-common
さきごろ|jmdict-common
さきざき|jmdict-common
さきだって|jmdict-common
さきどり|jmdict-common
さきに|jmdict-common
さきほど|jmdict-common
さきみだれる|jmdict-common
さきもの|jmdict-common
さきやす|jmdict-common
さきゅう|jmdict-common
さきゆき|jmdict-common
さぎ|jmdict-common
さぎし|jmdict-common
さぎょう|jmdict-common
さぎょうかんきょう|jmdict-common
さく|jmdict-common
さくいん|jmdict-common
さくがら|jmdict-common
さくげん|jmdict-common
さくこん|jmdict-variant
さくご|jmdict-common
さくさん|jmdict-common
さくし|jmdict-common
さくしゃ|jmdict-common
さくしゅ|jmdict-common
さくしゅう|jmdict-common
さくしゅん|jmdict-common
さくじつ|jmdict-common
さくじょ|jmdict-common
さくせい|jmdict-common
さくせん|jmdict-common
さくつけ|jmdict-variant
さくづけ|jmdict-common
さくづけめんせき|jmdict-common
さくてい|jmdict-common
さくにゅう|jmdict-common
さくねん|jmdict-common
さくねんど|jmdict-common
さくねんらい|jmdict-common
さくばん|jmdict-common
さくひん|jmdict-common
さくふう|jmdict-common
さくぶん|jmdict-common
さくほう|jmdict-variant
さくもつ|jmdict-common
さくや|jmdict-common
さくら|jmdict-common
さくらばな|jmdict-variant
さくらん|jmdict-common
さくりゃく|jmdict-common
さくれつ|jmdict-common
さく乳|jmdict-variant
さく裂|jmdict-variant
さぐる|jmdict-common
さけ|jmdict-common
さけび|jmdict-common
さけびごえ|jmdict-common
さけび声|jmdict-variant
さけぶ|jmdict-common
さけめ|jmdict-common
さける|jmdict-common
さけるい|jmdict-variant
さげすむ|jmdict-common
さげる|jmdict-common
さこく|jmdict-common
ささ|jmdict-common
ささい|jmdict-common
ささえる|jmdict-common
ささげる|jmdict-common
ささつ|jmdict-common
ささやか|jmdict-common
ささやく|jmdict-common
ささる|jmdict-common
さし|jmdict-common
さしあげる|jmdict-common
さしあたり|jmdict-common
さしえ|jmdict-common
さしかかる|jmdict-common
さしこむ|jmdict-common
さしころす|jmdict-common
さししめす|jmdict-common
さしず|jmdict-common
さしだしにん|jmdict-common
さしだす|jmdict-common
さしつかえ|jmdict-common
さしつかえる|jmdict-common
さしとめ|jmdict-common
さしのべる|jmdict-common
さしひかえる|jmdict-common
さしひき|jmdict-common
さしみ|jmdict-common
さしもどす|jmdict-common
さしゅ|jmdict-common
さしょう|jmdict-common
さし上げる|jmdict-variant
さし出す|jmdict-variant
さし当たり|jmdict-variant
さし絵|jmdict-variant
さじ|jmdict-common
さす|jmdict-common
さすが|jmdict-common
さする|jmdict-common
さずかる|jmdict-common
さずける|jmdict-common
させつ|jmdict-common
させる|jmdict-common
させん|jmdict-common
さそい|jmdict-common
さそいみず|jmdict-common
さそう|jmdict-common
さそく|jmdict-variant
さぞ|jmdict-common
さだか|jmdict-common
さだまる|jmdict-common
さだめ|jmdict-variant
さだめる|jmdict-common
さち|jmdict-common
さっか|jmdict-common
さっかく|jmdict-common
さっき|jmdict-common
さっきゅう|jmdict-variant
さっきょうしすう|jmdict-common
さっきょく|jmdict-common
さっきょくか|jmdict-common
さっきん|jmdict-common
さっこん|jmdict-common
さっさと|jmdict-common
さっし|jmdict-common
さっしょう|jmdict-common
さっしん|jmdict-common
さっする|jmdict-common
さっそく|jmdict-common
さっち|jmdict-common
さっちゅうざい|jmdict-common
さっと|jmdict-common
さっとう|jmdict-common
さっぱり|jmdict-common
さっぷ|jmdict-variant
さっぽろ|jmdict-common
さつ|jmdict-common
さつい|jmdict-common
さつえい|jmdict-common
さつがい|jmdict-common
さつじん|jmdict-common
さつじんじけん|jmdict-common
さつたば|jmdict-common
さつひと|jmdict-variant
さつまいも|jmdict-common
さつま芋|jmdict-common
さて|jmdict-common
さてい|jmdict-common
さとう|jmdict-common
さとおや|jmdict-common
さとがえり|jmdict-common
さとご|jmdict-common
さとす|jmdict-common
さとり|jmdict-common
さとる|jmdict-common
さどう|jmdict-common
さなか|jmdict-variant
さは|jmdict-common
さば|jmdict-common
さばく|jmdict-common
さび|jmdict-common
さびしい|jmdict-common
さびる|jmdict-common
さぶい|jmdict-variant
さべつ|jmdict-common
さほう|jmdict-common
さぼう|jmdict-common
さぼる|jmdict-variant
さま|jmdict-common
さまがわり|jmdict-common
さまざま|jmdict-common
さます|jmdict-common
さまたげ|jmdict-common
さまたげる|jmdict-common
さまよう|jmdict-common
さみしい|jmdict-variant
さみせん|jmdict-variant
さむい|jmdict-common
さむけ|jmdict-common
さむさ|jmdict-common
さむらい|jmdict-common
さめ|jmdict-common
さめる|jmdict-common
さもん|jmdict-common
さゆう|jmdict-common
さよう|jmdict-common
さようなら|jmdict-common
さよく|jmdict-common
さよなら|jmdict-common
さよーなら|jmdict-variant
さら|jmdict-common
さらあらい|jmdict-common
さらいげつ|jmdict-common
さらいしゅう|jmdict-common
さらいねん|jmdict-common
さらう|jmdict-common
さらさら|jmdict-common
さらす|jmdict-common
さらに|jmdict-common
さらば|jmdict-common
さる|jmdict-common
される|jmdict-common
さわ|jmdict-common
さわがしい|jmdict-common
さわぎ|jmdict-common
さわぐ|jmdict-common
さわやか|jmdict-common
さわる|jmdict-common
さわん|jmdict-common
さん|jmdict-common
さんい|jmdict-common
さんいん|jmdict-common
さんか|jmdict-common
さんかい|jmdict-common
さんかく|jmdict-common
さんかくけい|jmdict-common
さんかしゃ|jmdict-common
さんかっけい|jmdict-variant
さんかん|jmdict-common
さんかんば|jmdict-common
さんがく|jmdict-common
さんがつ|jmdict-common
さんきょう|jmdict-variant
さんぎいん|jmdict-common
さんぎょう|jmdict-common
さんぎょうかい|jmdict-common
さんけい|jmdict-common
さんけん|jmdict-common
さんこう|jmdict-common
さんこうしょ|jmdict-common
さんこつ|jmdict-common
さんご|jmdict-common
さんさい|jmdict-common
さんさく|jmdict-common
さんざん|jmdict-common
さんし|jmdict-common
さんしゃ|jmdict-common
さんしゅ|jmdict-common
さんしゅつ|jmdict-common
さんしょう|jmdict-common
さんしん|jmdict-common
さんじ|jmdict-common
さんじかん|jmdict-common
さんじげん|jmdict-common
さんじせいげん|jmdict-common
さんじゅう|jmdict-common
さんじゅういちにち|jmdict-common
さんじゅうにち|jmdict-common
さんじゅうはちどせん|jmdict-common
さんじょ|jmdict-common
さんじょう|jmdict-common
さんすう|jmdict-common
さんせい|jmdict-common
さんせいけん|jmdict-common
さんせき|jmdict-common
さんせん|jmdict-common
さんぜん|jmdict-common
さんそ|jmdict-common
さんそう|jmdict-common
さんそん|jmdict-common
さんぞく|jmdict-common
さんだい|jmdict-common
さんち|jmdict-common
さんちゃ|jmdict-variant
さんちょう|jmdict-common
さんてい|jmdict-common
さんど|jmdict-common
さんどう|jmdict-common
さんなん|jmdict-common
さんにゅう|jmdict-common
さんにん|jmdict-common
さんねん|jmdict-common
さんばし|jmdict-common
さんぱい|jmdict-common
さんぱつ|jmdict-common
さんび|jmdict-common
さんびゃく|jmdict-common
さんぴ|jmdict-common
さんぴん|jmdict-common
さんふじんか|jmdict-common
さんぶ|jmdict-common
さんぶさく|jmdict-common
さんぶつ|jmdict-common
さんぶん|jmdict-common
さんぷ|jmdict-common
さんべつ|jmdict-common
さんぼう|jmdict-common
さんぼん|jmdict-common
さんぽ|jmdict-common
さんぽう|jmdict-variant
さんまい|jmdict-common
さんまん|jmdict-common
さんみ|jmdict-common
さんみゃく|jmdict-common
さんや|jmdict-common
さんやく|jmdict-common
さんゆこく|jmdict-common
さんよ|jmdict-common
さんよう|jmdict-common
さんらん|jmdict-common
さんりゅう|jmdict-common
さんりょう|jmdict-common
さんりん|jmdict-common
さんるい|jmdict-common
さんるいしゅ|jmdict-common
さんるいだ|jmdict-common
さんれつ|jmdict-common
さー|jmdict-common
さ中|jmdict-variant
さ来年|jmdict-variant
さ来月|jmdict-variant
さ来週|jmdict-variant
さ迷う|jmdict-variant
ざい|jmdict-common
ざいかい|jmdict-common
ざいがい|jmdict-common
ざいがいこうかん|jmdict-common
ざいがく|jmdict-common
ざいきょう|jmdict-common
ざいげん|jmdict-common
ざいこ|jmdict-common
ざいさん|jmdict-common
ざいしつ|jmdict-common
ざいしょく|jmdict-common
ざいじゅう|jmdict-common
ざいせい|jmdict-common
ざいせいとうゆうし|jmdict-common
ざいせいなん|jmdict-common
ざいせき|jmdict-common
ざいたく|jmdict-common
ざいだん|jmdict-common
ざいだんほうじん|jmdict-common
ざいにち|jmdict-common
ざいにん|jmdict-common
ざいばつ|jmdict-common
ざいべい|jmdict-common
ざいむ|jmdict-common
ざいむかん|jmdict-common
ざいもく|jmdict-common
ざいや|jmdict-common
ざいらい|jmdict-common
ざいりゅう|jmdict-common
ざいりょう|jmdict-common
ざしき|jmdict-common
ざせき|jmdict-common
ざせつ|jmdict-common
ざぜん|jmdict-common
ざだんかい|jmdict-common
ざちょう|jmdict-common
ざっか|jmdict-common
ざっきょ|jmdict-common
ざっし|jmdict-common
ざっそう|jmdict-common
ざっと|jmdict-common
ざっとう|jmdict-common
ざつ|jmdict-common
ざつおん|jmdict-common
ざつだん|jmdict-common
ざつぼくりん|jmdict-variant
ざぶとん|jmdict-common
ざらざら|jmdict-common
ざり|jmdict-variant
ざりがに|jmdict-variant
ざれる|jmdict-variant
ざわざわ|jmdict-common
ざわめく|jmdict-common
ざんぎゃく|jmdict-common
ざんぎょう|jmdict-common
ざんこく|jmdict-common
ざんしょ|jmdict-common
ざんしん|jmdict-common
ざんそん|jmdict-variant
ざんぞん|jmdict-common
ざんだか|jmdict-common
ざんてい|jmdict-common
ざんにん|jmdict-common
ざんねん|jmdict-common
ざんぱい|jmdict-common
ざんりゅう|jmdict-common
ざんるい|jmdict-common
しあい|jmdict-common
しあがり|jmdict-common
しあげ|jmdict-common
しあげる|jmdict-common
しあさって|jmdict-common
しあわせ|jmdict-common
しあん|jmdict-common
しい|jmdict-variant
しいか|jmdict-common
しいく|jmdict-common
しいたけ|jmdict-common
しいたげる|jmdict-common
しいて|jmdict-common
しいと|jmdict-variant
しいとめ|jmdict-variant
しいる|jmdict-common
しいれ|jmdict-common
しいれる|jmdict-common
しいん|jmdict-common
しうと|jmdict-variant
しうとめ|jmdict-variant
しうんてん|jmdict-common
しえい|jmdict-common
しえいちかてつ|jmdict-common
しえん|jmdict-common
しお|jmdict-common
しおあじ|jmdict-common
しおからい|jmdict-common
しおくり|jmdict-common
しおた|jmdict-variant
しおだ|jmdict-variant
しおどき|jmdict-common
しおみ|jmdict-variant
しおみず|jmdict-common
しおれる|jmdict-common
しか|jmdict-common
しかい|jmdict-common
しかいし|jmdict-common
しかいしゃ|jmdict-common
しかえいせいし|jmdict-common
しかく|jmdict-common
しかくい|jmdict-common
しかけ|jmdict-common
しかける|jmdict-common
しかし|jmdict-common
しかして|jmdict-variant
しかた|jmdict-common
しかたがない|jmdict-common
しかたない|jmdict-common
しかつ|jmdict-common
しかない|jmdict-common
しかも|jmdict-common
しかる|jmdict-common
しかん|jmdict-common
しか無い|jmdict-variant
しがい|jmdict-common
しがいせん|jmdict-common
しがいち|jmdict-common
しがく|jmdict-common
しがつ|jmdict-common
しがん|jmdict-common
しき|jmdict-common
しきい|jmdict-common
しきいち|jmdict-common
しきい値|jmdict-common
しききん|jmdict-common
しきぎょう|jmdict-common
しきさい|jmdict-common
しきし|jmdict-common
しきしゃ|jmdict-common
しきじ|jmdict-common
しきじょう|jmdict-common
しきそ|jmdict-common
しきち|jmdict-common
しきちょう|jmdict-common
しきてん|jmdict-common
しきぶ|jmdict-common
しきぶとん|jmdict-common
しきべつ|jmdict-common
しきみ|jmdict-variant
しきゅう|jmdict-common
しきょ|jmdict-common
しきょう|jmdict-common
しきょく|jmdict-common
しきり|jmdict-common
しきりに|jmdict-common
しきん|jmdict-common
しきんぐり|jmdict-common
しきんせき|jmdict-common
しきんちょうたつ|jmdict-common
しぎ|jmdict-common
しぎかい|jmdict-common
しぎょう|jmdict-common
しく|jmdict-common
しくじる|jmdict-common
しくみ|jmdict-common
しぐう|jmdict-variant
しぐさ|jmdict-common
しぐれ|jmdict-common
しけい|jmdict-common
しけいしゅう|jmdict-common
しけん|jmdict-common
しけんじょう|jmdict-common
しけんてき|jmdict-common
しげき|jmdict-common
しげる|jmdict-common
しげん|jmdict-common
しげんエネルギーちょう|jmdict-common
しこう|jmdict-common
しこうさくご|jmdict-common
しこく|jmdict-common
しこみ|jmdict-common
しこめ|jmdict-variant
しご|jmdict-common
しごと|jmdict-common
しごとちゅう|jmdict-common
しごとはじめ|jmdict-common
しごとば|jmdict-common
しさ|jmdict-common
しさく|jmdict-common
しさつ|jmdict-common
しさん|jmdict-common
しざい|jmdict-common
しし|jmdict-common
ししきゅう|jmdict-common
ししつ|jmdict-common
ししゃ|jmdict-common
ししゃごにゅう|jmdict-common
ししゅう|jmdict-common
ししゅつ|jmdict-common
ししゅんき|jmdict-common
ししょ|jmdict-common
ししょう|jmdict-common
ししょうしゃ|jmdict-common
ししょく|jmdict-common
ししょばこ|jmdict-common
ししん|jmdict-common
しじ|jmdict-common
しじつ|jmdict-common
しじゅう|jmdict-common
しじゅうそう|jmdict-common
しじゅく|jmdict-common
しじょ|jmdict-common
しじょう|jmdict-common
しじょうちょうさ|jmdict-common
しじん|jmdict-common
しすう|jmdict-common
しすぎる|jmdict-common
しする|jmdict-common
しずおか|jmdict-common
しずか|jmdict-common
しずく|jmdict-common
しずけさ|jmdict-common
しずまる|jmdict-common
しずむ|jmdict-common
しずめる|jmdict-common
しせい|jmdict-common
しせいかつ|jmdict-common
しせき|jmdict-common
しせつ|jmdict-common
しせん|jmdict-common
しぜん|jmdict-common
しぜんかい|jmdict-common
しぜんかがく|jmdict-common
しぜんかんきょう|jmdict-common
しぜんこうえん|jmdict-common
しそう|jmdict-common
しそく|jmdict-common
しそん|jmdict-common
しぞく|jmdict-common
した|jmdict-common
したい|jmdict-common
したう|jmdict-common
したうけ|jmdict-common
したうち|jmdict-common
したがう|jmdict-common
したがえる|jmdict-common
したがき|jmdict-common
したがって|jmdict-common
したぎ|jmdict-common
したく|jmdict-common
したくちびる|jmdict-common
したしい|jmdict-common
したしみ|jmdict-common
したしむ|jmdict-common
したしらべ|jmdict-common
したじ|jmdict-common
したじき|jmdict-common
したっぱら|jmdict-common
したて|jmdict-common
したてなげ|jmdict-common
したてる|jmdict-common
したで|jmdict-variant
したね|jmdict-common
したび|jmdict-common
したまち|jmdict-common
したみ|jmdict-common
しだい|jmdict-common
しだいに|jmdict-common
しだし|jmdict-common
しだん|jmdict-common
しち|jmdict-common
しちがつ|jmdict-common
しちごさん|jmdict-common
しちしちにち|jmdict-common
しちじ|jmdict-common
しちじゅう|jmdict-common
しちせき|jmdict-variant
しちふくじん|jmdict-common
しちゃく|jmdict-common
しちや|jmdict-common
しちゅう|jmdict-common
しちょう|jmdict-common
しちょうしゃ|jmdict-common
しちょうそん|jmdict-common
しちょうりつ|jmdict-common
しちらい|jmdict-variant
しっかく|jmdict-common
しっかし|jmdict-variant
しっかり|jmdict-common
しっかん|jmdict-common
しっき|jmdict-common
しっきゃく|jmdict-common
しっけ|jmdict-common
しっけい|jmdict-common
しっこう|jmdict-common
しっこういいん|jmdict-common
しっこうぶ|jmdict-common
しっこうゆうよ|jmdict-common
しっこく|jmdict-common
しっさく|jmdict-common
しっしん|jmdict-common
しっせき|jmdict-common
しっそ|jmdict-common
しっそう|jmdict-common
しっそく|jmdict-common
しったい|jmdict-common
しっち|jmdict-common
しっつい|jmdict-common
しってのとおり|jmdict-common
しってん|jmdict-common
しっと|jmdict-common
しっぱい|jmdict-common
しっぱいだん|jmdict-common
しっぴつ|jmdict-common
しっぷう|jmdict-common
しっぺい|jmdict-common
しっぽ|jmdict-common
しつ|jmdict-common
しつい|jmdict-common
しつぎ|jmdict-common
しつぎょう|jmdict-common
しつけ|jmdict-common
しつげん|jmdict-common
しつこい|jmdict-common
しつちょう|jmdict-common
しつっこい|jmdict-variant
しつづける|jmdict-common
しつてき|jmdict-common
しつど|jmdict-common
しつない|jmdict-common
しつないがく|jmdict-common
しつぼう|jmdict-common
しつむ|jmdict-common
しつめい|jmdict-common
しつもん|jmdict-common
しつもんをする|jmdict-common
しつらい|jmdict-variant
しつりょう|jmdict-common
しつれい|jmdict-common
しつれいしました|jmdict-common
しつれいします|jmdict-common
しつれん|jmdict-common
して|jmdict-common
してい|jmdict-common
してき|jmdict-common
してつ|jmdict-common
してん|jmdict-common
してんちょう|jmdict-common
しと|jmdict-common
しとしと|jmdict-common
しとやか|jmdict-common
しとる|jmdict-variant
しどう|jmdict-common
しどうしゃ|jmdict-common
しな|jmdict-common
しない|jmdict-common
しないのではないか|jmdict-common
しなぎれ|jmdict-common
しなめ|jmdict-variant
しなもの|jmdict-common
しなやか|jmdict-common
しなん|jmdict-common
しにせ|jmdict-common
しにたい|jmdict-common
しにん|jmdict-common
しぬ|jmdict-common
しのぐ|jmdict-common
しのぶ|jmdict-common
しはい|jmdict-common
しはいてき|jmdict-common
しはいにん|jmdict-common
しはす|jmdict-variant
しはつ|jmdict-common
しはらい|jmdict-common
しはらいほうほう|jmdict-common
しはらう|jmdict-common
しはん|jmdict-common
しはんき|jmdict-common
しば|jmdict-common
しばい|jmdict-common
しばいごや|jmdict-common
しばくさ|jmdict-common
しばしば|jmdict-common
しばふ|jmdict-common
しばらく|jmdict-common
しばりくび|jmdict-common
しばる|jmdict-common
しひ|jmdict-common
しひょう|jmdict-common
しびと|jmdict-variant
しびれる|jmdict-common
しふく|jmdict-common
しぶ|jmdict-common
しぶい|jmdict-common
しぶつ|jmdict-common
しぶつら|jmdict-variant
しぶづら|jmdict-variant
しぶや|jmdict-common
しぶる|jmdict-common
しぶんしょ|jmdict-common
しへい|jmdict-common
しほう|jmdict-common
しほうさいばん|jmdict-common
しほん|jmdict-common
しほんか|jmdict-common
しほんきん|jmdict-common
しほんしゅぎ|jmdict-common
しぼ|jmdict-common
しぼう|jmdict-common
しぼうしゃ|jmdict-common
しぼうりつ|jmdict-common
しぼむ|jmdict-common
しぼり|jmdict-common
しぼりこむ|jmdict-common
しぼり込む|jmdict-variant
しぼる|jmdict-common
しま|jmdict-common
しまい|jmdict-common
しまう|jmdict-common
しまぐに|jmdict-common
しまじま|jmdict-common
しまった|jmdict-common
しまつ|jmdict-common
しまね|jmdict-common
しまる|jmdict-common
しみ|jmdict-common
しみじみ|jmdict-common
しみる|jmdict-common
しみん|jmdict-common
しみんけん|jmdict-common
しみんしゃかい|jmdict-common
しめ|jmdict-common
しめい|jmdict-common
しめいてはい|jmdict-common
しめきり|jmdict-common
しめきる|jmdict-common
しめし|jmdict-common
しめす|jmdict-common
しめだす|jmdict-common
しめっぽい|jmdict-common
しめつけ|jmdict-common
しめる|jmdict-common
しめん|jmdict-common
しめ出す|jmdict-variant
しも|jmdict-common
しもき|jmdict-common
しもはんき|jmdict-common
しもはんしん|jmdict-variant
しもふり|jmdict-common
しもん|jmdict-common
しゃ|jmdict-common
しゃい|jmdict-common
しゃいん|jmdict-common
しゃおく|jmdict-common
しゃか|jmdict-common
しゃかい|jmdict-common
しゃかいうんどう|jmdict-common
しゃかいか|jmdict-common
しゃかいかがく|jmdict-common
しゃかいがく|jmdict-common
しゃかいきょういく|jmdict-common
しゃかいしほん|jmdict-common
しゃかいしゅぎ|jmdict-common
しゃかいじぎょう|jmdict-common
しゃかいじん|jmdict-common
しゃかいせい|jmdict-common
しゃかいてき|jmdict-common
しゃかいとう|jmdict-common
しゃかいふくし|jmdict-common
しゃかいふっき|jmdict-common
しゃかいほけん|jmdict-common
しゃかいほけんちょう|jmdict-common
しゃかいほしょう|jmdict-common
しゃかいめん|jmdict-common
しゃかいもんだい|jmdict-common
しゃがい|jmdict-common
しゃがむ|jmdict-common
しゃきゅう|jmdict-variant
しゃく|jmdict-common
しゃくじん|jmdict-common
しゃくち|jmdict-common
しゃくど|jmdict-common
しゃくはち|jmdict-common
しゃくほう|jmdict-common
しゃくめい|jmdict-common
しゃくや|jmdict-common
しゃけ|jmdict-variant
しゃけん|jmdict-common
しゃげき|jmdict-common
しゃこ|jmdict-common
しゃこう|jmdict-common
しゃこうてき|jmdict-common
しゃこく|jmdict-common
しゃさい|jmdict-common
しゃさつ|jmdict-common
しゃざい|jmdict-common
しゃしゅ|jmdict-common
しゃしょう|jmdict-common
しゃしん|jmdict-common
しゃしんか|jmdict-common
しゃしんさつえい|jmdict-common
しゃしんしゅう|jmdict-common
しゃじ|jmdict-variant
しゃじく|jmdict-common
しゃせい|jmdict-common
しゃせつ|jmdict-common
しゃせん|jmdict-common
しゃそう|jmdict-common
しゃたい|jmdict-common
しゃたく|jmdict-common
しゃだん|jmdict-common
しゃだんき|jmdict-common
しゃだんほうじん|jmdict-common
しゃちゅう|jmdict-common
しゃちょう|jmdict-common
しゃっか|jmdict-variant
しゃっかん|jmdict-common
しゃっきょく|jmdict-variant
しゃっきん|jmdict-common
しゃっくり|jmdict-common
しゃてい|jmdict-common
しゃどう|jmdict-common
しゃない|jmdict-common
しゃぶしゃぶ|jmdict-common
しゃべち|jmdict-variant
しゃべつ|jmdict-variant
しゃべる|jmdict-common
しゃぼんだま|jmdict-variant
しゃぼん玉|jmdict-variant
しゃみせん|jmdict-common
しゃみんとう|jmdict-common
しゃめい|jmdict-common
しゃめん|jmdict-common
しゃよう|jmdict-common
しゃりょう|jmdict-common
しゃりん|jmdict-common
しゃれ|jmdict-common
しゃれい|jmdict-common
しゃれる|jmdict-common
しや|jmdict-common
しやく|jmdict-common
しやくしょ|jmdict-common
しやわせ|jmdict-variant
しゅ|jmdict-common
しゅい|jmdict-common
しゅいん|jmdict-common
しゅう|jmdict-common
しゅうあく|jmdict-common
しゅうあけ|jmdict-common
しゅうい|jmdict-common
しゅういつ|jmdict-common
しゅういん|jmdict-common
しゅうえき|jmdict-common
しゅうえん|jmdict-common
しゅうか|jmdict-common
しゅうかい|jmdict-common
しゅうかく|jmdict-common
しゅうかつ|jmdict-common
しゅうかん|jmdict-common
しゅうかんし|jmdict-common
しゅうがく|jmdict-common
しゅうがくりょこう|jmdict-common
しゅうき|jmdict-common
しゅうきゅう|jmdict-common
しゅうきょう|jmdict-common
しゅうきょく|jmdict-common
しゅうきん|jmdict-common
しゅうぎ|jmdict-common
しゅうぎいん|jmdict-common
しゅうぎょう|jmdict-common
しゅうけい|jmdict-common
しゅうけつ|jmdict-common
しゅうげき|jmdict-common
しゅうこう|jmdict-common
しゅうごう|jmdict-common
しゅうさい|jmdict-common
しゅうさく|jmdict-common
しゅうさん|jmdict-common
しゅうし|jmdict-common
しゅうしかてい|jmdict-common
しゅうしふ|jmdict-common
しゅうしゅう|jmdict-common
しゅうしゅく|jmdict-common
しゅうしょく|jmdict-common
しゅうしん|jmdict-common
しゅうじ|jmdict-common
しゅうじつ|jmdict-common
しゅうじゃく|jmdict-variant
しゅうじょ|jmdict-common
しゅうじん|jmdict-common
しゅうせい|jmdict-common
しゅうせいふ|jmdict-common
しゅうせき|jmdict-common
しゅうせん|jmdict-common
しゅうぜん|jmdict-common
しゅうそ|jmdict-common
しゅうそく|jmdict-common
しゅうたい|jmdict-common
しゅうたいせい|jmdict-common
しゅうだん|jmdict-common
しゅうち|jmdict-common
しゅうちゃく|jmdict-common
しゅうちゃくえき|jmdict-common
しゅうちゅう|jmdict-common
しゅうちゅうごうう|jmdict-common
しゅうちゅうりょく|jmdict-common
しゅうてい|jmdict-common
しゅうてん|jmdict-common
しゅうでん|jmdict-common
しゅうと|jmdict-common
しゅうとう|jmdict-common
しゅうとく|jmdict-common
しゅうとめ|jmdict-common
しゅうどう|jmdict-common
しゅうどういん|jmdict-common
しゅうない|jmdict-common
しゅうにゅう|jmdict-common
しゅうにん|jmdict-common
しゅうねん|jmdict-common
しゅうのう|jmdict-common
しゅうは|jmdict-common
しゅうはすう|jmdict-common
しゅうばん|jmdict-common
しゅうひょう|jmdict-common
しゅうふう|jmdict-variant
しゅうふく|jmdict-common
しゅうぶん|jmdict-common
しゅうへん|jmdict-common
しゅうまつ|jmdict-common
しゅうめい|jmdict-common
しゅうもん|jmdict-common
しゅうやく|jmdict-common
しゅうゆう|jmdict-common
しゅうよう|jmdict-common
しゅうようじょ|jmdict-common
しゅうらく|jmdict-common
しゅうり|jmdict-common
しゅうりょう|jmdict-common
しゅうりょうご|jmdict-common
しゅうれん|jmdict-common
しゅうろう|jmdict-common
しゅうろく|jmdict-common
しゅうわい|jmdict-common
しゅえい|jmdict-common
しゅえん|jmdict-common
しゅかん|jmdict-common
しゅかんてき|jmdict-common
しゅがん|jmdict-common
しゅき|jmdict-common
しゅぎ|jmdict-common
しゅぎしゃ|jmdict-common
しゅぎょう|jmdict-common
しゅぎょく|jmdict-common
しゅく|jmdict-variant
しゅくえき|jmdict-common
しゅくが|jmdict-common
しゅくしゃ|jmdict-common
しゅくしゃく|jmdict-common
しゅくしょう|jmdict-common
しゅくじ|jmdict-common
しゅくじつ|jmdict-common
しゅくじょ|jmdict-common
しゅくず|jmdict-common
しゅくせい|jmdict-common
しゅくだい|jmdict-common
しゅくてき|jmdict-common
しゅくでん|jmdict-common
しゅくとく|jmdict-common
しゅくはい|jmdict-common
しゅくはく|jmdict-common
しゅくふ|jmdict-variant
しゅくふく|jmdict-common
しゅくぼ|jmdict-variant
しゅくめい|jmdict-common
しゅくん|jmdict-common
しゅけい|jmdict-common
しゅけいきょく|jmdict-common
しゅけん|jmdict-common
しゅこう|jmdict-common
しゅご|jmdict-common
しゅさ|jmdict-common
しゅさい|jmdict-common
しゅざい|jmdict-common
しゅざん|jmdict-common
しゅし|jmdict-common
しゅしゃ|jmdict-common
しゅしゅつ|jmdict-variant
しゅしょう|jmdict-common
しゅしょく|jmdict-common
しゅしん|jmdict-common
しゅじい|jmdict-common
しゅじく|jmdict-common
しゅじゅ|jmdict-common
しゅじゅつ|jmdict-common
しゅじん|jmdict-common
しゅじんこう|jmdict-common
しゅすい|jmdict-common
しゅずつ|jmdict-variant
しゅせい|jmdict-common
しゅせき|jmdict-common
しゅせん|jmdict-common
しゅぜい|jmdict-common
しゅぜいきょく|jmdict-common
しゅそく|jmdict-variant
しゅぞう|jmdict-common
しゅぞく|jmdict-common
しゅたい|jmdict-common
しゅたいてき|jmdict-common
しゅたる|jmdict-common
しゅだい|jmdict-common
しゅだん|jmdict-common
しゅちゅう|jmdict-common
しゅちょう|jmdict-common
しゅっか|jmdict-common
しゅっきん|jmdict-common
しゅっけつ|jmdict-common
しゅっこう|jmdict-common
しゅっこく|jmdict-common
しゅっさん|jmdict-common
しゅっし|jmdict-common
しゅっしゃ|jmdict-common
しゅっしょ|jmdict-common
しゅっしょう|jmdict-common
しゅっしん|jmdict-common
しゅっしんしゃ|jmdict-common
しゅっしんち|jmdict-common
しゅっせ|jmdict-common
しゅっせい|jmdict-common
しゅっせき|jmdict-common
しゅっせきしゃ|jmdict-common
しゅっそう|jmdict-common
しゅったい|jmdict-common
しゅっちょう|jmdict-common
しゅっちょうじょ|jmdict-common
しゅってい|jmdict-common
しゅってん|jmdict-common
しゅっとう|jmdict-common
しゅっぱつ|jmdict-common
しゅっぱん|jmdict-common
しゅっぱんしゃ|jmdict-common
しゅっぱんぶつ|jmdict-common
しゅっぴ|jmdict-common
しゅっぴん|jmdict-common
しゅつえん|jmdict-common
しゅつがん|jmdict-common
しゅつげき|jmdict-common
しゅつげん|jmdict-common
しゅつごく|jmdict-common
しゅつじょう|jmdict-common
しゅつじん|jmdict-common
しゅつだい|jmdict-common
しゅつど|jmdict-common
しゅつどう|jmdict-common
しゅつにゅう|jmdict-common
しゅつば|jmdict-common
しゅつばい|jmdict-variant
しゅつぼつ|jmdict-common
しゅつらい|jmdict-variant
しゅつりょく|jmdict-common
しゅつるい|jmdict-common
しゅてん|jmdict-variant
しゅと|jmdict-common
しゅとう|jmdict-common
しゅとく|jmdict-common
しゅとけん|jmdict-common
しゅとして|jmdict-common
しゅどう|jmdict-common
しゅどうけん|jmdict-common
しゅにゅう|jmdict-variant
しゅにん|jmdict-common
しゅのう|jmdict-common
しゅのうぶ|jmdict-common
しゅはん|jmdict-common
しゅひつ|jmdict-common
しゅび|jmdict-common
しゅふ|jmdict-common
しゅふく|jmdict-variant
しゅべつ|jmdict-common
しゅほう|jmdict-common
しゅぼう|jmdict-common
しゅみ|jmdict-common
しゅもく|jmdict-common
しゅやく|jmdict-common
しゅよう|jmdict-common
しゅり|jmdict-variant
しゅりゅう|jmdict-common
しゅりょう|jmdict-common
しゅりょく|jmdict-common
しゅるい|jmdict-common
しゅるいほうふ|jmdict-common
しゅろう|jmdict-variant
しゅわ|jmdict-common
しゅわん|jmdict-common
しゅん|jmdict-common
しゅんえい|jmdict-common
しゅんかしゅうとう|jmdict-common
しゅんかん|jmdict-common
しゅんき|jmdict-common
しゅんじ|jmdict-common
しゅんじゅう|jmdict-common
しゅんそく|jmdict-common
しゅんとう|jmdict-common
しゅんぶん|jmdict-common
しゆう|jmdict-common
しょ|jmdict-common
しょいん|jmdict-common
しょう|jmdict-common
しょうあく|jmdict-common
しょうい|jmdict-common
しょういん|jmdict-common
しょうう|jmdict-variant
しょうえん|jmdict-common
しょうおく|jmdict-variant
しょうか|jmdict-common
しょうかい|jmdict-common
しょうかいしゃ|jmdict-common
しょうかいぶん|jmdict-common
しょうかき|jmdict-common
しょうかく|jmdict-common
しょうかん|jmdict-common
しょうが|jmdict-common
しょうがい|jmdict-common
しょうがいきょういく|jmdict-common
しょうがいしゃ|jmdict-common
しょうがい者|jmdict-variant
しょうがく|jmdict-common
しょうがくきん|jmdict-common
しょうがくせい|jmdict-common
しょうがっきん|jmdict-variant
しょうがっこう|jmdict-common
しょうがつ|jmdict-common
しょうがない|jmdict-common
しょうが無い|jmdict-variant
しょうきぼ|jmdict-common
しょうきゃく|jmdict-common
しょうきゅう|jmdict-common
しょうきょ|jmdict-common
しょうきょく|jmdict-common
しょうきょくてき|jmdict-common
しょうきん|jmdict-common
しょうぎ|jmdict-common
しょうぎだおし|jmdict-common
しょうぎょう|jmdict-common
しょうぐん|jmdict-common
しょうけん|jmdict-common
しょうげき|jmdict-common
しょうげん|jmdict-common
しょうこ|jmdict-common
しょうこう|jmdict-common
しょうこうかいぎしょ|jmdict-common
しょうこうぐん|jmdict-common
しょうこく|jmdict-common
しょうこん|jmdict-common
しょうご|jmdict-common
しょうごう|jmdict-common
しょうさ|jmdict-common
しょうさい|jmdict-common
しょうさっし|jmdict-common
しょうさん|jmdict-common
しょうし|jmdict-common
しょうしゃ|jmdict-common
しょうしゅう|jmdict-common
しょうしょ|jmdict-common
しょうしょう|jmdict-common
しょうしん|jmdict-common
しょうじ|jmdict-common
しょうじき|jmdict-common
しょうじゅう|jmdict-common
しょうじゅつ|jmdict-common
しょうじゅん|jmdict-common
しょうじょ|jmdict-common
しょうじょう|jmdict-common
しょうじる|jmdict-common
しょうじん|jmdict-common
しょうすう|jmdict-common
しょうすういけん|jmdict-common
しょうすうてん|jmdict-common
しょうする|jmdict-common
しょうず|jmdict-variant
しょうずる|jmdict-common
しょうせい|jmdict-common
しょうせつ|jmdict-common
しょうせつか|jmdict-common
しょうせん|jmdict-common
しょうせんきょく|jmdict-common
しょうそ|jmdict-common
しょうそう|jmdict-common
しょうそく|jmdict-common
しょうそくすじ|jmdict-common
しょうそこ|jmdict-variant
しょうぞう|jmdict-common
しょうたい|jmdict-common
しょうたく|jmdict-common
しょうだい|jmdict-variant
しょうだく|jmdict-common
しょうだん|jmdict-common
しょうち|jmdict-common
しょうちゅう|jmdict-common
しょうちゅうがくせい|jmdict-common
しょうちょう|jmdict-common
しょうちょうてき|jmdict-common
しょうてん|jmdict-common
しょうてんがい|jmdict-common
しょうとう|jmdict-common
しょうとつ|jmdict-common
しょうどう|jmdict-common
しょうどく|jmdict-common
しょうに|jmdict-common
しょうにか|jmdict-common
しょうにびょう|jmdict-common
しょうにゅうどう|jmdict-common
しょうにん|jmdict-common
しょうねん|jmdict-common
しょうねんば|jmdict-common
しょうはい|jmdict-common
しょうばい|jmdict-common
しょうばつ|jmdict-common
しょうひ|jmdict-common
しょうひざい|jmdict-common
しょうひしゃ|jmdict-common
しょうひぜい|jmdict-common
しょうひょう|jmdict-common
しょうひん|jmdict-common
しょうひんけん|jmdict-common
しょうひんめい|jmdict-common
しょうび|jmdict-variant
しょうふ|jmdict-common
しょうふく|jmdict-common
しょうぶ|jmdict-common
しょうぶん|jmdict-common
しょうへい|jmdict-common
しょうへき|jmdict-common
しょうべん|jmdict-common
しょうほう|jmdict-common
しょうほん|jmdict-common
しょうぼう|jmdict-common
しょうぼうしゃ|jmdict-common
しょうぼうしょ|jmdict-common
しょうぼうちょう|jmdict-common
しょうみ|jmdict-common
しょうみきげん|jmdict-common
しょうむ|jmdict-common
しょうめい|jmdict-common
しょうめいしょ|jmdict-common
しょうめつ|jmdict-common
しょうめん|jmdict-common
しょうもう|jmdict-common
しょうもうひん|jmdict-common
しょうゆ|jmdict-common
しょうゆう|jmdict-variant
しょうよ|jmdict-common
しょうよう|jmdict-common
しょうらい|jmdict-common
しょうらいせい|jmdict-common
しょうらいぞう|jmdict-common
しょうらいてき|jmdict-common
しょうり|jmdict-common
しょうりつ|jmdict-common
しょうりゃく|jmdict-common
しょうりょう|jmdict-common
しょうりょく|jmdict-common
しょうれい|jmdict-common
しょうろう|jmdict-common
しょうろく|jmdict-common
しょうわ|jmdict-common
しょうわくせい|jmdict-common
しょうエネルギー|jmdict-common
しょう油|jmdict-variant
しょえん|jmdict-common
しょか|jmdict-common
しょかい|jmdict-common
しょかつ|jmdict-common
しょかん|jmdict-common
しょき|jmdict-common
しょきかん|jmdict-common
しょききょく|jmdict-common
しょきひよう|jmdict-common
しょきゅう|jmdict-common
しょく|jmdict-common
しょくいん|jmdict-common
しょくえん|jmdict-common
しょくぎょう|jmdict-common
しょくご|jmdict-common
しょくざい|jmdict-common
しょくしゅ|jmdict-common
しょくじ|jmdict-common
しょくじゅ|jmdict-common
しょくせいかつ|jmdict-common
しょくたく|jmdict-common
しょくちゅうどく|jmdict-common
しょくどう|jmdict-common
しょくにく|jmdict-common
しょくにん|jmdict-common
しょくのう|jmdict-common
しょくはつ|jmdict-common
しょくば|jmdict-common
しょくばい|jmdict-common
しょくひ|jmdict-common
しょくひん|jmdict-common
しょくひんてんかぶつ|jmdict-common
しょくぶつ|jmdict-common
しょくぶつえん|jmdict-common
しょくぼう|jmdict-common
しょくみんち|jmdict-common
しょくむ|jmdict-common
しょくもつ|jmdict-common
しょくよう|jmdict-common
しょくよく|jmdict-common
しょくりょう|jmdict-common
しょくりょうちょう|jmdict-common
しょくりょうひん|jmdict-common
しょくりん|jmdict-common
しょくれき|jmdict-common
しょくん|jmdict-common
しょくパン|jmdict-common
しょぐう|jmdict-common
しょけい|jmdict-common
しょけん|jmdict-common
しょこく|jmdict-common
しょさい|jmdict-common
しょざい|jmdict-common
しょざいち|jmdict-common
しょしがく|jmdict-common
しょしき|jmdict-common
しょしゅつ|jmdict-common
しょしょ|jmdict-variant
しょしん|jmdict-common
しょしんしゃ|jmdict-common
しょしんしゃむけ|jmdict-common
しょじ|jmdict-common
しょじつ|jmdict-variant
しょじゃく|jmdict-variant
しょじゅん|jmdict-common
しょじょ|jmdict-common
しょせき|jmdict-common
しょせん|jmdict-common
しょぞう|jmdict-common
しょぞく|jmdict-common
しょたい|jmdict-common
しょたいめん|jmdict-common
しょだい|jmdict-common
しょち|jmdict-common
しょちゅう|jmdict-common
しょちゅうみまい|jmdict-common
しょちょう|jmdict-common
しょっかく|jmdict-common
しょっかんほう|jmdict-common
しょっき|jmdict-common
しょっけん|jmdict-common
しょっちゅう|jmdict-common
しょてい|jmdict-common
しょてん|jmdict-common
しょとう|jmdict-common
しょとく|jmdict-common
しょとくぜい|jmdict-common
しょどう|jmdict-common
しょにち|jmdict-common
しょにんきゅう|jmdict-common
しょねん|jmdict-common
しょはん|jmdict-common
しょばつ|jmdict-common
しょひょう|jmdict-common
しょぶん|jmdict-common
しょほ|jmdict-common
しょほう|jmdict-common
しょほうせん|jmdict-common
しょぼう|jmdict-common
しょみん|jmdict-common
しょみんてき|jmdict-common
しょむ|jmdict-common
しょめい|jmdict-common
しょめん|jmdict-common
しょもつ|jmdict-common
しょゆう|jmdict-common
しょゆうけん|jmdict-common
しょゆうしゃ|jmdict-common
しょよう|jmdict-common
しょり|jmdict-common
しょるい|jmdict-common
しょろう|jmdict-common
しょんべん|jmdict-variant
しょんぼり|jmdict-common
しょんもり|jmdict-variant
しよう|jmdict-common
しようがない|jmdict-variant
しようが無い|jmdict-variant
しようしゃ|jmdict-common
しようずみ|jmdict-common
しようとする|jmdict-common
しようにん|jmdict-common
しようりょう|jmdict-common
しらかば|jmdict-common
しらかみ|jmdict-variant
しらかんば|jmdict-variant
しらが|jmdict-common
しらぎく|jmdict-common
しらじ|jmdict-variant
しらずしらず|jmdict-common
しらせ|jmdict-common
しらせる|jmdict-common
しらないうちに|jmdict-common
しらは|jmdict-common
しらびと|jmdict-variant
しらべ|jmdict-common
しらべる|jmdict-common
しらよね|jmdict-variant
しらんかお|jmdict-common
しり|jmdict-common
しりあい|jmdict-common
しりあう|jmdict-common
しりお|jmdict-variant
しりぞく|jmdict-common
しりつ|jmdict-common
しりゅう|jmdict-common
しりょう|jmdict-common
しりょく|jmdict-common
しる|jmdict-common
しるし|jmdict-common
しるす|jmdict-common
しれい|jmdict-common
しれいかん|jmdict-common
しれいぶ|jmdict-common
しれる|jmdict-common
しれん|jmdict-common
しろ|jmdict-common
しろい|jmdict-common
しろいろ|jmdict-common
しろうと|jmdict-common
しろうま|jmdict-variant
しろかみ|jmdict-variant
しろきぬ|jmdict-variant
しろぎぬ|jmdict-variant
しろくま|jmdict-common
しろくろ|jmdict-common
しろごめ|jmdict-variant
しろじ|jmdict-common
しろと|jmdict-variant
しろぼし|jmdict-common
しろみ|jmdict-common
しろバイ|jmdict-common
しわ|jmdict-common
しわざ|jmdict-common
しわす|jmdict-common
しわぶき|jmdict-variant
しん|jmdict-common
しんあい|jmdict-common
しんい|jmdict-common
しんえい|jmdict-common
しんか|jmdict-common
しんかい|jmdict-common
しんかぶ|jmdict-common
しんから|jmdict-variant
しんかん|jmdict-common
しんかんせん|jmdict-common
しんがい|jmdict-common
しんがいねん|jmdict-common
しんがお|jmdict-common
しんがく|jmdict-common
しんがた|jmdict-common
しんがたコロナウイルスかんせんしょう|jmdict-common
しんがっき|jmdict-common
しんき|jmdict-common
しんきゅう|jmdict-common
しんきょ|jmdict-common
しんきょう|jmdict-common
しんきょく|jmdict-common
しんきん|jmdict-common
しんきんかん|jmdict-common
しんぎ|jmdict-common
しんく|jmdict-common
しんくう|jmdict-common
しんぐ|jmdict-common
しんけい|jmdict-common
しんけいしつ|jmdict-common
しんけん|jmdict-common
しんげき|jmdict-common
しんげん|jmdict-common
しんこう|jmdict-common
しんこく|jmdict-common
しんこくか|jmdict-common
しんこん|jmdict-common
しんご|jmdict-common
しんごう|jmdict-common
しんごうき|jmdict-common
しんさ|jmdict-common
しんさい|jmdict-common
しんさく|jmdict-common
しんさつ|jmdict-common
しんさん|jmdict-common
しんし|jmdict-common
しんしき|jmdict-common
しんしきょうてい|jmdict-common
しんしつ|jmdict-common
しんしゃ|jmdict-common
しんしゅく|jmdict-common
しんしゅつ|jmdict-common
しんしゅん|jmdict-common
しんしょ|jmdict-common
しんしょう|jmdict-common
しんしょうしゃ|jmdict-common
しんしょうひん|jmdict-common
しんしょく|jmdict-common
しんしん|jmdict-common
しんしんこうじゃく|jmdict-common
しんじち|jmdict-variant
しんじつ|jmdict-common
しんじゃ|jmdict-common
しんじゅ|jmdict-common
しんじゅう|jmdict-common
しんじょう|jmdict-common
しんじる|jmdict-common
しんじん|jmdict-common
しんすい|jmdict-common
しんずい|jmdict-common
しんずる|jmdict-common
しんせい|jmdict-common
しんせいかつ|jmdict-common
しんせいじ|jmdict-common
しんせいじん|jmdict-common
しんせいひん|jmdict-common
しんせかい|jmdict-common
しんせき|jmdict-common
しんせつ|jmdict-common
しんせん|jmdict-common
しんぜん|jmdict-common
しんそう|jmdict-common
しんそつ|jmdict-common
しんぞう|jmdict-common
しんぞうびょう|jmdict-common
しんぞく|jmdict-common
しんたい|jmdict-common
しんたいうかがい|jmdict-common
しんたいしょうがいしゃ|jmdict-common
しんたく|jmdict-common
しんたん|jmdict-common
しんだい|jmdict-common
しんだん|jmdict-common
しんちく|jmdict-common
しんちくマンション|jmdict-common
しんちゃく|jmdict-common
しんちゅう|jmdict-common
しんちょう|jmdict-common
しんちょく|jmdict-common
しんちんたいしゃ|jmdict-common
しんぢゅう|jmdict-variant
しんて|jmdict-variant
しんてい|jmdict-common
しんてん|jmdict-common
しんでん|jmdict-common
しんと|jmdict-common
しんとう|jmdict-common
しんど|jmdict-common
しんどい|jmdict-common
しんどう|jmdict-common
しんにち|jmdict-common
しんにゅう|jmdict-common
しんにん|jmdict-common
しんねん|jmdict-common
しんの|jmdict-common
しんはつばい|jmdict-common
しんばし|jmdict-common
しんばん|jmdict-variant
しんぱ|jmdict-common
しんぱい|jmdict-common
しんぱん|jmdict-common
しんぱんがいしゃ|jmdict-common
しんびょう|jmdict-variant
しんぴ|jmdict-common
しんぴてき|jmdict-common
しんぴん|jmdict-common
しんふぜん|jmdict-common
しんぶん|jmdict-common
しんぶんがみ|jmdict-variant
しんぶんきじ|jmdict-common
しんぶんし|jmdict-common
しんぶんしゃ|jmdict-common
しんぷ|jmdict-common
しんぷう|jmdict-common
しんぷく|jmdict-common
しんぺん|jmdict-common
しんぼう|jmdict-common
しんぼく|jmdict-common
しんぽ|jmdict-common
しんぽう|jmdict-common
しんまい|jmdict-common
しんみつ|jmdict-common
しんみょう|jmdict-common
しんめ|jmdict-common
しんもん|jmdict-common
しんや|jmdict-common
しんやく|jmdict-common
しんゆう|jmdict-common
しんよ|jmdict-variant
しんよう|jmdict-common
しんようきんこ|jmdict-common
しんようくみあい|jmdict-common
しんらい|jmdict-common
しんらいせい|jmdict-common
しんり|jmdict-common
しんりがく|jmdict-common
しんりてき|jmdict-common
しんりゃく|jmdict-common
しんりょう|jmdict-common
しんりょうしょ|jmdict-variant
しんりょうじょ|jmdict-common
しんりょく|jmdict-common
しんりん|jmdict-common
しんるい|jmdict-common
しんろ|jmdict-common
しんろう|jmdict-common
しんわ|jmdict-common
し出し|jmdict-variant
し好|jmdict-variant
し手|jmdict-variant
し掛ける|jmdict-variant
し方がない|jmdict-variant
し続ける|jmdict-common
し過ぎる|jmdict-common
じあい|jmdict-common
じい|jmdict-common
じいさん|jmdict-common
じいっと|jmdict-variant
じいん|jmdict-common
じう|jmdict-variant
じえい|jmdict-common
じえいかん|jmdict-common
じえいぎょう|jmdict-common
じえいたい|jmdict-common
じか|jmdict-common
じかい|jmdict-common
じかく|jmdict-common
じかつ|jmdict-common
じかに|jmdict-common
じかよう|jmdict-common
じかん|jmdict-common
じかんぎれ|jmdict-common
じかんたい|jmdict-common
じかんわり|jmdict-common
じが|jmdict-common
じがぞう|jmdict-common
じき|jmdict-common
じきしょうそう|jmdict-common
じきに|jmdict-common
じきゅう|jmdict-common
じきょう|jmdict-common
じきょく|jmdict-common
じぎ|jmdict-common
じぎょう|jmdict-common
じぎょうしょ|jmdict-common
じく|jmdict-common
じけい|jmdict-common
じけつ|jmdict-common
じけん|jmdict-common
じげん|jmdict-common
じこ|jmdict-common
じこう|jmdict-common
じこかんり|jmdict-common
じこく|jmdict-common
じこくひょう|jmdict-common
じこしほん|jmdict-common
じこしょうかい|jmdict-common
じご|jmdict-common
じごく|jmdict-common
じさ|jmdict-common
じさく|jmdict-common
じさつ|jmdict-common
じさん|jmdict-common
じざい|jmdict-common
じしつ|jmdict-common
じしゃ|jmdict-common
じしゃく|jmdict-common
じしゅ|jmdict-common
じしゅう|jmdict-common
じしゅく|jmdict-common
じしゅてき|jmdict-common
じしょ|jmdict-common
じしょう|jmdict-common
じしょく|jmdict-common
じしん|jmdict-common
じじ|jmdict-common
じじつ|jmdict-common
じじつじょう|jmdict-common
じじつむこん|jmdict-common
じじゅう|jmdict-common
じじょ|jmdict-common
じじょう|jmdict-common
じじょでん|jmdict-common
じす|jmdict-common
じすい|jmdict-common
じすう|jmdict-common
じせい|jmdict-common
じせき|jmdict-common
じせつ|jmdict-common
じせん|jmdict-common
じぜん|jmdict-common
じそく|jmdict-common
じそん|jmdict-common
じぞう|jmdict-common
じぞく|jmdict-common
じぞくてき|jmdict-common
じた|jmdict-common
じたい|jmdict-common
じたく|jmdict-common
じだい|jmdict-common
じだいげき|jmdict-common
じだいさくご|jmdict-common
じだん|jmdict-common
じち|jmdict-common
じちけん|jmdict-common
じちたい|jmdict-common
じちょう|jmdict-common
じっか|jmdict-common
じっかん|jmdict-common
じっきょう|jmdict-common
じっくり|jmdict-common
じっけい|jmdict-common
じっけん|jmdict-common
じっけんしつ|jmdict-common
じっこう|jmdict-common
じっさい|jmdict-common
じっさいは|jmdict-common
じっし|jmdict-common
じっしつ|jmdict-common
じっしつてき|jmdict-common
じっしゅう|jmdict-common
じっしょう|jmdict-common
じっすう|jmdict-common
じっせい|jmdict-common
じっせき|jmdict-common
じっせん|jmdict-common
じっそう|jmdict-common
じったい|jmdict-common
じったいちょうさ|jmdict-common
じっち|jmdict-common
じってい|jmdict-common
じっと|jmdict-common
じっぴ|jmdict-common
じつ|jmdict-common
じつえん|jmdict-common
じつぎ|jmdict-common
じつぎょう|jmdict-common
じつぎょうか|jmdict-common
じつげん|jmdict-common
じつざい|jmdict-common
じつじょう|jmdict-common
じつぞう|jmdict-common
じつだん|jmdict-common
じつに|jmdict-common
じつは|jmdict-common
じつぶつ|jmdict-common
じつむ|jmdict-common
じつめい|jmdict-common
じつよう|jmdict-common
じつようてき|jmdict-common
じつり|jmdict-common
じつりょく|jmdict-common
じつりょくこうし|jmdict-common
じつれい|jmdict-common
じつわ|jmdict-common
じづめ|jmdict-common
じてん|jmdict-common
じてんしゃ|jmdict-common
じでん|jmdict-common
じでんしゃ|jmdict-variant
じどう|jmdict-common
じどうか|jmdict-common
じどうしゃ|jmdict-common
じどうてき|jmdict-common
じどうはんばいき|jmdict-common
じなん|jmdict-common
じにん|jmdict-common
じぬし|jmdict-common
じはく|jmdict-common
じはだ|jmdict-common
じはつ|jmdict-common
じはつてき|jmdict-common
じはん|jmdict-common
じはんき|jmdict-common
じば|jmdict-common
じばん|jmdict-common
じひ|jmdict-common
じひつ|jmdict-common
じひょう|jmdict-common
じびか|jmdict-common
じびき|jmdict-common
じびょう|jmdict-common
じふ|jmdict-common
じぶん|jmdict-common
じぶんじしん|jmdict-common
じぶんで|jmdict-common
じへいしょう|jmdict-common
じへん|jmdict-common
じほう|jmdict-common
じぼく|jmdict-variant
じまえ|jmdict-common
じまく|jmdict-common
じまん|jmdict-common
じみ|jmdict-common
じみち|jmdict-common
じみん|jmdict-common
じみんとう|jmdict-common
じむ|jmdict-common
じむいん|jmdict-common
じむかん|jmdict-common
じむきょく|jmdict-common
じむしつ|jmdict-common
じむしょ|jmdict-common
じむじかん|jmdict-common
じむてき|jmdict-common
じむとうきょく|jmdict-common
じめい|jmdict-common
じめじめ|jmdict-common
じめつ|jmdict-common
じめん|jmdict-common
じもく|jmdict-common
じもと|jmdict-common
じもん|jmdict-common
じゃ|jmdict-common
じゃあ|jmdict-common
じゃあまた|jmdict-variant
じゃう|jmdict-common
じゃがいも|jmdict-common
じゃが芋|jmdict-common
じゃが薯|jmdict-variant
じゃく|jmdict-common
じゃくしゃ|jmdict-common
じゃくたい|jmdict-common
じゃくてん|jmdict-common
じゃくねん|jmdict-common
じゃぐち|jmdict-common
じゃこう|jmdict-variant
じゃっかん|jmdict-common
じゃどう|jmdict-common
じゃない|jmdict-common
じゃないか|jmdict-common
じゃのめ|jmdict-common
じゃぶじゃぶ|jmdict-common
じゃま|jmdict-common
じゃまた|jmdict-variant
じゃり|jmdict-common
じゃんけん|jmdict-common
じゃん拳|jmdict-variant
じゃ口|jmdict-variant
じゃ無い|jmdict-variant
じゃ無いか|jmdict-common
じゅう|jmdict-common
じゅうあつ|jmdict-common
じゅうい|jmdict-common
じゅういち|jmdict-common
じゅういちがつ|jmdict-common
じゅういちにち|jmdict-common
じゅうおう|jmdict-common
じゅうおく|jmdict-common
じゅうか|jmdict-variant
じゅうかさんぜい|jmdict-common
じゅうがつ|jmdict-common
じゅうき|jmdict-common
じゅうきゅう|jmdict-common
じゅうきょ|jmdict-common
じゅうぎょういん|jmdict-common
じゅうくにち|jmdict-common
じゅうぐん|jmdict-common
じゅうけいてい|jmdict-variant
じゅうげき|jmdict-common
じゅうこう|jmdict-common
じゅうこうぎょう|jmdict-common
じゅうご|jmdict-common
じゅうごにち|jmdict-common
じゅうさつ|jmdict-common
じゅうさん|jmdict-common
じゅうさんにち|jmdict-common
じゅうし|jmdict-common
じゅうしち|jmdict-variant
じゅうしちにち|jmdict-common
じゅうしまい|jmdict-variant
じゅうしょ|jmdict-common
じゅうしょう|jmdict-common
じゅうしょく|jmdict-common
じゅうしん|jmdict-common
じゅうじ|jmdict-common
じゅうじか|jmdict-common
じゅうじつ|jmdict-common
じゅうじろ|jmdict-common
じゅうせい|jmdict-common
じゅうせき|jmdict-common
じゅうせん|jmdict-common
じゅうそう|jmdict-common
じゅうそく|jmdict-common
じゅうぞく|jmdict-common
じゅうたい|jmdict-common
じゅうたく|jmdict-common
じゅうたくがい|jmdict-common
じゅうたくち|jmdict-common
じゅうたん|jmdict-common
じゅうだい|jmdict-common
じゅうだん|jmdict-common
じゅうちん|jmdict-common
じゅうてん|jmdict-common
じゅうてんてき|jmdict-common
じゅうでん|jmdict-common
じゅうとう|jmdict-common
じゅうど|jmdict-common
じゅうどう|jmdict-common
じゅうなな|jmdict-common
じゅうななにち|jmdict-variant
じゅうなん|jmdict-common
じゅうに|jmdict-common
じゅうにがつ|jmdict-common
じゅうににち|jmdict-common
じゅうにぶん|jmdict-common
じゅうにん|jmdict-common
じゅうはち|jmdict-common
じゅうはちにち|jmdict-common
じゅうはちばん|jmdict-common
じゅうばこ|jmdict-common
じゅうびょう|jmdict-common
じゅうふく|jmdict-common
じゅうぶん|jmdict-common
じゅうほう|jmdict-variant
じゅうまん|jmdict-common
じゅうみん|jmdict-common
じゅうみんぜい|jmdict-common
じゅうみんひょう|jmdict-common
じゅうめん|jmdict-common
じゅうやく|jmdict-common
じゅうゆ|jmdict-common
じゅうよう|jmdict-common
じゅうようし|jmdict-common
じゅうようせい|jmdict-common
じゅうようぶんかざい|jmdict-common
じゅうよっか|jmdict-common
じゅうよん|jmdict-variant
じゅうらい|jmdict-common
じゅうりょう|jmdict-common
じゅうりょく|jmdict-common
じゅうろく|jmdict-common
じゅうろくにち|jmdict-common
じゅえき|jmdict-common
じゅがく|jmdict-common
じゅきゅう|jmdict-common
じゅきょう|jmdict-common
じゅぎょう|jmdict-common
じゅぎょうさんかん|jmdict-common
じゅぎょうちゅう|jmdict-common
じゅぎょうりょう|jmdict-common
じゅく|jmdict-common
じゅくご|jmdict-common
じゅくすい|jmdict-common
じゅくせい|jmdict-common
じゅくち|jmdict-common
じゅくちょう|jmdict-common
じゅくれん|jmdict-common
じゅけい|jmdict-common
じゅけん|jmdict-common
じゅこう|jmdict-common
じゅこうりょう|jmdict-common
じゅごん|jmdict-variant
じゅし|jmdict-common
じゅしょう|jmdict-common
じゅしょうしき|jmdict-common
じゅしん|jmdict-common
じゅしんき|jmdict-common
じゅじゅ|jmdict-common
じゅず|jmdict-common
じゅせい|jmdict-common
じゅせいらん|jmdict-common
じゅぞう|jmdict-common
じゅたい|jmdict-common
じゅたく|jmdict-common
じゅだく|jmdict-common
じゅちゅう|jmdict-common
じゅっかい|jmdict-common
じゅつ|jmdict-common
じゅつご|jmdict-common
じゅどう|jmdict-common
じゅどうてき|jmdict-common
じゅなん|jmdict-common
じゅひ|jmdict-common
じゅみょう|jmdict-common
じゅもく|jmdict-common
じゅよ|jmdict-common
じゅよう|jmdict-common
じゅらく|jmdict-variant
じゅり|jmdict-common
じゅりつ|jmdict-common
じゅりょう|jmdict-common
じゅれい|jmdict-common
じゅわき|jmdict-common
じゅん|jmdict-common
じゅんい|jmdict-common
じゅんえき|jmdict-common
じゅんおう|jmdict-variant
じゅんかい|jmdict-common
じゅんかつゆ|jmdict-common
じゅんかん|jmdict-common
じゅんかんき|jmdict-common
じゅんきゅう|jmdict-common
じゅんきょ|jmdict-common
じゅんきん|jmdict-common
じゅんぎょう|jmdict-common
じゅんけっしょう|jmdict-common
じゅんこう|jmdict-common
じゅんさ|jmdict-common
じゅんし|jmdict-common
じゅんしゅ|jmdict-common
じゅんしょく|jmdict-common
じゅんじ|jmdict-common
じゅんじゅんに|jmdict-common
じゅんじょ|jmdict-common
じゅんじょう|jmdict-common
じゅんじる|jmdict-common
じゅんすい|jmdict-common
じゅんずる|jmdict-common
じゅんちょう|jmdict-common
じゅんとう|jmdict-common
じゅんど|jmdict-common
じゅんなん|jmdict-common
じゅんに|jmdict-common
じゅんねん|jmdict-variant
じゅんのう|jmdict-common
じゅんばん|jmdict-common
じゅんび|jmdict-common
じゅんぶんがく|jmdict-common
じゅんれい|jmdict-common
じゅんろ|jmdict-common
じゆう|jmdict-common
じゆうか|jmdict-common
じゆうがた|jmdict-common
じゆうけいざい|jmdict-common
じゆうしゅぎ|jmdict-common
じょい|jmdict-common
じょう|jmdict-common
じょうい|jmdict-common
じょういん|jmdict-common
じょうえい|jmdict-common
じょうえつ|jmdict-common
じょうえん|jmdict-common
じょうおう|jmdict-variant
じょうか|jmdict-common
じょうかく|jmdict-common
じょうかそう|jmdict-common
じょうかまち|jmdict-common
じょうかん|jmdict-common
じょうがい|jmdict-common
じょうき|jmdict-common
じょうきげん|jmdict-common
じょうきゃく|jmdict-common
じょうきゅう|jmdict-common
じょうきょう|jmdict-common
じょうきょうほうこく|jmdict-common
じょうきん|jmdict-common
じょうぎ|jmdict-common
じょうくう|jmdict-common
じょうけい|jmdict-common
じょうけん|jmdict-common
じょうけんつき|jmdict-common
じょうげ|jmdict-common
じょうげん|jmdict-common
じょうこう|jmdict-common
じょうこく|jmdict-common
じょうざい|jmdict-common
じょうし|jmdict-common
じょうしき|jmdict-common
じょうしきてき|jmdict-common
じょうしゃ|jmdict-common
じょうしゃけん|jmdict-common
じょうしゅ|jmdict-common
じょうしゅう|jmdict-common
じょうしょ|jmdict-common
じょうしょう|jmdict-common
じょうしん|jmdict-common
じょうじ|jmdict-common
じょうじゅ|jmdict-common
じょうじゅう|jmdict-variant
じょうじゅん|jmdict-common
じょうじょう|jmdict-common
じょうじる|jmdict-common
じょうすい|jmdict-common
じょうすう|jmdict-variant
じょうず|jmdict-common
じょうずる|jmdict-common
じょうせい|jmdict-common
じょうせつ|jmdict-common
じょうそう|jmdict-common
じょうぞう|jmdict-common
じょうたい|jmdict-common
じょうたつ|jmdict-common
じょうだん|jmdict-common
じょうちゅう|jmdict-common
じょうちょ|jmdict-common
じょうて|jmdict-variant
じょうでん|jmdict-common
じょうと|jmdict-common
じょうとう|jmdict-common
じょうど|jmdict-common
じょうどしんしゅう|jmdict-common
じょうない|jmdict-common
じょうにん|jmdict-common
じょうにんいいんかい|jmdict-common
じょうねつ|jmdict-common
じょうはつ|jmdict-common
じょうはんしん|jmdict-common
じょうば|jmdict-common
じょうひん|jmdict-common
じょうぶ|jmdict-common
じょうぶん|jmdict-common
じょうほ|jmdict-common
じょうほう|jmdict-common
じょうほうかしゃかい|jmdict-common
じょうほうさんぎょう|jmdict-common
じょうほうしょり|jmdict-common
じょうほうぶ|jmdict-common
じょうみゃく|jmdict-common
じょうむ|jmdict-common
じょうむいん|jmdict-common
じょうもん|jmdict-common
じょうやく|jmdict-common
じょうよう|jmdict-common
じょうようかんじ|jmdict-common
じょうようしゃ|jmdict-common
じょうよきん|jmdict-common
じょうり|jmdict-common
じょうりく|jmdict-common
じょうりゅう|jmdict-common
じょうれい|jmdict-common
じょうれん|jmdict-common
じょえん|jmdict-common
じょおう|jmdict-common
じょがい|jmdict-common
じょがっこう|jmdict-common
じょきょ|jmdict-common
じょきょうじゅ|jmdict-common
じょきょく|jmdict-common
じょきん|jmdict-common
じょく|jmdict-variant
じょくん|jmdict-common
じょげん|jmdict-common
じょこう|jmdict-common
じょごん|jmdict-variant
じょさんぷ|jmdict-common
じょし|jmdict-common
じょしこう|jmdict-common
じょしこうせい|jmdict-common
じょしだい|jmdict-common
じょしゅ|jmdict-common
じょじ|jmdict-common
じょじし|jmdict-common
じょじゅつ|jmdict-common
じょじょう|jmdict-common
じょじょに|jmdict-common
じょせい|jmdict-common
じょせいてき|jmdict-common
じょせき|jmdict-common
じょせつ|jmdict-common
じょそう|jmdict-common
じょちゅう|jmdict-common
じょばん|jmdict-common
じょぶん|jmdict-common
じょまく|jmdict-common
じょめい|jmdict-common
じょやく|jmdict-common
じょゆう|jmdict-common
じょりゅう|jmdict-common
じょりょく|jmdict-common
じょれつ|jmdict-common
じよう|jmdict-common
じらい|jmdict-common
じりき|jmdict-common
じりつ|jmdict-common
じりつしんけい|jmdict-common
じりゅう|jmdict-common
じりょう|jmdict-variant
じりょく|jmdict-variant
じれい|jmdict-common
じれいしゅう|jmdict-common
じろん|jmdict-common
じわじわ|jmdict-variant
じん|jmdict-common
じんい|jmdict-common
じんいてき|jmdict-common
じんいん|jmdict-common
じんえい|jmdict-common
じんかく|jmdict-common
じんぎ|jmdict-common
じんぐう|jmdict-common
じんけん|jmdict-common
じんけんひ|jmdict-common
じんけんようご|jmdict-common
じんこう|jmdict-common
じんこうえいせい|jmdict-common
じんこうこきゅう|jmdict-common
じんこうてき|jmdict-common
じんこつ|jmdict-common
じんざい|jmdict-common
じんしゃ|jmdict-variant
じんしゅ|jmdict-common
じんしん|jmdict-common
じんじ|jmdict-common
じんじいどう|jmdict-common
じんじいん|jmdict-common
じんじゃ|jmdict-common
じんじょう|jmdict-common
じんせい|jmdict-common
じんせいかん|jmdict-common
じんせん|jmdict-common
じんそく|jmdict-common
じんぞう|jmdict-common
じんたい|jmdict-common
じんだい|jmdict-common
じんち|jmdict-common
じんちゅう|jmdict-common
じんつう|jmdict-common
じんてき|jmdict-common
じんとう|jmdict-common
じんどう|jmdict-common
じんどうしゅぎ|jmdict-common
じんどうてき|jmdict-common
じんぶつ|jmdict-common
じんぶん|jmdict-common
じんぶんかがく|jmdict-common
じんみゃく|jmdict-common
じんみん|jmdict-common
じんみんげん|jmdict-common
じんみんせんせん|jmdict-common
じんめい|jmdict-common
じんもく|jmdict-variant
じんもん|jmdict-common
じんよう|jmdict-common
じんりきしゃ|jmdict-common
じんりょく|jmdict-common
じんるい|jmdict-common
じんるいがく|jmdict-common
じーっと|jmdict-variant
じーと|jmdict-variant
すいい|jmdict-common
すいいき|jmdict-common
すいえい|jmdict-common
すいおん|jmdict-common
すいか|jmdict-common
すいがい|jmdict-common
すいがら|jmdict-common
すいき|jmdict-variant
すいぎゅう|jmdict-common
すいぎん|jmdict-common
すいけい|jmdict-common
すいげん|jmdict-common
すいこう|jmdict-common
すいこむ|jmdict-common
すいさい|jmdict-variant
すいさいが|jmdict-common
すいさん|jmdict-common
すいさんぎょう|jmdict-common
すいさんちょう|jmdict-common
すいさんぶつ|jmdict-common
すいし|jmdict-common
すいしつ|jmdict-common
すいしゃ|jmdict-common
すいしょう|jmdict-common
すいしょうかんきょう|jmdict-common
すいしん|jmdict-common
すいじ|jmdict-common
すいじゃく|jmdict-common
すいじゅん|jmdict-common
すいじょう|jmdict-common
すいじょうき|jmdict-common
すいせい|jmdict-common
すいせん|jmdict-common
すいそ|jmdict-common
すいそう|jmdict-common
すいそく|jmdict-common
すいぞくかん|jmdict-common
すいぞっかん|jmdict-variant
すいたい|jmdict-common
すいちゅう|jmdict-common
すいちょう|jmdict-variant
すいちょく|jmdict-common
すいてい|jmdict-common
すいてき|jmdict-common
すいでん|jmdict-common
すいとう|jmdict-common
すいどう|jmdict-common
すいどうすい|jmdict-common
すいはんき|jmdict-common
すいばく|jmdict-common
すいぶん|jmdict-common
すいへい|jmdict-common
すいへいせん|jmdict-common
すいへん|jmdict-variant
すいほう|jmdict-common
すいぼくが|jmdict-common
すいみん|jmdict-common
すいめん|jmdict-common
すいよう|jmdict-common
すいようせい|jmdict-common
すいようび|jmdict-common
すいり|jmdict-common
すいりしょうせつ|jmdict-common
すいりょう|jmdict-common
すいりょく|jmdict-common
すいろ|jmdict-common
すいろん|jmdict-common
すい星|jmdict-variant
すう|jmdict-common
すうおくねん|jmdict-common
すうかい|jmdict-common
すうかげつ|jmdict-common
すうがく|jmdict-common
すうこ|jmdict-common
すうこう|jmdict-common
すうじ|jmdict-common
すうじかん|jmdict-common
すうじく|jmdict-common
すうじつ|jmdict-common
すうじゅう|jmdict-common
すうせん|jmdict-common
すうち|jmdict-common
すうっと|jmdict-variant
すうにん|jmdict-common
すうねん|jmdict-common
すうねんまえ|jmdict-common
すうはい|jmdict-common
すうひゃく|jmdict-common
すうふん|jmdict-common
すうまん|jmdict-common
すうりょう|jmdict-common
すえ|jmdict-common
すえおき|jmdict-common
すえっこ|jmdict-common
すえつける|jmdict-common
すえに|jmdict-common
すえひろ|jmdict-common
すえる|jmdict-common
すえ置き|jmdict-variant
すかさず|jmdict-common
すが|jmdict-variant
すがお|jmdict-common
すがすがしい|jmdict-common
すがた|jmdict-common
すがる|jmdict-common
すき|jmdict-common
すききらい|jmdict-common
すきずき|jmdict-common
すきとおる|jmdict-common
すきま|jmdict-common
すきやき|jmdict-common
すき嫌い|jmdict-variant
すき焼|jmdict-variant
すき焼き|jmdict-common
すき間|jmdict-variant
すぎ|jmdict-common
すぎょう|jmdict-variant
すぎる|jmdict-common
すく|jmdict-common
すくい|jmdict-common
すくう|jmdict-common
すくない|jmdict-common
すくなからず|jmdict-common
すくなくとも|jmdict-common
すくも|jmdict-variant
すくわれる|jmdict-common
すぐ|jmdict-common
すぐさま|jmdict-common
すぐそば|jmdict-common
すぐに|jmdict-common
すぐれる|jmdict-common
すぐ側|jmdict-common
すぐ様|jmdict-variant
すけっと|jmdict-common
すげ|jmdict-common
すげい|jmdict-variant
すげぇ|jmdict-variant
すげえ|jmdict-variant
すげー|jmdict-common
すこし|jmdict-common
すこしずつ|jmdict-common
すこしづつ|jmdict-variant
すこしも|jmdict-common
すこやか|jmdict-common
すごい|jmdict-common
すごす|jmdict-common
すさまじい|jmdict-common
すし|jmdict-common
すじ|jmdict-common
すじがき|jmdict-common
すじちがい|jmdict-common
すじみち|jmdict-common
すじ違い|jmdict-variant
すすみ|jmdict-common
すすむ|jmdict-common
すすめ|jmdict-common
すすめる|jmdict-common
すず|jmdict-common
すずかぜ|jmdict-variant
すずしい|jmdict-common
すずむ|jmdict-common
すずめ|jmdict-common
すそ|jmdict-common
すだち|jmdict-common
すっかり|jmdict-common
すっきり|jmdict-common
すっげぇ|jmdict-variant
すっげえ|jmdict-variant
すっげー|jmdict-variant
すっごい|jmdict-common
すっと|jmdict-common
すっぱい|jmdict-common
すっぽり|jmdict-common
すてき|jmdict-common
すてご|jmdict-common
すてる|jmdict-common
すでに|jmdict-common
すな|jmdict-common
すなお|jmdict-common
すなどけい|jmdict-common
すなどる|jmdict-variant
すなはま|jmdict-common
すなわち|jmdict-common
すね|jmdict-common
すのもの|jmdict-common
すばやい|jmdict-common
すばらしい|jmdict-common
すべき|jmdict-common
すべて|jmdict-common
すべらか|jmdict-variant
すべりだい|jmdict-common
すべり台|jmdict-variant
すべる|jmdict-common
すま|jmdict-variant
すまい|jmdict-common
すまいとり|jmdict-variant
すまう|jmdict-common
すましがお|jmdict-common
すまし顔|jmdict-common
すます|jmdict-common
すませる|jmdict-common
すまない|jmdict-common
すみ|jmdict-common
すみえ|jmdict-common
すみきる|jmdict-common
すみここち|jmdict-variant
すみごこち|jmdict-common
すみずみ|jmdict-common
すみません|jmdict-common
すみやか|jmdict-common
すむ|jmdict-common
すもう|jmdict-common
すもうとり|jmdict-common
すやすや|jmdict-common
すやつ|jmdict-variant
すら|jmdict-common
すらすら|jmdict-common
すり|jmdict-common
すりきず|jmdict-common
すり傷|jmdict-variant
する|jmdict-common
すると|jmdict-common
するどい|jmdict-common
するべき|jmdict-common
すれすれ|jmdict-common
すれば|jmdict-common
すわり|jmdict-common
すわりこみ|jmdict-common
すわる|jmdict-common
すんか|jmdict-common
すんげぇ|jmdict-variant
すんげえ|jmdict-variant
すんげー|jmdict-variant
すんごい|jmdict-common
すんぜん|jmdict-common
すんだん|jmdict-common
すんばらしい|jmdict-variant
すんぽう|jmdict-common
す可き|jmdict-variant
す早い|jmdict-variant
す速い|jmdict-variant
ずい|jmdict-variant
ずいい|jmdict-common
ずいいち|jmdict-common
ずいいつ|jmdict-variant
ずいいん|jmdict-common
ずいしょ|jmdict-common
ずいじ|jmdict-common
ずいひつ|jmdict-common
ずいぶん|jmdict-common
ずい分|jmdict-variant
ずうずうしい|jmdict-common
ずうち|jmdict-variant
ずうっと|jmdict-variant
ずかい|jmdict-common
ずかん|jmdict-common
ずがら|jmdict-common
ずきずき|jmdict-common
ずくてつ|jmdict-variant
ずけい|jmdict-common
ずさん|jmdict-common
ずざん|jmdict-variant
ずし|jmdict-common
ずしき|jmdict-common
ずしょ|jmdict-variant
ずしょかん|jmdict-variant
ずじょう|jmdict-common
ずず|jmdict-variant
ずっと|jmdict-common
ずっぽし|jmdict-variant
ずっぽり|jmdict-variant
ずつ|jmdict-common
ずつう|jmdict-common
ずのう|jmdict-common
ずはん|jmdict-common
ずばり|jmdict-common
ずひょう|jmdict-common
ずめん|jmdict-common
ずらす|jmdict-common
ずらり|jmdict-common
ずるい|jmdict-common
ずるずる|jmdict-common
ずれる|jmdict-common
ずん|jmdict-variant
ずーずーしい|jmdict-variant
ずーっと|jmdict-common
せい|jmdict-common
せいあつ|jmdict-common
せいあん|jmdict-common
せいい|jmdict-common
せいいき|jmdict-common
せいいく|jmdict-common
せいいっぱい|jmdict-common
せいうん|jmdict-common
せいえい|jmdict-common
せいえき|jmdict-common
せいえん|jmdict-common
せいおう|jmdict-common
せいか|jmdict-common
せいかい|jmdict-common
せいかがく|jmdict-common
せいかく|jmdict-common
せいかつ|jmdict-common
せいかつひ|jmdict-common
せいかん|jmdict-common
せいかんたい|jmdict-common
せいがく|jmdict-common
せいがん|jmdict-common
せいき|jmdict-common
せいきまつ|jmdict-common
せいきゅう|jmdict-common
せいきゅうけん|jmdict-common
せいきゅうしょ|jmdict-common
せいきょ|jmdict-common
せいきょう|jmdict-common
せいきょういく|jmdict-common
せいきょく|jmdict-common
せいぎ|jmdict-common
せいぎょ|jmdict-common
せいけい|jmdict-common
せいけいげか|jmdict-common
せいけつ|jmdict-common
せいけん|jmdict-common
せいげん|jmdict-common
せいこう|jmdict-common
せいご|jmdict-common
せいごう|jmdict-common
せいさい|jmdict-common
せいさく|jmdict-common
せいさくひ|jmdict-common
せいさん|jmdict-common
せいさんしゃ|jmdict-common
せいさんせい|jmdict-common
せいざ|jmdict-common
せいざん|jmdict-common
せいし|jmdict-common
せいしき|jmdict-common
せいしきめいしょう|jmdict-common
せいしつ|jmdict-common
せいしゅ|jmdict-common
せいしゅく|jmdict-common
せいしゅん|jmdict-common
せいしょ|jmdict-common
せいしょう|jmdict-common
せいしょうねん|jmdict-common
せいしょく|jmdict-common
せいしょくしゃ|jmdict-common
せいしん|jmdict-common
せいしんか|jmdict-common
せいしんしょうがい|jmdict-common
せいしんてき|jmdict-common
せいしんはくじゃく|jmdict-common
せいじ|jmdict-common
せいじか|jmdict-common
せいじつ|jmdict-common
せいじてき|jmdict-common
せいじはん|jmdict-common
せいじゃく|jmdict-common
せいじゅく|jmdict-common
せいじょう|jmdict-common
せいじょうか|jmdict-common
せいじょうき|jmdict-common
せいじりょく|jmdict-common
せいじん|jmdict-common
せいじんびょう|jmdict-common
せいすい|jmdict-common
せいすう|jmdict-common
せいする|jmdict-common
せいず|jmdict-common
せいせい|jmdict-common
せいせき|jmdict-common
せいせん|jmdict-common
せいぜい|jmdict-common
せいぜん|jmdict-common
せいそう|jmdict-common
せいそうけん|jmdict-common
せいそく|jmdict-common
せいそくち|jmdict-common
せいぞう|jmdict-common
せいぞろい|jmdict-common
せいぞん|jmdict-common
せいたい|jmdict-common
せいたいがく|jmdict-common
せいたいけい|jmdict-common
せいたく|jmdict-common
せいたけ|jmdict-variant
せいたん|jmdict-common
せいだい|jmdict-common
せいち|jmdict-common
せいちょう|jmdict-common
せいつう|jmdict-common
せいてい|jmdict-common
せいてき|jmdict-common
せいてつ|jmdict-common
せいてつしょ|jmdict-variant
せいてつじょ|jmdict-common
せいてん|jmdict-common
せいでん|jmdict-variant
せいと|jmdict-common
せいとう|jmdict-common
せいとうせいじ|jmdict-common
せいとうぼうえい|jmdict-common
せいとん|jmdict-common
せいど|jmdict-common
せいどう|jmdict-common
せいどく|jmdict-common
せいなん|jmdict-common
せいねん|jmdict-common
せいねんがっぴ|jmdict-common
せいねんだん|jmdict-common
せいのう|jmdict-common
せいは|jmdict-common
せいはんたい|jmdict-common
せいひ|jmdict-common
せいひん|jmdict-common
せいび|jmdict-common
せいびょう|jmdict-common
せいふ|jmdict-common
せいふう|jmdict-variant
せいふく|jmdict-common
せいぶ|jmdict-common
せいぶつ|jmdict-common
せいぶつがく|jmdict-common
せいぶん|jmdict-common
せいへき|jmdict-common
せいへん|jmdict-common
せいべつ|jmdict-common
せいほ|jmdict-common
せいほう|jmdict-common
せいほうけい|jmdict-common
せいぼ|jmdict-common
せいまい|jmdict-common
せいみつ|jmdict-common
せいむ|jmdict-common
せいむじかん|jmdict-common
せいめい|jmdict-common
せいめいほけん|jmdict-common
せいめいりょく|jmdict-common
せいもん|jmdict-common
せいやく|jmdict-common
せいゆじょ|jmdict-common
せいよう|jmdict-common
せいようじん|jmdict-common
せいよく|jmdict-common
せいり|jmdict-common
せいりがく|jmdict-common
せいりつ|jmdict-common
せいりゅう|jmdict-common
せいりょう|jmdict-common
せいりょく|jmdict-common
せいれい|jmdict-common
せいれき|jmdict-common
せいれつ|jmdict-common
せいれん|jmdict-common
せいろん|jmdict-common
せえ|jmdict-variant
せおう|jmdict-common
せおよぎ|jmdict-common
せかい|jmdict-common
せかいいさん|jmdict-common
せかいいち|jmdict-common
せかいかくち|jmdict-common
せかいかっこく|jmdict-common
せかいかん|jmdict-common
せかいぎんこう|jmdict-common
せかいじゅう|jmdict-common
せかいたいせん|jmdict-common
せかいてき|jmdict-common
せかす|jmdict-common
せかせか|jmdict-common
せがたかい|jmdict-common
せがむ|jmdict-common
せが高い|jmdict-variant
せき|jmdict-common
せきえい|jmdict-common
せきかん|jmdict-variant
せきがいせん|jmdict-common
せきぐん|jmdict-common
せきさい|jmdict-common
せきさん|jmdict-common
せきざい|jmdict-common
せきしつ|jmdict-common
せきしょく|jmdict-common
せきじつ|jmdict-variant
せきじょう|jmdict-common
せきずい|jmdict-common
せきせつ|jmdict-common
せきぜん|jmdict-common
せきたん|jmdict-common
せきとり|jmdict-common
せきどう|jmdict-common
せきにん|jmdict-common
せきにんかん|jmdict-common
せきにんしゃ|jmdict-common
せきにんをもつ|jmdict-common
せきはい|jmdict-common
せきはん|jmdict-common
せきひ|jmdict-common
せきぶつ|jmdict-common
せきむ|jmdict-common
せきめん|jmdict-common
せきゆ|jmdict-common
せきり|jmdict-common
せきわけ|jmdict-common
せぎん|jmdict-common
せけん|jmdict-common
せこう|jmdict-common
せしゅう|jmdict-common
せすじ|jmdict-common
せず|jmdict-common
せずに|jmdict-common
せそう|jmdict-common
せたい|jmdict-common
せたけ|jmdict-common
せだい|jmdict-common
せちがい|jmdict-variant
せっかい|jmdict-common
せっかく|jmdict-common
せっかち|jmdict-common
せっかん|jmdict-common
せっき|jmdict-common
せっきょう|jmdict-common
せっきょく|jmdict-common
せっきょくてき|jmdict-common
せっきん|jmdict-common
せっく|jmdict-common
せっけい|jmdict-common
せっけん|jmdict-common
せっし|jmdict-common
せっしゅ|jmdict-common
せっしょう|jmdict-common
せっしょく|jmdict-common
せっする|jmdict-common
せっせと|jmdict-common
せっせん|jmdict-common
せっそう|jmdict-common
せっそく|jmdict-common
せったい|jmdict-common
せっち|jmdict-common
せっちゃく|jmdict-common
せっちゅう|jmdict-common
せってい|jmdict-common
せっていかのう|jmdict-common
せってん|jmdict-common
せっとう|jmdict-common
せっとく|jmdict-common
せっとくりょく|jmdict-common
せっぱく|jmdict-common
せっぱん|jmdict-common
せっぷく|jmdict-common
せつ|jmdict-common
せつがい|jmdict-variant
せつげん|jmdict-common
せつじつ|jmdict-common
せつじょく|jmdict-common
せつぞく|jmdict-common
せつだん|jmdict-common
せつど|jmdict-common
せつな|jmdict-common
せつない|jmdict-common
せつび|jmdict-common
せつぼう|jmdict-common
せつめい|jmdict-common
せつめいしょ|jmdict-common
せつもん|jmdict-common
せつやく|jmdict-common
せつり|jmdict-common
せつりつ|jmdict-common
せつれつ|jmdict-common
せと|jmdict-common
せとぎわ|jmdict-common
せともの|jmdict-common
せなか|jmdict-common
せばまる|jmdict-common
せばめる|jmdict-common
せばんごう|jmdict-common
せび|jmdict-variant
せびろ|jmdict-common
せぼね|jmdict-common
せまい|jmdict-common
せまる|jmdict-common
せみ|jmdict-common
せめ|jmdict-common
せめて|jmdict-common
せめる|jmdict-common
せもたれ|jmdict-common
せりあい|jmdict-common
せりあう|jmdict-common
せる|jmdict-common
せろん|jmdict-common
せわ|jmdict-common
せわにん|jmdict-common
せん|jmdict-common
せんい|jmdict-common
せんいき|jmdict-common
せんいん|jmdict-common
せんえん|jmdict-common
せんえんさつ|jmdict-common
せんおう|jmdict-common
せんか|jmdict-common
せんかい|jmdict-common
せんかん|jmdict-common
せんきゅうひゃくねんだい|jmdict-common
せんきょ|jmdict-common
せんきょう|jmdict-common
せんきょうし|jmdict-common
せんきょうんどう|jmdict-common
せんきょけん|jmdict-common
せんきょせん|jmdict-common
せんきょにん|jmdict-common
せんぎょ|jmdict-common
せんぎょう|jmdict-common
せんく|jmdict-common
せんけい|jmdict-common
せんけつ|jmdict-common
せんけん|jmdict-common
せんげつ|jmdict-common
せんげん|jmdict-common
せんこう|jmdict-common
せんこく|jmdict-common
せんご|jmdict-common
せんごく|jmdict-common
せんさい|jmdict-common
せんざい|jmdict-common
せんし|jmdict-common
せんしつ|jmdict-common
せんしゃ|jmdict-common
せんしゅ|jmdict-common
せんしゅう|jmdict-common
せんしゅうらく|jmdict-common
せんしゅけん|jmdict-common
せんしゅつ|jmdict-common
せんしゅぼうえい|jmdict-common
せんしゅむら|jmdict-common
せんしょう|jmdict-common
せんしょく|jmdict-common
せんしょくたい|jmdict-common
せんしん|jmdict-common
せんしんこく|jmdict-common
せんじ|jmdict-common
せんじつ|jmdict-common
せんじゃ|jmdict-common
せんじゅう|jmdict-common
せんじゅつ|jmdict-common
せんじょう|jmdict-common
せんじょうざい|jmdict-common
せんじん|jmdict-common
せんす|jmdict-common
せんすい|jmdict-common
せんすいかん|jmdict-common
せんせい|jmdict-common
せんせき|jmdict-common
せんせん|jmdict-common
せんぜん|jmdict-common
せんそう|jmdict-common
せんそく|jmdict-variant
せんぞ|jmdict-common
せんぞく|jmdict-common
せんたい|jmdict-common
せんたく|jmdict-common
せんたくかもく|jmdict-common
せんたくき|jmdict-common
せんたくし|jmdict-common
せんたくもの|jmdict-common
せんたくもん|jmdict-variant
せんたっき|jmdict-variant
せんたん|jmdict-common
せんだい|jmdict-common
せんだく|jmdict-variant
せんだって|jmdict-common
せんち|jmdict-common
せんちゃく|jmdict-common
せんちゅう|jmdict-common
せんちょう|jmdict-common
せんて|jmdict-common
せんてい|jmdict-common
せんてつ|jmdict-common
せんてんてき|jmdict-common
せんでん|jmdict-common
せんと|jmdict-common
せんとう|jmdict-common
せんとうき|jmdict-common
せんど|jmdict-common
せんどう|jmdict-common
せんにゅう|jmdict-common
せんにゅうかん|jmdict-common
せんにん|jmdict-common
せんぬき|jmdict-common
せんねん|jmdict-common
せんのう|jmdict-common
せんばい|jmdict-common
せんばつ|jmdict-common
せんぱい|jmdict-common
せんぱく|jmdict-common
せんぱつ|jmdict-common
せんぱん|jmdict-common
せんびん|jmdict-variant
せんぴ|jmdict-common
せんぷう|jmdict-common
せんぷうき|jmdict-common
せんぷく|jmdict-common
せんべい|jmdict-common
せんべつ|jmdict-common
せんぼつ|jmdict-common
せんぽう|jmdict-common
せんむ|jmdict-common
せんめい|jmdict-common
せんめん|jmdict-common
せんめんき|jmdict-common
せんめんじょ|jmdict-common
せんもん|jmdict-common
せんもんい|jmdict-common
せんもんか|jmdict-common
せんもんがっこう|jmdict-common
せんもんてき|jmdict-common
せんもんてん|jmdict-common
せんゆう|jmdict-common
せんよう|jmdict-common
せんり|jmdict-common
せんりつ|jmdict-common
せんりゃく|jmdict-common
せんりゅう|jmdict-common
せんりょう|jmdict-common
せんりょく|jmdict-common
せんれい|jmdict-common
せんれつ|jmdict-common
せんれん|jmdict-common
せんろ|jmdict-common
ぜい|jmdict-common
ぜいいん|jmdict-variant
ぜいかん|jmdict-common
ぜいがく|jmdict-common
ぜいきん|jmdict-common
ぜいこみ|jmdict-common
ぜいしゅう|jmdict-common
ぜいじゃく|jmdict-common
ぜいせい|jmdict-common
ぜいたく|jmdict-common
ぜいひき|jmdict-variant
ぜいびき|jmdict-common
ぜいほう|jmdict-common
ぜいむ|jmdict-common
ぜいむしょ|jmdict-common
ぜいりし|jmdict-common
ぜいりつ|jmdict-common
ぜい弱|jmdict-variant
ぜく|jmdict-variant
ぜせい|jmdict-common
ぜっきょう|jmdict-common
ぜっく|jmdict-common
ぜっこう|jmdict-common
ぜっこうちょう|jmdict-common
ぜっさん|jmdict-common
ぜっせん|jmdict-common
ぜったい|jmdict-common
ぜったいてき|jmdict-common
ぜったいに|jmdict-common
ぜっちょう|jmdict-common
ぜつえん|jmdict-common
ぜつだい|jmdict-common
ぜつぼう|jmdict-common
ぜつみょう|jmdict-common
ぜつめつ|jmdict-common
ぜにん|jmdict-common
ぜひ|jmdict-common
ぜひぜひ|jmdict-common
ぜひとも|jmdict-common
ぜん|jmdict-common
ぜんあく|jmdict-common
ぜんい|jmdict-common
ぜんいき|jmdict-common
ぜんいん|jmdict-common
ぜんえい|jmdict-common
ぜんかい|jmdict-common
ぜんがく|jmdict-common
ぜんき|jmdict-common
ぜんきょく|jmdict-common
ぜんけん|jmdict-common
ぜんげん|jmdict-common
ぜんこう|jmdict-common
ぜんこく|jmdict-common
ぜんこくてき|jmdict-common
ぜんご|jmdict-common
ぜんしゃ|jmdict-common
ぜんしゅう|jmdict-common
ぜんしょう|jmdict-common
ぜんしょうせん|jmdict-common
ぜんしん|jmdict-common
ぜんじ|jmdict-common
ぜんじつ|jmdict-common
ぜんじん|jmdict-common
ぜんせい|jmdict-common
ぜんせかい|jmdict-common
ぜんせん|jmdict-common
ぜんぜん|jmdict-common
ぜんそう|jmdict-common
ぜんそく|jmdict-common
ぜんそくりょく|jmdict-common
ぜんたい|jmdict-common
ぜんたいしゅぎ|jmdict-common
ぜんたいてき|jmdict-common
ぜんだいみもん|jmdict-common
ぜんち|jmdict-common
ぜんちょう|jmdict-common
ぜんっぜん|jmdict-variant
ぜんてい|jmdict-common
ぜんてん|jmdict-common
ぜんでら|jmdict-common
ぜんと|jmdict-common
ぜんど|jmdict-common
ぜんにちせい|jmdict-common
ぜんにっぽん|jmdict-variant
ぜんにほん|jmdict-common
ぜんねん|jmdict-common
ぜんねんど|jmdict-common
ぜんはん|jmdict-common
ぜんはんせん|jmdict-common
ぜんぱい|jmdict-common
ぜんぱん|jmdict-common
ぜんぱんせん|jmdict-variant
ぜんぶ|jmdict-common
ぜんぶん|jmdict-common
ぜんべい|jmdict-common
ぜんぼう|jmdict-common
ぜんぽう|jmdict-common
ぜんまい|jmdict-variant
ぜんめつ|jmdict-common
ぜんめん|jmdict-common
ぜんめんてき|jmdict-common
ぜんもんどう|jmdict-common
ぜんや|jmdict-common
ぜんやく|jmdict-common
ぜんやさい|jmdict-common
ぜんよう|jmdict-common
ぜんりゃく|jmdict-common
ぜんりょう|jmdict-common
ぜんりょく|jmdict-common
ぜんりん|jmdict-common
ぜんれい|jmdict-common
ぜんれき|jmdict-common
ぜん息|jmdict-variant
そ〜|jmdict-variant
そあく|jmdict-common
そあん|jmdict-common
そいじゃ|jmdict-variant
そいつ|jmdict-common
そいでもって|jmdict-variant
そぅ|jmdict-variant
そう|jmdict-common
そうあたり|jmdict-common
そうあん|jmdict-common
そうい|jmdict-common
そういう|jmdict-common
そういえば|jmdict-common
そういった|jmdict-common
そういん|jmdict-common
そうおう|jmdict-common
そうおん|jmdict-common
そうか|jmdict-common
そうかい|jmdict-common
そうかいや|jmdict-common
そうかがっかい|jmdict-common
そうかつ|jmdict-common
そうかん|jmdict-common
そうかんかんけい|jmdict-common
そうがく|jmdict-common
そうがんきょう|jmdict-common
そうき|jmdict-common
そうきちりょう|jmdict-common
そうきゅう|jmdict-common
そうきん|jmdict-common
そうぎ|jmdict-common
そうぎょう|jmdict-common
そうぐう|jmdict-common
そうけ|jmdict-common
そうけい|jmdict-common
そうけっさん|jmdict-common
そうけん|jmdict-common
そうげい|jmdict-common
そうげん|jmdict-common
そうこ|jmdict-common
そうこう|jmdict-common
そうこうしているうちに|jmdict-common
そうこうしている内に|jmdict-common
そうご|jmdict-common
そうごう|jmdict-common
そうごうてき|jmdict-common
そうごぎんこう|jmdict-common
そうごこうりゅう|jmdict-common
そうごん|jmdict-common
そうさ|jmdict-common
そうさい|jmdict-common
そうさかん|jmdict-common
そうさく|jmdict-common
そうさつ|jmdict-variant
そうざい|jmdict-common
そうし|jmdict-common
そうしき|jmdict-common
そうした|jmdict-common
そうしたら|jmdict-common
そうしつ|jmdict-common
そうして|jmdict-common
そうしゃ|jmdict-common
そうしゅつ|jmdict-common
そうしゅん|jmdict-common
そうしょ|jmdict-common
そうしょく|jmdict-common
そうしん|jmdict-common
そうじ|jmdict-common
そうじき|jmdict-common
そうじしょく|jmdict-common
そうじゅう|jmdict-common
そうじゅく|jmdict-common
そうじょう|jmdict-common
そうじん|jmdict-variant
そうすい|jmdict-common
そうすう|jmdict-common
そうすると|jmdict-common
そうすれば|jmdict-common
そうせいじ|jmdict-common
そうせつ|jmdict-common
そうせんきょ|jmdict-common
そうぜい|jmdict-common
そうぜん|jmdict-common
そうそう|jmdict-common
そうぞう|jmdict-common
そうぞうしい|jmdict-common
そうぞうてき|jmdict-common
そうぞうりょく|jmdict-common
そうぞく|jmdict-common
そうぞくぜい|jmdict-common
そうたい|jmdict-common
そうたいてき|jmdict-common
そうだ|jmdict-common
そうだい|jmdict-common
そうだつ|jmdict-common
そうだん|jmdict-common
そうだんしょ|jmdict-variant
そうだんじょ|jmdict-common
そうだんやく|jmdict-common
そうち|jmdict-common
そうちゃく|jmdict-common
そうちょう|jmdict-common
そうっと|jmdict-variant
そうてい|jmdict-common
そうてん|jmdict-common
そうです|jmdict-common
そうですが|jmdict-common
そうですね|jmdict-common
そうでん|jmdict-common
そうとう|jmdict-common
そうとく|jmdict-common
そうどう|jmdict-common
そうどういん|jmdict-common
そうなると|jmdict-common
そうなん|jmdict-common
そうにゅう|jmdict-common
そうねん|jmdict-common
そうば|jmdict-common
そうひょう|jmdict-common
そうび|jmdict-common
そうふ|jmdict-common
そうべつ|jmdict-common
そうべつかい|jmdict-common
そうほう|jmdict-common
そうほんざん|jmdict-common
そうむ|jmdict-common
そうむきょく|jmdict-common
そうむぶ|jmdict-common
そうもく|jmdict-common
そうゆう|jmdict-variant
そうらん|jmdict-common
そうり|jmdict-common
そうりだいじん|jmdict-common
そうりつ|jmdict-common
そうりふ|jmdict-common
そうりょ|jmdict-common
そうりょう|jmdict-common
そうりょうじ|jmdict-common
そうりょく|jmdict-common
そうるい|jmdict-common
そうれつ|jmdict-common
そうろん|jmdict-common
そうわ|jmdict-common
そう言う|jmdict-common
そう言えば|jmdict-common
そう言った|jmdict-common
そう身|jmdict-variant
そう類|jmdict-variant
そえる|jmdict-common
そえん|jmdict-common
そお|jmdict-variant
そおお|jmdict-variant
そおっと|jmdict-variant
そかい|jmdict-common
そかく|jmdict-common
そがい|jmdict-common
そく|jmdict-variant
そくい|jmdict-common
そくざ|jmdict-common
そくざに|jmdict-common
そくし|jmdict-common
そくしん|jmdict-common
そくじ|jmdict-common
そくじつ|jmdict-common
そくする|jmdict-common
そくせい|jmdict-common
そくせき|jmdict-common
そくせんりょく|jmdict-common
そくたつ|jmdict-common
そくたつびん|jmdict-common
そくてい|jmdict-common
そくど|jmdict-common
そくばい|jmdict-common
そくばく|jmdict-common
そくほう|jmdict-common
そくめん|jmdict-common
そくりょう|jmdict-common
そくりょく|jmdict-common
そこ|jmdict-common
そこいれ|jmdict-common
そこう|jmdict-common
そこうち|jmdict-common
そこく|jmdict-common
そこぢから|jmdict-common
そこで|jmdict-common
そこなう|jmdict-common
そこね|jmdict-common
そこねる|jmdict-common
そこらへん|jmdict-common
そこら辺|jmdict-common
そざい|jmdict-common
そし|jmdict-common
そしき|jmdict-common
そしきてき|jmdict-common
そしたら|jmdict-common
そしつ|jmdict-common
そして|jmdict-common
そしな|jmdict-common
そしょう|jmdict-common
そしょく|jmdict-variant
そじょう|jmdict-common
そせい|jmdict-common
そせき|jmdict-common
そせん|jmdict-common
そぜい|jmdict-common
そそぎこむ|jmdict-common
そそぎ込む|jmdict-variant
そそぐ|jmdict-common
そそっかしい|jmdict-common
そそのかす|jmdict-common
そそられる|jmdict-common
そだ|jmdict-variant
そだい|jmdict-common
そだち|jmdict-common
そだつ|jmdict-common
そだてる|jmdict-common
そち|jmdict-common
そちら|jmdict-common
そっ|jmdict-variant
そっか|jmdict-common
そっき|jmdict-common
そっきゅう|jmdict-common
そっきょう|jmdict-common
そっきん|jmdict-common
そっくり|jmdict-common
そっこう|jmdict-common
そっこうじょ|jmdict-common
そっこく|jmdict-common
そっせん|jmdict-common
そっち|jmdict-common
そっちょく|jmdict-common
そって|jmdict-common
そっと|jmdict-common
そつい|jmdict-common
そつう|jmdict-common
そつぎょう|jmdict-common
そつぎょうご|jmdict-common
そつぎょうしき|jmdict-common
そつぎょうせい|jmdict-common
そで|jmdict-common
そと|jmdict-common
そとかべ|jmdict-variant
そとがわ|jmdict-common
そとぐに|jmdict-variant
そとづけ|jmdict-common
そとづら|jmdict-variant
そとで|jmdict-variant
そとぼり|jmdict-common
そとみ|jmdict-variant
そなえ|jmdict-common
そなえつける|jmdict-common
そなえる|jmdict-common
そなわる|jmdict-common
その|jmdict-common
そのうえ|jmdict-common
そのうち|jmdict-common
そのうちに|jmdict-common
そのた|jmdict-variant
そのなか|jmdict-common
そのへん|jmdict-common
そのほか|jmdict-common
そのまま|jmdict-common
そのまんま|jmdict-variant
そのもの|jmdict-common
そのよう|jmdict-common
その上|jmdict-common
その中|jmdict-common
その他|jmdict-common
その儘|jmdict-variant
その内|jmdict-common
その内に|jmdict-common
その外|jmdict-common
その様|jmdict-common
その物|jmdict-common
その辺|jmdict-common
そば|jmdict-common
そばむぎ|jmdict-variant
そばや|jmdict-common
そば屋|jmdict-variant
そひん|jmdict-variant
そびえる|jmdict-common
そびょう|jmdict-common
そふ|jmdict-common
そふぼ|jmdict-common
そぶ|jmdict-variant
そぼ|jmdict-common
そぼう|jmdict-common
そぼく|jmdict-common
そぼろ|jmdict-common
そまつ|jmdict-common
そまむぎ|jmdict-variant
そまる|jmdict-common
そむく|jmdict-common
そめ|jmdict-common
そめる|jmdict-common
そもそも|jmdict-common
そや|jmdict-common
そやつ|jmdict-variant
そよかぜ|jmdict-common
そよ風|jmdict-common
そら|jmdict-common
そらす|jmdict-common
そり|jmdict-variant
そりゅうし|jmdict-common
そる|jmdict-common
それ|jmdict-common
それから|jmdict-common
それじゃ|jmdict-common
それじゃあ|jmdict-common
それぞれ|jmdict-common
それっぽい|jmdict-common
それで|jmdict-common
それでいて|jmdict-common
それでは|jmdict-common
それでも|jmdict-common
それでもって|jmdict-variant
それとも|jmdict-common
それなら|jmdict-common
それに|jmdict-common
それにしても|jmdict-common
それはさておき|jmdict-common
それほど|jmdict-common
それより|jmdict-common
それら|jmdict-common
それる|jmdict-common
それ程|jmdict-common
それ等|jmdict-variant
そろう|jmdict-common
そろえる|jmdict-common
そろそろ|jmdict-common
そろばん|jmdict-common
そわそわ|jmdict-common
そん|jmdict-common
そんえき|jmdict-common
そんかい|jmdict-common
そんがい|jmdict-common
そんがいばいしょう|jmdict-common
そんがいほけん|jmdict-common
そんぎかい|jmdict-common
そんけい|jmdict-common
そんげん|jmdict-common
そんざい|jmdict-common
そんしつ|jmdict-common
そんしょう|jmdict-common
そんじゃ|jmdict-variant
そんする|jmdict-common
そんぞく|jmdict-common
そんたく|jmdict-common
そんちょう|jmdict-common
そんでもって|jmdict-common
そんとく|jmdict-common
そんな|jmdict-common
そんなこんな|jmdict-common
そんななか|jmdict-common
そんなに|jmdict-common
そんな中|jmdict-common
そんぱい|jmdict-common
そんぼう|jmdict-common
そんみん|jmdict-common
そんりつ|jmdict-common
そー|jmdict-variant
そーいう|jmdict-variant
そーう|jmdict-variant
そーお|jmdict-variant
そーっと|jmdict-variant
そーゆー|jmdict-variant
ぞい|jmdict-common
ぞう|jmdict-common
ぞういん|jmdict-common
ぞうえき|jmdict-common
ぞうお|jmdict-common
ぞうか|jmdict-common
ぞうがく|jmdict-common
ぞうき|jmdict-common
ぞうきばやし|jmdict-common
ぞうきょう|jmdict-common
ぞうきん|jmdict-common
ぞうけい|jmdict-common
ぞうげ|jmdict-common
ぞうげん|jmdict-common
ぞうご|jmdict-common
ぞうさつ|jmdict-common
ぞうさん|jmdict-common
ぞうし|jmdict-common
ぞうしゅう|jmdict-common
ぞうしゅうわい|jmdict-common
ぞうしょ|jmdict-common
ぞうしょう|jmdict-common
ぞうしょく|jmdict-common
ぞうしん|jmdict-common
ぞうすい|jmdict-common
ぞうせい|jmdict-common
ぞうせつ|jmdict-common
ぞうせん|jmdict-common
ぞうぜい|jmdict-common
ぞうだい|jmdict-common
ぞうてい|jmdict-common
ぞうとう|jmdict-common
ぞうに|jmdict-common
ぞうはつ|jmdict-common
ぞうはん|jmdict-common
ぞうよ|jmdict-common
ぞうり|jmdict-common
ぞうわい|jmdict-common
ぞく|jmdict-common
ぞくご|jmdict-common
ぞくしゅつ|jmdict-common
ぞくしん|jmdict-common
ぞくする|jmdict-common
ぞくぞく|jmdict-common
ぞくへん|jmdict-common
ぞっこう|jmdict-common
ぞろぞろ|jmdict-common
ぞんざい|jmdict-common
ぞんじ|jmdict-common
ぞんじる|jmdict-common
ぞんぶん|jmdict-common
たい|jmdict-common
たいあん|jmdict-common
たいい|jmdict-common
たいいく|jmdict-common
たいいくかん|jmdict-common
たいいん|jmdict-common
たいう|jmdict-variant
たいえき|jmdict-common
たいおう|jmdict-common
たいおん|jmdict-common
たいおんけい|jmdict-common
たいか|jmdict-common
たいかい|jmdict-common
たいかく|jmdict-common
たいかん|jmdict-common
たいが|jmdict-common
たいがい|jmdict-common
たいがいじゅせい|jmdict-common
たいがく|jmdict-common
たいがん|jmdict-common
たいき|jmdict-common
たいきゃく|jmdict-common
たいきゅう|jmdict-common
たいきゅうせい|jmdict-common
たいきょ|jmdict-common
たいきょく|jmdict-common
たいきん|jmdict-common
たいぎ|jmdict-common
たいぎめいぶん|jmdict-common
たいく|jmdict-variant
たいくかん|jmdict-variant
たいくつ|jmdict-common
たいぐう|jmdict-common
たいけい|jmdict-common
たいけつ|jmdict-common
たいけん|jmdict-common
たいこ|jmdict-common
たいこう|jmdict-common
たいこく|jmdict-common
たいさ|jmdict-common
たいさい|jmdict-variant
たいさく|jmdict-common
たいざい|jmdict-common
たいざいちゅう|jmdict-common
たいざん|jmdict-common
たいし|jmdict-common
たいしかん|jmdict-common
たいした|jmdict-common
たいしつ|jmdict-common
たいして|jmdict-common
たいしゃ|jmdict-common
たいしゃく|jmdict-common
たいしゅう|jmdict-common
たいしゅうぶんがく|jmdict-common
たいしょ|jmdict-common
たいしょう|jmdict-common
たいしょうてき|jmdict-common
たいしょうりょうほう|jmdict-common
たいしょく|jmdict-common
たいじ|jmdict-common
たいじゅう|jmdict-common
たいじょう|jmdict-common
たいじん|jmdict-common
たいする|jmdict-common
たいせい|jmdict-common
たいせいよう|jmdict-common
たいせき|jmdict-common
たいせち|jmdict-variant
たいせつ|jmdict-common
たいせん|jmdict-common
たいぜい|jmdict-variant
たいそう|jmdict-common
たいだ|jmdict-common
たいだん|jmdict-common
たいち|jmdict-common
たいちゅう|jmdict-common
たいちょう|jmdict-common
たいてい|jmdict-common
たいとう|jmdict-common
たいとく|jmdict-common
たいど|jmdict-common
たいどう|jmdict-common
たいない|jmdict-common
たいにち|jmdict-common
たいにん|jmdict-common
たいねつ|jmdict-common
たいのう|jmdict-common
たいは|jmdict-common
たいはい|jmdict-common
たいはいてき|jmdict-common
たいはん|jmdict-common
たいばつ|jmdict-common
たいばん|jmdict-common
たいひ|jmdict-common
たいびょう|jmdict-common
たいふう|jmdict-common
たいへいよう|jmdict-common
たいへいようせんそう|jmdict-common
たいへん|jmdict-common
たいべい|jmdict-common
たいべつ|jmdict-common
たいほ|jmdict-common
たいほう|jmdict-common
たいぼう|jmdict-common
たいぼく|jmdict-common
たいま|jmdict-common
たいまん|jmdict-common
たいめ|jmdict-variant
たいめん|jmdict-common
たいやく|jmdict-common
たいよ|jmdict-common
たいよう|jmdict-common
たいようけい|jmdict-common
たいようでんち|jmdict-common
たいら|jmdict-common
たいりく|jmdict-common
たいりくだな|jmdict-common
たいりつ|jmdict-common
たいりょう|jmdict-common
たいりょく|jmdict-common
たいろん|jmdict-common
たいわ|jmdict-common
たいわん|jmdict-common
たい肥|jmdict-variant
たうえ|jmdict-common
たえず|jmdict-common
たえまなく|jmdict-common
たえる|jmdict-common
たおす|jmdict-common
たおれ|jmdict-common
たおれる|jmdict-common
たか|jmdict-common
たかい|jmdict-common
たかく|jmdict-common
たかくてき|jmdict-common
たかさ|jmdict-common
たかせ|jmdict-common
たかだい|jmdict-common
たかなみ|jmdict-common
たかね|jmdict-common
たかひく|jmdict-variant
たかまり|jmdict-common
たかまる|jmdict-common
たかめる|jmdict-common
たから|jmdict-common
たからか|jmdict-common
たからくじ|jmdict-common
たからもの|jmdict-common
たかる|jmdict-common
たかーい|jmdict-variant
たがい|jmdict-common
たがいちがい|jmdict-common
たがいに|jmdict-common
たがく|jmdict-common
たがやす|jmdict-common
たがる|jmdict-common
たき|jmdict-common
たきがわ|jmdict-common
たきぎ|jmdict-variant
たきぐち|jmdict-common
たきだし|jmdict-common
たき木|jmdict-variant
たく|jmdict-common
たくいつ|jmdict-common
たくえつ|jmdict-common
たくさん|jmdict-common
たくしょく|jmdict-common
たくじしょ|jmdict-common
たくじょう|jmdict-common
たくす|jmdict-common
たくせん|jmdict-common
たくち|jmdict-common
たくはい|jmdict-common
たくはいびん|jmdict-common
たくほん|jmdict-common
たくま|jmdict-common
たくましい|jmdict-common
たくみ|jmdict-common
たくらみ|jmdict-common
たくらむ|jmdict-common
たくわえる|jmdict-common
たけ|jmdict-common
たけのこ|jmdict-common
たけばやし|jmdict-variant
たげんてき|jmdict-common
たこ|jmdict-common
たこく|jmdict-common
たこやき|jmdict-common
たこ焼|jmdict-variant
たこ焼き|jmdict-common
たさい|jmdict-common
たさつ|jmdict-common
たしか|jmdict-common
たしかめる|jmdict-common
たしざん|jmdict-common
たしつ|jmdict-common
たしゃ|jmdict-common
たしょう|jmdict-common
たし算|jmdict-variant
たじゅう|jmdict-common
たす|jmdict-common
たすう|jmdict-common
たすうけつ|jmdict-common
たすかる|jmdict-common
たすけ|jmdict-common
たすけあい|jmdict-common
たすけあう|jmdict-common
たすける|jmdict-common
たずさえる|jmdict-common
たずさわる|jmdict-common
たずねびと|jmdict-common
たずねる|jmdict-common
たせん|jmdict-common
たそがれ|jmdict-common
たたかい|jmdict-common
たたかう|jmdict-common
たたき|jmdict-common
たたく|jmdict-common
たたずむ|jmdict-common
たたみ|jmdict-common
たたむ|jmdict-common
ただ|jmdict-common
ただい|jmdict-common
ただいま|jmdict-common
ただし|jmdict-common
ただしい|jmdict-common
ただす|jmdict-common
ただちに|jmdict-common
ただよう|jmdict-common
ただ今|jmdict-variant
たち|jmdict-common
たちあい|jmdict-common
たちあがり|jmdict-common
たちあがる|jmdict-common
たちあげる|jmdict-common
たちいり|jmdict-common
たちいりきんし|jmdict-common
たちおうじょう|jmdict-common
たちぎえ|jmdict-common
たちさる|jmdict-common
たちとまる|jmdict-variant
たちどまる|jmdict-common
たちなおり|jmdict-common
たちなおる|jmdict-common
たちのき|jmdict-common
たちのく|jmdict-common
たちば|jmdict-common
たちばな|jmdict-common
たちばなし|jmdict-common
たちまち|jmdict-common
たちよみ|jmdict-common
たちよる|jmdict-common
たち上がる|jmdict-variant
たち上げる|jmdict-variant
たっかーい|jmdict-variant
たっきゅう|jmdict-common
たっきゅうびん|jmdict-common
たっけー|jmdict-variant
たっしゃ|jmdict-common
たっする|jmdict-common
たっせい|jmdict-common
たった|jmdict-common
たって|jmdict-common
たっとい|jmdict-common
たっとぶ|jmdict-common
たっぴつ|jmdict-common
たっぷり|jmdict-common
たつ|jmdict-common
たつじん|jmdict-common
たつまき|jmdict-common
たつ巻|jmdict-variant
たづな|jmdict-common
たて|jmdict-common
たてかえる|jmdict-common
たてがき|jmdict-common
たてこむ|jmdict-common
たてつく|jmdict-common
たてつづけ|jmdict-common
たてなおす|jmdict-common
たてふだ|jmdict-common
たてまえ|jmdict-common
たてもの|jmdict-common
たてよこ|jmdict-common
たてる|jmdict-common
たて突く|jmdict-variant
たて続け|jmdict-variant
たとい|jmdict-variant
たとえ|jmdict-common
たとえば|jmdict-common
たとえる|jmdict-common
たどりつく|jmdict-common
たどり着く|jmdict-common
たどる|jmdict-common
たな|jmdict-common
たなあげ|jmdict-common
たなごころ|jmdict-variant
たなばた|jmdict-common
たなん|jmdict-common
たに|jmdict-common
たにあい|jmdict-variant
たにがわ|jmdict-common
たにそこ|jmdict-variant
たにぞこ|jmdict-common
たにま|jmdict-common
たにん|jmdict-common
たにんごと|jmdict-variant
たぬき|jmdict-common
たね|jmdict-common
たのしい|jmdict-common
たのしみ|jmdict-common
たのしむ|jmdict-common
たのみ|jmdict-common
たのむ|jmdict-common
たのもしい|jmdict-common
たは|jmdict-common
たはた|jmdict-common
たはたけ|jmdict-variant
たはつ|jmdict-common
たば|jmdict-common
たばこ|jmdict-common
たばねる|jmdict-common
たひと|jmdict-variant
たび|jmdict-common
たびかず|jmdict-variant
たびさき|jmdict-common
たびたび|jmdict-common
たびだつ|jmdict-common
たびと|jmdict-variant
たびに|jmdict-common
たびびと|jmdict-common
たび人|jmdict-variant
たぶん|jmdict-common
たべあるき|jmdict-common
たべすぎる|jmdict-common
たべもの|jmdict-common
たべる|jmdict-common
たほう|jmdict-common
たぼう|jmdict-common
たま|jmdict-common
たまご|jmdict-common
たまごがた|jmdict-common
たまざん|jmdict-variant
たましい|jmdict-common
たましずめ|jmdict-variant
たまたま|jmdict-common
たまに|jmdict-common
たまねぎ|jmdict-common
たまむしいろ|jmdict-common
たまらない|jmdict-common
たまる|jmdict-common
たみ|jmdict-common
ため|jmdict-common
ためいき|jmdict-common
ためし|jmdict-common
ためす|jmdict-common
ために|jmdict-common
ためらう|jmdict-common
ためる|jmdict-common
ためん|jmdict-common
ため息|jmdict-common
たもくてき|jmdict-common
たもちあい|jmdict-variant
たもつ|jmdict-common
たやす|jmdict-common
たやすい|jmdict-common
たゆむ|jmdict-variant
たよう|jmdict-common
たようか|jmdict-common
たようせい|jmdict-common
たより|jmdict-common
たよりない|jmdict-common
たよる|jmdict-common
たら|jmdict-common
たらす|jmdict-common
たらたら|jmdict-common
たり|jmdict-common
たりょう|jmdict-common
たりる|jmdict-common
たる|jmdict-common
たるい|jmdict-variant
たるむ|jmdict-common
たれ|jmdict-common
たれまく|jmdict-common
たれる|jmdict-common
たわむれ|jmdict-common
たわむれる|jmdict-common
たわら|jmdict-common
たん|jmdict-common
たんい|jmdict-common
たんいつ|jmdict-common
たんか|jmdict-common
たんがん|jmdict-common
たんき|jmdict-common
たんきかん|jmdict-common
たんきだいがく|jmdict-common
たんきゅう|jmdict-common
たんきょり|jmdict-common
たんけん|jmdict-common
たんけんたい|jmdict-common
たんこう|jmdict-common
たんこうぼん|jmdict-common
たんご|jmdict-common
たんさ|jmdict-common
たんさく|jmdict-common
たんさん|jmdict-common
たんざく|jmdict-common
たんしゅく|jmdict-common
たんしょ|jmdict-common
たんしん|jmdict-common
たんしんふにん|jmdict-common
たんじかん|jmdict-common
たんじゃく|jmdict-variant
たんじゅう|jmdict-common
たんじゅん|jmdict-common
たんじょう|jmdict-common
たんじょうび|jmdict-common
たんす|jmdict-common
たんすい|jmdict-common
たんすう|jmdict-common
たんせい|jmdict-common
たんせき|jmdict-common
たんそ|jmdict-common
たんそく|jmdict-common
たんたん|jmdict-common
たんだい|jmdict-common
たんち|jmdict-common
たんちょ|jmdict-variant
たんちょう|jmdict-common
たんてい|jmdict-common
たんてき|jmdict-common
たんでん|jmdict-common
たんとう|jmdict-common
たんとうしゃ|jmdict-common
たんどく|jmdict-common
たんなる|jmdict-common
たんに|jmdict-common
たんにん|jmdict-common
たんねん|jmdict-common
たんのう|jmdict-common
たんぱ|jmdict-common
たんぱく|jmdict-common
たんぱくしつ|jmdict-common
たんぱく質|jmdict-common
たんび|jmdict-variant
たんびに|jmdict-variant
たんぺん|jmdict-common
たんぼ|jmdict-common
たんぼう|jmdict-common
たんぽ|jmdict-common
たんぽぽ|jmdict-common
たんまつ|jmdict-common
たんまつき|jmdict-common
たんめい|jmdict-common
たんよく|jmdict-variant
たんらく|jmdict-common
たんれん|jmdict-common
たん白質|jmdict-variant
た易い|jmdict-variant
だあれ|jmdict-variant
だい|jmdict-common
だいい|jmdict-variant
だいいち|jmdict-common
だいいちぎ|jmdict-common
だいいちにんしゃ|jmdict-common
だいいっせい|jmdict-common
だいいっせん|jmdict-common
だいいっぽ|jmdict-common
だいうちゅう|jmdict-common
だいかいてん|jmdict-common
だいかぞく|jmdict-common
だいかん|jmdict-common
だいかんげい|jmdict-common
だいがえ|jmdict-variant
だいがく|jmdict-common
だいがくいん|jmdict-common
だいがくいんせい|jmdict-common
だいがくしんがく|jmdict-common
だいがくせい|jmdict-common
だいきぎょう|jmdict-common
だいきぼ|jmdict-common
だいきらい|jmdict-common
だいきん|jmdict-common
だいぎ|jmdict-common
だいぎし|jmdict-common
だいく|jmdict-common
だいこ|jmdict-variant
だいこう|jmdict-common
だいこうひょう|jmdict-common
だいこくばしら|jmdict-common
だいこん|jmdict-common
だいさ|jmdict-variant
だいさんごく|jmdict-common
だいさんしゃ|jmdict-common
だいざい|jmdict-common
だいし|jmdict-common
だいしぜん|jmdict-common
だいしゃ|jmdict-common
だいしゅうごう|jmdict-common
だいしょう|jmdict-common
だいしんさい|jmdict-common
だいじ|jmdict-common
だいじけん|jmdict-common
だいじだい|jmdict-variant
だいじょうぶ|jmdict-common
だいじょぶ|jmdict-variant
だいじょーぶ|jmdict-variant
だいじん|jmdict-common
だいすき|jmdict-common
だいする|jmdict-common
だいず|jmdict-common
だいせいこう|jmdict-common
だいぜんてい|jmdict-common
だいそつ|jmdict-common
だいたい|jmdict-common
だいたすう|jmdict-common
だいたん|jmdict-common
だいだ|jmdict-common
だいだい|jmdict-common
だいだいいろ|jmdict-common
だいだいてき|jmdict-common
だいだい色|jmdict-variant
だいち|jmdict-common
だいちゅうもく|jmdict-common
だいちょう|jmdict-common
だいちょうきん|jmdict-common
だいとう|jmdict-common
だいとうりょう|jmdict-common
だいとし|jmdict-common
だいどう|jmdict-common
だいどうみゃく|jmdict-common
だいどこ|jmdict-variant
だいどころ|jmdict-common
だいなし|jmdict-common
だいに|jmdict-common
だいにじせかいたいせん|jmdict-common
だいにん|jmdict-common
だいのう|jmdict-common
だいひょう|jmdict-common
だいひょうさく|jmdict-common
だいひょうてき|jmdict-common
だいぶ|jmdict-common
だいぶつ|jmdict-common
だいぶぶん|jmdict-common
だいぶん|jmdict-common
だいべん|jmdict-common
だいほん|jmdict-common
だいぼしゅう|jmdict-common
だいみょう|jmdict-common
だいめ|jmdict-common
だいめい|jmdict-common
だいめいし|jmdict-common
だいもんじ|jmdict-variant
だいやく|jmdict-common
だいよう|jmdict-common
だいり|jmdict-common
だいりせき|jmdict-common
だいりてん|jmdict-common
だいりにん|jmdict-common
だえん|jmdict-common
だえんけい|jmdict-common
だか|jmdict-variant
だかい|jmdict-common
だから|jmdict-common
だが|jmdict-common
だがし|jmdict-common
だがしや|jmdict-common
だがっき|jmdict-common
だきあう|jmdict-common
だきゅう|jmdict-common
だきょう|jmdict-common
だき合う|jmdict-variant
だく|jmdict-common
だくひ|jmdict-common
だくぼく|jmdict-variant
だくりゅう|jmdict-common
だけ|jmdict-common
だけつ|jmdict-common
だけでなく|jmdict-common
だけど|jmdict-common
だけども|jmdict-common
だけれども|jmdict-common
だげき|jmdict-common
だこう|jmdict-common
ださんてき|jmdict-common
だし|jmdict-common
だしゃ|jmdict-common
だしん|jmdict-common
だじゅん|jmdict-common
だす|jmdict-common
だすう|jmdict-common
だせい|jmdict-common
だせき|jmdict-common
だせん|jmdict-common
だたい|jmdict-common
だっかい|jmdict-common
だっかん|jmdict-common
だっきゃく|jmdict-common
だっけ|jmdict-common
だっこ|jmdict-common
だっしゅ|jmdict-common
だっしゅつ|jmdict-common
だっすい|jmdict-common
だっする|jmdict-common
だっせん|jmdict-common
だっそう|jmdict-common
だった|jmdict-common
だったい|jmdict-common
だったら|jmdict-common
だって|jmdict-common
だっぴ|jmdict-common
だつい|jmdict-common
だついしょ|jmdict-variant
だついじょ|jmdict-common
だつえ|jmdict-variant
だつさんしん|jmdict-common
だつぜい|jmdict-common
だつらく|jmdict-common
だつりゅう|jmdict-common
だて|jmdict-common
だてらに|jmdict-common
だてん|jmdict-common
だとう|jmdict-common
だの|jmdict-common
だは|jmdict-common
だぶだぶ|jmdict-common
だぼく|jmdict-common
だます|jmdict-common
だまる|jmdict-common
だめ|jmdict-common
だより|jmdict-variant
だら|jmdict-variant
だらく|jmdict-common
だらけ|jmdict-common
だらしない|jmdict-common
だらし無い|jmdict-variant
だらだら|jmdict-common
だり|jmdict-variant
だりつ|jmdict-common
だりょく|jmdict-common
だるい|jmdict-common
だるま|jmdict-common
だれ|jmdict-common
だれか|jmdict-common
だれでも|jmdict-common
だれにでも|jmdict-common
だれにも|jmdict-common
だれも|jmdict-common
だろ|jmdict-variant
だろう|jmdict-common
だろうか|jmdict-common
だん|jmdict-common
だんあつ|jmdict-common
だんいん|jmdict-common
だんかい|jmdict-common
だんがい|jmdict-common
だんがん|jmdict-common
だんけつ|jmdict-common
だんげん|jmdict-common
だんこ|jmdict-common
だんこう|jmdict-common
だんごう|jmdict-common
だんし|jmdict-common
だんしゃく|jmdict-common
だんしょう|jmdict-common
だんじ|jmdict-common
だんじき|jmdict-common
だんじて|jmdict-common
だんじょ|jmdict-common
だんじょう|jmdict-common
だんすい|jmdict-common
だんせい|jmdict-common
だんせいてき|jmdict-common
だんぜつ|jmdict-common
だんぜん|jmdict-common
だんそう|jmdict-common
だんそんじょひ|jmdict-common
だんぞく|jmdict-common
だんたい|jmdict-common
だんだん|jmdict-common
だんち|jmdict-common
だんちょう|jmdict-common
だんてい|jmdict-common
だんとう|jmdict-common
だんどう|jmdict-common
だんどり|jmdict-common
だんな|jmdict-common
だんねつ|jmdict-common
だんねん|jmdict-common
だんぺん|jmdict-common
だんぼう|jmdict-common
だんめん|jmdict-common
だんやく|jmdict-common
だんゆう|jmdict-common
だんらく|jmdict-common
だんりゅう|jmdict-common
だんりょく|jmdict-common
だんろ|jmdict-common
だんわ|jmdict-common
だんトツ|jmdict-variant
だんボール|jmdict-common
だーめ|jmdict-variant
だーれ|jmdict-variant
だ円|jmdict-variant
だ円形|jmdict-variant
ちあん|jmdict-common
ちい|jmdict-common
ちいき|jmdict-common
ちいきしゃかい|jmdict-common
ちいさい|jmdict-common
ちいさいころ|jmdict-common
ちいさな|jmdict-common
ちぇ|jmdict-variant
ちぇっ|jmdict-variant
ちえ|jmdict-common
ちえん|jmdict-common
ちか|jmdict-common
ちかい|jmdict-common
ちかう|jmdict-common
ちかく|jmdict-common
ちかくへんどう|jmdict-common
ちかごろ|jmdict-common
ちかしつ|jmdict-common
ちかすい|jmdict-common
ちかずく|jmdict-variant
ちかぢか|jmdict-common
ちかって|jmdict-common
ちかづき|jmdict-common
ちかづく|jmdict-common
ちかづける|jmdict-common
ちかてつ|jmdict-common
ちかどう|jmdict-common
ちかみち|jmdict-common
ちかめ|jmdict-variant
ちかよせる|jmdict-common
ちかよる|jmdict-common
ちから|jmdict-common
ちからいっぱい|jmdict-common
ちからぞえ|jmdict-common
ちからだめし|jmdict-common
ちからづよい|jmdict-common
ちからもち|jmdict-common
ちかん|jmdict-common
ちがい|jmdict-common
ちがいない|jmdict-common
ちがう|jmdict-common
ちき|jmdict-common
ちきしょう|jmdict-variant
ちきゅう|jmdict-common
ちきゅうおんだんか|jmdict-common
ちきゅうぎ|jmdict-common
ちきゅうじょう|jmdict-common
ちぎょ|jmdict-common
ちぎる|jmdict-common
ちぎれる|jmdict-common
ちく|jmdict-common
ちくいち|jmdict-common
ちくいつ|jmdict-variant
ちくさん|jmdict-common
ちくざい|jmdict-common
ちくしょう|jmdict-common
ちくじ|jmdict-common
ちくせき|jmdict-common
ちくでんち|jmdict-common
ちくとう|jmdict-variant
ちくび|jmdict-common
ちくり|jmdict-common
ちくりん|jmdict-common
ちぐはぐ|jmdict-common
ちけい|jmdict-common
ちけん|jmdict-common
ちこく|jmdict-common
ちさい|jmdict-common
ちし|jmdict-common
ちしき|jmdict-common
ちしきじん|jmdict-common
ちしつ|jmdict-common
ちしま|jmdict-common
ちしまれっとう|jmdict-common
ちしゅ|jmdict-variant
ちしりょう|jmdict-common
ちじ|jmdict-common
ちじむ|jmdict-variant
ちじょう|jmdict-common
ちじょく|jmdict-common
ちじん|jmdict-common
ちすい|jmdict-common
ちず|jmdict-common
ちせい|jmdict-common
ちせつ|jmdict-common
ちそう|jmdict-common
ちたい|jmdict-common
ちち|jmdict-common
ちちおや|jmdict-common
ちちかた|jmdict-common
ちちくび|jmdict-variant
ちちはは|jmdict-variant
ちちゅ|jmdict-variant
ちちゅう|jmdict-common
ちちゅうかい|jmdict-common
ちぢまる|jmdict-common
ちぢみ|jmdict-common
ちぢむ|jmdict-common
ちぢめる|jmdict-common
ちぢれる|jmdict-common
ちっ|jmdict-variant
ちっそ|jmdict-common
ちっそく|jmdict-common
ちっとも|jmdict-common
ちつじょ|jmdict-common
ちてき|jmdict-common
ちてん|jmdict-common
ちどり|jmdict-common
ちなみに|jmdict-common
ちのう|jmdict-common
ちはい|jmdict-common
ちば|jmdict-common
ちばん|jmdict-variant
ちひょう|jmdict-common
ちび|jmdict-common
ちぶさ|jmdict-common
ちへいせん|jmdict-common
ちほう|jmdict-common
ちほうぎかい|jmdict-common
ちほうぎょうせい|jmdict-common
ちほうこうきょうだんたい|jmdict-common
ちほうこうむいん|jmdict-common
ちほうじち|jmdict-common
ちほうじちたい|jmdict-common
ちほうぜい|jmdict-common
ちほうぶんけん|jmdict-common
ちまた|jmdict-common
ちみつ|jmdict-common
ちめい|jmdict-common
ちめいしょう|jmdict-common
ちめいてき|jmdict-common
ちゃ|jmdict-common
ちゃいろ|jmdict-common
ちゃう|jmdict-common
ちゃうか|jmdict-common
ちゃかっしょく|jmdict-common
ちゃく|jmdict-common
ちゃくい|jmdict-common
ちゃくえ|jmdict-variant
ちゃくし|jmdict-common
ちゃくしゅ|jmdict-common
ちゃくしゅつ|jmdict-common
ちゃくしょく|jmdict-common
ちゃくじつ|jmdict-common
ちゃくせき|jmdict-common
ちゃくち|jmdict-common
ちゃくちゃく|jmdict-common
ちゃくふく|jmdict-common
ちゃくぶく|jmdict-variant
ちゃくぼく|jmdict-variant
ちゃくもく|jmdict-common
ちゃくよう|jmdict-common
ちゃくりく|jmdict-common
ちゃしつ|jmdict-common
ちゃっこう|jmdict-common
ちゃどう|jmdict-variant
ちゃのま|jmdict-common
ちゃのゆ|jmdict-common
ちゃや|jmdict-common
ちゃわん|jmdict-common
ちゃん|jmdict-common
ちゃんと|jmdict-common
ちゃ色|jmdict-variant
ちゅう|jmdict-common
ちゅうい|jmdict-common
ちゅういぶかい|jmdict-common
ちゅういほう|jmdict-common
ちゅうえつ|jmdict-common
ちゅうおう|jmdict-common
ちゅうおうしゅうけん|jmdict-common
ちゅうか|jmdict-common
ちゅうかい|jmdict-common
ちゅうかがい|jmdict-common
ちゅうかく|jmdict-common
ちゅうかじんみんきょうわこく|jmdict-common
ちゅうかりょうり|jmdict-common
ちゅうかん|jmdict-common
ちゅうがえり|jmdict-common
ちゅうがく|jmdict-common
ちゅうがくせい|jmdict-common
ちゅうがた|jmdict-common
ちゅうがっこう|jmdict-common
ちゅうき|jmdict-common
ちゅうきゅう|jmdict-common
ちゅうきょう|jmdict-common
ちゅうぎ|jmdict-common
ちゅうけい|jmdict-common
ちゅうけん|jmdict-common
ちゅうげん|jmdict-common
ちゅうこ|jmdict-common
ちゅうこう|jmdict-common
ちゅうこく|jmdict-common
ちゅうこしゃ|jmdict-common
ちゅうごく|jmdict-common
ちゅうごくご|jmdict-common
ちゅうごくじん|jmdict-common
ちゅうさ|jmdict-common
ちゅうさい|jmdict-common
ちゅうさんかいきゅう|jmdict-common
ちゅうざい|jmdict-common
ちゅうし|jmdict-common
ちゅうしつ|jmdict-common
ちゅうしゃ|jmdict-common
ちゅうしゃく|jmdict-common
ちゅうしゃじょう|jmdict-common
ちゅうしゅつ|jmdict-common
ちゅうしょう|jmdict-common
ちゅうしょうきぎょう|jmdict-common
ちゅうしょうてき|jmdict-common
ちゅうしょく|jmdict-common
ちゅうしん|jmdict-common
ちゅうしんぶ|jmdict-common
ちゅうじ|jmdict-common
ちゅうじえん|jmdict-common
ちゅうじく|jmdict-common
ちゅうじつ|jmdict-common
ちゅうじゅん|jmdict-common
ちゅうじょう|jmdict-common
ちゅうすう|jmdict-common
ちゅうせい|jmdict-common
ちゅうせいし|jmdict-common
ちゅうせん|jmdict-common
ちゅうぜつ|jmdict-common
ちゅうぜん|jmdict-common
ちゅうそつ|jmdict-common
ちゅうぞう|jmdict-common
ちゅうたい|jmdict-common
ちゅうだん|jmdict-common
ちゅうちょ|jmdict-common
ちゅうと|jmdict-common
ちゅうとう|jmdict-common
ちゅうとはんぱ|jmdict-common
ちゅうとん|jmdict-common
ちゅうどう|jmdict-common
ちゅうどく|jmdict-common
ちゅうなんべい|jmdict-common
ちゅうにち|jmdict-common
ちゅうにゅう|jmdict-common
ちゅうにん|jmdict-variant
ちゅうねん|jmdict-common
ちゅうはん|jmdict-variant
ちゅうばん|jmdict-common
ちゅうふく|jmdict-common
ちゅうぶ|jmdict-common
ちゅうぶる|jmdict-variant
ちゅうぼう|jmdict-common
ちゅうもく|jmdict-common
ちゅうもん|jmdict-common
ちゅうや|jmdict-common
ちゅうりつ|jmdict-common
ちゅうりゃく|jmdict-common
ちゅうりゅう|jmdict-common
ちゅうわ|jmdict-common
ちゅうハイ|jmdict-variant
ちゅう房|jmdict-variant
ちゆ|jmdict-common
ちょ|jmdict-common
ちょいと|jmdict-variant
ちょう|jmdict-common
ちょうい|jmdict-common
ちょういん|jmdict-common
ちょうえき|jmdict-common
ちょうえつ|jmdict-common
ちょうおんそく|jmdict-common
ちょうおんぱ|jmdict-common
ちょうか|jmdict-common
ちょうかい|jmdict-common
ちょうかく|jmdict-common
ちょうかん|jmdict-common
ちょうき|jmdict-common
ちょうきてき|jmdict-common
ちょうきゅう|jmdict-common
ちょうきょう|jmdict-common
ちょうきょり|jmdict-common
ちょうきん|jmdict-common
ちょうぎかい|jmdict-common
ちょうけし|jmdict-common
ちょうこう|jmdict-common
ちょうこく|jmdict-common
ちょうさ|jmdict-common
ちょうざ|jmdict-variant
ちょうざい|jmdict-common
ちょうし|jmdict-common
ちょうしゃ|jmdict-common
ちょうしゅ|jmdict-common
ちょうしゅう|jmdict-common
ちょうしょ|jmdict-common
ちょうしょう|jmdict-variant
ちょうしょく|jmdict-common
ちょうしん|jmdict-common
ちょうじ|jmdict-common
ちょうじかん|jmdict-common
ちょうじゃ|jmdict-common
ちょうじゃく|jmdict-variant
ちょうじゅ|jmdict-common
ちょうじゅう|jmdict-common
ちょうじょ|jmdict-common
ちょうじょう|jmdict-common
ちょうじん|jmdict-common
ちょうせい|jmdict-common
ちょうせき|jmdict-variant
ちょうせつ|jmdict-common
ちょうせん|jmdict-common
ちょうせんはんとう|jmdict-common
ちょうせんみんしゅしゅぎじんみんきょうわこく|jmdict-common
ちょうぜい|jmdict-common
ちょうそ|jmdict-common
ちょうそん|jmdict-common
ちょうぞう|jmdict-common
ちょうたつ|jmdict-common
ちょうたん|jmdict-common
ちょうだ|jmdict-common
ちょうだい|jmdict-common
ちょうだのれつ|jmdict-common
ちょうちょ|jmdict-variant
ちょうちょう|jmdict-common
ちょうてい|jmdict-common
ちょうてん|jmdict-common
ちょうでん|jmdict-common
ちょうでんどう|jmdict-common
ちょうとうは|jmdict-common
ちょうとっきゅう|jmdict-common
ちょうど|jmdict-common
ちょうない|jmdict-common
ちょうなん|jmdict-common
ちょうにく|jmdict-variant
ちょうにん|jmdict-common
ちょうはつ|jmdict-common
ちょうはつてき|jmdict-common
ちょうばつ|jmdict-common
ちょうふ|jmdict-common
ちょうふく|jmdict-common
ちょうへい|jmdict-common
ちょうへん|jmdict-common
ちょうほう|jmdict-common
ちょうほうけい|jmdict-common
ちょうほんにん|jmdict-common
ちょうぼ|jmdict-common
ちょうぼう|jmdict-common
ちょうみりょう|jmdict-common
ちょうみん|jmdict-common
ちょうめ|jmdict-common
ちょうもん|jmdict-common
ちょうやく|jmdict-common
ちょうり|jmdict-common
ちょうりゅう|jmdict-common
ちょうるい|jmdict-common
ちょうれい|jmdict-common
ちょうろう|jmdict-common
ちょうわ|jmdict-common
ちょき|jmdict-variant
ちょきん|jmdict-common
ちょく|jmdict-common
ちょくえい|jmdict-common
ちょくげき|jmdict-common
ちょくご|jmdict-common
ちょくし|jmdict-common
ちょくしん|jmdict-common
ちょくせつ|jmdict-common
ちょくせつせんきょ|jmdict-common
ちょくせつぜい|jmdict-common
ちょくせつてき|jmdict-common
ちょくせん|jmdict-common
ちょくぜん|jmdict-common
ちょくぞく|jmdict-common
ちょくちょく|jmdict-common
ちょくつう|jmdict-common
ちょくめん|jmdict-common
ちょくれつ|jmdict-common
ちょさく|jmdict-common
ちょさくけん|jmdict-common
ちょしゃ|jmdict-common
ちょしょ|jmdict-common
ちょすい|jmdict-common
ちょすいち|jmdict-common
ちょせん|jmdict-variant
ちょぞう|jmdict-common
ちょちく|jmdict-common
ちょっか|jmdict-common
ちょっかく|jmdict-common
ちょっかつ|jmdict-common
ちょっかん|jmdict-common
ちょっきゅう|jmdict-common
ちょっけい|jmdict-common
ちょっこう|jmdict-common
ちょっこうびん|jmdict-common
ちょっと|jmdict-common
ちょっぴり|jmdict-common
ちょと|jmdict-variant
ちょびっと|jmdict-common
ちょびと|jmdict-common
ちょぴり|jmdict-variant
ちょめい|jmdict-common
ちょーだい|jmdict-variant
ちよ|jmdict-common
ちらかす|jmdict-common
ちらかる|jmdict-common
ちらし|jmdict-common
ちらす|jmdict-common
ちらちら|jmdict-common
ちらっと|jmdict-common
ちらと|jmdict-variant
ちらばる|jmdict-common
ちらり|jmdict-variant
ちり|jmdict-common
ちりがみ|jmdict-common
ちりし|jmdict-variant
ちりじょうほうシステム|jmdict-common
ちりとり|jmdict-common
ちりょう|jmdict-common
ちりょうほう|jmdict-common
ちり取|jmdict-variant
ちり取り|jmdict-common
ちり紙|jmdict-common
ちる|jmdict-common
ちん|jmdict-common
ちんあげ|jmdict-common
ちんあつ|jmdict-common
ちんか|jmdict-common
ちんきん|jmdict-variant
ちんぎん|jmdict-common
ちんこん|jmdict-common
ちんしゃ|jmdict-common
ちんしゃく|jmdict-common
ちんじゅ|jmdict-common
ちんじゅつ|jmdict-common
ちんじょう|jmdict-common
ちんせい|jmdict-common
ちんたい|jmdict-common
ちんちゃく|jmdict-common
ちんちょう|jmdict-common
ちんちん|jmdict-common
ちんつうざい|jmdict-common
ちんぴら|jmdict-variant
ちんぴん|jmdict-common
ちんぷ|jmdict-common
ちんぷんかんぷん|jmdict-common
ちんぼつ|jmdict-common
ちんみ|jmdict-common
ちんもく|jmdict-common
ちんれつ|jmdict-common
ぢゃない|jmdict-variant
ぢゃ無い|jmdict-variant
ぢゅう|jmdict-variant
ぢょうじゃく|jmdict-variant
ったい|jmdict-variant
ったら|jmdict-common
って|jmdict-common
ってことは|jmdict-common
っぱなし|jmdict-common
っぽい|jmdict-common
っ放し|jmdict-variant
つい|jmdict-common
ついか|jmdict-common
ついかりょうきん|jmdict-common
ついきゅう|jmdict-common
ついげき|jmdict-common
ついしん|jmdict-common
ついじ|jmdict-common
ついずい|jmdict-common
ついせき|jmdict-common
ついたち|jmdict-common
ついちょう|jmdict-common
ついて|jmdict-common
ついていく|jmdict-common
ついている|jmdict-common
ついてくる|jmdict-common
ついてゆく|jmdict-variant
ついてる|jmdict-common
ついて来る|jmdict-variant
ついて行く|jmdict-common
ついで|jmdict-common
ついでに|jmdict-common
ついとう|jmdict-common
ついとつ|jmdict-common
ついに|jmdict-common
ついほう|jmdict-common
ついやす|jmdict-common
ついらく|jmdict-common
ついり|jmdict-variant
つう|jmdict-common
つういん|jmdict-common
つうか|jmdict-common
つうかん|jmdict-common
つうがく|jmdict-common
つうきん|jmdict-common
つうこう|jmdict-common
つうこうどめ|jmdict-common
つうこく|jmdict-common
つうこん|jmdict-common
つうさん|jmdict-common
つうさんしょう|jmdict-common
つうしょう|jmdict-common
つうしん|jmdict-common
つうしんえいせい|jmdict-common
つうしんしゃ|jmdict-common
つうしんはんばい|jmdict-common
つうしんもう|jmdict-common
つうじ|jmdict-common
つうじょう|jmdict-common
つうじる|jmdict-common
つうぞくてき|jmdict-common
つうたつ|jmdict-common
つうだつ|jmdict-variant
つうち|jmdict-common
つうちょう|jmdict-common
つうねん|jmdict-common
つうはん|jmdict-common
つうほう|jmdict-common
つうや|jmdict-variant
つうやく|jmdict-common
つうよう|jmdict-common
つうれい|jmdict-common
つうれつ|jmdict-common
つうろ|jmdict-common
つうわ|jmdict-common
つえ|jmdict-common
つか|jmdict-common
つかい|jmdict-common
つかいかた|jmdict-common
つかいすて|jmdict-common
つかいずて|jmdict-variant
つかいみち|jmdict-common
つかいわけ|jmdict-common
つかう|jmdict-common
つかえる|jmdict-common
つかさどる|jmdict-common
つかねる|jmdict-variant
つかのま|jmdict-common
つかの間|jmdict-common
つかまえる|jmdict-common
つかまる|jmdict-common
つかむ|jmdict-common
つかる|jmdict-common
つかれ|jmdict-common
つかれはてる|jmdict-common
つかれる|jmdict-common
つき|jmdict-common
つきあい|jmdict-common
つきあう|jmdict-common
つきあげる|jmdict-common
つきあたり|jmdict-common
つきあたる|jmdict-common
つきさす|jmdict-common
つきずえ|jmdict-variant
つきそい|jmdict-common
つきづき|jmdict-common
つきなみ|jmdict-common
つきぬける|jmdict-common
つきのうさぎ|jmdict-common
つきはじめ|jmdict-common
つきひ|jmdict-common
つきみ|jmdict-common
つきやま|jmdict-common
つきよ|jmdict-common
つきる|jmdict-common
つき上げる|jmdict-variant
つき刺す|jmdict-variant
つき合い|jmdict-variant
つき合う|jmdict-variant
つき当たり|jmdict-variant
つぎ|jmdict-common
つぎこむ|jmdict-common
つぎつぎ|jmdict-common
つぎつぎに|jmdict-common
つぎのように|jmdict-common
つぎはぎ|jmdict-common
つぎ込む|jmdict-variant
つく|jmdict-common
つくえ|jmdict-common
つくす|jmdict-common
つくずく|jmdict-variant
つくだ|jmdict-common
つくつく|jmdict-variant
つくづく|jmdict-common
つくばる|jmdict-variant
つくよ|jmdict-variant
つくり|jmdict-common
つくりあげる|jmdict-common
つくりだす|jmdict-common
つくりばなし|jmdict-common
つくりわらい|jmdict-common
つくり上げる|jmdict-variant
つくり出す|jmdict-variant
つくる|jmdict-common
つくろう|jmdict-common
つぐ|jmdict-common
つぐない|jmdict-common
つぐなう|jmdict-common
つぐのう|jmdict-variant
つけ|jmdict-common
つけくわえる|jmdict-common
つけこむ|jmdict-common
つけたす|jmdict-common
つけね|jmdict-common
つけもの|jmdict-common
つける|jmdict-common
つけ加える|jmdict-variant
つけ根|jmdict-variant
つけ足す|jmdict-variant
つけ込む|jmdict-common
つげる|jmdict-common
つごう|jmdict-common
つごもり|jmdict-variant
つし|jmdict-variant
つじ|jmdict-common
つじかぜ|jmdict-variant
つじつま|jmdict-common
つじ風|jmdict-variant
つたう|jmdict-common
つたえる|jmdict-common
つたわる|jmdict-common
つち|jmdict-common
つちかう|jmdict-common
つっかえる|jmdict-variant
つっこむ|jmdict-common
つっぱり|jmdict-common
つっぱる|jmdict-common
つつ|jmdict-common
つつい|jmdict-common
つつく|jmdict-common
つつしむ|jmdict-common
つつじ|jmdict-common
つつみ|jmdict-common
つつみがみ|jmdict-common
つつみこむ|jmdict-common
つつむ|jmdict-common
つづき|jmdict-common
つづく|jmdict-common
つづける|jmdict-common
つづみ|jmdict-common
つづら|jmdict-variant
つづり|jmdict-common
つづる|jmdict-common
つとめ|jmdict-common
つとめさき|jmdict-common
つとめて|jmdict-common
つとめる|jmdict-common
つど|jmdict-common
つどい|jmdict-common
つどう|jmdict-common
つな|jmdict-common
つながり|jmdict-common
つながる|jmdict-common
つなぐ|jmdict-common
つなひき|jmdict-common
つなみ|jmdict-common
つなわたり|jmdict-common
つなわち|jmdict-variant
つな引き|jmdict-variant
つな渡り|jmdict-variant
つね|jmdict-common
つねに|jmdict-common
つの|jmdict-common
つのる|jmdict-common
つば|jmdict-common
つばき|jmdict-common
つばくら|jmdict-variant
つばくらめ|jmdict-variant
つばくろ|jmdict-variant
つばさ|jmdict-common
つばめ|jmdict-common
つび|jmdict-variant
つぶ|jmdict-common
つぶじょう|jmdict-variant
つぶす|jmdict-common
つぶやく|jmdict-common
つぶる|jmdict-common
つぶれる|jmdict-common
つべたい|jmdict-variant
つぼ|jmdict-common
つぼみ|jmdict-common
つま|jmdict-common
つまこ|jmdict-variant
つまさき|jmdict-common
つまずく|jmdict-common
つまづく|jmdict-variant
つまみ|jmdict-common
つまむ|jmdict-common
つまようじ|jmdict-common
つまらせる|jmdict-common
つまらない|jmdict-common
つまらねー|jmdict-variant
つまり|jmdict-common
つまる|jmdict-common
つまんない|jmdict-common
つまんね|jmdict-variant
つまんねー|jmdict-variant
つま先|jmdict-common
つま楊枝|jmdict-variant
つみ|jmdict-common
つみかさね|jmdict-common
つみかさねる|jmdict-common
つみこむ|jmdict-common
つみたて|jmdict-common
つみたてきん|jmdict-common
つみ重ね|jmdict-variant
つみ重ねる|jmdict-variant
つむ|jmdict-common
つむぐ|jmdict-common
つむじかぜ|jmdict-variant
つむじ風|jmdict-variant
つむる|jmdict-common
つめ|jmdict-common
つめきり|jmdict-common
つめこむ|jmdict-common
つめたい|jmdict-common
つめる|jmdict-common
つめ込む|jmdict-variant
つもり|jmdict-common
つもる|jmdict-common
つや|jmdict-common
つやつや|jmdict-common
つゆ|jmdict-common
つゆあけ|jmdict-common
つゆいり|jmdict-common
つよい|jmdict-common
つよき|jmdict-common
つよさ|jmdict-common
つよまる|jmdict-common
つよみ|jmdict-common
つよめる|jmdict-common
つら|jmdict-common
つらい|jmdict-common
つらなる|jmdict-common
つらぬきとおす|jmdict-common
つらぬき通す|jmdict-variant
つらぬく|jmdict-common
つらねる|jmdict-common
つり|jmdict-common
つりあい|jmdict-common
つりあう|jmdict-common
つりせん|jmdict-common
つりばり|jmdict-common
つりぼり|jmdict-common
つり合う|jmdict-variant
つり針|jmdict-variant
つり銭|jmdict-variant
つる|jmdict-common
つるぎ|jmdict-variant
つるす|jmdict-common
つるつる|jmdict-common
つれ|jmdict-common
つれさる|jmdict-common
つれていく|jmdict-common
つれてくる|jmdict-common
つれてゆく|jmdict-variant
つれて来る|jmdict-variant
つれて行く|jmdict-variant
つれる|jmdict-common
つわり|jmdict-common
つんどく|jmdict-common
つん読|jmdict-variant
づき|jmdict-variant
づつ|jmdict-common
づるづる|jmdict-variant
づれ|jmdict-common
づれる|jmdict-variant
てあし|jmdict-common
てあたりしだい|jmdict-common
てあて|jmdict-common
てあらい|jmdict-common
てい|jmdict-variant
ていあん|jmdict-common
ていいん|jmdict-common
ていえん|jmdict-common
ていおん|jmdict-common
ていか|jmdict-common
ていかかく|jmdict-common
ていかん|jmdict-common
ていがく|jmdict-common
ていがくねん|jmdict-common
ていき|jmdict-common
ていきあつ|jmdict-common
ていきけん|jmdict-common
ていきこうどく|jmdict-common
ていきてき|jmdict-common
ていきびん|jmdict-common
ていきゅう|jmdict-common
ていきゅうび|jmdict-common
ていきょう|jmdict-common
ていきょうしゃ|jmdict-common
ていきよきん|jmdict-common
ていぎ|jmdict-common
ていけい|jmdict-common
ていけつ|jmdict-common
ていげん|jmdict-common
ていこう|jmdict-common
ていこく|jmdict-common
ていこくしゅぎ|jmdict-common
ていさい|jmdict-common
ていさつ|jmdict-common
ていし|jmdict-common
ていしゃ|jmdict-common
ていしゅ|jmdict-common
ていしゅつ|jmdict-common
ていしょう|jmdict-common
ていしょく|jmdict-common
ていじ|jmdict-common
ていじせい|jmdict-common
ていじゅう|jmdict-common
ていすいじゅん|jmdict-common
ていすう|jmdict-common
ていせい|jmdict-common
ていせつ|jmdict-common
ていせん|jmdict-common
ていそ|jmdict-common
ていたい|jmdict-common
ていたく|jmdict-common
ていち|jmdict-common
ていちゃく|jmdict-common
ていちょう|jmdict-common
ていでん|jmdict-common
ていとう|jmdict-common
ていとうけん|jmdict-common
ていど|jmdict-common
ていない|jmdict-common
ていねい|jmdict-common
ていねん|jmdict-common
ていはく|jmdict-common
ていばん|jmdict-common
ていひょう|jmdict-common
ていへん|jmdict-common
ていぼう|jmdict-common
ていまい|jmdict-common
ていめい|jmdict-common
ていやく|jmdict-common
ていらく|jmdict-common
ていり|jmdict-common
ていりつ|jmdict-common
ていりゅう|jmdict-common
ていりゅうしょ|jmdict-variant
ていりゅうじょ|jmdict-common
ていりょう|jmdict-common
ていりょうきん|jmdict-common
ていれ|jmdict-common
ていれい|jmdict-common
てうす|jmdict-common
ておくれ|jmdict-common
ておち|jmdict-common
てかず|jmdict-variant
てがかり|jmdict-common
てがき|jmdict-common
てがける|jmdict-common
てがた|jmdict-common
てがたい|jmdict-common
てがみ|jmdict-common
てがら|jmdict-common
てがる|jmdict-common
てき|jmdict-common
てきい|jmdict-common
てきおう|jmdict-common
てきかく|jmdict-common
てきぎ|jmdict-common
てきこく|jmdict-common
てきごう|jmdict-common
てきしつ|jmdict-common
てきしゅつ|jmdict-common
てきじ|jmdict-common
てきする|jmdict-common
てきせい|jmdict-common
てきせつ|jmdict-common
てきたい|jmdict-common
てきちゅう|jmdict-common
てきとう|jmdict-common
てきど|jmdict-common
てきはつ|jmdict-common
てきほう|jmdict-common
てきよう|jmdict-common
てきりょう|jmdict-common
てきれい|jmdict-common
てきれいき|jmdict-common
てぎわ|jmdict-common
てぎわよく|jmdict-common
てくてく|jmdict-common
てくび|jmdict-common
てぐさり|jmdict-variant
てぐち|jmdict-common
てごたえ|jmdict-common
てごろ|jmdict-common
てごわい|jmdict-common
てさぐり|jmdict-common
てさげ|jmdict-common
てじな|jmdict-common
てじゅん|jmdict-common
てじょう|jmdict-common
てすう|jmdict-common
てすうりょう|jmdict-common
てすり|jmdict-common
てせい|jmdict-common
てだすけ|jmdict-common
てだて|jmdict-common
てちょう|jmdict-common
てっかい|jmdict-common
てっかく|jmdict-common
てっきょ|jmdict-common
てっきょう|jmdict-common
てっきり|jmdict-common
てっきん|jmdict-common
てっこう|jmdict-common
てっこく|jmdict-variant
てっこつ|jmdict-common
てっしゅう|jmdict-common
てっする|jmdict-common
てっせい|jmdict-common
てったい|jmdict-common
てってい|jmdict-common
てっていてき|jmdict-common
てっぱい|jmdict-common
てっぱん|jmdict-common
てっぺい|jmdict-common
てっぺん|jmdict-common
てっぽう|jmdict-common
てつ|jmdict-common
てつがく|jmdict-common
てつじん|jmdict-common
てつせい|jmdict-variant
てつだい|jmdict-common
てつだう|jmdict-common
てつづき|jmdict-common
てつどう|jmdict-common
てつぼう|jmdict-common
てつや|jmdict-common
てづくり|jmdict-common
てて|jmdict-variant
てておや|jmdict-variant
ててはは|jmdict-variant
てとり|jmdict-common
てなおし|jmdict-common
てにいれる|jmdict-common
てにはいる|jmdict-common
てにもつ|jmdict-common
てぬき|jmdict-common
てぬぐい|jmdict-common
てのひら|jmdict-common
てはい|jmdict-common
てはじめ|jmdict-common
てばなし|jmdict-common
てばやい|jmdict-common
てびかえ|jmdict-common
てびき|jmdict-common
てびきしょ|jmdict-common
てぶくろ|jmdict-common
てぶり|jmdict-common
てへん|jmdict-variant
てほん|jmdict-common
てま|jmdict-common
てまえ|jmdict-common
てまねき|jmdict-common
てもち|jmdict-common
てもと|jmdict-common
てら|jmdict-common
てらす|jmdict-common
てる|jmdict-common
てれる|jmdict-common
てわけ|jmdict-common
てわたす|jmdict-common
てん|jmdict-common
てんい|jmdict-common
てんいん|jmdict-common
てんおうせい|jmdict-variant
てんか|jmdict-common
てんかい|jmdict-common
てんかぶつ|jmdict-common
てんかん|jmdict-common
てんが|jmdict-variant
てんき|jmdict-common
てんきょ|jmdict-common
てんきよほう|jmdict-common
てんきん|jmdict-common
てんぐ|jmdict-common
てんけい|jmdict-common
てんけいてき|jmdict-common
てんけん|jmdict-common
てんげ|jmdict-variant
てんこ|jmdict-common
てんこう|jmdict-common
てんこく|jmdict-variant
てんごく|jmdict-common
てんさ|jmdict-common
てんさい|jmdict-common
てんさく|jmdict-common
てんざい|jmdict-common
てんし|jmdict-common
てんしゅ|jmdict-common
てんしゅつ|jmdict-common
てんしょく|jmdict-common
てんしん|jmdict-common
てんじ|jmdict-common
てんじかい|jmdict-common
てんじゅ|jmdict-common
てんじょう|jmdict-common
てんじる|jmdict-common
てんじん|jmdict-common
てんすう|jmdict-common
てんせい|jmdict-common
てんせん|jmdict-common
てんそう|jmdict-common
てんたい|jmdict-common
てんち|jmdict-common
てんちょう|jmdict-common
てんてき|jmdict-common
てんてん|jmdict-common
てんとう|jmdict-common
てんない|jmdict-common
てんにん|jmdict-common
てんねん|jmdict-common
てんねんおんせん|jmdict-common
てんねんきねんぶつ|jmdict-common
てんねんとう|jmdict-common
てんねんガス|jmdict-common
てんのう|jmdict-common
てんのうせい|jmdict-common
てんのうへいか|jmdict-common
てんばい|jmdict-common
てんぷ|jmdict-common
てんぷく|jmdict-common
てんぷら|jmdict-common
てんぼう|jmdict-common
てんぽ|jmdict-common
てんまんぐう|jmdict-common
てんめい|jmdict-common
てんめつ|jmdict-common
てんもん|jmdict-common
てんもんがく|jmdict-common
てんもんだい|jmdict-common
てんやく|jmdict-common
てんよう|jmdict-common
てんらく|jmdict-common
てんらんかい|jmdict-common
てんり|jmdict-common
であい|jmdict-common
であう|jmdict-common
であし|jmdict-common
であります|jmdict-common
である|jmdict-common
でいしょう|jmdict-variant
でいすい|jmdict-common
でいたん|jmdict-common
でいり|jmdict-common
でいりぐち|jmdict-common
でおくれる|jmdict-common
でかい|jmdict-common
でかける|jmdict-common
でかせぎ|jmdict-common
でかた|jmdict-common
でき|jmdict-common
できあがり|jmdict-common
できあがる|jmdict-common
できごと|jmdict-common
できだか|jmdict-common
できる|jmdict-common
できるだけ|jmdict-common
できるだけはやく|jmdict-common
できるだけ早く|jmdict-common
でき上がり|jmdict-variant
でき上がる|jmdict-variant
でき事|jmdict-variant
でき高|jmdict-variant
でぐち|jmdict-common
でけぇ|jmdict-variant
でけえ|jmdict-variant
でけー|jmdict-variant
でこぼこ|jmdict-common
でございます|jmdict-common
でさえ|jmdict-common
でし|jmdict-common
でしいり|jmdict-common
でしかない|jmdict-common
でしょ|jmdict-common
でしょう|jmdict-common
でしょうか|jmdict-common
です|jmdict-common
ですか|jmdict-common
ですから|jmdict-common
ですが|jmdict-common
ですぎる|jmdict-common
でたらめ|jmdict-common
でっかい|jmdict-common
でっけぇ|jmdict-variant
でっけえ|jmdict-variant
でっけー|jmdict-variant
でつぞう|jmdict-variant
でないと|jmdict-common
でなおし|jmdict-common
でなければ|jmdict-common
でなければいけない|jmdict-variant
でなければならない|jmdict-common
でなければならぬ|jmdict-variant
では|jmdict-common
ではいり|jmdict-variant
ではない|jmdict-common
ではないか|jmdict-common
ではまた|jmdict-common
では無い|jmdict-variant
では無いか|jmdict-common
でばん|jmdict-common
でぶ|jmdict-variant
でまえ|jmdict-common
でむかえ|jmdict-common
でむかえる|jmdict-common
でむく|jmdict-common
でも|jmdict-common
でもある|jmdict-common
でもない|jmdict-common
でも無い|jmdict-variant
でる|jmdict-common
でんあつ|jmdict-common
でんえん|jmdict-common
でんおん|jmdict-variant
でんか|jmdict-common
でんき|jmdict-common
でんきせいひん|jmdict-common
でんきつうしん|jmdict-common
でんきゅう|jmdict-common
でんきょく|jmdict-common
でんげき|jmdict-common
でんげん|jmdict-common
でんげんかいはつ|jmdict-common
でんげんケーブル|jmdict-common
でんこう|jmdict-common
でんごん|jmdict-common
でんし|jmdict-common
でんしぶひん|jmdict-common
でんしゃ|jmdict-common
でんしょう|jmdict-common
でんしん|jmdict-common
でんしメール|jmdict-common
でんじしゃく|jmdict-common
でんせつ|jmdict-common
でんせん|jmdict-common
でんせんびょう|jmdict-common
でんそう|jmdict-common
でんたく|jmdict-common
でんたつ|jmdict-common
でんち|jmdict-common
でんちぎれ|jmdict-common
でんちゅう|jmdict-common
でんつうだい|jmdict-common
でんてつ|jmdict-common
でんとう|jmdict-common
でんとうてき|jmdict-common
でんとうぶんか|jmdict-common
でんどう|jmdict-common
でんばた|jmdict-variant
でんぱ|jmdict-common
でんぱた|jmdict-variant
でんぴょう|jmdict-common
でんぼ|jmdict-variant
でんぽ|jmdict-variant
でんぽう|jmdict-common
でんりゅう|jmdict-common
でんりょく|jmdict-common
でんわ|jmdict-common
でんわき|jmdict-common
でんわちょう|jmdict-common
でんわばんごう|jmdict-common
で御座います|jmdict-common
とい|jmdict-common
といあわせ|jmdict-common
といあわせる|jmdict-common
という|jmdict-common
ということは|jmdict-common
ということはない|jmdict-common
というもの|jmdict-common
という物|jmdict-variant
といえば|jmdict-common
といっても|jmdict-common
といや|jmdict-variant
とう|jmdict-common
とうあ|jmdict-common
とうあん|jmdict-common
とういつ|jmdict-common
とういつかん|jmdict-common
とういん|jmdict-common
とうえい|jmdict-common
とうおう|jmdict-common
とうか|jmdict-common
とうかい|jmdict-common
とうかく|jmdict-common
とうかつ|jmdict-common
とうかん|jmdict-common
とうがらし|jmdict-common
とうき|jmdict-common
とうきゅう|jmdict-common
とうきょう|jmdict-common
とうきょうしょうけんとりひきしょ|jmdict-variant
とうきょうしょうけんとりひきじょ|jmdict-common
とうきょく|jmdict-common
とうぎ|jmdict-common
とうぐう|jmdict-common
とうけい|jmdict-common
とうけつ|jmdict-common
とうけん|jmdict-common
とうげ|jmdict-common
とうげい|jmdict-common
とうこう|jmdict-common
とうこつ|jmdict-common
とうごう|jmdict-common
とうごく|jmdict-variant
とうさい|jmdict-common
とうさく|jmdict-common
とうさん|jmdict-common
とうざい|jmdict-common
とうし|jmdict-common
とうししんたく|jmdict-common
とうしつ|jmdict-common
とうしゃ|jmdict-common
とうしゅ|jmdict-common
とうしゅせん|jmdict-common
とうしょ|jmdict-common
とうしょく|jmdict-variant
とうしん|jmdict-common
とうじ|jmdict-common
とうじき|jmdict-common
とうじしゃ|jmdict-common
とうじつ|jmdict-common
とうじょう|jmdict-common
とうじょうじんぶつ|jmdict-common
とうじる|jmdict-common
とうすい|jmdict-common
とうせい|jmdict-common
とうせき|jmdict-common
とうせん|jmdict-common
とうぜん|jmdict-common
とうそう|jmdict-common
とうぞく|jmdict-common
とうたつ|jmdict-common
とうだい|jmdict-common
とうち|jmdict-common
とうちゃく|jmdict-common
とうちょう|jmdict-common
とうちょく|jmdict-common
とうてい|jmdict-common
とうてん|jmdict-common
とうと|jmdict-common
とうとい|jmdict-common
とうとう|jmdict-common
とうとつ|jmdict-common
とうとぶ|jmdict-common
とうどり|jmdict-common
とうない|jmdict-common
とうなん|jmdict-common
とうにゅう|jmdict-common
とうにょうびょう|jmdict-common
とうにん|jmdict-common
とうの|jmdict-common
とうは|jmdict-common
とうはつ|jmdict-common
とうばん|jmdict-common
とうひ|jmdict-common
とうひょう|jmdict-common
とうひょうしょ|jmdict-common
とうひょうじょ|jmdict-variant
とうひょうばこ|jmdict-common
とうひん|jmdict-common
とうびょう|jmdict-common
とうふ|jmdict-common
とうぶ|jmdict-common
とうぶん|jmdict-common
とうべん|jmdict-common
とうほう|jmdict-common
とうほく|jmdict-common
とうほん|jmdict-common
とうぼう|jmdict-common
とうみん|jmdict-common
とうむ|jmdict-common
とうめい|jmdict-common
とうめん|jmdict-common
とうもろこし|jmdict-common
とうやく|jmdict-common
とうゆ|jmdict-common
とうゆうし|jmdict-common
とうよ|jmdict-common
とうよう|jmdict-common
とうらい|jmdict-common
とうらく|jmdict-common
とうり|jmdict-common
とうりゃく|jmdict-common
とうりゅうもん|jmdict-common
とうるい|jmdict-common
とうろく|jmdict-common
とうろくしゃ|jmdict-common
とうろくしょうひょう|jmdict-common
とうろくばんごう|jmdict-common
とうろん|jmdict-common
とうわく|jmdict-common
とえい|jmdict-common
とお|jmdict-common
とおあさ|jmdict-common
とおい|jmdict-common
とおか|jmdict-common
とおく|jmdict-common
とおざかる|jmdict-common
とおし|jmdict-common
とおす|jmdict-common
とおやま|jmdict-variant
とおり|jmdict-common
とおりすぎる|jmdict-common
とおり過ぎる|jmdict-variant
とおる|jmdict-common
とか|jmdict-common
とかい|jmdict-common
とかく|jmdict-common
とかす|jmdict-common
とかり|jmdict-variant
とがめる|jmdict-common
とがる|jmdict-common
とき|jmdict-common
ときおり|jmdict-common
ときとして|jmdict-common
ときどき|jmdict-common
ときには|jmdict-common
ときはかねなり|jmdict-common
ときほぐす|jmdict-common
ときより|jmdict-variant
とぎ|jmdict-common
とぎれる|jmdict-common
とく|jmdict-common
とくい|jmdict-common
とくいさき|jmdict-common
とくぎ|jmdict-common
とくさく|jmdict-common
とくさん|jmdict-common
とくし|jmdict-common
とくしか|jmdict-common
とくしつ|jmdict-common
とくしゃ|jmdict-common
とくしゅ|jmdict-common
とくしゅう|jmdict-common
とくしゅほうじん|jmdict-common
とくしょ|jmdict-variant
とくしょく|jmdict-common
とくじゅ|jmdict-common
とくする|jmdict-common
とくせい|jmdict-common
とくせつ|jmdict-common
とくせん|jmdict-common
とくそう|jmdict-common
とくそく|jmdict-common
とくだい|jmdict-common
とくだん|jmdict-common
とくちょう|jmdict-common
とくてい|jmdict-common
とくてん|jmdict-common
とくとく|jmdict-common
とくに|jmdict-common
とくはいん|jmdict-common
とくばい|jmdict-common
とくひつ|jmdict-common
とくひょう|jmdict-common
とくべつ|jmdict-common
とくべつかかく|jmdict-common
とくべつく|jmdict-common
とくほん|jmdict-common
とくめい|jmdict-common
とくやく|jmdict-common
とくゆう|jmdict-common
とくれい|jmdict-common
とぐ|jmdict-common
とぐち|jmdict-common
とけい|jmdict-common
とけこむ|jmdict-common
とける|jmdict-common
とけ込む|jmdict-variant
とげ|jmdict-common
とげる|jmdict-common
とこ|jmdict-common
とこう|jmdict-common
とこのま|jmdict-common
とこや|jmdict-common
ところ|jmdict-common
ところが|jmdict-common
ところで|jmdict-common
ところどころ|jmdict-common
ところを|jmdict-common
とこを|jmdict-variant
とざす|jmdict-common
とざん|jmdict-common
とし|jmdict-common
としあけ|jmdict-common
としうえ|jmdict-common
としおとこ|jmdict-common
としがしら|jmdict-variant
としけいかく|jmdict-common
としごろ|jmdict-common
としした|jmdict-common
としつき|jmdict-common
として|jmdict-common
としても|jmdict-common
としとった|jmdict-common
としどし|jmdict-variant
としぶ|jmdict-common
としょ|jmdict-common
としょかん|jmdict-common
としょしつ|jmdict-common
としより|jmdict-common
としをとる|jmdict-common
としん|jmdict-common
としガス|jmdict-common
とじこめる|jmdict-common
とじこもる|jmdict-common
とじまり|jmdict-common
とじょう|jmdict-common
とじょうこく|jmdict-common
とじる|jmdict-common
とする|jmdict-common
とすると|jmdict-common
とすれば|jmdict-common
とせい|jmdict-common
とそう|jmdict-common
とたん|jmdict-common
とたんに|jmdict-common
とだえる|jmdict-common
とだな|jmdict-common
とち|jmdict-common
とちがら|jmdict-common
とちゅう|jmdict-common
とちょう|jmdict-common
とっかん|jmdict-common
とっき|jmdict-common
とっきゅう|jmdict-common
とっきょ|jmdict-common
とっきょちょう|jmdict-common
とっくに|jmdict-common
とっくん|jmdict-common
とっけん|jmdict-common
とっこうたい|jmdict-common
とっこうやく|jmdict-common
とっさに|jmdict-common
とっしゅつ|jmdict-common
とっしん|jmdict-common
とって|jmdict-common
とっても|jmdict-variant
とっぱ|jmdict-common
とっぱん|jmdict-common
とっぱんいんさつ|jmdict-common
とっぷう|jmdict-common
とつおう|jmdict-variant
とつぐ|jmdict-common
とつじょ|jmdict-common
とつぜん|jmdict-common
とつにゅう|jmdict-common
とても|jmdict-common
ととのう|jmdict-common
ととのえる|jmdict-common
ととのった|jmdict-common
とどうふけん|jmdict-common
とどく|jmdict-common
とどけ|jmdict-common
とどけで|jmdict-common
とどける|jmdict-common
とどまる|jmdict-common
とどめなく|jmdict-variant
とどめる|jmdict-common
とない|jmdict-common
となえる|jmdict-common
となかい|jmdict-variant
となったら|jmdict-common
となり|jmdict-common
となりあう|jmdict-common
となりあわせ|jmdict-common
となり合う|jmdict-variant
となり合わせ|jmdict-variant
となる|jmdict-common
となると|jmdict-common
となれば|jmdict-common
とにかく|jmdict-common
とのさま|jmdict-common
とは|jmdict-common
とはいうものの|jmdict-common
とはかぎらない|jmdict-common
とは言うものの|jmdict-common
とは限らない|jmdict-common
とばし|jmdict-common
とばす|jmdict-common
とびあがる|jmdict-common
とびおりる|jmdict-common
とびかう|jmdict-common
とびきり|jmdict-common
とびこみ|jmdict-common
とびこむ|jmdict-common
とびだし|jmdict-common
とびだす|jmdict-common
とびち|jmdict-common
とびひ|jmdict-common
とびら|jmdict-common
とび上がる|jmdict-variant
とび上る|jmdict-variant
とび下りる|jmdict-variant
とび交う|jmdict-variant
とび出し|jmdict-variant
とび出す|jmdict-variant
とび降りる|jmdict-variant
とふ|jmdict-common
とぶ|jmdict-common
とぶらう|jmdict-variant
とほ|jmdict-common
とほう|jmdict-common
とぼける|jmdict-common
とぼしい|jmdict-common
とぼす|jmdict-variant
とまどい|jmdict-common
とまどう|jmdict-common
とまり|jmdict-common
とまる|jmdict-common
とみ|jmdict-common
とみん|jmdict-common
とむ|jmdict-common
とむらう|jmdict-common
とめがね|jmdict-common
とめどなく|jmdict-common
とめど無く|jmdict-variant
とめる|jmdict-common
とめ金|jmdict-variant
とも|jmdict-common
ともあれ|jmdict-common
ともえ|jmdict-common
ともかく|jmdict-common
ともかせぎ|jmdict-common
ともしい|jmdict-variant
ともす|jmdict-common
ともだおれ|jmdict-common
ともだち|jmdict-common
ともども|jmdict-common
ともなう|jmdict-common
ともに|jmdict-common
ともばたらき|jmdict-common
とも倒れ|jmdict-variant
とも有れ|jmdict-variant
とゆう|jmdict-variant
とら|jmdict-common
とらい|jmdict-common
とらえる|jmdict-common
とらわれる|jmdict-common
とり|jmdict-common
とりあえず|jmdict-common
とりあげる|jmdict-common
とりあつかい|jmdict-common
とりあつかいちゅうい|jmdict-common
とりあつかう|jmdict-common
とりい|jmdict-common
とりいれる|jmdict-common
とりえ|jmdict-common
とりかえす|jmdict-common
とりかえる|jmdict-common
とりかかる|jmdict-common
とりかこむ|jmdict-common
とりかた|jmdict-common
とりきめ|jmdict-common
とりきめる|jmdict-common
とりくち|jmdict-common
とりくみ|jmdict-common
とりくむ|jmdict-common
とりけし|jmdict-common
とりけす|jmdict-common
とりこみ|jmdict-common
とりこむ|jmdict-common
とりこわし|jmdict-common
とりさげ|jmdict-common
とりしまり|jmdict-common
とりしまりほう|jmdict-common
とりしまりやく|jmdict-common
とりしまりやくかい|jmdict-common
とりしまる|jmdict-common
とりしらべ|jmdict-common
とりそろえる|jmdict-common
とりたて|jmdict-common
とりだす|jmdict-common
とりつ|jmdict-common
とりつぎ|jmdict-common
とりつぐ|jmdict-common
とりにく|jmdict-common
とりのこす|jmdict-common
とりのぞく|jmdict-common
とりはからい|jmdict-common
とりはずす|jmdict-common
とりひき|jmdict-common
とりひきさき|jmdict-common
とりまく|jmdict-common
とりまとめる|jmdict-common
とりもどす|jmdict-common
とりょう|jmdict-common
とりよせる|jmdict-common
とりわけ|jmdict-common
とり上げる|jmdict-variant
とり入れる|jmdict-variant
とり出す|jmdict-variant
とり囲む|jmdict-variant
とり戻す|jmdict-variant
とり扱う|jmdict-variant
とり残す|jmdict-variant
とり立て|jmdict-variant
とり組み|jmdict-variant
とり肉|jmdict-variant
とり込み|jmdict-variant
とり除く|jmdict-variant
とる|jmdict-common
とれる|jmdict-common
とろ|jmdict-common
とろう|jmdict-common
とんかつ|jmdict-variant
とんがらし|jmdict-variant
とんがる|jmdict-variant
とんだ|jmdict-common
とんでもない|jmdict-common
とんでも無い|jmdict-variant
とんとん|jmdict-common
とんにく|jmdict-variant
とんぼ|jmdict-common
とんぼう|jmdict-variant
とんや|jmdict-common
とんよく|jmdict-variant
とんカツ|jmdict-common
と言う|jmdict-common
と言うことは|jmdict-common
と言うことはない|jmdict-common
と言うもの|jmdict-common
と言う事は|jmdict-variant
と言う物|jmdict-variant
と言えば|jmdict-common
と言っても|jmdict-common
どあい|jmdict-common
どう|jmdict-common
どうあげ|jmdict-common
どうい|jmdict-common
どういう|jmdict-common
どういたしまして|jmdict-common
どういつ|jmdict-common
どういん|jmdict-common
どうおん|jmdict-common
どうか|jmdict-common
どうかせん|jmdict-common
どうかん|jmdict-common
どうが|jmdict-common
どうがん|jmdict-common
どうき|jmdict-common
どうきゅう|jmdict-common
どうきゅうせい|jmdict-common
どうきょ|jmdict-common
どうきょう|jmdict-common
どうきょく|jmdict-common
どうぎ|jmdict-common
どうぎご|jmdict-common
どうぎてきせきにん|jmdict-common
どうぎょう|jmdict-common
どうくつ|jmdict-common
どうぐ|jmdict-common
どうけつ|jmdict-variant
どうけん|jmdict-common
どうげつ|jmdict-common
どうこう|jmdict-common
どうこく|jmdict-common
どうさ|jmdict-common
どうさつ|jmdict-common
どうざん|jmdict-common
どうし|jmdict-common
どうしたの|jmdict-common
どうしつ|jmdict-common
どうして|jmdict-common
どうしても|jmdict-common
どうしゃ|jmdict-common
どうしゅ|jmdict-common
どうしょう|jmdict-common
どうしょうもない|jmdict-variant
どうしょくぶつ|jmdict-common
どうしようもない|jmdict-common
どうしようも無い|jmdict-variant
どうしん|jmdict-common
どうじ|jmdict-common
どうじき|jmdict-common
どうじだい|jmdict-common
どうじつ|jmdict-common
どうじに|jmdict-common
どうじょう|jmdict-common
どうじる|jmdict-common
どうじん|jmdict-common
どうすう|jmdict-common
どうせ|jmdict-common
どうせい|jmdict-common
どうせいあい|jmdict-common
どうせき|jmdict-common
どうせん|jmdict-common
どうぜん|jmdict-common
どうそう|jmdict-common
どうそうかい|jmdict-common
どうぞ|jmdict-common
どうぞう|jmdict-common
どうたい|jmdict-common
どうち|jmdict-common
どうちょう|jmdict-common
どうてい|jmdict-variant
どうてん|jmdict-common
どうでもいい|jmdict-common
どうでもよい|jmdict-variant
どうでも良い|jmdict-common
どうとう|jmdict-common
どうとく|jmdict-common
どうどう|jmdict-common
どうにか|jmdict-common
どうにもならない|jmdict-common
どうにゅう|jmdict-common
どうにん|jmdict-variant
どうねん|jmdict-common
どうはん|jmdict-common
どうはんが|jmdict-common
どうばんが|jmdict-variant
どうびょう|jmdict-common
どうふう|jmdict-common
どうぶつ|jmdict-common
どうぶつえん|jmdict-common
どうほう|jmdict-common
どうぼう|jmdict-variant
どうみゃく|jmdict-common
どうみゃくこうか|jmdict-common
どうみょう|jmdict-variant
どうめい|jmdict-common
どうも|jmdict-common
どうもありがとう|jmdict-common
どうも有り難う|jmdict-variant
どうも有難う|jmdict-common
どうや|jmdict-common
どうやら|jmdict-common
どうよう|jmdict-common
どうらん|jmdict-common
どうり|jmdict-common
どうりつ|jmdict-common
どうりょう|jmdict-common
どうりょく|jmdict-common
どうるい|jmdict-common
どうれつ|jmdict-common
どうろ|jmdict-common
どうわ|jmdict-common
どう仕様もない|jmdict-variant
どう仕様も無い|jmdict-variant
どう致しまして|jmdict-common
どう言う|jmdict-variant
どおじ|jmdict-variant
どおり|jmdict-common
どき|jmdict-common
どきっと|jmdict-variant
どきどき|jmdict-common
どきょう|jmdict-common
どきんどきん|jmdict-variant
どく|jmdict-common
どくえん|jmdict-common
どくがく|jmdict-common
どくさい|jmdict-common
どくさつ|jmdict-common
どくしゃ|jmdict-common
どくしょ|jmdict-common
どくしょう|jmdict-common
どくしん|jmdict-common
どくじ|jmdict-common
どくせい|jmdict-common
どくせん|jmdict-common
どくぜつ|jmdict-common
どくそう|jmdict-common
どくそうてき|jmdict-common
どくだん|jmdict-common
どくとく|jmdict-common
どくほん|jmdict-variant
どくぼう|jmdict-common
どくやく|jmdict-common
どくりつ|jmdict-common
どくりつこく|jmdict-common
どくガス|jmdict-common
どける|jmdict-common
どけんや|jmdict-common
どこ|jmdict-common
どこか|jmdict-common
どこにも|jmdict-common
どこにもない|jmdict-common
どこにも無い|jmdict-variant
どこまでも|jmdict-common
どごう|jmdict-common
どさ|jmdict-variant
どし|jmdict-variant
どしたの|jmdict-variant
どしどし|jmdict-common
どしゃ|jmdict-common
どしゃぶり|jmdict-common
どしゃ降り|jmdict-variant
どじ|jmdict-variant
どじょう|jmdict-common
どじん|jmdict-common
どすう|jmdict-common
どせい|jmdict-common
どせき|jmdict-common
どそく|jmdict-common
どたばた|jmdict-common
どたんば|jmdict-common
どたん場|jmdict-variant
どだい|jmdict-common
どち|jmdict-variant
どちら|jmdict-common
どちらかというと|jmdict-common
どちらかと言うと|jmdict-common
どちらでもない|jmdict-common
どちらにせよ|jmdict-common
どちらも|jmdict-common
どっか|jmdict-variant
どっきどき|jmdict-variant
どっきんほう|jmdict-common
どっち|jmdict-common
どっちも|jmdict-common
どっと|jmdict-common
どて|jmdict-common
どとう|jmdict-common
どどん|jmdict-variant
どどーん|jmdict-variant
どなた|jmdict-common
どなたか|jmdict-common
どなたでも|jmdict-common
どなりこむ|jmdict-common
どなり込む|jmdict-variant
どなる|jmdict-common
どにち|jmdict-common
どの|jmdict-common
どのくらい|jmdict-common
どのぐらい|jmdict-common
どのへん|jmdict-common
どのよう|jmdict-common
どのように|jmdict-common
どの位|jmdict-common
どの様|jmdict-common
どの様に|jmdict-common
どの辺|jmdict-common
どひょう|jmdict-common
どひょうぎわ|jmdict-common
どぶ|jmdict-common
どべい|jmdict-common
どぼく|jmdict-common
どま|jmdict-common
ども|jmdict-common
どもる|jmdict-common
どよう|jmdict-common
どようび|jmdict-common
どよめく|jmdict-common
どらむすこ|jmdict-common
どら息子|jmdict-variant
どりょく|jmdict-common
どれ|jmdict-common
どれい|jmdict-common
どれくらい|jmdict-common
どれぐらい|jmdict-variant
どれだけ|jmdict-common
どれでも|jmdict-common
どれどれ|jmdict-common
どれ位|jmdict-common
どろ|jmdict-common
どろどろ|jmdict-common
どろぬま|jmdict-common
どろぼう|jmdict-common
どろぼー|jmdict-variant
どん|jmdict-variant
どんか|jmdict-common
どんかん|jmdict-common
どんき|jmdict-common
どんぐり|jmdict-common
どんどん|jmdict-common
どんな|jmdict-common
どんなに|jmdict-common
どんぶり|jmdict-common
どんよう|jmdict-variant
どんよく|jmdict-common
どーして|jmdict-variant
なぁ|jmdict-variant
なあ|jmdict-common
ない|jmdict-common
ないか|jmdict-common
ないかい|jmdict-common
ないかく|jmdict-common
ないかくかんぼう|jmdict-common
ないかくふ|jmdict-common
ないかくほうせいきょく|jmdict-common
ないがい|jmdict-common
ないき|jmdict-common
ないこう|jmdict-common
ないこうてき|jmdict-common
ないし|jmdict-common
ないしゅっけつ|jmdict-common
ないしょ|jmdict-common
ないしょう|jmdict-variant
ないしょく|jmdict-common
ないしん|jmdict-common
ないじ|jmdict-common
ないじつ|jmdict-common
ないじゅ|jmdict-common
ないじょう|jmdict-common
ないせい|jmdict-common
ないせん|jmdict-common
ないそう|jmdict-common
ないそく|jmdict-variant
ないぞう|jmdict-common
ないだく|jmdict-common
ないてい|jmdict-common
ないといけない|jmdict-common
ないといけません|jmdict-common
ないと行けない|jmdict-variant
ないと行けません|jmdict-variant
ないない|jmdict-variant
ないのではないか|jmdict-variant
ないぶ|jmdict-common
ないぶんぴ|jmdict-common
ないぶんぴつ|jmdict-variant
ないほう|jmdict-common
ないまく|jmdict-common
ないむ|jmdict-common
ないめん|jmdict-common
ないや|jmdict-common
ないやしゅ|jmdict-common
ないよう|jmdict-common
ないらん|jmdict-common
ないりく|jmdict-common
なう|jmdict-variant
なえ|jmdict-common
なえぎ|jmdict-common
なえどこ|jmdict-common
なえる|jmdict-common
なお|jmdict-common
なおかつ|jmdict-common
なおさら|jmdict-common
なおざり|jmdict-common
なおし|jmdict-common
なおす|jmdict-common
なおる|jmdict-common
なお且つ|jmdict-variant
なお更|jmdict-variant
なか|jmdict-common
なかがい|jmdict-common
なかじま|jmdict-common
なかつぎ|jmdict-common
なかでも|jmdict-common
なかなおり|jmdict-common
なかなか|jmdict-common
なかにも|jmdict-common
なかにわ|jmdict-common
なかば|jmdict-common
なかま|jmdict-common
なかまいり|jmdict-common
なかまたち|jmdict-common
なかみ|jmdict-common
なかゆび|jmdict-common
なかよく|jmdict-common
なかよし|jmdict-common
ながあめ|jmdict-common
ながい|jmdict-common
ながいあいだ|jmdict-common
ながいき|jmdict-common
ながい間|jmdict-variant
ながうた|jmdict-common
ながさ|jmdict-common
ながさき|jmdict-common
ながし|jmdict-common
ながす|jmdict-common
ながそで|jmdict-common
ながつづき|jmdict-common
ながねん|jmdict-common
ながばなし|jmdict-common
ながびく|jmdict-common
ながめ|jmdict-common
ながめる|jmdict-common
ながもち|jmdict-common
ながや|jmdict-common
ながら|jmdict-common
ながらく|jmdict-common
ながらも|jmdict-common
ながれ|jmdict-common
ながれこむ|jmdict-common
ながれぼし|jmdict-common
ながれる|jmdict-common
ながれ星|jmdict-variant
ながーい|jmdict-variant
なき|jmdict-common
なきがお|jmdict-common
なきがら|jmdict-common
なきごえ|jmdict-common
なきゃいけない|jmdict-common
なき声|jmdict-variant
なぎさ|jmdict-common
なく|jmdict-common
なくす|jmdict-common
なくちゃいけない|jmdict-common
なくてはいけない|jmdict-common
なくてはいけません|jmdict-common
なくてはならない|jmdict-common
なくなる|jmdict-common
なぐさめる|jmdict-common
なぐりこみ|jmdict-common
なぐる|jmdict-common
なけばならない|jmdict-variant
なければいけない|jmdict-common
なければいけません|jmdict-variant
なければならない|jmdict-common
なければならぬ|jmdict-variant
なければなりません|jmdict-common
なげ|jmdict-common
なげかわしい|jmdict-common
なげき|jmdict-common
なげく|jmdict-common
なげこむ|jmdict-common
なげだす|jmdict-common
なげる|jmdict-common
なげー|jmdict-variant
なこうど|jmdict-common
なことば|jmdict-variant
なごむ|jmdict-common
なごや|jmdict-common
なごやか|jmdict-common
なごり|jmdict-common
なごりおしい|jmdict-common
なごろ|jmdict-variant
なさい|jmdict-common
なさけ|jmdict-common
なさけない|jmdict-common
なさけぶかい|jmdict-common
なさそう|jmdict-common
なさる|jmdict-common
なざし|jmdict-common
なし|jmdict-common
なしとげる|jmdict-common
なしには|jmdict-common
なし遂げる|jmdict-variant
なじむ|jmdict-common
なす|jmdict-common
なすび|jmdict-variant
なずらえる|jmdict-variant
なぜ|jmdict-common
なぜか|jmdict-common
なぜなら|jmdict-common
なぜならば|jmdict-common
なぞ|jmdict-common
なぞなぞ|jmdict-common
なぞらえる|jmdict-common
なたね|jmdict-common
なだ|jmdict-common
なだかい|jmdict-common
なだめる|jmdict-common
なだれ|jmdict-common
なっがい|jmdict-variant
なっさけない|jmdict-variant
なっとう|jmdict-common
なっとく|jmdict-common
なつ|jmdict-common
なつかしい|jmdict-common
なつかしむ|jmdict-common
なつき|jmdict-variant
なつじかん|jmdict-common
なつば|jmdict-common
なつばしょ|jmdict-common
なつばて|jmdict-common
なつもの|jmdict-common
なつやすみ|jmdict-common
なづける|jmdict-common
なでる|jmdict-common
など|jmdict-common
なな|jmdict-common
なながつ|jmdict-variant
ななじゅう|jmdict-variant
ななそ|jmdict-variant
ななつ|jmdict-common
なななぬか|jmdict-variant
なななのか|jmdict-variant
ななめ|jmdict-common
なに|jmdict-common
なにか|jmdict-common
なにかと|jmdict-common
なにげない|jmdict-common
なにげなく|jmdict-common
なにごと|jmdict-common
なにしろ|jmdict-common
なにそつ|jmdict-variant
なにとぞ|jmdict-common
なにとなく|jmdict-variant
なになのか|jmdict-common
なにびと|jmdict-common
なにぶん|jmdict-common
なにも|jmdict-common
なにもの|jmdict-common
なにやら|jmdict-common
なにより|jmdict-common
なにら|jmdict-variant
なにわ|jmdict-common
なにをかくそう|jmdict-common
なにを隠そう|jmdict-variant
なぬか|jmdict-variant
なのか|jmdict-common
なのだ|jmdict-common
なのです|jmdict-common
なのめ|jmdict-variant
なのり|jmdict-common
なのりでる|jmdict-common
なのる|jmdict-common
なびく|jmdict-common
なふだ|jmdict-common
なべ|jmdict-common
なま|jmdict-common
なまいき|jmdict-common
なまえ|jmdict-common
なまぐさい|jmdict-common
なまけもの|jmdict-common
なまける|jmdict-common
なまけ者|jmdict-variant
なまちゅうけい|jmdict-common
なまなましい|jmdict-common
なまぬるい|jmdict-common
なまり|jmdict-common
なまる|jmdict-variant
なま臭い|jmdict-variant
なみ|jmdict-common
なみき|jmdict-common
なみた|jmdict-variant
なみだ|jmdict-common
なみだぐましい|jmdict-common
なみだごえ|jmdict-common
なむら|jmdict-variant
なめらか|jmdict-common
なめる|jmdict-common
なや|jmdict-common
なやます|jmdict-common
なやみ|jmdict-common
なやむ|jmdict-common
なら|jmdict-common
ならう|jmdict-common
ならす|jmdict-common
ならない|jmdict-common
ならぬ|jmdict-variant
ならば|jmdict-common
ならび|jmdict-common
ならびかえる|jmdict-common
ならびに|jmdict-common
ならぶ|jmdict-common
ならべる|jmdict-common
ならん|jmdict-variant
なり|jmdict-common
なりきん|jmdict-common
なりたつ|jmdict-common
なりに|jmdict-common
なりません|jmdict-variant
なりゆき|jmdict-common
なり行き|jmdict-variant
なる|jmdict-common
なると|jmdict-common
なるべく|jmdict-common
なるほど|jmdict-common
なる程|jmdict-variant
なれ|jmdict-common
なれなれしい|jmdict-common
なれる|jmdict-common
なわ|jmdict-common
なわとび|jmdict-common
なわばり|jmdict-common
なわ張り|jmdict-variant
なん|jmdict-common
なんい|jmdict-common
なんか|jmdict-common
なんかい|jmdict-common
なんかん|jmdict-common
なんきょく|jmdict-common
なんきん|jmdict-common
なんこう|jmdict-common
なんこつ|jmdict-common
なんさい|jmdict-common
なんしき|jmdict-common
なんしょく|jmdict-common
なんじ|jmdict-common
なんじかん|jmdict-common
なんじゃく|jmdict-common
なんじゅう|jmdict-common
なんせい|jmdict-common
なんぜん|jmdict-common
なんだ|jmdict-common
なんだい|jmdict-common
なんだか|jmdict-common
なんだかだ|jmdict-variant
なんだかんだ|jmdict-common
なんちゃくりく|jmdict-common
なんちょう|jmdict-common
なんて|jmdict-common
なんてん|jmdict-common
なんで|jmdict-common
なんです|jmdict-common
なんでも|jmdict-common
なんと|jmdict-common
なんという|jmdict-common
なんというか|jmdict-common
なんとう|jmdict-common
なんとか|jmdict-common
なんとなく|jmdict-common
なんとも|jmdict-common
なんともいえない|jmdict-common
なんとも言えない|jmdict-common
なんとゆう|jmdict-variant
なんと言うか|jmdict-variant
なんど|jmdict-common
なんどきでも|jmdict-variant
なんどでも|jmdict-common
なんなく|jmdict-common
なんなのか|jmdict-common
なんにち|jmdict-common
なんにも|jmdict-common
なんにょ|jmdict-variant
なんにん|jmdict-common
なんにんか|jmdict-common
なんねん|jmdict-common
なんばん|jmdict-common
なんぱ|jmdict-variant
なんひょうよう|jmdict-common
なんびと|jmdict-variant
なんびゃく|jmdict-common
なんびょう|jmdict-common
なんぴと|jmdict-variant
なんぴょうよう|jmdict-variant
なんぶ|jmdict-common
なんぷん|jmdict-common
なんべい|jmdict-common
なんべん|jmdict-common
なんぼく|jmdict-common
なんぼくもんだい|jmdict-common
なんぽう|jmdict-common
なんみん|jmdict-common
なんも|jmdict-variant
なんもん|jmdict-common
なんら|jmdict-common
なー|jmdict-common
にあい|jmdict-common
にあう|jmdict-common
にあげ|jmdict-common
にあたっては|jmdict-common
にあって|jmdict-variant
にあっては|jmdict-common
にいがた|jmdict-common
にいさん|jmdict-common
にいちゃん|jmdict-common
にいん|jmdict-common
にえる|jmdict-common
におい|jmdict-common
において|jmdict-common
におう|jmdict-common
における|jmdict-common
にかい|jmdict-common
にかいだて|jmdict-common
にかぎって|jmdict-common
にかけて|jmdict-common
にかよう|jmdict-common
にかんして|jmdict-common
にがい|jmdict-common
にがお|jmdict-common
にがおえ|jmdict-common
にがす|jmdict-common
にがつ|jmdict-common
にがて|jmdict-common
にがみ|jmdict-common
にがわらい|jmdict-common
にき|jmdict-common
にきび|jmdict-common
にぎやか|jmdict-common
にぎらす|jmdict-common
にぎり|jmdict-common
にぎりしめる|jmdict-common
にぎりずし|jmdict-common
にぎりめし|jmdict-common
にぎり寿司|jmdict-common
にぎり飯|jmdict-variant
にぎり鮨|jmdict-variant
にぎる|jmdict-common
にぎわう|jmdict-common
にく|jmdict-common
にくい|jmdict-common
にくがん|jmdict-common
にくげん|jmdict-variant
にくしみ|jmdict-common
にくしょく|jmdict-common
にくしん|jmdict-common
にくじき|jmdict-variant
にくせい|jmdict-common
にくたい|jmdict-common
にくたいてき|jmdict-common
にくはく|jmdict-common
にくひつ|jmdict-common
にくむ|jmdict-common
にくや|jmdict-common
にくらしい|jmdict-common
にくわえて|jmdict-common
にぐう|jmdict-common
にぐん|jmdict-common
にげ|jmdict-common
にげあし|jmdict-common
にげきる|jmdict-common
にげだす|jmdict-common
にげみち|jmdict-common
にげる|jmdict-common
にげ出す|jmdict-variant
にこにこ|jmdict-common
にこむ|jmdict-common
にこやか|jmdict-common
にこり|jmdict-variant
にごう|jmdict-common
にごす|jmdict-common
にごる|jmdict-common
にさいして|jmdict-common
にさんかたんそ|jmdict-common
にし|jmdict-common
にしかぜ|jmdict-common
にしがた|jmdict-variant
にしがわ|jmdict-common
にしき|jmdict-common
にしぐち|jmdict-common
にしたがって|jmdict-common
にしても|jmdict-common
にしにっぽん|jmdict-variant
にしにほん|jmdict-common
にしみなみ|jmdict-variant
にしゃたくいつ|jmdict-common
にしドイツ|jmdict-common
にじ|jmdict-common
にじっさい|jmdict-variant
にじっせいき|jmdict-common
にじむ|jmdict-common
にじゅう|jmdict-common
にじゅういちにち|jmdict-common
にじゅうきゅうにち|jmdict-variant
にじゅうくにち|jmdict-common
にじゅうごにち|jmdict-common
にじゅうさんにち|jmdict-common
にじゅうしちにち|jmdict-common
にじゅうそう|jmdict-common
にじゅうななにち|jmdict-variant
にじゅうにち|jmdict-variant
にじゅうににち|jmdict-common
にじゅうはちにち|jmdict-common
にじゅうよじかんせい|jmdict-common
にじゅうよっか|jmdict-common
にじゅうよにち|jmdict-variant
にじゅうよんにち|jmdict-variant
にじゅうろくにち|jmdict-common
にじゅっさい|jmdict-variant
にじゅっせいき|jmdict-variant
にせ|jmdict-common
にせい|jmdict-common
にせもの|jmdict-common
にせもん|jmdict-variant
にせる|jmdict-common
にせ物|jmdict-variant
にそう|jmdict-common
にたいして|jmdict-common
にたいする|jmdict-common
にだい|jmdict-common
にち|jmdict-common
にちじ|jmdict-common
にちじょう|jmdict-common
にちじょうせいかつ|jmdict-common
にちにち|jmdict-variant
にちべい|jmdict-common
にちぼつ|jmdict-common
にちや|jmdict-common
にちよう|jmdict-common
にちようひん|jmdict-common
にちようび|jmdict-common
にっか|jmdict-common
にっかん|jmdict-common
にっき|jmdict-common
にっきゅう|jmdict-common
にっけい|jmdict-common
にっこう|jmdict-common
にっこうよく|jmdict-common
にっこり|jmdict-common
にっさん|jmdict-common
にっし|jmdict-common
にっしつ|jmdict-variant
にっしょう|jmdict-common
にっしょく|jmdict-common
にっすう|jmdict-common
にっちゅう|jmdict-common
にってい|jmdict-common
にっぽう|jmdict-common
にっぽん|jmdict-common
にっぽんいち|jmdict-variant
にっぽんぎんこう|jmdict-common
にっぽんこくみん|jmdict-variant
にっぽんご|jmdict-variant
にっぽんじゅう|jmdict-variant
にっぽんじん|jmdict-variant
にっぽんとう|jmdict-variant
にっぽんはつ|jmdict-variant
について|jmdict-common
につめる|jmdict-common
にづくり|jmdict-common
にて|jmdict-common
にとって|jmdict-common
にど|jmdict-common
にどと|jmdict-common
にどね|jmdict-common
にないて|jmdict-common
にない手|jmdict-variant
になう|jmdict-common
になると|jmdict-common
ににん|jmdict-variant
ににんさんきゃく|jmdict-common
ににんまえ|jmdict-common
にのつぎ|jmdict-common
には|jmdict-common
にばん|jmdict-common
にひゃく|jmdict-common
にひゃくとおか|jmdict-common
にひゃくはつか|jmdict-common
にふだ|jmdict-common
にぶ|jmdict-common
にぶい|jmdict-common
にぶる|jmdict-common
にぶん|jmdict-common
にほん|jmdict-common
にほんいち|jmdict-common
にほんかい|jmdict-common
にほんが|jmdict-common
にほんがくじゅつかいぎ|jmdict-common
にほんきぎょう|jmdict-common
にほんぎんこう|jmdict-variant
にほんけいざい|jmdict-common
にほんこくみん|jmdict-common
にほんご|jmdict-common
にほんし|jmdict-common
にほんしき|jmdict-common
にほんしゃかい|jmdict-common
にほんしゅ|jmdict-common
にほんじゅう|jmdict-common
にほんじん|jmdict-common
にほんせい|jmdict-common
にほんせいふ|jmdict-common
にほんぜんこく|jmdict-common
にほんだて|jmdict-common
にほんとう|jmdict-common
にほんはつ|jmdict-common
にほんりょうり|jmdict-common
にまい|jmdict-common
にまいじた|jmdict-common
にまいめ|jmdict-common
にむけて|jmdict-common
にも|jmdict-common
にもかかわらず|jmdict-common
にもつ|jmdict-common
にもの|jmdict-common
にも拘らず|jmdict-common
にも拘わらず|jmdict-variant
にも関らず|jmdict-variant
にも関わらず|jmdict-common
にゃあ|jmdict-variant
にゃあご|jmdict-variant
にゃお|jmdict-variant
にゃー|jmdict-common
にやす|jmdict-common
にやにや|jmdict-common
にゅういん|jmdict-common
にゅうえん|jmdict-common
にゅうか|jmdict-common
にゅうかい|jmdict-common
にゅうかく|jmdict-common
にゅうかんりょう|jmdict-common
にゅうがく|jmdict-common
にゅうがくしけん|jmdict-common
にゅうきょ|jmdict-common
にゅうきん|jmdict-common
にゅうこう|jmdict-common
にゅうこく|jmdict-common
にゅうこくかんりきょく|jmdict-common
にゅうごく|jmdict-variant
にゅうさつ|jmdict-common
にゅうし|jmdict-common
にゅうしつ|jmdict-common
にゅうしゃ|jmdict-common
にゅうしゅ|jmdict-common
にゅうしょ|jmdict-common
にゅうしょう|jmdict-common
にゅうしょく|jmdict-common
にゅうじ|jmdict-common
にゅうじょう|jmdict-common
にゅうじょうけん|jmdict-common
にゅうせいひん|jmdict-common
にゅうせき|jmdict-common
にゅうせん|jmdict-common
にゅうだん|jmdict-common
にゅうてん|jmdict-common
にゅうとう|jmdict-common
にゅうねん|jmdict-common
にゅうばい|jmdict-common
にゅうぼう|jmdict-variant
にゅうまく|jmdict-common
にゅうもん|jmdict-common
にゅうようじ|jmdict-common
にゅうよく|jmdict-common
にゅうりょく|jmdict-common
にゅうわ|jmdict-common
にょう|jmdict-common
にょうさん|jmdict-common
にょうぼ|jmdict-variant
にょうぼう|jmdict-common
にょおう|jmdict-variant
にょしょう|jmdict-variant
にょじつ|jmdict-common
によって|jmdict-common
によってことなる|jmdict-common
によって異なる|jmdict-common
による|jmdict-common
によると|jmdict-common
にらむ|jmdict-common
にりゅう|jmdict-common
にりんしゃ|jmdict-common
にる|jmdict-common
にるい|jmdict-common
にるいしゅ|jmdict-common
にるいだ|jmdict-common
にわ|jmdict-common
にわか|jmdict-common
にわかに|jmdict-common
にわき|jmdict-common
にわたって|jmdict-common
にわとり|jmdict-common
にわり|jmdict-common
にん|jmdict-common
にんい|jmdict-common
にんか|jmdict-common
にんき|jmdict-common
にんきのある|jmdict-common
にんきもの|jmdict-common
にんぎょう|jmdict-common
にんげん|jmdict-common
にんげんかんけい|jmdict-common
にんげんこくほう|jmdict-common
にんげんせい|jmdict-common
にんげんぞう|jmdict-common
にんげんてき|jmdict-common
にんげんドック|jmdict-common
にんさんぷ|jmdict-common
にんしき|jmdict-common
にんしょう|jmdict-common
にんしん|jmdict-common
にんじゃ|jmdict-common
にんじゅ|jmdict-variant
にんじょう|jmdict-common
にんじん|jmdict-common
にんず|jmdict-variant
にんずう|jmdict-common
にんせん|jmdict-variant
にんそう|jmdict-common
にんたい|jmdict-common
にんち|jmdict-common
にんちしょう|jmdict-common
にんてい|jmdict-common
にんどう|jmdict-variant
にんにく|jmdict-common
にんぷ|jmdict-common
にんまえ|jmdict-common
にんむ|jmdict-common
にんめい|jmdict-common
に亘って|jmdict-variant
に依って|jmdict-variant
に依る|jmdict-common
に依ると|jmdict-variant
に加えて|jmdict-common
に取って|jmdict-common
に向けて|jmdict-common
に因って|jmdict-variant
に因る|jmdict-variant
に対して|jmdict-common
に対する|jmdict-common
に對して|jmdict-variant
に對する|jmdict-variant
に就いて|jmdict-variant
に就て|jmdict-variant
に当たっては|jmdict-common
に従って|jmdict-common
に拠る|jmdict-variant
に於いて|jmdict-variant
に於ける|jmdict-variant
に於て|jmdict-variant
に渡って|jmdict-common
に関しちゃ|jmdict-variant
に関して|jmdict-common
に限って|jmdict-common
に際して|jmdict-common
ぬいめ|jmdict-common
ぬう|jmdict-common
ぬかす|jmdict-common
ぬかる|jmdict-common
ぬき|jmdict-common
ぬきとおす|jmdict-variant
ぬく|jmdict-common
ぬくまる|jmdict-variant
ぬくもり|jmdict-common
ぬぐ|jmdict-common
ぬぐう|jmdict-common
ぬけだす|jmdict-common
ぬける|jmdict-common
ぬけ出す|jmdict-variant
ぬし|jmdict-common
ぬすみ|jmdict-common
ぬすむ|jmdict-common
ぬの|jmdict-common
ぬのじ|jmdict-common
ぬま|jmdict-common
ぬまた|jmdict-common
ぬまだ|jmdict-variant
ぬまち|jmdict-common
ぬめり|jmdict-common
ぬらす|jmdict-common
ぬりかえる|jmdict-common
ぬる|jmdict-common
ぬるい|jmdict-common
ぬるぬる|jmdict-common
ぬれる|jmdict-common
ねあがり|jmdict-common
ねあげ|jmdict-common
ねいき|jmdict-common
ねいろ|jmdict-common
ねうち|jmdict-common
ねえさん|jmdict-common
ねかす|jmdict-common
ねかせる|jmdict-common
ねがい|jmdict-common
ねがう|jmdict-common
ねがえり|jmdict-common
ねがえる|jmdict-common
ねがお|jmdict-common
ねがわくは|jmdict-common
ねぎ|jmdict-common
ねぎる|jmdict-common
ねぐるしい|jmdict-common
ねこ|jmdict-common
ねこじた|jmdict-common
ねこぜ|jmdict-common
ねころぶ|jmdict-common
ねごと|jmdict-common
ねさがり|jmdict-common
ねさげ|jmdict-common
ねざす|jmdict-common
ねじ|jmdict-variant
ねすごす|jmdict-common
ねずみ|jmdict-common
ねぞう|jmdict-common
ねた|jmdict-common
ねたむ|jmdict-common
ねだい|jmdict-variant
ねだる|jmdict-common
ねだん|jmdict-common
ねっき|jmdict-common
ねっきょう|jmdict-common
ねっこ|jmdict-common
ねっしん|jmdict-common
ねっする|jmdict-common
ねっせん|jmdict-common
ねったい|jmdict-common
ねったいぎょ|jmdict-common
ねっちゅう|jmdict-common
ねっとう|jmdict-common
ねつ|jmdict-common
ねつい|jmdict-common
ねつく|jmdict-common
ねつぞう|jmdict-common
ねつびょう|jmdict-common
ねつべん|jmdict-common
ねつれつ|jmdict-common
ねつ造|jmdict-variant
ねづよい|jmdict-common
ねとぼける|jmdict-variant
ねとまり|jmdict-common
ねどこ|jmdict-common
ねばつち|jmdict-variant
ねばならない|jmdict-variant
ねばならぬ|jmdict-variant
ねばなりません|jmdict-variant
ねばねば|jmdict-common
ねばり|jmdict-common
ねばりづよい|jmdict-common
ねばり強い|jmdict-variant
ねばる|jmdict-common
ねびえ|jmdict-common
ねびき|jmdict-common
ねぶそく|jmdict-common
ねぶたい|jmdict-variant
ねぶり|jmdict-variant
ねぶる|jmdict-variant
ねほりはほり|jmdict-common
ねぼう|jmdict-common
ねぼける|jmdict-common
ねまき|jmdict-common
ねまわし|jmdict-common
ねむい|jmdict-common
ねむけ|jmdict-common
ねむたい|jmdict-common
ねむり|jmdict-common
ねむる|jmdict-common
ねらい|jmdict-common
ねらう|jmdict-common
ねり|jmdict-common
ねる|jmdict-common
ねん|jmdict-common
ねんいり|jmdict-common
ねんかい|jmdict-common
ねんかん|jmdict-common
ねんが|jmdict-common
ねんがく|jmdict-common
ねんがじょう|jmdict-common
ねんがっぴ|jmdict-common
ねんがん|jmdict-common
ねんきん|jmdict-common
ねんげつ|jmdict-common
ねんこう|jmdict-common
ねんこうじょれつ|jmdict-common
ねんご|jmdict-common
ねんごう|jmdict-common
ねんさん|jmdict-common
ねんざ|jmdict-common
ねんし|jmdict-common
ねんしゅう|jmdict-common
ねんしょ|jmdict-common
ねんしょう|jmdict-common
ねんじ|jmdict-common
ねんじゅう|jmdict-common
ねんじゅうむきゅう|jmdict-common
ねんすう|jmdict-common
ねんせい|jmdict-common
ねんだい|jmdict-common
ねんちゃく|jmdict-common
ねんちゅう|jmdict-variant
ねんちょう|jmdict-common
ねんぢゅう|jmdict-variant
ねんとう|jmdict-common
ねんど|jmdict-common
ねんない|jmdict-common
ねんねん|jmdict-common
ねんのため|jmdict-common
ねんぱい|jmdict-common
ねんぴ|jmdict-common
ねんぴょう|jmdict-common
ねんぶつ|jmdict-common
ねんぷ|jmdict-common
ねんぽう|jmdict-common
ねんまく|jmdict-common
ねんまつ|jmdict-common
ねんらい|jmdict-common
ねんりき|jmdict-common
ねんりつ|jmdict-common
ねんりょう|jmdict-common
ねんりん|jmdict-common
ねんれい|jmdict-common
ねんれいそう|jmdict-common
のう|jmdict-common
のうえん|jmdict-common
のうか|jmdict-common
のうかんき|jmdict-common
のうがく|jmdict-common
のうがくぶ|jmdict-common
のうきょう|jmdict-common
のうきん|jmdict-common
のうぎょう|jmdict-common
のうぎょうきょうどうくみあい|jmdict-common
のうこう|jmdict-common
のうこん|jmdict-common
のうさぎょう|jmdict-common
のうさくぶつ|jmdict-common
のうさくもつ|jmdict-variant
のうさん|jmdict-common
のうさんぶつ|jmdict-common
のうし|jmdict-common
のうしゅく|jmdict-common
のうしゅっけつ|jmdict-common
のうしょう|jmdict-common
のうじょう|jmdict-common
のうせい|jmdict-common
のうぜい|jmdict-common
のうそっちゅう|jmdict-common
のうそん|jmdict-common
のうたん|jmdict-common
のうち|jmdict-common
のうちかいかく|jmdict-common
のうど|jmdict-common
のうどう|jmdict-common
のうどうてき|jmdict-common
のうにゅう|jmdict-common
のうは|jmdict-common
のうふ|jmdict-common
のうほう|jmdict-common
のうみん|jmdict-common
のうむ|jmdict-common
のうめん|jmdict-common
のうやく|jmdict-common
のうり|jmdict-common
のうりつ|jmdict-common
のうりょく|jmdict-common
のうりん|jmdict-common
のうれん|jmdict-variant
のがす|jmdict-common
のがれる|jmdict-common
のき|jmdict-common
のきさき|jmdict-common
のきなみ|jmdict-common
のく|jmdict-common
のける|jmdict-common
のこぎり|jmdict-common
のこす|jmdict-common
のこったぶん|jmdict-common
のこらず|jmdict-common
のこり|jmdict-common
のこる|jmdict-common
のし|jmdict-common
のずえ|jmdict-common
のせる|jmdict-common
のぞいて|jmdict-common
のぞく|jmdict-common
のぞましい|jmdict-common
のぞみ|jmdict-common
のぞむ|jmdict-common
のたびに|jmdict-common
のたんびに|jmdict-variant
のだ|jmdict-common
のち|jmdict-common
のちのち|jmdict-common
のっとり|jmdict-common
のっとる|jmdict-common
ので|jmdict-common
のです|jmdict-common
のど|jmdict-common
のどか|jmdict-common
のなか|jmdict-common
のに|jmdict-common
ののしる|jmdict-common
のはら|jmdict-common
のばす|jmdict-common
のばなし|jmdict-common
のび|jmdict-common
のびなやむ|jmdict-common
のびのび|jmdict-common
のびやか|jmdict-common
のびりつ|jmdict-common
のびる|jmdict-common
のべ|jmdict-common
のべる|jmdict-common
のぼせる|jmdict-common
のぼり|jmdict-common
のぼりおり|jmdict-variant
のぼりくだり|jmdict-common
のぼりざか|jmdict-common
のぼり坂|jmdict-variant
のぼる|jmdict-common
のみ|jmdict-common
のみかい|jmdict-common
のみこむ|jmdict-common
のみと|jmdict-variant
のみど|jmdict-variant
のみみず|jmdict-common
のみもの|jmdict-common
のみ込む|jmdict-variant
のむ|jmdict-common
のやま|jmdict-common
のり|jmdict-common
のりおくれる|jmdict-common
のりおり|jmdict-common
のりかえ|jmdict-common
のりかえる|jmdict-common
のりき|jmdict-common
のりきる|jmdict-common
のりくみいん|jmdict-common
のりこえる|jmdict-common
のりこし|jmdict-common
のりこす|jmdict-common
のりこむ|jmdict-common
のりだす|jmdict-common
のりば|jmdict-common
のりまわす|jmdict-common
のりもの|jmdict-common
のり出す|jmdict-variant
のり気|jmdict-variant
のり込む|jmdict-variant
のる|jmdict-common
のれん|jmdict-common
のろい|jmdict-common
のろう|jmdict-common
のろのろ|jmdict-common
のろま|jmdict-common
のんき|jmdict-common
のんど|jmdict-variant
のんびり|jmdict-common
のんれん|jmdict-variant
のん気|jmdict-variant
の度に|jmdict-common
はあく|jmdict-common
はい|jmdict-common
はいあん|jmdict-common
はいいろ|jmdict-common
はいいん|jmdict-common
はいえん|jmdict-common
はいかん|jmdict-common
はいき|jmdict-common
はいきぶつ|jmdict-common
はいきゅう|jmdict-common
はいきょ|jmdict-common
はいきガス|jmdict-common
はいぎょう|jmdict-common
はいく|jmdict-common
はいぐうしゃ|jmdict-common
はいけい|jmdict-common
はいけっかく|jmdict-common
はいけん|jmdict-common
はいこう|jmdict-common
はいご|jmdict-common
はいごう|jmdict-common
はいざい|jmdict-common
はいざら|jmdict-common
はいし|jmdict-common
はいしゃ|jmdict-common
はいしゃく|jmdict-common
はいしゅつ|jmdict-common
はいしん|jmdict-common
はいじょ|jmdict-common
はいじん|jmdict-common
はいすい|jmdict-common
はいせき|jmdict-common
はいせん|jmdict-common
はいぜつ|jmdict-common
はいそ|jmdict-common
はいそう|jmdict-common
はいそうさき|jmdict-common
はいぞく|jmdict-common
はいた|jmdict-common
はいたい|jmdict-common
はいたしゅぎ|jmdict-common
はいたつ|jmdict-common
はいだつ|jmdict-variant
はいち|jmdict-common
はいでん|jmdict-common
はいとう|jmdict-common
はいにち|jmdict-common
はいにん|jmdict-common
はいび|jmdict-common
はいふ|jmdict-common
はいぶん|jmdict-common
はいほん|jmdict-common
はいぼく|jmdict-common
はいやく|jmdict-common
はいゆう|jmdict-common
はいりくち|jmdict-variant
はいりぐち|jmdict-variant
はいりこむ|jmdict-common
はいりょ|jmdict-common
はいる|jmdict-common
はいれつ|jmdict-common
はう|jmdict-common
はえ|jmdict-common
はえぬき|jmdict-common
はえる|jmdict-common
はえー|jmdict-variant
はおり|jmdict-common
はか|jmdict-common
はかあな|jmdict-variant
はかい|jmdict-common
はかいし|jmdict-variant
はかく|jmdict-common
はかせ|jmdict-common
はかた|jmdict-common
はかち|jmdict-variant
はかどる|jmdict-common
はかない|jmdict-common
はかま|jmdict-common
はかまいり|jmdict-common
はかり|jmdict-common
はかりしれない|jmdict-common
はかり知れない|jmdict-variant
はかる|jmdict-common
はがき|jmdict-common
はがす|jmdict-common
はがね|jmdict-common
はがゆい|jmdict-common
はがれる|jmdict-common
はき|jmdict-common
はきけ|jmdict-common
はきげ|jmdict-variant
はきだす|jmdict-common
はきふるし|jmdict-common
はきもの|jmdict-common
はきゅう|jmdict-common
はきょく|jmdict-common
はき出す|jmdict-variant
はき物|jmdict-variant
はぎ|jmdict-common
はぎれ|jmdict-common
はく|jmdict-common
はくあい|jmdict-common
はくい|jmdict-common
はくえ|jmdict-variant
はくがい|jmdict-common
はくがく|jmdict-common
はくげき|jmdict-common
はくげきほう|jmdict-common
はくさい|jmdict-common
はくし|jmdict-common
はくしゃ|jmdict-common
はくしゃく|jmdict-common
はくしゅ|jmdict-common
はくしょ|jmdict-common
はくしょく|jmdict-variant
はくじゃく|jmdict-common
はくじょう|jmdict-common
はくじん|jmdict-common
はくせん|jmdict-common
はくちゅう|jmdict-common
はくちょう|jmdict-common
はくないしょう|jmdict-common
はくねつ|jmdict-common
はくはつ|jmdict-common
はくば|jmdict-common
はくふ|jmdict-variant
はくぶつ|jmdict-common
はくぶつかん|jmdict-common
はくぼ|jmdict-variant
はくまい|jmdict-common
はくらい|jmdict-common
はくらんかい|jmdict-common
はくりょく|jmdict-common
はぐ|jmdict-common
はぐくむ|jmdict-common
はぐるま|jmdict-common
はぐれる|jmdict-common
はけん|jmdict-common
はげ|jmdict-common
はげしい|jmdict-common
はげまし|jmdict-common
はげます|jmdict-common
はげみ|jmdict-common
はげむ|jmdict-common
はげる|jmdict-common
はこ|jmdict-common
はこび|jmdict-common
はこぶ|jmdict-common
はごたえ|jmdict-common
はごろも|jmdict-common
はさき|jmdict-common
はさま|jmdict-variant
はさまる|jmdict-common
はさみ|jmdict-common
はさみうち|jmdict-common
はさむ|jmdict-common
はさん|jmdict-common
はざま|jmdict-common
はし|jmdict-common
はしご|jmdict-common
はしたない|jmdict-common
はしゃ|jmdict-common
はしゃぐ|jmdict-common
はしゅ|jmdict-variant
はしゅつしょ|jmdict-variant
はしゅつじょ|jmdict-common
はしら|jmdict-common
はしり|jmdict-common
はしりがき|jmdict-common
はしりたかとび|jmdict-common
はしりだす|jmdict-common
はしりはばとび|jmdict-common
はしりまわる|jmdict-common
はしる|jmdict-common
はしわたし|jmdict-common
はじ|jmdict-common
はじく|jmdict-common
はじさらし|jmdict-common
はじしらず|jmdict-common
はじまり|jmdict-common
はじまる|jmdict-common
はじめ|jmdict-common
はじめて|jmdict-common
はじめに|jmdict-common
はじめまして|jmdict-common
はじめる|jmdict-common
はじらう|jmdict-common
はじる|jmdict-common
はす|jmdict-common
はず|jmdict-common
はずかしい|jmdict-common
はずす|jmdict-common
はずみ|jmdict-common
はずむ|jmdict-common
はずれ|jmdict-common
はずれる|jmdict-common
はせい|jmdict-common
はそん|jmdict-common
はた|jmdict-common
はたあげ|jmdict-common
はたいろ|jmdict-common
はたき|jmdict-common
はたけ|jmdict-common
はたして|jmdict-common
はたじるし|jmdict-common
はたす|jmdict-common
はたち|jmdict-common
はたらかせる|jmdict-common
はたらき|jmdict-common
はたらきかける|jmdict-common
はたらきぐち|jmdict-common
はたらきざかり|jmdict-common
はたらきて|jmdict-common
はたらきもの|jmdict-common
はたらく|jmdict-common
はたん|jmdict-common
はだ|jmdict-common
はだいろ|jmdict-common
はだえ|jmdict-variant
はだか|jmdict-common
はだぎ|jmdict-common
はだぎぬ|jmdict-variant
はださむい|jmdict-common
はだざむい|jmdict-variant
はだざわり|jmdict-common
はだし|jmdict-common
はだ色|jmdict-variant
はだ触り|jmdict-variant
はち|jmdict-common
はちうえ|jmdict-common
はちがつ|jmdict-common
はちじゅう|jmdict-common
はちす|jmdict-variant
はちぶおんぷ|jmdict-common
はちまき|jmdict-common
はちまん|jmdict-common
はちみつ|jmdict-common
はちゅうるい|jmdict-common
はちょう|jmdict-common
はち蜜|jmdict-variant
はっか|jmdict-common
はっかく|jmdict-common
はっかん|jmdict-common
はっき|jmdict-common
はっきゅう|jmdict-common
はっきり|jmdict-common
はっきん|jmdict-common
はっくつ|jmdict-common
はっけっきゅう|jmdict-common
はっけつびょう|jmdict-common
はっけん|jmdict-common
はっこう|jmdict-common
はっこつ|jmdict-common
はっさん|jmdict-common
はっしゃ|jmdict-common
はっしょう|jmdict-common
はっしょうち|jmdict-common
はっしん|jmdict-common
はっする|jmdict-common
はっせい|jmdict-common
はっそう|jmdict-common
はっそく|jmdict-variant
はったつ|jmdict-common
はっちゃく|jmdict-common
はっちゅう|jmdict-common
はっちょう|jmdict-common
はってん|jmdict-common
はってんとじょうこく|jmdict-common
はっぱ|jmdict-common
はっぴょう|jmdict-common
はっぴょうかい|jmdict-common
はっぽう|jmdict-common
はっぽうスチロール|jmdict-common
はっやい|jmdict-variant
はっやーい|jmdict-variant
はっ着|jmdict-variant
はっ酵|jmdict-variant
はつ|jmdict-common
はつあん|jmdict-common
はついく|jmdict-common
はつうり|jmdict-common
はつえん|jmdict-common
はつえんとう|jmdict-common
はつおん|jmdict-common
はつか|jmdict-common
はつが|jmdict-common
はつげん|jmdict-common
はつげんけん|jmdict-common
はつこい|jmdict-common
はつたいめん|jmdict-variant
はつちょうせん|jmdict-common
はつでん|jmdict-common
はつでんき|jmdict-common
はつでんしょ|jmdict-common
はつどう|jmdict-common
はつなつ|jmdict-variant
はつねつ|jmdict-common
はつばい|jmdict-common
はつばしょ|jmdict-common
はつびょう|jmdict-common
はつぶたい|jmdict-common
はつみつ|jmdict-variant
はつめい|jmdict-common
はつもうで|jmdict-common
はつゆき|jmdict-common
はつゆめ|jmdict-common
はつれい|jmdict-common
はつ恋|jmdict-variant
はて|jmdict-common
はてしない|jmdict-common
はてる|jmdict-common
はで|jmdict-common
はと|jmdict-common
はとば|jmdict-common
はどめ|jmdict-common
はな|jmdict-common
はないき|jmdict-common
はながた|jmdict-common
はながみ|jmdict-common
はながめ|jmdict-variant
はなさき|jmdict-common
はなざかり|jmdict-common
はなし|jmdict-common
はなしあい|jmdict-common
はなしあう|jmdict-common
はなしかける|jmdict-common
はなしかた|jmdict-common
はなしことば|jmdict-common
はなしこむ|jmdict-common
はなしごえ|jmdict-common
はなじ|jmdict-variant
はなす|jmdict-common
はなぞの|jmdict-common
はなたば|jmdict-common
はなぢ|jmdict-common
はなつ|jmdict-common
はなはだ|jmdict-common
はなはだしい|jmdict-common
はなばなしい|jmdict-common
はなび|jmdict-common
はなびたいかい|jmdict-common
はなびら|jmdict-common
はなみ|jmdict-common
はなみず|jmdict-common
はなみち|jmdict-common
はなむこ|jmdict-common
はなや|jmdict-common
はなやか|jmdict-common
はなよめ|jmdict-common
はなれる|jmdict-common
はなわ|jmdict-common
はな水|jmdict-variant
はね|jmdict-common
はねあがる|jmdict-common
はねる|jmdict-common
はね上がる|jmdict-variant
はは|jmdict-common
ははおや|jmdict-common
ははかた|jmdict-common
ははこ|jmdict-variant
はば|jmdict-common
はばつ|jmdict-common
はばひろい|jmdict-common
はばむ|jmdict-common
はびこる|jmdict-common
はぶく|jmdict-common
はへい|jmdict-common
はへん|jmdict-common
はま|jmdict-common
はまき|jmdict-common
はまべ|jmdict-common
はままつ|jmdict-common
はまる|jmdict-variant
はみがき|jmdict-common
はみだす|jmdict-common
はみ出す|jmdict-common
はむかう|jmdict-common
はめ|jmdict-common
はめつ|jmdict-common
はめる|jmdict-common
はもの|jmdict-common
はもん|jmdict-common
はや|jmdict-common
はやい|jmdict-common
はやおき|jmdict-common
はやく|jmdict-common
はやくち|jmdict-common
はやぐち|jmdict-variant
はやさ|jmdict-common
はやし|jmdict-common
はやす|jmdict-common
はやせ|jmdict-common
はやて|jmdict-variant
はやね|jmdict-common
はやばや|jmdict-common
はやびけ|jmdict-common
はやぶさ|jmdict-common
はやまる|jmdict-common
はやめる|jmdict-common
はやる|jmdict-common
はやーい|jmdict-variant
はら|jmdict-common
はらい|jmdict-common
はらいこむ|jmdict-common
はらいた|jmdict-variant
はらいっぱい|jmdict-common
はらいもどし|jmdict-common
はらいもどす|jmdict-common
はらう|jmdict-common
はらから|jmdict-variant
はらす|jmdict-common
はらっぱ|jmdict-common
はらはら|jmdict-variant
はらむ|jmdict-common
はらん|jmdict-common
はらんばんじょう|jmdict-common
はり|jmdict-common
はりがね|jmdict-common
はりがみ|jmdict-common
はりきる|jmdict-common
はりだす|jmdict-common
はりつける|jmdict-common
はり出す|jmdict-variant
はり紙|jmdict-variant
はる|jmdict-common
はるあき|jmdict-variant
はるか|jmdict-common
はるさき|jmdict-common
はるばしょ|jmdict-common
はるやすみ|jmdict-common
はれ|jmdict-common
はれつ|jmdict-common
はれる|jmdict-common
はろう|jmdict-common
はわたり|jmdict-common
はん|jmdict-common
はんい|jmdict-common
はんえい|jmdict-common
はんおう|jmdict-variant
はんかがい|jmdict-common
はんかん|jmdict-common
はんかんはんみん|jmdict-common
はんが|jmdict-common
はんがく|jmdict-common
はんき|jmdict-common
はんきょう|jmdict-common
はんぎゃく|jmdict-common
はんけい|jmdict-common
はんけつ|jmdict-common
はんけん|jmdict-common
はんげき|jmdict-common
はんげつ|jmdict-variant
はんげん|jmdict-common
はんこ|jmdict-common
はんこう|jmdict-common
はんさよう|jmdict-common
はんざい|jmdict-common
はんざいしゃ|jmdict-common
はんざつ|jmdict-common
はんしゃ|jmdict-common
はんしゃてき|jmdict-common
はんしゅ|jmdict-common
はんしゅう|jmdict-common
はんしゅつ|jmdict-common
はんしょう|jmdict-common
はんしょく|jmdict-common
はんしん|jmdict-common
はんじ|jmdict-common
はんじつ|jmdict-variant
はんじゅく|jmdict-common
はんじょう|jmdict-common
はんすう|jmdict-common
はんする|jmdict-common
はんせい|jmdict-common
はんせん|jmdict-common
はんそう|jmdict-common
はんそく|jmdict-common
はんそで|jmdict-common
はんたい|jmdict-common
はんたいがわ|jmdict-common
はんたいせい|jmdict-common
はんだん|jmdict-common
はんちょう|jmdict-common
はんつき|jmdict-common
はんてい|jmdict-common
はんてん|jmdict-common
はんとう|jmdict-common
はんとし|jmdict-common
はんどう|jmdict-common
はんどうたい|jmdict-common
はんにち|jmdict-common
はんにゅう|jmdict-common
はんにん|jmdict-common
はんね|jmdict-common
はんねん|jmdict-common
はんのう|jmdict-common
はんはん|jmdict-common
はんばい|jmdict-common
はんばいいん|jmdict-common
はんぱ|jmdict-common
はんぱつ|jmdict-common
はんぶん|jmdict-common
はんぷ|jmdict-common
はんぷく|jmdict-common
はんべい|jmdict-common
はんめい|jmdict-common
はんめん|jmdict-common
はんも|jmdict-common
はんもんてん|jmdict-variant
はんよう|jmdict-common
はんらく|jmdict-common
はんらん|jmdict-common
はんりょ|jmdict-common
はんれい|jmdict-common
はんろ|jmdict-common
はんろん|jmdict-common
はん濫|jmdict-variant
はブラシ|jmdict-common
はーい|jmdict-variant
はーーい|jmdict-variant
は虫類|jmdict-variant
ばぁちゃん|jmdict-variant
ばあい|jmdict-common
ばあさん|jmdict-common
ばあちゃん|jmdict-common
ばい|jmdict-common
ばいう|jmdict-common
ばいか|jmdict-common
ばいかい|jmdict-common
ばいきゃく|jmdict-common
ばいきん|jmdict-common
ばいこくど|jmdict-common
ばいしゃく|jmdict-common
ばいしゅう|jmdict-common
ばいしゅん|jmdict-common
ばいしゅんふ|jmdict-common
ばいしょう|jmdict-common
ばいしょうきん|jmdict-common
ばいしん|jmdict-common
ばいぞう|jmdict-common
ばいたい|jmdict-common
ばいてん|jmdict-common
ばいばい|jmdict-common
ばいよう|jmdict-common
ばいりつ|jmdict-common
ばい菌|jmdict-common
ばか|jmdict-common
ばからしい|jmdict-common
ばかり|jmdict-common
ばかりか|jmdict-common
ばく|jmdict-variant
ばくおん|jmdict-common
ばくが|jmdict-common
ばくげき|jmdict-common
ばくしょう|jmdict-common
ばくぜん|jmdict-common
ばくだい|jmdict-common
ばくだん|jmdict-common
ばくちく|jmdict-common
ばくは|jmdict-common
ばくはつ|jmdict-common
ばくふ|jmdict-common
ばくまつ|jmdict-common
ばくやく|jmdict-common
ばくりょう|jmdict-common
ばくろ|jmdict-common
ばく大|jmdict-variant
ばく然|jmdict-variant
ばけがく|jmdict-variant
ばけもの|jmdict-common
ばけもん|jmdict-variant
ばける|jmdict-common
ばけん|jmdict-common
ばしゃ|jmdict-common
ばしゅ|jmdict-variant
ばしょ|jmdict-common
ばじゅつ|jmdict-common
ばたばた|jmdict-variant
ばたん|jmdict-variant
ばち|jmdict-common
ばちがい|jmdict-common
ばっかり|jmdict-variant
ばっきん|jmdict-common
ばっくん|jmdict-variant
ばっさい|jmdict-common
ばっすい|jmdict-common
ばっする|jmdict-common
ばっそく|jmdict-common
ばってん|jmdict-common
ばっぽんてき|jmdict-common
ばつ|jmdict-common
ばつぐん|jmdict-common
ばてる|jmdict-common
ばぬし|jmdict-variant
ばね|jmdict-common
ばば|jmdict-common
ばめん|jmdict-common
ばら|jmdict-common
ばらいろ|jmdict-common
ばらす|jmdict-common
ばらばら|jmdict-variant
ばらまく|jmdict-common
ばら撒く|jmdict-common
ばら色|jmdict-variant
ばら蒔く|jmdict-variant
ばり|jmdict-common
ばりき|jmdict-common
ばりばり|jmdict-common
ばれる|jmdict-common
ばん|jmdict-common
ばんいち|jmdict-variant
ばんいつ|jmdict-variant
ばんぐみ|jmdict-common
ばんけん|jmdict-common
ばんこう|jmdict-common
ばんこく|jmdict-common
ばんこん|jmdict-common
ばんごう|jmdict-common
ばんごはん|jmdict-common
ばんざい|jmdict-common
ばんしゃく|jmdict-common
ばんじ|jmdict-common
ばんじん|jmdict-common
ばんぜん|jmdict-common
ばんそう|jmdict-common
ばんち|jmdict-common
ばんづけ|jmdict-common
ばんて|jmdict-common
ばんにん|jmdict-common
ばんねん|jmdict-common
ばんのう|jmdict-common
ばんめ|jmdict-common
ばんゆう|jmdict-common
ばんり|jmdict-common
ばんりょ|jmdict-variant
ばーさん|jmdict-variant
ばーちゃん|jmdict-variant
ぱあ|jmdict-variant
ぱかん|jmdict-variant
ぱさぱさ|jmdict-variant
ぱちぱち|jmdict-variant
ぱちんこ|jmdict-variant
ぱっと|jmdict-common
ぱらぱら|jmdict-common
ぱー|jmdict-variant
ひあい|jmdict-common
ひあたり|jmdict-common
ひい|jmdict-variant
ひいき|jmdict-common
ひいでる|jmdict-common
ひえ|jmdict-common
ひえこむ|jmdict-common
ひえしょう|jmdict-common
ひえる|jmdict-common
ひかえ|jmdict-common
ひかえしつ|jmdict-common
ひかえめ|jmdict-common
ひかえる|jmdict-common
ひかえ目|jmdict-variant
ひかく|jmdict-common
ひかくてき|jmdict-common
ひかげ|jmdict-common
ひかず|jmdict-variant
ひかり|jmdict-common
ひかりかがやく|jmdict-common
ひかる|jmdict-common
ひかれる|jmdict-common
ひかん|jmdict-common
ひかんてき|jmdict-common
ひがい|jmdict-common
ひがいしゃ|jmdict-common
ひがえり|jmdict-common
ひがさ|jmdict-common
ひがし|jmdict-common
ひがしかた|jmdict-variant
ひがしがた|jmdict-variant
ひがしがわ|jmdict-common
ひがしきた|jmdict-variant
ひがしぐち|jmdict-common
ひがしにし|jmdict-variant
ひがしみなみ|jmdict-variant
ひがた|jmdict-common
ひがみ|jmdict-common
ひがむ|jmdict-common
ひがわり|jmdict-common
ひがん|jmdict-common
ひき|jmdict-common
ひきあい|jmdict-common
ひきあげ|jmdict-common
ひきあげしゃ|jmdict-common
ひきあげる|jmdict-common
ひきいる|jmdict-common
ひきうけ|jmdict-common
ひきうける|jmdict-common
ひきおこす|jmdict-common
ひきかえ|jmdict-common
ひきかえす|jmdict-common
ひきがね|jmdict-common
ひきこもり|jmdict-common
ひきさく|jmdict-common
ひきさげ|jmdict-common
ひきさげる|jmdict-common
ひきざん|jmdict-common
ひきしまる|jmdict-common
ひきしめ|jmdict-common
ひきしめる|jmdict-common
ひきずる|jmdict-common
ひきだし|jmdict-common
ひきだす|jmdict-common
ひきつぎ|jmdict-common
ひきつぐ|jmdict-common
ひきつける|jmdict-common
ひきつづき|jmdict-common
ひきつる|jmdict-common
ひきとめる|jmdict-common
ひきとり|jmdict-common
ひきとる|jmdict-common
ひきどき|jmdict-common
ひきにく|jmdict-common
ひきぬく|jmdict-common
ひきのばし|jmdict-common
ひきのばす|jmdict-common
ひきはなす|jmdict-common
ひきもどす|jmdict-common
ひきゅう|jmdict-common
ひきょう|jmdict-common
ひきわけ|jmdict-common
ひきわたし|jmdict-common
ひきわたす|jmdict-common
ひき上げる|jmdict-variant
ひき付ける|jmdict-variant
ひき止める|jmdict-variant
ひき留める|jmdict-variant
ひき算|jmdict-variant
ひき肉|jmdict-variant
ひき起こす|jmdict-variant
ひき起す|jmdict-variant
ひぎしゃ|jmdict-common
ひく|jmdict-common
ひくい|jmdict-common
ひくつ|jmdict-common
ひくめる|jmdict-common
ひぐち|jmdict-common
ひぐれ|jmdict-common
ひけつ|jmdict-common
ひけめ|jmdict-common
ひけ目|jmdict-variant
ひげ|jmdict-common
ひげき|jmdict-common
ひこう|jmdict-common
ひこうかい|jmdict-common
ひこうき|jmdict-common
ひこうし|jmdict-common
ひこうしき|jmdict-common
ひこうじょう|jmdict-common
ひこうせん|jmdict-common
ひこく|jmdict-common
ひこくにん|jmdict-common
ひごうほう|jmdict-common
ひごろ|jmdict-common
ひさい|jmdict-common
ひさいしゃ|jmdict-common
ひさしい|jmdict-common
ひさしぶり|jmdict-common
ひさびさ|jmdict-common
ひさん|jmdict-common
ひざ|jmdict-common
ひざし|jmdict-common
ひざまずく|jmdict-common
ひざまづく|jmdict-variant
ひし|jmdict-variant
ひしひし|jmdict-common
ひしゃ|jmdict-common
ひしゃたい|jmdict-common
ひしょ|jmdict-common
ひじ|jmdict-common
ひじゅう|jmdict-common
ひじゅん|jmdict-common
ひじょう|jmdict-common
ひじょうきん|jmdict-common
ひじょうぐち|jmdict-common
ひじょうしき|jmdict-common
ひじょうに|jmdict-common
ひそう|jmdict-common
ひそか|jmdict-common
ひそひそ|jmdict-common
ひそむ|jmdict-common
ひたい|jmdict-common
ひたす|jmdict-common
ひたすら|jmdict-common
ひたる|jmdict-common
ひたん|jmdict-common
ひだい|jmdict-common
ひだね|jmdict-common
ひだり|jmdict-common
ひだりあし|jmdict-common
ひだりうえ|jmdict-common
ひだりうで|jmdict-variant
ひだりがわ|jmdict-common
ひだりきき|jmdict-common
ひだりっかわ|jmdict-variant
ひだりて|jmdict-common
ひだりまえ|jmdict-common
ひち|jmdict-variant
ひっかかる|jmdict-common
ひっかける|jmdict-common
ひっき|jmdict-common
ひっきしけん|jmdict-common
ひっきようぐ|jmdict-common
ひっくい|jmdict-variant
ひっくりかえる|jmdict-common
ひっくりがえる|jmdict-variant
ひっくり返る|jmdict-common
ひっけい|jmdict-common
ひっけん|jmdict-common
ひっこし|jmdict-common
ひっこす|jmdict-common
ひっこむ|jmdict-common
ひっし|jmdict-common
ひっしになって|jmdict-common
ひっしゃ|jmdict-common
ひっしゅ|jmdict-variant
ひっしゅう|jmdict-common
ひっしょう|jmdict-common
ひっす|jmdict-common
ひっすう|jmdict-variant
ひっすじょうけん|jmdict-common
ひっせき|jmdict-common
ひっそり|jmdict-common
ひっちゃく|jmdict-common
ひっつく|jmdict-common
ひってき|jmdict-common
ひっとう|jmdict-common
ひっぱる|jmdict-common
ひっ越し|jmdict-variant
ひっ越す|jmdict-variant
ひつ|jmdict-variant
ひつう|jmdict-common
ひつぎ|jmdict-variant
ひつけやく|jmdict-common
ひつじ|jmdict-common
ひつじゅ|jmdict-common
ひつじゅひん|jmdict-common
ひつじゅん|jmdict-common
ひつぜん|jmdict-common
ひつぜんてき|jmdict-common
ひつどく|jmdict-common
ひつにょうき|jmdict-variant
ひつめい|jmdict-common
ひつよう|jmdict-common
ひつようせい|jmdict-common
ひづけ|jmdict-common
ひてい|jmdict-common
ひてつきんぞく|jmdict-common
ひでぇ|jmdict-variant
ひでえ|jmdict-variant
ひでんか|jmdict-common
ひでー|jmdict-variant
ひと|jmdict-common
ひとあし|jmdict-common
ひとあじちがう|jmdict-common
ひとあんしん|jmdict-common
ひといき|jmdict-common
ひといちばい|jmdict-common
ひとえ|jmdict-common
ひとかげ|jmdict-common
ひとがら|jmdict-common
ひとくち|jmdict-common
ひとこと|jmdict-common
ひとごころ|jmdict-variant
ひとごと|jmdict-common
ひとごみ|jmdict-common
ひとごろし|jmdict-common
ひとさしゆび|jmdict-common
ひとさま|jmdict-common
ひとしい|jmdict-common
ひとしな|jmdict-variant
ひとじち|jmdict-common
ひとすじ|jmdict-common
ひとすみ|jmdict-variant
ひとたち|jmdict-common
ひとたび|jmdict-variant
ひとだかり|jmdict-common
ひとだんらく|jmdict-variant
ひとちがい|jmdict-common
ひとつ|jmdict-common
ひとつき|jmdict-common
ひとつひとつ|jmdict-common
ひとづま|jmdict-common
ひとで|jmdict-common
ひととおり|jmdict-common
ひととき|jmdict-common
ひととし|jmdict-variant
ひととせ|jmdict-variant
ひとどおり|jmdict-common
ひとなか|jmdict-common
ひとなみ|jmdict-common
ひとにぎり|jmdict-common
ひとばん|jmdict-common
ひとばんじゅう|jmdict-common
ひとびと|jmdict-common
ひとまえ|jmdict-common
ひとまく|jmdict-common
ひとまず|jmdict-common
ひとまわり|jmdict-common
ひとみ|jmdict-common
ひとみしり|jmdict-common
ひとむかし|jmdict-common
ひとめ|jmdict-common
ひとや|jmdict-variant
ひとやすみ|jmdict-common
ひとよ|jmdict-variant
ひとり|jmdict-common
ひとりあるき|jmdict-common
ひとりぐらし|jmdict-common
ひとりごと|jmdict-common
ひとりじめ|jmdict-common
ひとりたび|jmdict-common
ひとりっこ|jmdict-common
ひとりっ子|jmdict-variant
ひとりで|jmdict-common
ひとりでに|jmdict-common
ひとりひとり|jmdict-common
ひとりびとり|jmdict-variant
ひとりまえ|jmdict-variant
ひとりむすこ|jmdict-common
ひとりむすめ|jmdict-common
ひとり一人|jmdict-variant
ひとり占め|jmdict-variant
ひとり娘|jmdict-variant
ひとり息子|jmdict-variant
ひとり旅|jmdict-variant
ひとり暮し|jmdict-variant
ひとり暮らし|jmdict-variant
ひとり歩き|jmdict-common
ひとり言|jmdict-common
ひと事|jmdict-variant
ひと休み|jmdict-variant
ひと先ず|jmdict-variant
ひと口|jmdict-variant
ひと味ちがう|jmdict-variant
ひと味違う|jmdict-variant
ひと回り|jmdict-variant
ひと安心|jmdict-variant
ひと幕|jmdict-variant
ひと度|jmdict-variant
ひと息|jmdict-variant
ひと握り|jmdict-variant
ひと昔|jmdict-variant
ひと時|jmdict-common
ひと晩|jmdict-variant
ひと晩中|jmdict-variant
ひと月|jmdict-variant
ひと条|jmdict-variant
ひと段落|jmdict-variant
ひと目|jmdict-variant
ひと筋|jmdict-variant
ひと言|jmdict-variant
ひと足|jmdict-variant
ひと通り|jmdict-variant
ひどい|jmdict-common
ひどく|jmdict-common
ひどり|jmdict-common
ひな|jmdict-common
ひなた|jmdict-common
ひなまつり|jmdict-common
ひなん|jmdict-common
ひなんみん|jmdict-common
ひな祭|jmdict-variant
ひな祭り|jmdict-common
ひにく|jmdict-common
ひにち|jmdict-common
ひにひに|jmdict-common
ひにょうき|jmdict-common
ひにん|jmdict-common
ひねる|jmdict-common
ひのいり|jmdict-common
ひのえ|jmdict-variant
ひので|jmdict-common
ひのまる|jmdict-common
ひのめ|jmdict-common
ひはん|jmdict-common
ひはんてき|jmdict-common
ひばく|jmdict-common
ひばち|jmdict-common
ひばな|jmdict-common
ひばり|jmdict-common
ひひょう|jmdict-common
ひび|jmdict-common
ひびき|jmdict-common
ひびく|jmdict-common
ひふ|jmdict-common
ひふか|jmdict-common
ひふく|jmdict-common
ひふびょう|jmdict-common
ひぶん|jmdict-common
ひへい|jmdict-common
ひほけんしゃ|jmdict-common
ひぼう|jmdict-common
ひま|jmdict-common
ひまがない|jmdict-common
ひましに|jmdict-common
ひまつぶし|jmdict-common
ひまん|jmdict-common
ひみつ|jmdict-common
ひむかし|jmdict-variant
ひめ|jmdict-common
ひめい|jmdict-common
ひめぎみ|jmdict-common
ひめる|jmdict-common
ひめん|jmdict-common
ひも|jmdict-common
ひゃく|jmdict-common
ひゃくえんショップ|jmdict-common
ひゃくおく|jmdict-common
ひゃくしょう|jmdict-common
ひゃくじゅうきゅうばん|jmdict-common
ひゃくとおばん|jmdict-common
ひゃくはちじゅうど|jmdict-common
ひゃくまん|jmdict-common
ひゃっかじてん|jmdict-common
ひゃっかてん|jmdict-common
ひゃっきん|jmdict-common
ひや|jmdict-common
ひやあせ|jmdict-common
ひやかす|jmdict-common
ひやく|jmdict-common
ひやけ|jmdict-common
ひやけどめ|jmdict-common
ひやす|jmdict-common
ひややか|jmdict-common
ひゆ|jmdict-common
ひょう|jmdict-common
ひょうか|jmdict-common
ひょうが|jmdict-common
ひょうき|jmdict-common
ひょうぎ|jmdict-common
ひょうぎいん|jmdict-common
ひょうけいさん|jmdict-common
ひょうけつ|jmdict-common
ひょうげん|jmdict-common
ひょうこう|jmdict-common
ひょうご|jmdict-common
ひょうさつ|jmdict-common
ひょうざん|jmdict-common
ひょうし|jmdict-common
ひょうしき|jmdict-common
ひょうしょう|jmdict-common
ひょうしょうじょう|jmdict-common
ひょうじ|jmdict-common
ひょうじゅん|jmdict-common
ひょうじゅんご|jmdict-common
ひょうじゅんてき|jmdict-common
ひょうじょう|jmdict-common
ひょうする|jmdict-common
ひょうだい|jmdict-common
ひょうちゃく|jmdict-common
ひょうてき|jmdict-common
ひょうてんか|jmdict-common
ひょうでん|jmdict-common
ひょうはく|jmdict-common
ひょうはくざい|jmdict-common
ひょうばん|jmdict-common
ひょうほん|jmdict-common
ひょうめい|jmdict-common
ひょうめん|jmdict-common
ひょうり|jmdict-common
ひょうりゅう|jmdict-common
ひょうろう|jmdict-common
ひょうろん|jmdict-common
ひょうろんか|jmdict-common
ひょっとしたら|jmdict-common
ひょっとして|jmdict-common
ひょっとすると|jmdict-common
ひよう|jmdict-common
ひよこ|jmdict-common
ひよっこ|jmdict-variant
ひより|jmdict-common
ひらおよぎ|jmdict-common
ひらがな|jmdict-common
ひらき|jmdict-common
ひらきなおる|jmdict-common
ひらく|jmdict-common
ひらける|jmdict-common
ひらたい|jmdict-common
ひらち|jmdict-variant
ひらひら|jmdict-common
ひらび|jmdict-variant
ひらまく|jmdict-common
ひらめく|jmdict-common
ひら仮名|jmdict-variant
ひりつ|jmdict-common
ひりょう|jmdict-common
ひる|jmdict-common
ひるがえす|jmdict-common
ひるがえる|jmdict-common
ひるこ|jmdict-variant
ひるごはん|jmdict-common
ひるさがり|jmdict-common
ひるすぎ|jmdict-common
ひるね|jmdict-common
ひるはん|jmdict-variant
ひるま|jmdict-common
ひるまえ|jmdict-common
ひるめし|jmdict-common
ひるやすみ|jmdict-common
ひれい|jmdict-common
ひれき|jmdict-common
ひれつ|jmdict-common
ひれん|jmdict-common
ひろい|jmdict-common
ひろいもの|jmdict-common
ひろう|jmdict-common
ひろうえん|jmdict-common
ひろがり|jmdict-common
ひろがる|jmdict-common
ひろげる|jmdict-common
ひろさ|jmdict-common
ひろしま|jmdict-common
ひろば|jmdict-common
ひろびろ|jmdict-common
ひろまり|jmdict-common
ひろまる|jmdict-common
ひろめく|jmdict-variant
ひろめる|jmdict-common
ひわ|jmdict-common
ひん|jmdict-common
ひんい|jmdict-common
ひんかく|jmdict-common
ひんがし|jmdict-variant
ひんきゃく|jmdict-common
ひんけつ|jmdict-common
ひんこん|jmdict-common
ひんし|jmdict-common
ひんしつ|jmdict-common
ひんしゅ|jmdict-common
ひんじゃく|jmdict-common
ひんせい|jmdict-common
ひんそう|jmdict-common
ひんど|jmdict-common
ひんぱつ|jmdict-common
ひんぱん|jmdict-common
ひんぷ|jmdict-common
ひんめい|jmdict-common
ひんもく|jmdict-common
ひフか|jmdict-variant
びいしき|jmdict-common
びか|jmdict-common
びかびか|jmdict-variant
びがく|jmdict-common
びくびく|jmdict-common
びこう|jmdict-common
びさい|jmdict-common
びしょう|jmdict-common
びしょぬれ|jmdict-common
びしょびしょ|jmdict-common
びしょ濡れ|jmdict-common
びしん|jmdict-common
びじゅつ|jmdict-common
びじゅつかん|jmdict-common
びじゅつてん|jmdict-common
びじょ|jmdict-common
びじれいく|jmdict-common
びじん|jmdict-common
びせいぶつ|jmdict-common
びそく|jmdict-variant
びちく|jmdict-common
びちょびちょ|jmdict-variant
びっくり|jmdict-common
びっしょり|jmdict-common
びっしり|jmdict-common
びてん|jmdict-common
びどう|jmdict-common
びねつ|jmdict-common
びはく|jmdict-common
びふう|jmdict-variant
びぼう|jmdict-common
びぼうじん|jmdict-variant
びみょう|jmdict-common
びゃくい|jmdict-variant
びゃくえ|jmdict-variant
びょう|jmdict-common
びょういん|jmdict-common
びょうき|jmdict-common
びょうく|jmdict-common
びょうし|jmdict-common
びょうしつ|jmdict-common
びょうしゃ|jmdict-common
びょうしょう|jmdict-common
びょうじゃく|jmdict-common
びょうじょう|jmdict-common
びょうそく|jmdict-common
びょうとう|jmdict-common
びょうどう|jmdict-common
びょうにん|jmdict-common
びょうぶ|jmdict-common
びょうめい|jmdict-common
びょうよみ|jmdict-common
びょうり|jmdict-common
びよう|jmdict-common
びよういん|jmdict-common
びようし|jmdict-common
びりびり|jmdict-common
びりょう|jmdict-common
びわ|jmdict-common
びわこ|jmdict-common
びわ湖|jmdict-variant
びん|jmdict-common
びんかん|jmdict-common
びんぎ|jmdict-variant
びんじょう|jmdict-common
びんせん|jmdict-common
びんそく|jmdict-common
びんづめ|jmdict-common
びんぼう|jmdict-common
びんぼうにん|jmdict-common
びんわん|jmdict-common
びん詰|jmdict-variant
びん詰め|jmdict-variant
ぴかぴか|jmdict-common
ぴたり|jmdict-variant
ぴっかぴか|jmdict-variant
ぴったし|jmdict-variant
ぴったり|jmdict-common
ぴょんぴょん|jmdict-common
ぴりぴり|jmdict-common
ぴんぴん|jmdict-common
ぴーまん|jmdict-variant
ふあん|jmdict-common
ふあんてい|jmdict-common
ふい|jmdict-common
ふいに|jmdict-common
ふいんき|jmdict-variant
ふいん気|jmdict-variant
ふう|jmdict-common
ふうう|jmdict-common
ふううん|jmdict-common
ふうかく|jmdict-common
ふうき|jmdict-common
ふうけい|jmdict-common
ふうさ|jmdict-common
ふうし|jmdict-common
ふうしゃ|jmdict-variant
ふうしゅう|jmdict-common
ふうしょ|jmdict-common
ふうじて|jmdict-common
ふうじゃ|jmdict-variant
ふうじょう|jmdict-variant
ふうじる|jmdict-common
ふうせん|jmdict-common
ふうそく|jmdict-common
ふうぞく|jmdict-common
ふうたろう|jmdict-variant
ふうちょう|jmdict-common
ふうとう|jmdict-common
ふうど|jmdict-common
ふうふ|jmdict-common
ふうぶつし|jmdict-common
ふうみ|jmdict-common
ふうりゅう|jmdict-common
ふうりょく|jmdict-common
ふうりん|jmdict-common
ふうわり|jmdict-variant
ふうん|jmdict-common
ふえ|jmdict-common
ふえる|jmdict-common
ふおん|jmdict-common
ふか|jmdict-common
ふかい|jmdict-common
ふかかい|jmdict-common
ふかくじつ|jmdict-common
ふかけつ|jmdict-common
ふかさ|jmdict-common
ふかしん|jmdict-common
ふかす|jmdict-common
ふかのう|jmdict-common
ふかひ|jmdict-common
ふかぶん|jmdict-common
ふかまる|jmdict-common
ふかみ|jmdict-common
ふかめる|jmdict-common
ふかんぜん|jmdict-common
ふきげん|jmdict-common
ふきこむ|jmdict-common
ふきそ|jmdict-common
ふきそく|jmdict-common
ふきだす|jmdict-common
ふきだまり|jmdict-common
ふきつ|jmdict-common
ふきでもの|jmdict-common
ふきとぶ|jmdict-common
ふきゅう|jmdict-common
ふきょう|jmdict-common
ふきょうわおん|jmdict-common
ふきん|jmdict-common
ふきんこう|jmdict-common
ふく|jmdict-common
ふくいん|jmdict-common
ふくえき|jmdict-common
ふくおか|jmdict-common
ふくぎょう|jmdict-common
ふくけん|jmdict-variant
ふくげん|jmdict-common
ふくごう|jmdict-common
ふくさよう|jmdict-common
ふくさんぶつ|jmdict-common
ふくざつ|jmdict-common
ふくざつさ|jmdict-common
ふくし|jmdict-common
ふくしゃ|jmdict-common
ふくしゃちょう|jmdict-common
ふくしゅう|jmdict-common
ふくしょう|jmdict-common
ふくしょく|jmdict-common
ふくしん|jmdict-common
ふくじゅう|jmdict-common
ふくすう|jmdict-common
ふくすけ|jmdict-common
ふくせい|jmdict-common
ふくせん|jmdict-common
ふくそう|jmdict-common
ふくそうひん|jmdict-common
ふくだい|jmdict-common
ふくち|jmdict-variant
ふくちじ|jmdict-common
ふくちょう|jmdict-common
ふくつ|jmdict-common
ふくつう|jmdict-common
ふくとう|jmdict-common
ふくはんのう|jmdict-common
ふくぶ|jmdict-common
ふくへい|jmdict-common
ふくみ|jmdict-common
ふくむ|jmdict-common
ふくめる|jmdict-common
ふくめん|jmdict-common
ふくよう|jmdict-common
ふくらます|jmdict-common
ふくらむ|jmdict-common
ふくり|jmdict-common
ふくりこうせい|jmdict-common
ふくれる|jmdict-common
ふくろ|jmdict-common
ふくろう|jmdict-common
ふくろこうじ|jmdict-common
ふけい|jmdict-common
ふけいき|jmdict-common
ふけつ|jmdict-common
ふける|jmdict-common
ふけん|jmdict-common
ふけんこう|jmdict-common
ふげん|jmdict-common
ふこう|jmdict-common
ふこうへい|jmdict-common
ふこく|jmdict-common
ふごう|jmdict-common
ふごうかく|jmdict-common
ふごうり|jmdict-common
ふさ|jmdict-common
ふさい|jmdict-common
ふさがる|jmdict-common
ふさく|jmdict-common
ふさぐ|jmdict-common
ふさわしい|jmdict-common
ふざい|jmdict-common
ふざいしゃとうひょう|jmdict-common
ふざける|jmdict-common
ふし|jmdict-common
ふしあわせ|jmdict-common
ふしぎ|jmdict-common
ふしぜん|jmdict-common
ふしまつ|jmdict-common
ふしめ|jmdict-common
ふしゃ|jmdict-common
ふしょう|jmdict-common
ふしょうじ|jmdict-common
ふしょく|jmdict-common
ふしん|jmdict-common
ふしんせつ|jmdict-common
ふしんにん|jmdict-common
ふじ|jmdict-common
ふじさん|jmdict-common
ふじちゃく|jmdict-common
ふじみ|jmdict-common
ふじやま|jmdict-variant
ふじゅうぶん|jmdict-common
ふじゅん|jmdict-common
ふじゆう|jmdict-common
ふじょ|jmdict-common
ふじょう|jmdict-common
ふじょうり|jmdict-common
ふじょし|jmdict-common
ふじょぼうこう|jmdict-common
ふじん|jmdict-common
ふじんか|jmdict-common
ふすま|jmdict-common
ふせ|jmdict-common
ふせい|jmdict-common
ふせいみゃく|jmdict-common
ふせいりつ|jmdict-common
ふせき|jmdict-common
ふせぐ|jmdict-common
ふせつ|jmdict-common
ふせる|jmdict-common
ふせん|jmdict-common
ふぜい|jmdict-common
ふぜん|jmdict-common
ふそうおう|jmdict-common
ふそく|jmdict-common
ふぞく|jmdict-common
ふた|jmdict-common
ふたい|jmdict-common
ふたいてん|jmdict-common
ふたえ|jmdict-common
ふたおや|jmdict-variant
ふたがる|jmdict-variant
ふたご|jmdict-common
ふたしか|jmdict-common
ふたたび|jmdict-common
ふたつ|jmdict-common
ふたつめ|jmdict-common
ふたなぬか|jmdict-common
ふたなのか|jmdict-variant
ふたば|jmdict-common
ふたり|jmdict-common
ふたりとも|jmdict-common
ふたん|jmdict-common
ふた子|jmdict-variant
ふだ|jmdict-common
ふだん|jmdict-common
ふだんぎ|jmdict-common
ふだん着|jmdict-variant
ふち|jmdict-common
ふちじ|jmdict-common
ふちゃく|jmdict-common
ふちゅうい|jmdict-common
ふちょう|jmdict-common
ふちん|jmdict-common
ふっかつ|jmdict-common
ふっかーつ|jmdict-variant
ふっき|jmdict-common
ふっきゅう|jmdict-common
ふっけん|jmdict-common
ふっこう|jmdict-common
ふっこく|jmdict-common
ふっしき|jmdict-variant
ふっしょく|jmdict-common
ふっとう|jmdict-common
ふつ|jmdict-common
ふつう|jmdict-common
ふつうせんきょ|jmdict-common
ふつうよきん|jmdict-common
ふつか|jmdict-common
ふつご|jmdict-common
ふつごう|jmdict-common
ふつぶん|jmdict-common
ふつりあい|jmdict-common
ふてい|jmdict-common
ふてき|jmdict-common
ふてきせつ|jmdict-common
ふてきとう|jmdict-common
ふで|jmdict-common
ふであと|jmdict-variant
ふでがしら|jmdict-variant
ふと|jmdict-common
ふとい|jmdict-common
ふとう|jmdict-common
ふとうめい|jmdict-common
ふとく|jmdict-common
ふとくい|jmdict-common
ふところ|jmdict-common
ふとじ|jmdict-common
ふとっぱら|jmdict-common
ふともも|jmdict-common
ふとりじし|jmdict-common
ふとる|jmdict-common
ふとん|jmdict-common
ふどう|jmdict-common
ふどうさん|jmdict-common
ふどうさんや|jmdict-common
ふどうひょう|jmdict-common
ふなおさ|jmdict-variant
ふなか|jmdict-common
ふなたび|jmdict-common
ふなで|jmdict-common
ふなぬし|jmdict-variant
ふなはし|jmdict-variant
ふなばし|jmdict-common
ふなびん|jmdict-common
ふなよい|jmdict-common
ふなれ|jmdict-common
ふにん|jmdict-common
ふにんき|jmdict-common
ふね|jmdict-common
ふねんぶつ|jmdict-common
ふのう|jmdict-common
ふはい|jmdict-common
ふはつ|jmdict-common
ふばらい|jmdict-common
ふひつよう|jmdict-common
ふひょう|jmdict-common
ふび|jmdict-common
ふびょうどう|jmdict-common
ふふく|jmdict-common
ふぶき|jmdict-common
ふぶんりつ|jmdict-common
ふへい|jmdict-common
ふへん|jmdict-common
ふへんてき|jmdict-common
ふへんふとう|jmdict-common
ふべん|jmdict-common
ふほう|jmdict-common
ふほんい|jmdict-common
ふぼ|jmdict-common
ふまえる|jmdict-common
ふまん|jmdict-common
ふみ|jmdict-common
ふみえ|jmdict-common
ふみきり|jmdict-common
ふみきる|jmdict-common
ふみた|jmdict-variant
ふみん|jmdict-common
ふみんしょう|jmdict-common
ふむ|jmdict-common
ふめい|jmdict-common
ふめん|jmdict-common
ふもう|jmdict-common
ふもと|jmdict-common
ふもん|jmdict-common
ふやす|jmdict-common
ふゆ|jmdict-common
ふゆう|jmdict-common
ふゆかい|jmdict-common
ふゆば|jmdict-common
ふゆもの|jmdict-common
ふゆやすみ|jmdict-common
ふよ|jmdict-common
ふよう|jmdict-common
ふようい|jmdict-common
ふらふら|jmdict-common
ふり|jmdict-common
ふりえき|jmdict-common
ふりかえ|jmdict-common
ふりかえる|jmdict-common
ふりがな|jmdict-common
ふりきる|jmdict-common
ふりこ|jmdict-common
ふりこみ|jmdict-common
ふりこむ|jmdict-common
ふりだし|jmdict-common
ふりつ|jmdict-common
ふりつけ|jmdict-common
ふりはば|jmdict-variant
ふりまわす|jmdict-common
ふりむく|jmdict-common
ふりゅう|jmdict-variant
ふりょ|jmdict-common
ふりょう|jmdict-common
ふりょうひん|jmdict-common
ふりん|jmdict-common
ふり仮名|jmdict-variant
ふり切る|jmdict-variant
ふり返る|jmdict-variant
ふる|jmdict-common
ふるい|jmdict-common
ふるう|jmdict-common
ふるえる|jmdict-common
ふるぎ|jmdict-common
ふるくさい|jmdict-common
ふるさと|jmdict-common
ふるす|jmdict-common
ふるって|jmdict-common
ふるほん|jmdict-common
ふるほんや|jmdict-common
ふるぼん|jmdict-variant
ふるまい|jmdict-common
ふるまう|jmdict-common
ふる里|jmdict-variant
ふれあい|jmdict-common
ふれあう|jmdict-common
ふれる|jmdict-common
ふれ合い|jmdict-variant
ふろ|jmdict-common
ふろうしゃ|jmdict-common
ふろく|jmdict-common
ふろしき|jmdict-common
ふろば|jmdict-common
ふろや|jmdict-common
ふろ場|jmdict-variant
ふわ|jmdict-common
ふわたり|jmdict-common
ふわふわ|jmdict-common
ふわり|jmdict-common
ふん|jmdict-common
ふんいき|jmdict-common
ふんい気|jmdict-variant
ふんえん|jmdict-common
ふんか|jmdict-common
ふんかん|jmdict-common
ふんがい|jmdict-common
ふんき|jmdict-common
ふんきゅう|jmdict-common
ふんさい|jmdict-common
ふんしつ|jmdict-common
ふんしゃ|jmdict-common
ふんしゅつ|jmdict-common
ふんしょく|jmdict-common
ふんじん|jmdict-variant
ふんすい|jmdict-common
ふんそう|jmdict-common
ふんだ|jmdict-variant
ふんとう|jmdict-common
ふんばる|jmdict-common
ふんぱつ|jmdict-common
ふんべつ|jmdict-common
ふんぼ|jmdict-common
ふんまつ|jmdict-common
ふんわり|jmdict-common
ふん囲気|jmdict-variant
ふーわり|jmdict-variant
ふーん|jmdict-variant
ぶあい|jmdict-common
ぶい|jmdict-common
ぶいん|jmdict-common
ぶおんな|jmdict-variant
ぶか|jmdict-common
ぶかい|jmdict-common
ぶかつ|jmdict-common
ぶかぶか|jmdict-common
ぶがく|jmdict-common
ぶき|jmdict-common
ぶきみ|jmdict-common
ぶきょく|jmdict-common
ぶきよう|jmdict-common
ぶぎょう|jmdict-common
ぶし|jmdict-common
ぶしゅ|jmdict-common
ぶしょ|jmdict-common
ぶしょう|jmdict-common
ぶじ|jmdict-common
ぶじょく|jmdict-common
ぶすう|jmdict-common
ぶそう|jmdict-common
ぶぞく|jmdict-common
ぶた|jmdict-common
ぶたい|jmdict-common
ぶたいうら|jmdict-common
ぶたにく|jmdict-common
ぶた肉|jmdict-variant
ぶちきれ|jmdict-variant
ぶちぎれ|jmdict-common
ぶちょう|jmdict-common
ぶちキレ|jmdict-variant
ぶちギレ|jmdict-variant
ぶち切れ|jmdict-variant
ぶっか|jmdict-common
ぶっかしすう|jmdict-common
ぶっきょう|jmdict-common
ぶっきらぼう|jmdict-common
ぶっきら棒|jmdict-common
ぶっけん|jmdict-common
ぶっさん|jmdict-common
ぶっし|jmdict-common
ぶっしつ|jmdict-common
ぶっしつてき|jmdict-common
ぶっしょう|jmdict-common
ぶっそう|jmdict-common
ぶったい|jmdict-common
ぶっつかる|jmdict-variant
ぶってき|jmdict-common
ぶっぱん|jmdict-common
ぶっぴん|jmdict-common
ぶつ|jmdict-common
ぶつかる|jmdict-common
ぶつぎ|jmdict-common
ぶつける|jmdict-common
ぶつぞう|jmdict-common
ぶつだん|jmdict-common
ぶつぶつ|jmdict-common
ぶつり|jmdict-common
ぶつりがく|jmdict-common
ぶつりてき|jmdict-common
ぶつりゅう|jmdict-common
ぶとう|jmdict-common
ぶどう|jmdict-common
ぶない|jmdict-common
ぶなん|jmdict-common
ぶにん|jmdict-variant
ぶひん|jmdict-common
ぶぶん|jmdict-common
ぶぶんてき|jmdict-common
ぶべつ|jmdict-common
ぶも|jmdict-variant
ぶもん|jmdict-common
ぶゆう|jmdict-common
ぶよう|jmdict-common
ぶらく|jmdict-common
ぶらさがる|jmdict-common
ぶらさげる|jmdict-common
ぶらぶら|jmdict-common
ぶらんこ|jmdict-common
ぶら下がる|jmdict-common
ぶら下げる|jmdict-common
ぶり|jmdict-common
ぶりょく|jmdict-common
ぶるぶる|jmdict-common
ぶれい|jmdict-common
ぶん|jmdict-common
ぶんか|jmdict-common
ぶんかい|jmdict-common
ぶんかいさん|jmdict-common
ぶんかかい|jmdict-common
ぶんかくんしょう|jmdict-common
ぶんかざい|jmdict-common
ぶんかじん|jmdict-common
ぶんかちょう|jmdict-common
ぶんかつ|jmdict-common
ぶんかつばらい|jmdict-common
ぶんかてき|jmdict-common
ぶんがく|jmdict-common
ぶんがくしゃ|jmdict-common
ぶんき|jmdict-common
ぶんきてん|jmdict-common
ぶんきょう|jmdict-common
ぶんぎょう|jmdict-common
ぶんぐ|jmdict-common
ぶんけい|jmdict-common
ぶんけん|jmdict-common
ぶんげい|jmdict-common
ぶんこ|jmdict-common
ぶんこう|jmdict-common
ぶんご|jmdict-common
ぶんさつ|jmdict-common
ぶんさん|jmdict-common
ぶんし|jmdict-common
ぶんしつ|jmdict-common
ぶんしょ|jmdict-common
ぶんしょう|jmdict-common
ぶんしん|jmdict-common
ぶんじょ|jmdict-variant
ぶんじょう|jmdict-common
ぶんすう|jmdict-common
ぶんせき|jmdict-common
ぶんたい|jmdict-common
ぶんたん|jmdict-common
ぶんだん|jmdict-common
ぶんちゅう|jmdict-common
ぶんちょう|jmdict-variant
ぶんつう|jmdict-common
ぶんぱい|jmdict-common
ぶんぴ|jmdict-common
ぶんぴつ|jmdict-common
ぶんぷ|jmdict-common
ぶんべつ|jmdict-common
ぶんぼ|jmdict-common
ぶんぼうぐ|jmdict-common
ぶんぽう|jmdict-common
ぶんみゃく|jmdict-common
ぶんみん|jmdict-common
ぶんめい|jmdict-common
ぶんめん|jmdict-common
ぶんや|jmdict-common
ぶんらく|jmdict-common
ぶんり|jmdict-common
ぶんりつ|jmdict-common
ぶんりょう|jmdict-common
ぶんるい|jmdict-common
ぶんれつ|jmdict-common
ぷうたろう|jmdict-variant
ぷんぷん|jmdict-variant
ぷーたろう|jmdict-variant
ぷー太郎|jmdict-variant
へい|jmdict-common
へいあん|jmdict-common
へいいん|jmdict-common
へいえき|jmdict-common
へいおん|jmdict-common
へいか|jmdict-common
へいかい|jmdict-common
へいがい|jmdict-common
へいき|jmdict-common
へいきん|jmdict-common
へいきんてき|jmdict-common
へいきんてん|jmdict-common
へいぎん|jmdict-variant
へいこう|jmdict-common
へいこうせん|jmdict-common
へいごう|jmdict-common
へいさ|jmdict-common
へいさつ|jmdict-common
へいし|jmdict-common
へいしゃ|jmdict-common
へいじ|jmdict-common
へいじつ|jmdict-common
へいじょう|jmdict-common
へいせい|jmdict-common
へいせつ|jmdict-common
へいそく|jmdict-common
へいたい|jmdict-common
へいち|jmdict-common
へいてん|jmdict-common
へいねん|jmdict-common
へいねんなみ|jmdict-common
へいはつ|jmdict-common
へいほう|jmdict-common
へいほうキロメートル|jmdict-common
へいほうメートル|jmdict-common
へいぼん|jmdict-common
へいまく|jmdict-common
へいめん|jmdict-common
へいや|jmdict-common
へいよう|jmdict-common
へいりつ|jmdict-common
へいりょく|jmdict-common
へいれつ|jmdict-common
へいわ|jmdict-common
へがす|jmdict-variant
へき|jmdict-variant
へきが|jmdict-common
へきめん|jmdict-common
へぐ|jmdict-variant
へこみ|jmdict-common
へこむ|jmdict-common
へそ|jmdict-common
へた|jmdict-common
へたくそ|jmdict-common
へだたり|jmdict-common
へだたる|jmdict-common
へだて|jmdict-common
へだてる|jmdict-common
へとへと|jmdict-variant
へどろ|jmdict-variant
へな|jmdict-variant
へなつち|jmdict-variant
へび|jmdict-common
へみ|jmdict-variant
へや|jmdict-common
へら|jmdict-common
へらす|jmdict-common
へる|jmdict-common
へん|jmdict-common
へんい|jmdict-common
へんか|jmdict-common
へんかきゅう|jmdict-common
へんかく|jmdict-common
へんかん|jmdict-common
へんきゃく|jmdict-common
へんきょう|jmdict-common
へんきん|jmdict-common
へんけい|jmdict-common
へんけん|jmdict-common
へんこう|jmdict-common
へんこうとどけ|jmdict-common
へんさい|jmdict-common
へんさち|jmdict-common
へんしつ|jmdict-common
へんしゃ|jmdict-common
へんしゅう|jmdict-common
へんしゅうしゃ|jmdict-common
へんしょく|jmdict-common
へんしん|jmdict-common
へんじ|jmdict-common
へんじゃ|jmdict-variant
へんじゅう|jmdict-variant
へんじょう|jmdict-common
へんじん|jmdict-common
へんせい|jmdict-common
へんせん|jmdict-common
へんそう|jmdict-common
へんそく|jmdict-common
へんぞう|jmdict-common
へんたい|jmdict-common
へんち|jmdict-common
へんちょ|jmdict-common
へんちょう|jmdict-common
へんとう|jmdict-common
へんどう|jmdict-common
へんにゅう|jmdict-common
へんぴん|jmdict-common
へんぼう|jmdict-common
へんよう|jmdict-common
へんれき|jmdict-common
べい|jmdict-common
べいか|jmdict-common
べいぐん|jmdict-common
べいこく|jmdict-common
べいじん|jmdict-common
べいはん|jmdict-common
べき|jmdict-common
べきではない|jmdict-common
べきでは無い|jmdict-variant
べたべた|jmdict-common
べち|jmdict-variant
べっかん|jmdict-common
べっきょ|jmdict-common
べっこ|jmdict-common
べっさつ|jmdict-common
べっしつ|jmdict-common
べっそう|jmdict-common
べっと|jmdict-common
べっとう|jmdict-variant
べっぴょう|jmdict-common
べつ|jmdict-common
べついん|jmdict-common
べつじん|jmdict-common
べつに|jmdict-common
べつにん|jmdict-variant
べつべつ|jmdict-common
べつみょう|jmdict-variant
べつむね|jmdict-common
べつめい|jmdict-common
べつもんだい|jmdict-common
べに|jmdict-common
べにうめ|jmdict-variant
べろ|jmdict-variant
べん|jmdict-common
べんかい|jmdict-common
べんがく|jmdict-common
べんきょう|jmdict-common
べんきょうちゅう|jmdict-common
べんぎ|jmdict-common
べんけい|jmdict-common
べんご|jmdict-common
べんごし|jmdict-common
べんごにん|jmdict-common
べんさい|jmdict-common
べんしょう|jmdict-common
べんじょ|jmdict-common
べんぜつ|jmdict-common
べんとう|jmdict-common
べんぴ|jmdict-common
べんむかん|jmdict-common
べんめい|jmdict-common
べんり|jmdict-common
べんりさ|jmdict-common
べんろん|jmdict-common
ぺこぺこ|jmdict-common
ぺらぺら|jmdict-common
ほあん|jmdict-common
ほいく|jmdict-common
ほいくえん|jmdict-common
ほいくしょ|jmdict-common
ほいくじょ|jmdict-variant
ほう|jmdict-common
ほうあん|jmdict-common
ほうい|jmdict-common
ほういがく|jmdict-common
ほうえい|jmdict-common
ほうおう|jmdict-common
ほうか|jmdict-common
ほうかい|jmdict-common
ほうかご|jmdict-common
ほうかつ|jmdict-common
ほうが|jmdict-common
ほうがい|jmdict-common
ほうがいい|jmdict-common
ほうがく|jmdict-common
ほうがくぶ|jmdict-common
ほうがよい|jmdict-common
ほうがん|jmdict-common
ほうが良い|jmdict-common
ほうき|jmdict-common
ほうきゅう|jmdict-common
ほうきょう|jmdict-common
ほうけんしゅぎ|jmdict-common
ほうけんてき|jmdict-common
ほうげき|jmdict-common
ほうげん|jmdict-common
ほうこ|jmdict-common
ほうこう|jmdict-common
ほうこうおんち|jmdict-common
ほうこく|jmdict-common
ほうこくしょ|jmdict-common
ほうさく|jmdict-common
ほうし|jmdict-common
ほうしき|jmdict-common
ほうしゃ|jmdict-common
ほうしゃせい|jmdict-common
ほうしゃせん|jmdict-common
ほうしゃのう|jmdict-common
ほうしゅう|jmdict-common
ほうしゅつ|jmdict-common
ほうしょう|jmdict-common
ほうしょうきん|jmdict-common
ほうしょく|jmdict-common
ほうしん|jmdict-common
ほうじる|jmdict-common
ほうじん|jmdict-common
ほうすい|jmdict-common
ほうする|jmdict-variant
ほうせい|jmdict-common
ほうせいきょく|jmdict-common
ほうせき|jmdict-common
ほうそう|jmdict-common
ほうそうかい|jmdict-common
ほうそく|jmdict-common
ほうたい|jmdict-common
ほうだい|jmdict-common
ほうだん|jmdict-common
ほうち|jmdict-common
ほうちく|jmdict-common
ほうちこく|jmdict-common
ほうちゅう|jmdict-common
ほうちょう|jmdict-common
ほうてい|jmdict-common
ほうていしき|jmdict-common
ほうてき|jmdict-common
ほうどう|jmdict-common
ほうどうきかん|jmdict-common
ほうどうじん|jmdict-common
ほうにち|jmdict-common
ほうにん|jmdict-common
ほうねん|jmdict-common
ほうのう|jmdict-common
ほうび|jmdict-common
ほうふ|jmdict-common
ほうふく|jmdict-common
ほうぶる|jmdict-variant
ほうぶん|jmdict-common
ほうへい|jmdict-common
ほうべい|jmdict-common
ほうほう|jmdict-common
ほうほうろん|jmdict-common
ほうぼう|jmdict-common
ほうぼく|jmdict-common
ほうまん|jmdict-common
ほうむ|jmdict-common
ほうむしょう|jmdict-common
ほうむる|jmdict-common
ほうめん|jmdict-common
ほうもつ|jmdict-common
ほうもん|jmdict-common
ほうもんしゃ|jmdict-common
ほうよう|jmdict-common
ほうようりょく|jmdict-common
ほうらく|jmdict-common
ほうりつ|jmdict-common
ほうりつじむしょ|jmdict-common
ほうりゅう|jmdict-common
ほうりょう|jmdict-common
ほうる|jmdict-common
ほうれい|jmdict-common
ほうれんそう|jmdict-common
ほうれん草|jmdict-common
ほうろう|jmdict-common
ほうわ|jmdict-common
ほえる|jmdict-common
ほお|jmdict-common
ほおえむ|jmdict-variant
ほおん|jmdict-common
ほか|jmdict-common
ほかく|jmdict-common
ほかに|jmdict-common
ほかにも|jmdict-common
ほかん|jmdict-common
ほがらか|jmdict-common
ほきだす|jmdict-variant
ほきゅう|jmdict-common
ほきょう|jmdict-common
ほき出す|jmdict-variant
ほくい|jmdict-common
ほくおう|jmdict-common
ほくじょう|jmdict-common
ほくせい|jmdict-common
ほくそく|jmdict-variant
ほくたん|jmdict-common
ほくとう|jmdict-common
ほくふう|jmdict-variant
ほくぶ|jmdict-common
ほくべい|jmdict-common
ほくほくとう|jmdict-common
ほくりく|jmdict-common
ほくろ|jmdict-common
ほけつ|jmdict-common
ほけん|jmdict-common
ほけんきん|jmdict-common
ほけんしょ|jmdict-common
ほけんじょ|jmdict-common
ほけんふ|jmdict-common
ほげい|jmdict-common
ほこ|jmdict-common
ほこう|jmdict-common
ほこうえい|jmdict-variant
ほこうしゃ|jmdict-common
ほこうしゃてんごく|jmdict-common
ほこさき|jmdict-common
ほこり|jmdict-common
ほこる|jmdict-common
ほころびる|jmdict-common
ほこ先|jmdict-variant
ほご|jmdict-common
ほごしゃ|jmdict-common
ほさ|jmdict-common
ほし|jmdict-common
ほしい|jmdict-common
ほしうらない|jmdict-common
ほしがる|jmdict-common
ほしぞら|jmdict-common
ほしゃく|jmdict-common
ほしゅ|jmdict-common
ほしゅう|jmdict-common
ほしゅてき|jmdict-common
ほしゅとう|jmdict-common
ほしょう|jmdict-common
ほしょうきん|jmdict-common
ほしょうつき|jmdict-common
ほしょうにん|jmdict-common
ほじ|jmdict-common
ほじゅう|jmdict-common
ほじょ|jmdict-common
ほす|jmdict-common
ほする|jmdict-common
ほせい|jmdict-common
ほせいよさん|jmdict-common
ほぜん|jmdict-common
ほそい|jmdict-common
ほそう|jmdict-common
ほそく|jmdict-common
ほそながい|jmdict-common
ほそぼそ|jmdict-common
ほそる|jmdict-common
ほぞ|jmdict-variant
ほぞん|jmdict-common
ほたる|jmdict-common
ほちょう|jmdict-common
ほちょうき|jmdict-common
ほっかい|jmdict-common
ほっかいどう|jmdict-common
ほっかいどうかいはつちょうちょうかん|jmdict-common
ほっきにん|jmdict-common
ほっきょく|jmdict-common
ほっきょくけん|jmdict-common
ほっこく|jmdict-variant
ほっさ|jmdict-common
ほっし|jmdict-variant
ほっする|jmdict-common
ほっそく|jmdict-common
ほったん|jmdict-common
ほっと|jmdict-common
ほっといて|jmdict-common
ほっといてくれ|jmdict-common
ほっぺた|jmdict-common
ほっぽう|jmdict-common
ほつねつ|jmdict-variant
ほとけ|jmdict-common
ほとんど|jmdict-common
ほど|jmdict-common
ほどう|jmdict-common
ほどうきょう|jmdict-common
ほどく|jmdict-common
ほどける|jmdict-common
ほどこす|jmdict-common
ほどなく|jmdict-common
ほね|jmdict-common
ほねぬき|jmdict-common
ほのお|jmdict-common
ほのか|jmdict-common
ほのめかす|jmdict-common
ほぶね|jmdict-variant
ほへい|jmdict-common
ほほ|jmdict-common
ほほえむ|jmdict-common
ほほ笑む|jmdict-variant
ほぼ|jmdict-common
ほまれ|jmdict-common
ほむら|jmdict-variant
ほめる|jmdict-common
ほゆう|jmdict-common
ほよう|jmdict-common
ほようしょ|jmdict-variant
ほようじょ|jmdict-common
ほら|jmdict-common
ほらあな|jmdict-common
ほら穴|jmdict-variant
ほり|jmdict-common
ほりえ|jmdict-common
ほりかわ|jmdict-common
ほりゅう|jmdict-common
ほりょ|jmdict-common
ほる|jmdict-common
ほれ|jmdict-variant
ほれる|jmdict-common
ほろびる|jmdict-common
ほろぼす|jmdict-common
ほん|jmdict-common
ほんあん|jmdict-common
ほんい|jmdict-common
ほんいんぼう|jmdict-common
ほんかいぎ|jmdict-common
ほんかく|jmdict-common
ほんかくか|jmdict-common
ほんかくてき|jmdict-common
ほんかん|jmdict-common
ほんがん|jmdict-common
ほんき|jmdict-common
ほんきょ|jmdict-common
ほんぎょう|jmdict-common
ほんけ|jmdict-common
ほんけん|jmdict-common
ほんこう|jmdict-common
ほんこく|jmdict-variant
ほんごく|jmdict-common
ほんごし|jmdict-common
ほんざん|jmdict-common
ほんし|jmdict-common
ほんしつ|jmdict-common
ほんしつてき|jmdict-common
ほんしゃ|jmdict-common
ほんしょ|jmdict-common
ほんしょう|jmdict-common
ほんしょく|jmdict-common
ほんしん|jmdict-common
ほんじつ|jmdict-common
ほんじゃ|jmdict-variant
ほんじょうし|jmdict-variant
ほんすう|jmdict-common
ほんせい|jmdict-variant
ほんせき|jmdict-common
ほんせん|jmdict-common
ほんそう|jmdict-common
ほんぞん|jmdict-common
ほんたい|jmdict-common
ほんだい|jmdict-common
ほんだな|jmdict-common
ほんちょう|jmdict-common
ほんちょうし|jmdict-common
ほんてん|jmdict-common
ほんと|jmdict-variant
ほんとう|jmdict-common
ほんとうに|jmdict-common
ほんとに|jmdict-variant
ほんど|jmdict-common
ほんどう|jmdict-common
ほんにん|jmdict-common
ほんね|jmdict-common
ほんねん|jmdict-common
ほんの|jmdict-common
ほんのう|jmdict-common
ほんのすこし|jmdict-common
ほんのり|jmdict-common
ほんの少し|jmdict-common
ほんば|jmdict-common
ほんばこ|jmdict-common
ほんばん|jmdict-common
ほんぶ|jmdict-common
ほんぶん|jmdict-common
ほんぽう|jmdict-common
ほんみょう|jmdict-common
ほんめい|jmdict-common
ほんもの|jmdict-common
ほんもん|jmdict-common
ほんや|jmdict-common
ほんやく|jmdict-common
ほんよさん|jmdict-common
ほんらい|jmdict-common
ほんらん|jmdict-common
ほんりゅう|jmdict-common
ほんりょう|jmdict-common
ほんるい|jmdict-common
ほんるいだ|jmdict-common
ほんろう|jmdict-common
ぼいん|jmdict-common
ぼう|jmdict-common
ぼうえい|jmdict-common
ぼうえいしせつちょう|jmdict-common
ぼうえいちょう|jmdict-common
ぼうえき|jmdict-common
ぼうえんきょう|jmdict-common
ぼうおん|jmdict-common
ぼうか|jmdict-common
ぼうかん|jmdict-common
ぼうがい|jmdict-common
ぼうきゃく|jmdict-common
ぼうきょ|jmdict-common
ぼうぎゃく|jmdict-common
ぼうぎょ|jmdict-common
ぼうくう|jmdict-common
ぼうけん|jmdict-common
ぼうげつ|jmdict-variant
ぼうこう|jmdict-common
ぼうご|jmdict-common
ぼうさい|jmdict-common
ぼうさん|jmdict-common
ぼうし|jmdict-common
ぼうしょく|jmdict-common
ぼうじゅ|jmdict-common
ぼうすい|jmdict-common
ぼうず|jmdict-common
ぼうせき|jmdict-common
ぼうせん|jmdict-common
ぼうそう|jmdict-common
ぼうだい|jmdict-common
ぼうだち|jmdict-common
ぼうだん|jmdict-common
ぼうちょう|jmdict-common
ぼうっと|jmdict-variant
ぼうと|jmdict-common
ぼうとう|jmdict-common
ぼうどう|jmdict-common
ぼうねんかい|jmdict-common
ぼうはてい|jmdict-common
ぼうはん|jmdict-common
ぼうはんカメラ|jmdict-common
ぼうふ|jmdict-common
ぼうふう|jmdict-common
ぼうふうう|jmdict-common
ぼうぶら|jmdict-variant
ぼうめい|jmdict-common
ぼうらく|jmdict-common
ぼうりゃく|jmdict-common
ぼうりょく|jmdict-common
ぼうりょくだん|jmdict-common
ぼうれい|jmdict-common
ぼおっと|jmdict-variant
ぼおん|jmdict-variant
ぼかす|jmdict-common
ぼき|jmdict-common
ぼきん|jmdict-common
ぼく|jmdict-common
ぼくし|jmdict-common
ぼくじょう|jmdict-common
ぼくそう|jmdict-common
ぼくたち|jmdict-common
ぼくちく|jmdict-common
ぼくめつ|jmdict-common
ぼくや|jmdict-common
ぼくら|jmdict-common
ぼけ|jmdict-common
ぼけつ|jmdict-common
ぼける|jmdict-common
ぼこう|jmdict-common
ぼこく|jmdict-common
ぼこくご|jmdict-common
ぼさち|jmdict-variant
ぼさつ|jmdict-common
ぼさん|jmdict-variant
ぼし|jmdict-common
ぼしゅう|jmdict-common
ぼせい|jmdict-common
ぼせき|jmdict-common
ぼたい|jmdict-common
ぼたぼた|jmdict-variant
ぼち|jmdict-common
ぼっき|jmdict-common
ぼっしゅう|jmdict-common
ぼっちゃん|jmdict-common
ぼっとう|jmdict-common
ぼつ|jmdict-common
ぼつご|jmdict-common
ぼつらく|jmdict-common
ぼとぼと|jmdict-variant
ぼにゅう|jmdict-common
ぼや|jmdict-common
ぼやける|jmdict-common
ぼやぼや|jmdict-common
ぼれい|jmdict-variant
ぼろぼろ|jmdict-common
ぼん|jmdict-common
ぼんおどり|jmdict-common
ぼんさい|jmdict-common
ぼんじん|jmdict-common
ぼんず|jmdict-variant
ぼんち|jmdict-common
ぼんにん|jmdict-variant
ぼんのう|jmdict-common
ぼんやり|jmdict-common
ぼんよう|jmdict-common
ぼーっと|jmdict-common
ぽい|jmdict-variant
ぽかぽか|jmdict-common
ぽかん|jmdict-common
ぽたぽた|jmdict-common
ぽっかぽか|jmdict-variant
ぽとぽと|jmdict-variant
ぽんぽん|jmdict-variant
まぁ|jmdict-variant
まあ|jmdict-common
まあじゃん|jmdict-variant
まあたらしい|jmdict-common
まあまあ|jmdict-common
まい|jmdict-common
まいあさ|jmdict-common
まいかい|jmdict-common
まいきょ|jmdict-common
まいげつ|jmdict-common
まいご|jmdict-common
まいしゅう|jmdict-common
まいじ|jmdict-common
まいすう|jmdict-common
まいそう|jmdict-common
まいぞう|jmdict-common
まいちょう|jmdict-variant
まいつき|jmdict-common
まいとし|jmdict-common
まいど|jmdict-common
まいにち|jmdict-common
まいにちのように|jmdict-common
まいねん|jmdict-common
まいばん|jmdict-common
まいひめ|jmdict-common
まいぼつ|jmdict-common
まいる|jmdict-common
まう|jmdict-common
まうえ|jmdict-common
まえ|jmdict-common
まえうり|jmdict-common
まえうりけん|jmdict-common
まえおき|jmdict-common
まえがき|jmdict-common
まえがしら|jmdict-common
まえがみ|jmdict-common
まえがり|jmdict-common
まえだおし|jmdict-common
まえにわ|jmdict-variant
まえばらい|jmdict-common
まえび|jmdict-variant
まえぶれ|jmdict-common
まえまえ|jmdict-common
まえむき|jmdict-common
まえもって|jmdict-common
まかす|jmdict-common
まかせる|jmdict-common
まかなう|jmdict-common
まがお|jmdict-common
まがしら|jmdict-variant
まがり|jmdict-common
まがりかど|jmdict-common
まがる|jmdict-common
まき|jmdict-common
まきかえし|jmdict-common
まきこむ|jmdict-common
まきじゃく|jmdict-common
まきぞえ|jmdict-common
まきば|jmdict-common
まき込む|jmdict-variant
まぎらす|jmdict-common
まぎらわしい|jmdict-common
まぎれもない|jmdict-common
まぎれも無い|jmdict-variant
まぎれる|jmdict-common
まぎわ|jmdict-common
まく|jmdict-common
まくあけ|jmdict-common
まくうち|jmdict-common
まくぎれ|jmdict-common
まくした|jmdict-common
まくら|jmdict-common
まくる|jmdict-common
まぐち|jmdict-common
まぐれ|jmdict-common
まぐろ|jmdict-common
まけ|jmdict-common
まけいぬ|jmdict-common
まけこし|jmdict-common
まける|jmdict-common
まげる|jmdict-common
まこころ|jmdict-variant
まこと|jmdict-common
まことに|jmdict-common
まことにありがとうございます|jmdict-common
まご|jmdict-common
まごころ|jmdict-common
まごまご|jmdict-common
まごむすめ|jmdict-common
まさか|jmdict-common
まさつ|jmdict-common
まさに|jmdict-common
まさる|jmdict-common
まざる|jmdict-common
まし|jmdict-common
ましかく|jmdict-common
まして|jmdict-common
ましょうか|jmdict-common
ましょうめん|jmdict-common
ましろ|jmdict-variant
まじうる|jmdict-variant
まじえる|jmdict-common
まじか|jmdict-variant
まじめ|jmdict-common
まじゅつ|jmdict-common
まじょ|jmdict-common
まじり|jmdict-common
まじる|jmdict-common
まじわる|jmdict-common
ます|jmdict-common
ますい|jmdict-common
ますます|jmdict-common
まず|jmdict-common
まずい|jmdict-common
まずしい|jmdict-common
ませんか|jmdict-common
まぜあわす|jmdict-common
まぜもの|jmdict-common
まぜる|jmdict-common
まぜ物|jmdict-variant
また|jmdict-common
またがる|jmdict-common
またぐ|jmdict-common
またす|jmdict-common
またせる|jmdict-common
またたく|jmdict-common
またね|jmdict-common
または|jmdict-common
またーり|jmdict-variant
まだ|jmdict-common
まだしも|jmdict-common
まだたく|jmdict-variant
まだまだ|jmdict-common
まだまだこれから|jmdict-common
まち|jmdict-common
まちあい|jmdict-common
まちあいしつ|jmdict-common
まちあわせ|jmdict-common
まちあわせばしょ|jmdict-common
まちあわせる|jmdict-common
まちうける|jmdict-common
まちかど|jmdict-common
まちかねる|jmdict-common
まちかまえる|jmdict-common
まちがい|jmdict-common
まちがいない|jmdict-common
まちがう|jmdict-common
まちがえる|jmdict-common
まちづくり|jmdict-common
まちどうしい|jmdict-variant
まちどおしい|jmdict-common
まちなか|jmdict-common
まちなみ|jmdict-common
まちにん|jmdict-variant
まちのぞむ|jmdict-common
まちはずれ|jmdict-common
まちぶせ|jmdict-common
まちまち|jmdict-common
まちやくば|jmdict-common
まぢか|jmdict-common
まっか|jmdict-common
まっき|jmdict-common
まっきてき|jmdict-common
まっくら|jmdict-common
まっくろ|jmdict-common
まっこう|jmdict-common
まっさいちゅう|jmdict-common
まっさお|jmdict-common
まっさき|jmdict-common
まっさつ|jmdict-common
まっさなか|jmdict-variant
まっしょう|jmdict-common
まっしょうめん|jmdict-variant
まっしろ|jmdict-common
まっすぐ|jmdict-common
まったく|jmdict-common
まったり|jmdict-common
まったん|jmdict-common
まっちゃ|jmdict-common
まっとう|jmdict-common
まっとうする|jmdict-common
まっぷたつ|jmdict-common
まっ先|jmdict-variant
まっ暗|jmdict-variant
まっ最中|jmdict-variant
まっ白|jmdict-variant
まっ茶|jmdict-variant
まっ赤|jmdict-variant
まっ青|jmdict-variant
まっ黒|jmdict-variant
まつ|jmdict-common
まつじつ|jmdict-common
まつばやし|jmdict-common
まつび|jmdict-common
まつり|jmdict-common
まつりごと|jmdict-common
まつる|jmdict-common
まてんろう|jmdict-common
まで|jmdict-common
までなら|jmdict-common
までも|jmdict-common
までもない|jmdict-common
までも無い|jmdict-variant
まとまる|jmdict-common
まとめ|jmdict-common
まとめる|jmdict-common
まとも|jmdict-common
まど|jmdict-common
まどぎわ|jmdict-common
まどぐち|jmdict-common
まどり|jmdict-common
まどわす|jmdict-common
まないた|jmdict-common
まなこ|jmdict-common
まなざし|jmdict-common
まなつ|jmdict-common
まなぶ|jmdict-common
まな板|jmdict-common
まにあう|jmdict-common
まにあわせ|jmdict-common
まにあわせる|jmdict-common
まぬかれる|jmdict-variant
まぬがれる|jmdict-common
まぬけ|jmdict-common
まね|jmdict-common
まねき|jmdict-common
まねく|jmdict-common
まねし|jmdict-variant
まねる|jmdict-common
まばたく|jmdict-variant
まばら|jmdict-common
まひ|jmdict-common
まふ|jmdict-variant
まふゆ|jmdict-common
まぶしい|jmdict-common
まぶた|jmdict-common
まほう|jmdict-common
まほうびん|jmdict-common
まぼしい|jmdict-variant
まぼろし|jmdict-common
まま|jmdict-common
まみえ|jmdict-variant
まめ|jmdict-common
まめちしき|jmdict-common
まめ知識|jmdict-variant
まもなく|jmdict-common
まもり|jmdict-common
まもる|jmdict-common
まやく|jmdict-common
まゆ|jmdict-common
まゆげ|jmdict-common
まゆ毛|jmdict-variant
まよい|jmdict-common
まよう|jmdict-common
まよなか|jmdict-common
まりょく|jmdict-common
まる|jmdict-common
まるい|jmdict-common
まるがた|jmdict-variant
まるがり|jmdict-common
まるごと|jmdict-common
まるた|jmdict-common
まるっきり|jmdict-common
まるで|jmdict-common
まるばしら|jmdict-variant
まるまる|jmdict-common
まるみ|jmdict-common
まるめこむ|jmdict-common
まるめる|jmdict-common
まれ|jmdict-common
まろい|jmdict-variant
まろぶ|jmdict-variant
まわし|jmdict-common
まわす|jmdict-common
まわり|jmdict-common
まわりみち|jmdict-common
まわり道|jmdict-variant
まわる|jmdict-common
まん|jmdict-common
まんいち|jmdict-common
まんいつ|jmdict-variant
まんいん|jmdict-common
まんいんでんしゃ|jmdict-common
まんえつ|jmdict-common
まんえん|jmdict-common
まんかい|jmdict-common
まんが|jmdict-common
まんがいち|jmdict-common
まんがいつ|jmdict-variant
まんがか|jmdict-common
まんが家|jmdict-variant
まんき|jmdict-common
まんきつ|jmdict-common
まんげつ|jmdict-common
まんさい|jmdict-common
まんざい|jmdict-common
まんざら|jmdict-common
まんじょう|jmdict-common
まんじょういっち|jmdict-common
まんせい|jmdict-common
まんせいてき|jmdict-common
まんせき|jmdict-common
まんぞく|jmdict-common
まんぞくかん|jmdict-common
まんだん|jmdict-common
まんちょう|jmdict-common
まんてん|jmdict-common
まんなか|jmdict-common
まんにん|jmdict-variant
まんねん|jmdict-common
まんねんひつ|jmdict-common
まんねんぴつ|jmdict-variant
まんねんふで|jmdict-variant
まんのう|jmdict-variant
まんぱい|jmdict-common
まんびき|jmdict-common
まんぷく|jmdict-common
まんま|jmdict-variant
まんまる|jmdict-common
まんまん|jmdict-common
まんめん|jmdict-common
まんりょう|jmdict-common
まんるい|jmdict-common
まん中|jmdict-variant
まん丸|jmdict-variant
まん延|jmdict-common
まー|jmdict-common
まーじゃん|jmdict-variant
ま上|jmdict-variant
ま四角|jmdict-variant
みあい|jmdict-common
みあげる|jmdict-common
みあたらない|jmdict-common
みあたる|jmdict-common
みあわせる|jmdict-common
みいだす|jmdict-common
みいはあ|jmdict-variant
みいる|jmdict-common
みうける|jmdict-common
みうごき|jmdict-common
みうしなう|jmdict-common
みうち|jmdict-common
みえ|jmdict-common
みえかくれ|jmdict-common
みえがくれ|jmdict-variant
みえる|jmdict-common
みおくり|jmdict-common
みおくる|jmdict-common
みおとす|jmdict-common
みおぼえ|jmdict-common
みおろす|jmdict-common
みかい|jmdict-common
みかいけつ|jmdict-common
みかえす|jmdict-common
みかえり|jmdict-common
みかぎる|jmdict-common
みかく|jmdict-common
みかけ|jmdict-common
みかける|jmdict-common
みかずき|jmdict-variant
みかた|jmdict-common
みかづき|jmdict-common
みかど|jmdict-common
みかん|jmdict-common
みかんせい|jmdict-common
みがき|jmdict-common
みがく|jmdict-common
みがら|jmdict-common
みがる|jmdict-common
みがわり|jmdict-common
みき|jmdict-common
みきり|jmdict-common
みきりはっしゃ|jmdict-common
みきわめる|jmdict-common
みぎ|jmdict-common
みぎあし|jmdict-common
みぎうえ|jmdict-common
みぎうで|jmdict-common
みぎがわ|jmdict-common
みぎした|jmdict-common
みぎっかわ|jmdict-variant
みぎて|jmdict-common
みぎクリック|jmdict-common
みくだす|jmdict-common
みくらべる|jmdict-common
みぐるしい|jmdict-common
みけつ|jmdict-common
みこ|jmdict-common
みこし|jmdict-common
みことのり|jmdict-common
みこみ|jmdict-common
みこむ|jmdict-common
みこん|jmdict-common
みごと|jmdict-common
みさお|jmdict-common
みさき|jmdict-common
みささぎ|jmdict-common
みしらぬ|jmdict-common
みじかい|jmdict-common
みじかうた|jmdict-variant
みじかめ|jmdict-common
みじけー|jmdict-variant
みじめ|jmdict-common
みじゅく|jmdict-common
みじゅくじ|jmdict-common
みじん|jmdict-common
みじんぎり|jmdict-common
みじん切り|jmdict-common
みすい|jmdict-common
みすごす|jmdict-common
みすてる|jmdict-common
みすみす|jmdict-common
みず|jmdict-common
みずあげ|jmdict-common
みずいらず|jmdict-common
みずいろ|jmdict-common
みずうみ|jmdict-common
みずから|jmdict-common
みずぎ|jmdict-common
みずぎわ|jmdict-common
みずくさい|jmdict-common
みずぐち|jmdict-common
みずぐるま|jmdict-variant
みずけ|jmdict-common
みずしらず|jmdict-common
みずたま|jmdict-common
みずとり|jmdict-common
みずどり|jmdict-variant
みずびたし|jmdict-common
みずべ|jmdict-common
みずまし|jmdict-common
みずみずしい|jmdict-common
みずわり|jmdict-common
みせ|jmdict-common
みせいねん|jmdict-common
みせいねんしゃ|jmdict-common
みせかけ|jmdict-common
みせさき|jmdict-common
みせば|jmdict-common
みせびらかす|jmdict-common
みせびらき|jmdict-common
みせる|jmdict-common
みぜん|jmdict-common
みそ|jmdict-common
みそか|jmdict-common
みそこなう|jmdict-common
みそしる|jmdict-common
みそ汁|jmdict-variant
みぞ|jmdict-common
みたい|jmdict-common
みたす|jmdict-common
みたところ|jmdict-common
みため|jmdict-common
みたり|jmdict-variant
みだし|jmdict-common
みだす|jmdict-common
みだれ|jmdict-common
みだれる|jmdict-common
みち|jmdict-common
みちがえる|jmdict-common
みちくさ|jmdict-common
みちしお|jmdict-variant
みちじゅん|jmdict-common
みちすう|jmdict-common
みちすじ|jmdict-common
みちのり|jmdict-common
みちばた|jmdict-common
みちびく|jmdict-common
みちる|jmdict-common
みぢか|jmdict-common
みっか|jmdict-common
みっこう|jmdict-common
みっしつ|jmdict-common
みっしゅう|jmdict-common
みっせつ|jmdict-common
みっちゃく|jmdict-common
みっつ|jmdict-common
みっともない|jmdict-common
みつ|jmdict-common
みつかる|jmdict-common
みつける|jmdict-common
みつど|jmdict-common
みつにゅうこく|jmdict-common
みつにゅうごく|jmdict-variant
みつばい|jmdict-common
みつめる|jmdict-common
みつもり|jmdict-common
みつやく|jmdict-common
みつゆ|jmdict-common
みつりょう|jmdict-common
みつりん|jmdict-common
みてい|jmdict-common
みとおし|jmdict-common
みとどける|jmdict-common
みとめ|jmdict-common
みとめいん|jmdict-common
みとめる|jmdict-common
みどころ|jmdict-common
みどり|jmdict-common
みどりいろ|jmdict-common
みどり色|jmdict-variant
みな|jmdict-common
みなおし|jmdict-common
みなおす|jmdict-common
みなげ|jmdict-common
みなさま|jmdict-common
みなさん|jmdict-common
みなしご|jmdict-variant
みなし子|jmdict-variant
みなす|jmdict-common
みなと|jmdict-common
みなまたびょう|jmdict-common
みなみ|jmdict-common
みなみがわ|jmdict-common
みなみぐち|jmdict-common
みなみにし|jmdict-variant
みなみひがし|jmdict-variant
みなみアフリカ|jmdict-common
みなも|jmdict-variant
みなもと|jmdict-common
みならい|jmdict-common
みならう|jmdict-common
みなり|jmdict-common
みなれる|jmdict-common
みなわ|jmdict-variant
みな様|jmdict-variant
みにくい|jmdict-common
みにつける|jmdict-common
みね|jmdict-common
みのう|jmdict-common
みのうえ|jmdict-common
みのがす|jmdict-common
みのしろきんようきゅう|jmdict-common
みのまわり|jmdict-common
みのり|jmdict-common
みのる|jmdict-common
みはか|jmdict-variant
みはっぴょう|jmdict-common
みはなす|jmdict-common
みはらい|jmdict-common
みはらし|jmdict-common
みはらす|jmdict-common
みはり|jmdict-common
みはる|jmdict-common
みばえ|jmdict-common
みばらい|jmdict-variant
みぶり|jmdict-common
みぶるい|jmdict-common
みぶん|jmdict-common
みぶんしょうめいしょ|jmdict-common
みほん|jmdict-common
みほんいち|jmdict-common
みぼうじん|jmdict-common
みまい|jmdict-common
みまう|jmdict-common
みまもる|jmdict-common
みまん|jmdict-common
みみ|jmdict-common
みみざわり|jmdict-common
みみもと|jmdict-common
みみより|jmdict-common
みめい|jmdict-common
みもと|jmdict-common
みゃく|jmdict-common
みゃくはく|jmdict-common
みゃくらく|jmdict-common
みやげ|jmdict-common
みやこ|jmdict-common
みやぶる|jmdict-common
みやま|jmdict-common
みょう|jmdict-common
みょうあさ|jmdict-variant
みょうあん|jmdict-common
みょうぎ|jmdict-common
みょうごにち|jmdict-common
みょうしゅ|jmdict-common
みょうじ|jmdict-common
みょうじょう|jmdict-common
みょうちょう|jmdict-common
みょうにち|jmdict-common
みょうねん|jmdict-common
みょうばん|jmdict-common
みょうふく|jmdict-variant
みょうみょうごにち|jmdict-variant
みょうもく|jmdict-variant
みより|jmdict-common
みらい|jmdict-common
みりょう|jmdict-common
みりょく|jmdict-common
みりょくてき|jmdict-common
みる|jmdict-common
みるみる|jmdict-common
みれん|jmdict-common
みわく|jmdict-common
みわけ|jmdict-common
みわける|jmdict-common
みわたす|jmdict-common
みんい|jmdict-common
みんえい|jmdict-common
みんえいか|jmdict-common
みんか|jmdict-common
みんかん|jmdict-common
みんかんほうそう|jmdict-common
みんげい|jmdict-common
みんしゃとう|jmdict-common
みんしゅ|jmdict-common
みんしゅう|jmdict-common
みんしゅく|jmdict-common
みんしゅこく|jmdict-common
みんしゅしゅぎ|jmdict-common
みんしゅてき|jmdict-common
みんしゅとう|jmdict-common
みんじ|jmdict-common
みんじゅ|jmdict-common
みんせい|jmdict-common
みんぞく|jmdict-common
みんぞくしゅぎ|jmdict-common
みんぞくじけつ|jmdict-common
みんな|jmdict-common
みんぺい|jmdict-common
みんぽう|jmdict-common
みんよう|jmdict-common
みんわ|jmdict-common
みーはー|jmdict-variant
み山|jmdict-variant
むい|jmdict-common
むいか|jmdict-common
むいしき|jmdict-common
むいみ|jmdict-common
むう|jmdict-variant
むうっと|jmdict-variant
むえき|jmdict-common
むえん|jmdict-common
むかい|jmdict-common
むかう|jmdict-common
むかえ|jmdict-common
むかえうつ|jmdict-common
むかえる|jmdict-common
むかし|jmdict-common
むかしのまま|jmdict-common
むかしばなし|jmdict-common
むかし話|jmdict-variant
むかってひだり|jmdict-common
むかむか|jmdict-variant
むかんけい|jmdict-common
むかんしん|jmdict-common
むかーし|jmdict-variant
むが|jmdict-common
むがい|jmdict-common
むき|jmdict-common
むきげん|jmdict-common
むきず|jmdict-common
むきぶつ|jmdict-common
むきめい|jmdict-common
むきゅう|jmdict-common
むきりょく|jmdict-common
むきん|jmdict-common
むぎ|jmdict-common
むぎちゃ|jmdict-common
むぎばたけ|jmdict-common
むく|jmdict-common
むくいる|jmdict-common
むくち|jmdict-common
むくみ|jmdict-common
むくわれる|jmdict-common
むけ|jmdict-common
むけい|jmdict-common
むけいぶんかざい|jmdict-common
むける|jmdict-common
むげん|jmdict-common
むこ|jmdict-common
むこう|jmdict-common
むこうがわ|jmdict-common
むごん|jmdict-common
むさく|jmdict-common
むさべつ|jmdict-common
むさぼる|jmdict-common
むざい|jmdict-common
むざん|jmdict-common
むし|jmdict-common
むしあつい|jmdict-common
むしかえす|jmdict-common
むしかく|jmdict-common
むしば|jmdict-common
むしばむ|jmdict-common
むしゃ|jmdict-common
むしゅうせい|jmdict-common
むしょう|jmdict-common
むしょうに|jmdict-common
むしょく|jmdict-common
むしょぞく|jmdict-common
むしよけ|jmdict-common
むしろ|jmdict-common
むしん|jmdict-common
むしんけい|jmdict-common
むしパン|jmdict-common
むし暑い|jmdict-variant
むし歯|jmdict-variant
むじ|jmdict-common
むじつ|jmdict-common
むじゃき|jmdict-common
むじゅうりょう|jmdict-common
むじゅん|jmdict-common
むじょう|jmdict-common
むじょうけん|jmdict-common
むじん|jmdict-common
むじんぞう|jmdict-common
むす|jmdict-common
むすう|jmdict-common
むすこ|jmdict-common
むすび|jmdict-common
むすびつき|jmdict-common
むすびつく|jmdict-common
むすぶ|jmdict-common
むすめ|jmdict-common
むすめむこ|jmdict-common
むずかしい|jmdict-common
むせいげん|jmdict-common
むせいふ|jmdict-common
むせいぶつ|jmdict-common
むせきにん|jmdict-common
むせん|jmdict-common
むせんまい|jmdict-common
むせんラン|jmdict-common
むぜい|jmdict-common
むそ|jmdict-variant
むそう|jmdict-common
むぞうさ|jmdict-common
むだ|jmdict-common
むだづかい|jmdict-common
むだん|jmdict-common
むち|jmdict-common
むちつじょ|jmdict-common
むちゃ|jmdict-common
むちゃくちゃ|jmdict-common
むちゅう|jmdict-common
むっちゃ|jmdict-variant
むっつ|jmdict-common
むっつり|jmdict-common
むっと|jmdict-variant
むつ|jmdict-variant
むつかしい|jmdict-variant
むづかしい|jmdict-variant
むてき|jmdict-common
むとうはそう|jmdict-common
むとうひょう|jmdict-common
むとくてん|jmdict-common
むとどけ|jmdict-common
むな|jmdict-variant
むなぎ|jmdict-variant
むなしい|jmdict-common
むにん|jmdict-variant
むね|jmdict-common
むねん|jmdict-common
むのう|jmdict-common
むはい|jmdict-common
むふう|jmdict-common
むほう|jmdict-common
むほうしゅう|jmdict-common
むぼう|jmdict-common
むめ|jmdict-variant
むめい|jmdict-common
むめんきょ|jmdict-common
むやみに|jmdict-common
むゆか|jmdict-variant
むよう|jmdict-common
むよか|jmdict-variant
むよく|jmdict-common
むら|jmdict-common
むらおさ|jmdict-variant
むらがる|jmdict-common
むらさき|jmdict-common
むらさきいろ|jmdict-common
むらさき色|jmdict-variant
むらびと|jmdict-common
むり|jmdict-common
むりし|jmdict-common
むりやり|jmdict-common
むりょう|jmdict-common
むりょく|jmdict-common
むりょくかん|jmdict-common
むれ|jmdict-common
むれる|jmdict-common
むろまち|jmdict-common
むろん|jmdict-common
むーっと|jmdict-variant
めあて|jmdict-common
めい|jmdict-common
めいあん|jmdict-common
めいうん|jmdict-common
めいかい|jmdict-common
めいかく|jmdict-common
めいが|jmdict-common
めいがら|jmdict-common
めいき|jmdict-common
めいきゅう|jmdict-common
めいきょく|jmdict-common
めいぎ|jmdict-common
めいげつ|jmdict-common
めいげん|jmdict-common
めいさい|jmdict-common
めいさく|jmdict-common
めいし|jmdict-common
めいしゅ|jmdict-common
めいしょ|jmdict-common
めいしょう|jmdict-common
めいしん|jmdict-common
めいじ|jmdict-common
めいじつ|jmdict-common
めいじる|jmdict-common
めいじん|jmdict-common
めいずる|jmdict-common
めいせい|jmdict-common
めいそう|jmdict-common
めいだい|jmdict-common
めいちゅう|jmdict-common
めいちょ|jmdict-common
めいにち|jmdict-common
めいはく|jmdict-common
めいふく|jmdict-common
めいぶつ|jmdict-common
めいぶんか|jmdict-common
めいぼ|jmdict-common
めいぼく|jmdict-variant
めいめい|jmdict-common
めいもく|jmdict-common
めいもん|jmdict-common
めいやく|jmdict-common
めいゆう|jmdict-common
めいよ|jmdict-common
めいよしょく|jmdict-common
めいりょう|jmdict-common
めいれい|jmdict-common
めいろ|jmdict-common
めいろう|jmdict-common
めいわく|jmdict-common
めいわくこうい|jmdict-common
めい想|jmdict-variant
めい福|jmdict-variant
めうえ|jmdict-common
めかた|jmdict-common
めがさめる|jmdict-common
めがしら|jmdict-common
めがね|jmdict-common
めがみ|jmdict-common
めきめき|jmdict-common
めく|jmdict-common
めくら|jmdict-common
めくる|jmdict-common
めぐすり|jmdict-common
めぐまれる|jmdict-common
めぐみ|jmdict-common
めぐむ|jmdict-common
めぐりあう|jmdict-common
めぐり会う|jmdict-variant
めぐり合う|jmdict-common
めぐり逢う|jmdict-variant
めぐる|jmdict-common
めぐろ|jmdict-common
めこ|jmdict-variant
めさき|jmdict-common
めざす|jmdict-common
めざまし|jmdict-common
めざましい|jmdict-common
めざましどけい|jmdict-common
めざめる|jmdict-common
めし|jmdict-common
めしあがる|jmdict-common
めしうど|jmdict-variant
めした|jmdict-common
めしゅうど|jmdict-variant
めじるし|jmdict-common
めじろ|jmdict-common
めじろおし|jmdict-common
めじろ押し|jmdict-variant
めす|jmdict-common
めずらしい|jmdict-common
めだつ|jmdict-common
めだま|jmdict-common
めだましょうひん|jmdict-common
めちゃくちゃ|jmdict-common
めちゃめちゃ|jmdict-common
めっきり|jmdict-common
めった|jmdict-common
めったに|jmdict-common
めっちゃくちゃ|jmdict-variant
めつき|jmdict-common
めつぼう|jmdict-common
めでたい|jmdict-common
めど|jmdict-common
めぬき|jmdict-common
めのまえ|jmdict-common
めばえ|jmdict-common
めばな|jmdict-common
めべり|jmdict-common
めまい|jmdict-common
めもり|jmdict-common
めやす|jmdict-common
めをとおす|jmdict-common
めん|jmdict-common
めんえき|jmdict-common
めんかい|jmdict-common
めんきょ|jmdict-common
めんきょしょう|jmdict-common
めんしき|jmdict-common
めんしょく|jmdict-common
めんじょ|jmdict-common
めんじょう|jmdict-common
めんする|jmdict-common
めんせき|jmdict-common
めんせつ|jmdict-common
めんぜい|jmdict-common
めんだん|jmdict-common
めんどう|jmdict-common
めんどうくさい|jmdict-common
めんどくさい|jmdict-common
めんど臭い|jmdict-variant
めんぷ|jmdict-common
めんぼく|jmdict-common
めんみつ|jmdict-common
めんめん|jmdict-common
めんもく|jmdict-common
もう|jmdict-common
もうい|jmdict-common
もういちど|jmdict-common
もうかる|jmdict-common
もうがっこう|jmdict-common
もうけ|jmdict-common
もうける|jmdict-common
もうこう|jmdict-common
もうしあげる|jmdict-common
もうしあわせ|jmdict-common
もうしいれ|jmdict-common
もうしいれる|jmdict-common
もうしこみ|jmdict-common
もうしこみしょ|jmdict-common
もうしこむ|jmdict-common
もうしたて|jmdict-common
もうしで|jmdict-common
もうしでる|jmdict-common
もうしぶんない|jmdict-common
もうしょ|jmdict-common
もうしわけ|jmdict-common
もうしわけありません|jmdict-common
もうしわけない|jmdict-common
もうじゅう|jmdict-common
もうじん|jmdict-common
もうす|jmdict-common
もうすっかり|jmdict-common
もうそう|jmdict-common
もうだ|jmdict-common
もうちょう|jmdict-common
もうてん|jmdict-common
もうどうけん|jmdict-common
もうひ|jmdict-variant
もうひつ|jmdict-common
もうふ|jmdict-common
もうまく|jmdict-common
もうもく|jmdict-common
もうら|jmdict-common
もうれつ|jmdict-common
もう一度|jmdict-common
もう１度|jmdict-variant
もえあがる|jmdict-common
もえる|jmdict-common
もぉ|jmdict-variant
もがく|jmdict-common
もぎ|jmdict-common
もぎしけん|jmdict-common
もくげき|jmdict-common
もくさつ|jmdict-common
もくざい|jmdict-common
もくじ|jmdict-common
もくせい|jmdict-common
もくぜん|jmdict-common
もくそく|jmdict-common
もくぞう|jmdict-common
もくたん|jmdict-common
もくちょう|jmdict-common
もくてき|jmdict-common
もくてきち|jmdict-common
もくと|jmdict-variant
もくとう|jmdict-common
もくにん|jmdict-common
もくひょう|jmdict-common
もくへん|jmdict-common
もくよう|jmdict-common
もくようび|jmdict-common
もくろく|jmdict-common
もぐ|jmdict-common
もけい|jmdict-common
もさく|jmdict-common
もし|jmdict-common
もしかしたら|jmdict-common
もしかして|jmdict-common
もしかすると|jmdict-common
もしくは|jmdict-common
もしも|jmdict-common
もしもし|jmdict-common
もしゅ|jmdict-common
もしょう|jmdict-common
もじ|jmdict-common
もじどおり|jmdict-common
もす|jmdict-variant
もぞう|jmdict-common
もたらす|jmdict-common
もたれる|jmdict-common
もち|jmdict-common
もちあい|jmdict-common
もちあげる|jmdict-common
もちあじ|jmdict-common
もちいえ|jmdict-common
もちいる|jmdict-common
もちかえり|jmdict-common
もちかえる|jmdict-common
もちかぶ|jmdict-common
もちこす|jmdict-common
もちこたえる|jmdict-common
もちこみ|jmdict-common
もちこむ|jmdict-common
もちだし|jmdict-common
もちだす|jmdict-common
もちづき|jmdict-common
もちなおす|jmdict-common
もちぬし|jmdict-common
もちまえ|jmdict-common
もちまわり|jmdict-common
もちもの|jmdict-common
もちや|jmdict-variant
もちろん|jmdict-common
もち月|jmdict-variant
もち越す|jmdict-variant
もっか|jmdict-common
もっこう|jmdict-common
もったいない|jmdict-common
もって|jmdict-common
もっていく|jmdict-common
もってくる|jmdict-common
もってゆく|jmdict-variant
もって来る|jmdict-variant
もって行く|jmdict-variant
もっと|jmdict-common
もっとも|jmdict-common
もっともらしい|jmdict-common
もっぱら|jmdict-common
もつ|jmdict-common
もつなべ|jmdict-common
もつれる|jmdict-common
もつ鍋|jmdict-common
もて|jmdict-variant
もてない|jmdict-common
もてなし|jmdict-common
もてなす|jmdict-common
もてる|jmdict-common
もと|jmdict-common
もとき|jmdict-common
もときん|jmdict-variant
もとづく|jmdict-common
もとめる|jmdict-common
もとも|jmdict-variant
もともと|jmdict-common
もとより|jmdict-common
もどし|jmdict-common
もどす|jmdict-common
もどり|jmdict-common
もどる|jmdict-common
もの|jmdict-common
ものいい|jmdict-common
ものおき|jmdict-common
ものおと|jmdict-common
ものおぼえ|jmdict-common
ものかげ|jmdict-common
ものがたり|jmdict-common
ものがたる|jmdict-common
ものごころ|jmdict-common
ものごし|jmdict-common
ものごと|jmdict-common
ものさし|jmdict-common
ものすごい|jmdict-common
ものすっごい|jmdict-variant
ものすんごい|jmdict-variant
ものずき|jmdict-common
ものたりない|jmdict-common
ものの|jmdict-common
ものほし|jmdict-common
ものわかれ|jmdict-common
もの凄い|jmdict-variant
もの好き|jmdict-variant
もの差し|jmdict-variant
もの指し|jmdict-variant
もの覚え|jmdict-variant
もの足りない|jmdict-variant
もはや|jmdict-common
もはら|jmdict-variant
もはん|jmdict-common
もふく|jmdict-common
もほう|jmdict-common
もみじ|jmdict-common
もむ|jmdict-common
もめる|jmdict-common
もめん|jmdict-common
もも|jmdict-common
ももいろ|jmdict-common
もも色|jmdict-variant
もやす|jmdict-common
もよう|jmdict-common
もよおし|jmdict-common
もよおす|jmdict-common
もより|jmdict-common
もらう|jmdict-common
もらす|jmdict-common
もらたす|jmdict-variant
もり|jmdict-common
もりあがり|jmdict-common
もりあがる|jmdict-common
もりあげる|jmdict-common
もりこむ|jmdict-common
もりつけ|jmdict-common
もる|jmdict-common
もれる|jmdict-common
もろい|jmdict-common
もろうで|jmdict-variant
もん|jmdict-common
もんか|jmdict-common
もんかせい|jmdict-common
もんがいかん|jmdict-common
もんきりがた|jmdict-common
もんく|jmdict-common
もんくなし|jmdict-common
もんこ|jmdict-common
もんしょう|jmdict-common
もんじ|jmdict-variant
もんじょ|jmdict-variant
もんじょう|jmdict-variant
もんせき|jmdict-common
もんぜん|jmdict-common
もんぜんばらい|jmdict-common
もんぞう|jmdict-variant
もんだい|jmdict-common
もんだいいしき|jmdict-common
もんだいてん|jmdict-common
もんだいない|jmdict-common
もんどう|jmdict-common
もんぴ|jmdict-common
もんぶ|jmdict-common
もんぶかがくしょう|jmdict-common
もんぶしょう|jmdict-common
もんよう|jmdict-common
もー|jmdict-variant
やうち|jmdict-variant
やえ|jmdict-common
やえざくら|jmdict-common
やおや|jmdict-common
やかましい|jmdict-common
やかん|jmdict-common
やがい|jmdict-common
やがく|jmdict-common
やがて|jmdict-common
やきいも|jmdict-common
やきそば|jmdict-common
やきとり|jmdict-common
やきにく|jmdict-common
やきもち|jmdict-common
やきゅう|jmdict-common
やきゅうぶ|jmdict-common
やきん|jmdict-common
やぎょう|jmdict-variant
やく|jmdict-common
やくいん|jmdict-common
やくか|jmdict-variant
やくがい|jmdict-common
やくがく|jmdict-common
やくがら|jmdict-common
やくざ|jmdict-common
やくざい|jmdict-common
やくざいし|jmdict-common
やくしゃ|jmdict-common
やくしょ|jmdict-common
やくしょく|jmdict-common
やくしん|jmdict-common
やくじょ|jmdict-common
やくす|jmdict-common
やくそく|jmdict-common
やくそくどおり|jmdict-common
やくだつ|jmdict-common
やくどう|jmdict-common
やくどし|jmdict-common
やくにたたない|jmdict-common
やくにたつ|jmdict-common
やくにん|jmdict-common
やくに立たない|jmdict-variant
やくに立つ|jmdict-variant
やくば|jmdict-common
やくひん|jmdict-common
やくびょう|jmdict-variant
やくぶつ|jmdict-common
やくまわり|jmdict-common
やくみ|jmdict-common
やくめ|jmdict-common
やくわり|jmdict-common
やぐ|jmdict-common
やけ|jmdict-common
やけあと|jmdict-common
やけい|jmdict-common
やけど|jmdict-common
やける|jmdict-common
やけん|jmdict-common
やこう|jmdict-common
やごう|jmdict-common
やさい|jmdict-common
やさき|jmdict-common
やさしい|jmdict-common
やしき|jmdict-common
やしなう|jmdict-common
やしゅ|jmdict-common
やしん|jmdict-common
やじゅう|jmdict-common
やじるし|jmdict-common
やすあがり|jmdict-common
やすい|jmdict-common
やすうり|jmdict-common
やすくにじんじゃ|jmdict-common
やすっぽい|jmdict-common
やすね|jmdict-common
やすまる|jmdict-common
やすみ|jmdict-common
やすむ|jmdict-common
やすめる|jmdict-common
やすもの|jmdict-common
やすもん|jmdict-variant
やすらか|jmdict-common
やすらぎ|jmdict-common
やすらぐ|jmdict-common
やせい|jmdict-common
やせる|jmdict-common
やそ|jmdict-variant
やたい|jmdict-common
やたら|jmdict-common
やちょう|jmdict-common
やちよ|jmdict-common
やちん|jmdict-common
やっか|jmdict-common
やっかい|jmdict-common
やっかん|jmdict-common
やっき|jmdict-common
やっきょく|jmdict-common
やった|jmdict-common
やったあ|jmdict-variant
やったー|jmdict-variant
やっつ|jmdict-common
やってくる|jmdict-common
やって来る|jmdict-common
やっと|jmdict-common
やっぱり|jmdict-common
やつ|jmdict-common
やつあたり|jmdict-common
やつら|jmdict-common
やつ当たり|jmdict-variant
やつ等|jmdict-variant
やづくり|jmdict-variant
やといぬし|jmdict-common
やとい主|jmdict-variant
やとう|jmdict-common
やど|jmdict-common
やどす|jmdict-common
やどや|jmdict-common
やどる|jmdict-common
やなぎ|jmdict-common
やぬし|jmdict-common
やね|jmdict-common
やはり|jmdict-common
やばい|jmdict-common
やばん|jmdict-common
やぶる|jmdict-common
やぶれる|jmdict-common
やぼ|jmdict-common
やぼう|jmdict-common
やま|jmdict-common
やまい|jmdict-common
やまおく|jmdict-common
やまかげ|jmdict-common
やまかじ|jmdict-common
やまかわ|jmdict-variant
やまがた|jmdict-common
やまくずれ|jmdict-common
やまごや|jmdict-common
やまて|jmdict-common
やまでら|jmdict-common
やまと|jmdict-common
やまねこ|jmdict-common
やまのぼり|jmdict-common
やまみち|jmdict-common
やまめ|jmdict-variant
やまやま|jmdict-common
やみ|jmdict-common
やむ|jmdict-common
やむをえない|jmdict-common
やむを得ない|jmdict-common
やめる|jmdict-common
やもめ|jmdict-variant
やや|jmdict-common
ややこしい|jmdict-common
ややっこしい|jmdict-variant
やよい|jmdict-common
やらしい|jmdict-variant
やり|jmdict-common
やりかた|jmdict-common
やりがい|jmdict-common
やりきれない|jmdict-common
やりくり|jmdict-common
やりすごす|jmdict-common
やりとり|jmdict-common
やりなおし|jmdict-common
やりなおす|jmdict-common
やり切れない|jmdict-common
やり取り|jmdict-common
やり方|jmdict-common
やり甲斐|jmdict-variant
やり直し|jmdict-common
やり直す|jmdict-common
やり繰り|jmdict-common
やり過ごす|jmdict-common
やり過す|jmdict-variant
やる|jmdict-common
やるき|jmdict-common
やる気|jmdict-common
やれやれ|jmdict-common
やろう|jmdict-common
やわらか|jmdict-common
やわらかい|jmdict-common
やわらぐ|jmdict-common
やわらげる|jmdict-common
ゆいいつ|jmdict-common
ゆいごん|jmdict-common
ゆいしょ|jmdict-common
ゆいつ|jmdict-common
ゆいぶつろん|jmdict-common
ゆう|jmdict-common
ゆうあい|jmdict-common
ゆうい|jmdict-common
ゆういぎ|jmdict-common
ゆういつ|jmdict-variant
ゆういん|jmdict-common
ゆううつ|jmdict-common
ゆうえき|jmdict-common
ゆうえつかん|jmdict-common
ゆうえんち|jmdict-common
ゆうかい|jmdict-common
ゆうかしょうけん|jmdict-common
ゆうかん|jmdict-common
ゆうが|jmdict-common
ゆうがい|jmdict-common
ゆうがた|jmdict-common
ゆうき|jmdict-common
ゆうきぶつ|jmdict-common
ゆうきゅう|jmdict-common
ゆうぎ|jmdict-common
ゆうぎり|jmdict-common
ゆうぐう|jmdict-common
ゆうぐれ|jmdict-common
ゆうけんしゃ|jmdict-common
ゆうげき|jmdict-common
ゆうげきしゅ|jmdict-common
ゆうげん|jmdict-common
ゆうこう|jmdict-common
ゆうこく|jmdict-common
ゆうごう|jmdict-common
ゆうざい|jmdict-common
ゆうし|jmdict-common
ゆうしきしゃ|jmdict-common
ゆうしゃ|jmdict-common
ゆうしゅう|jmdict-common
ゆうしょう|jmdict-common
ゆうしょく|jmdict-common
ゆうじ|jmdict-common
ゆうじゃ|jmdict-variant
ゆうじゅうふだん|jmdict-common
ゆうじょう|jmdict-common
ゆうじん|jmdict-common
ゆうすい|jmdict-common
ゆうすう|jmdict-common
ゆうする|jmdict-common
ゆうずう|jmdict-common
ゆうせい|jmdict-common
ゆうせいしょう|jmdict-common
ゆうせん|jmdict-common
ゆうせんてき|jmdict-common
ゆうぜい|jmdict-common
ゆうそう|jmdict-common
ゆうたい|jmdict-common
ゆうだい|jmdict-common
ゆうだち|jmdict-common
ゆうち|jmdict-common
ゆうちょ|jmdict-common
ゆうちょう|jmdict-common
ゆうちょぎんこう|jmdict-common
ゆうちょ銀行|jmdict-common
ゆうづう|jmdict-variant
ゆうとうせい|jmdict-common
ゆうどう|jmdict-common
ゆうどく|jmdict-common
ゆうのう|jmdict-common
ゆうはつ|jmdict-common
ゆうはん|jmdict-common
ゆうひ|jmdict-common
ゆうび|jmdict-common
ゆうびん|jmdict-common
ゆうびんきょく|jmdict-common
ゆうふく|jmdict-common
ゆうへい|jmdict-common
ゆうべ|jmdict-common
ゆうべん|jmdict-common
ゆうほ|jmdict-common
ゆうぼう|jmdict-common
ゆうぼく|jmdict-common
ゆうまでもない|jmdict-variant
ゆうむ|jmdict-variant
ゆうめい|jmdict-common
ゆうめいじん|jmdict-common
ゆうめし|jmdict-common
ゆうやけ|jmdict-common
ゆうゆう|jmdict-common
ゆうよ|jmdict-common
ゆうよう|jmdict-common
ゆうらん|jmdict-common
ゆうり|jmdict-common
ゆうりょ|jmdict-common
ゆうりょう|jmdict-common
ゆうりょく|jmdict-common
ゆうりょくしゃ|jmdict-common
ゆうれい|jmdict-common
ゆうれつ|jmdict-common
ゆうわ|jmdict-common
ゆうわく|jmdict-common
ゆうパック|jmdict-common
ゆえに|jmdict-common
ゆおう|jmdict-variant
ゆか|jmdict-common
ゆかい|jmdict-common
ゆかした|jmdict-common
ゆかた|jmdict-common
ゆがむ|jmdict-common
ゆき|jmdict-common
ゆきき|jmdict-common
ゆきぐに|jmdict-common
ゆきさき|jmdict-variant
ゆきすぎ|jmdict-variant
ゆきすぎる|jmdict-variant
ゆきちがい|jmdict-variant
ゆきづまり|jmdict-variant
ゆきとどく|jmdict-variant
ゆきどけ|jmdict-common
ゆきどまり|jmdict-variant
ゆきなり|jmdict-variant
ゆきわたる|jmdict-variant
ゆぎん|jmdict-common
ゆく|jmdict-common
ゆくえ|jmdict-common
ゆくえふめい|jmdict-common
ゆけつ|jmdict-common
ゆげ|jmdict-common
ゆさい|jmdict-common
ゆさぶり|jmdict-common
ゆさぶる|jmdict-common
ゆし|jmdict-common
ゆしゅつ|jmdict-common
ゆしゅつにゅう|jmdict-common
ゆする|jmdict-common
ゆず|jmdict-common
ゆずう|jmdict-variant
ゆずりわたす|jmdict-common
ゆずる|jmdict-common
ゆせい|jmdict-common
ゆそう|jmdict-common
ゆたか|jmdict-common
ゆだねる|jmdict-common
ゆだん|jmdict-common
ゆちゃく|jmdict-common
ゆっくり|jmdict-common
ゆったり|jmdict-common
ゆでる|jmdict-common
ゆでん|jmdict-common
ゆとり|jmdict-common
ゆにゅう|jmdict-common
ゆのみ|jmdict-common
ゆばり|jmdict-variant
ゆび|jmdict-common
ゆびきり|jmdict-common
ゆびさき|jmdict-common
ゆびさす|jmdict-common
ゆびわ|jmdict-common
ゆまり|jmdict-variant
ゆみ|jmdict-common
ゆみや|jmdict-common
ゆめ|jmdict-common
ゆめにも|jmdict-common
ゆめまぼろし|jmdict-variant
ゆらい|jmdict-common
ゆらぎ|jmdict-common
ゆらぐ|jmdict-common
ゆらゆら|jmdict-common
ゆり|jmdict-common
ゆりかご|jmdict-common
ゆる|jmdict-common
ゆるい|jmdict-common
ゆるがす|jmdict-common
ゆるぐ|jmdict-common
ゆるし|jmdict-common
ゆるす|jmdict-common
ゆるむ|jmdict-common
ゆるめる|jmdict-common
ゆるやか|jmdict-common
ゆれる|jmdict-common
ゆわい|jmdict-variant
ゆわかしき|jmdict-common
ゆんべ|jmdict-variant
よあけ|jmdict-common
よい|jmdict-common
よいん|jmdict-common
よう|jmdict-common
ようい|jmdict-common
よういく|jmdict-common
よういん|jmdict-common
ようえき|jmdict-common
ようか|jmdict-common
ようかい|jmdict-common
ようが|jmdict-common
ようがく|jmdict-common
ようがん|jmdict-common
ようき|jmdict-common
ようきゅう|jmdict-common
ようきょく|jmdict-common
ようぎ|jmdict-common
ようぎしゃ|jmdict-common
ようぎょう|jmdict-common
ようぐ|jmdict-common
ようけい|jmdict-common
ようけん|jmdict-common
ようこう|jmdict-common
ようこうろ|jmdict-common
ようこそ|jmdict-common
ようご|jmdict-common
ようさい|jmdict-common
ようさん|jmdict-common
ようし|jmdict-common
ようしき|jmdict-common
ようしつ|jmdict-common
ようしゃ|jmdict-common
ようしゃなく|jmdict-common
ようしゅ|jmdict-common
ようしょ|jmdict-common
ようしょう|jmdict-common
ようしょうき|jmdict-common
ようしょく|jmdict-common
ようじ|jmdict-common
ようじょう|jmdict-common
ようじん|jmdict-common
ようじんぶかい|jmdict-common
ようじんぼう|jmdict-common
ようす|jmdict-common
ようすい|jmdict-common
ようする|jmdict-common
ようするに|jmdict-common
ようすをみる|jmdict-common
ようせい|jmdict-common
ようせき|jmdict-common
ようせつ|jmdict-common
ようそ|jmdict-common
ようそう|jmdict-common
ようち|jmdict-common
ようちえん|jmdict-common
ようちゅう|jmdict-common
ようちゅうい|jmdict-common
ようつう|jmdict-common
ようてん|jmdict-common
ようと|jmdict-common
ようとん|jmdict-common
ようなきがする|jmdict-common
ような気がする|jmdict-common
ように|jmdict-common
ようにく|jmdict-common
ようにする|jmdict-common
ようになる|jmdict-common
ようにん|jmdict-common
ようは|jmdict-common
ようひん|jmdict-common
ようび|jmdict-common
ようふ|jmdict-common
ようふう|jmdict-common
ようふく|jmdict-common
ようふぼ|jmdict-common
ようぶ|jmdict-common
ようぼう|jmdict-common
ようま|jmdict-common
ようもう|jmdict-common
ようやく|jmdict-common
ようりつ|jmdict-common
ようりゅう|jmdict-variant
ようりょう|jmdict-common
ようれい|jmdict-common
ようろう|jmdict-common
ようろういん|jmdict-common
よか|jmdict-common
よかったら|jmdict-common
よかん|jmdict-common
よき|jmdict-common
よきせぬ|jmdict-common
よきん|jmdict-common
よぎない|jmdict-common
よぎなく|jmdict-common
よぎなくされる|jmdict-common
よく|jmdict-common
よくあさ|jmdict-common
よくあつ|jmdict-common
よくあるごしつもん|jmdict-common
よくあるご質問|jmdict-common
よくあるしつもん|jmdict-common
よくある御質問|jmdict-variant
よくある質問|jmdict-common
よくい|jmdict-variant
よくげつ|jmdict-common
よくし|jmdict-common
よくしつ|jmdict-common
よくしゅう|jmdict-common
よくじつ|jmdict-common
よくじょう|jmdict-common
よくせい|jmdict-common
よくそう|jmdict-common
よくちょう|jmdict-common
よくとし|jmdict-variant
よくねん|jmdict-common
よくばり|jmdict-common
よくばる|jmdict-common
よくぼう|jmdict-common
よくも|jmdict-common
よくよう|jmdict-common
よくりゅう|jmdict-common
よけい|jmdict-common
よける|jmdict-common
よげん|jmdict-common
よこ|jmdict-common
よこがお|jmdict-common
よこがき|jmdict-common
よこぎる|jmdict-common
よこく|jmdict-common
よこくへん|jmdict-common
よこしま|jmdict-common
よこす|jmdict-common
よこせん|jmdict-variant
よこたわる|jmdict-common
よこづな|jmdict-common
よこて|jmdict-common
よこで|jmdict-variant
よこどり|jmdict-common
よこはば|jmdict-common
よこはま|jmdict-common
よこばい|jmdict-common
よこみち|jmdict-common
よこめ|jmdict-common
よこもじ|jmdict-common
よごす|jmdict-common
よごれ|jmdict-common
よごれる|jmdict-common
よさ|jmdict-common
よさん|jmdict-common
よし|jmdict-common
よしあし|jmdict-common
よしゅう|jmdict-common
よしわるし|jmdict-variant
よしん|jmdict-common
よし悪し|jmdict-variant
よじ|jmdict-common
よじょう|jmdict-common
よじょうはん|jmdict-common
よじん|jmdict-common
よす|jmdict-common
よすみ|jmdict-common
よせ|jmdict-common
よせあつめ|jmdict-common
よせせき|jmdict-variant
よせる|jmdict-common
よせん|jmdict-common
よそ|jmdict-common
よそいき|jmdict-variant
よそう|jmdict-common
よそういじょう|jmdict-common
よそうがい|jmdict-common
よそおい|jmdict-common
よそおう|jmdict-common
よそく|jmdict-common
よそみ|jmdict-common
よそゆき|jmdict-common
よそ行き|jmdict-common
よそ見|jmdict-common
よぞら|jmdict-common
よたく|jmdict-common
よたり|jmdict-variant
よだれ|jmdict-common
よだん|jmdict-common
よち|jmdict-common
よちょきん|jmdict-common
よちよち|jmdict-common
よっか|jmdict-common
よっきゅう|jmdict-common
よったり|jmdict-variant
よっつ|jmdict-common
よっぱらい|jmdict-common
よっぱらう|jmdict-common
よっぽど|jmdict-common
よつ|jmdict-variant
よつかど|jmdict-common
よてい|jmdict-common
よていひょう|jmdict-common
よとう|jmdict-common
よどむ|jmdict-common
よな|jmdict-common
よなか|jmdict-common
よにん|jmdict-common
よね|jmdict-common
よねん|jmdict-common
よのなか|jmdict-common
よは|jmdict-common
よび|jmdict-common
よびかけ|jmdict-common
よびかける|jmdict-common
よびこう|jmdict-common
よびごえ|jmdict-common
よびすて|jmdict-common
よびだし|jmdict-common
よびだす|jmdict-common
よびな|jmdict-common
よびひ|jmdict-common
よびみず|jmdict-common
よびもどす|jmdict-common
よび戻す|jmdict-variant
よふかし|jmdict-common
よふけ|jmdict-common
よぶ|jmdict-common
よぶん|jmdict-common
よべ|jmdict-variant
よほう|jmdict-common
よほど|jmdict-common
よぼう|jmdict-common
よぼうせっしゅ|jmdict-common
よみ|jmdict-common
よみあげる|jmdict-common
よみうり|jmdict-common
よみかえす|jmdict-common
よみかき|jmdict-common
よみかた|jmdict-common
よみがえる|jmdict-common
よみとり|jmdict-common
よみにくい|jmdict-common
よみもの|jmdict-common
よむ|jmdict-common
よめ|jmdict-common
よめい|jmdict-common
よめいり|jmdict-common
よも|jmdict-variant
よやく|jmdict-common
よやくちゅうもん|jmdict-common
よやとう|jmdict-common
よゆう|jmdict-common
より|jmdict-common
よりあつまる|jmdict-common
よりすぐり|jmdict-common
よりみち|jmdict-common
よりも|jmdict-common
よりょく|jmdict-common
よりわける|jmdict-common
より分ける|jmdict-variant
よる|jmdict-common
よるごはん|jmdict-common
よれば|jmdict-common
よろい|jmdict-common
よろこばしい|jmdict-common
よろこばす|jmdict-common
よろこび|jmdict-common
よろこぶ|jmdict-common
よろこんで|jmdict-common
よろしい|jmdict-common
よろしく|jmdict-common
よろしくおねがいいたします|jmdict-common
よろしくおねがいします|jmdict-common
よろしくお願いいたします|jmdict-common
よろしくお願いします|jmdict-common
よろず|jmdict-variant
よろずとせ|jmdict-variant
よろめく|jmdict-common
よろよろ|jmdict-common
よろん|jmdict-common
よわい|jmdict-common
よわき|jmdict-common
よわごし|jmdict-common
よわね|jmdict-common
よわまる|jmdict-common
よわみ|jmdict-common
よわむし|jmdict-common
よわめる|jmdict-common
よわる|jmdict-common
よん|jmdict-common
よんじゅう|jmdict-common
よんせん|jmdict-common
よんひゃく|jmdict-common
よんほん|jmdict-common
よんりんしゃ|jmdict-common
よーし|jmdict-variant
らあめん|jmdict-variant
らい|jmdict-common
らいう|jmdict-common
らいかく|jmdict-variant
らいきゃく|jmdict-common
らいげつ|jmdict-common
らいしゅう|jmdict-common
らいしゅん|jmdict-common
らいてん|jmdict-common
らいにち|jmdict-common
らいねん|jmdict-common
らいはる|jmdict-variant
らいひん|jmdict-common
らいほう|jmdict-common
らいめい|jmdict-common
らく|jmdict-common
らくえん|jmdict-common
らくがき|jmdict-common
らくご|jmdict-common
らくごか|jmdict-common
らくさ|jmdict-common
らくさつ|jmdict-common
らくせん|jmdict-common
らくたん|jmdict-common
らくだい|jmdict-common
らくてんか|jmdict-common
らくてんてき|jmdict-common
らくのう|jmdict-common
らくよう|jmdict-variant
らくらい|jmdict-common
らしい|jmdict-common
らしんばん|jmdict-common
らせん|jmdict-common
らち|jmdict-common
らちもんだい|jmdict-common
らっか|jmdict-common
らっかん|jmdict-common
らっかんてき|jmdict-common
らっち|jmdict-variant
らふ|jmdict-common
られつ|jmdict-common
らん|jmdict-common
らんかく|jmdict-common
らんかん|jmdict-common
らんがい|jmdict-common
らんけい|jmdict-common
らんざつ|jmdict-common
らんし|jmdict-common
らんそう|jmdict-common
らんちょう|jmdict-common
らんとう|jmdict-common
らんばい|jmdict-common
らんぱつ|jmdict-common
らんぼう|jmdict-common
らんよう|jmdict-common
らんりつ|jmdict-common
らん用|jmdict-variant
らーめん|jmdict-variant
りあげ|jmdict-common
りいち|jmdict-variant
りえき|jmdict-common
りか|jmdict-common
りかい|jmdict-common
りがい|jmdict-common
りがいかんけい|jmdict-common
りがく|jmdict-common
りがくぶ|jmdict-common
りきがく|jmdict-common
りきさく|jmdict-common
りきし|jmdict-common
りきじ|jmdict-variant
りきせつ|jmdict-common
りきてん|jmdict-common
りきとう|jmdict-common
りきむ|jmdict-common
りきゅう|jmdict-common
りきりょう|jmdict-common
りく|jmdict-common
りくかい|jmdict-common
りくきょう|jmdict-variant
りくぐん|jmdict-common
りくじょう|jmdict-common
りくじょうきょうぎ|jmdict-common
りくじょうじえいたい|jmdict-common
りくつ|jmdict-common
りくろ|jmdict-common
りけい|jmdict-common
りけん|jmdict-common
りこ|jmdict-common
りこう|jmdict-common
りこうがくぶ|jmdict-common
りこしゅぎ|jmdict-common
りこん|jmdict-common
りさげ|jmdict-common
りさん|jmdict-common
りし|jmdict-common
りしょく|jmdict-common
りじ|jmdict-common
りじゅん|jmdict-common
りせい|jmdict-common
りそう|jmdict-common
りそうてき|jmdict-common
りそく|jmdict-common
りだつ|jmdict-common
りちゃくりく|jmdict-common
りっかい|jmdict-variant
りっきゃく|jmdict-common
りっきょう|jmdict-common
りっけん|jmdict-common
りっこうほ|jmdict-common
りっこく|jmdict-common
りっしゅん|jmdict-common
りっしょう|jmdict-common
りったい|jmdict-common
りったいてき|jmdict-common
りっち|jmdict-common
りっぱ|jmdict-common
りっぷく|jmdict-common
りっぽう|jmdict-common
りっぽうふ|jmdict-common
りっぽうメートル|jmdict-common
りつ|jmdict-common
りつあん|jmdict-common
りてん|jmdict-common
りとう|jmdict-common
りねん|jmdict-common
りはつ|jmdict-common
りはん|jmdict-common
りばらい|jmdict-common
りふじん|jmdict-common
りべん|jmdict-common
りまわり|jmdict-common
りめん|jmdict-common
りゃく|jmdict-common
りゃくご|jmdict-common
りゃくしき|jmdict-common
りゃくしょう|jmdict-common
りゃくす|jmdict-common
りゃくだつ|jmdict-common
りゃくれき|jmdict-common
りやく|jmdict-variant
りゅう|jmdict-common
りゅういき|jmdict-common
りゅうおう|jmdict-common
りゅうがく|jmdict-common
りゅうがくせい|jmdict-common
りゅうき|jmdict-common
りゅうきゅう|jmdict-common
りゅうけつ|jmdict-common
りゅうこう|jmdict-common
りゅうこうか|jmdict-common
りゅうさん|jmdict-common
りゅうし|jmdict-common
りゅうしゅつ|jmdict-common
りゅうじょう|jmdict-common
りゅうせい|jmdict-common
りゅうち|jmdict-common
りゅうちじょう|jmdict-common
りゅうちょう|jmdict-common
りゅうつう|jmdict-common
りゅうどう|jmdict-common
りゅうどうてき|jmdict-common
りゅうにゅう|jmdict-common
りゅうにん|jmdict-common
りゅうねん|jmdict-common
りゅうは|jmdict-common
りゅうひょう|jmdict-common
りゅうほ|jmdict-common
りゅうよう|jmdict-common
りゆう|jmdict-common
りょう|jmdict-common
りょうあし|jmdict-common
りょういき|jmdict-common
りょういん|jmdict-common
りょううで|jmdict-common
りょうかい|jmdict-common
りょうがえ|jmdict-common
りょうがわ|jmdict-common
りょうがん|jmdict-common
りょうきん|jmdict-common
りょうぎし|jmdict-variant
りょうくう|jmdict-common
りょうぐん|jmdict-common
りょうけい|jmdict-common
りょうけん|jmdict-common
りょうこう|jmdict-common
りょうこく|jmdict-common
りょうごく|jmdict-variant
りょうさい|jmdict-common
りょうさん|jmdict-common
りょうし|jmdict-common
りょうしき|jmdict-common
りょうしつ|jmdict-common
りょうしゃ|jmdict-common
りょうしゅう|jmdict-common
りょうしゅうしょ|jmdict-common
りょうしょう|jmdict-common
りょうしょく|jmdict-common
りょうしん|jmdict-common
りょうじ|jmdict-common
りょうじかん|jmdict-common
りょうじつ|jmdict-common
りょうじゅう|jmdict-common
りょうじん|jmdict-variant
りょうせい|jmdict-common
りょうそく|jmdict-variant
りょうたん|jmdict-common
りょうち|jmdict-common
りょうて|jmdict-common
りょうてい|jmdict-common
りょうてき|jmdict-common
りょうとう|jmdict-common
りょうど|jmdict-common
りょうない|jmdict-common
りょうはし|jmdict-variant
りょうはじ|jmdict-variant
りょうはんてん|jmdict-common
りょうば|jmdict-variant
りょうふう|jmdict-common
りょうほう|jmdict-common
りょうめん|jmdict-common
りょうゆう|jmdict-common
りょうよう|jmdict-common
りょうようしょ|jmdict-variant
りょうようじょ|jmdict-common
りょうよく|jmdict-common
りょうり|jmdict-common
りょうりつ|jmdict-common
りょうりにん|jmdict-common
りょうりや|jmdict-common
りょうりん|jmdict-common
りょうろん|jmdict-common
りょかく|jmdict-common
りょかくき|jmdict-common
りょかっき|jmdict-variant
りょかん|jmdict-common
りょきゃく|jmdict-variant
りょく|jmdict-common
りょくか|jmdict-variant
りょくさく|jmdict-variant
りょくしょう|jmdict-variant
りょくしょく|jmdict-variant
りょくち|jmdict-common
りょくちゃ|jmdict-common
りょけん|jmdict-common
りょこう|jmdict-common
りょこうがいしゃ|jmdict-common
りょこうけん|jmdict-common
りょこうしゃ|jmdict-common
りょじん|jmdict-variant
りょだん|jmdict-common
りょっか|jmdict-common
りょひ|jmdict-common
りよう|jmdict-common
りようしゃ|jmdict-common
りようほうほう|jmdict-common
りりく|jmdict-common
りりつ|jmdict-common
りれき|jmdict-common
りれきしょ|jmdict-common
りろん|jmdict-common
りん|jmdict-common
りんか|jmdict-common
りんかい|jmdict-common
りんかく|jmdict-common
りんがく|jmdict-common
りんぎょう|jmdict-common
りんこく|jmdict-variant
りんご|jmdict-common
りんごく|jmdict-common
りんしつ|jmdict-common
りんしょう|jmdict-common
りんじ|jmdict-common
りんじゅう|jmdict-common
りんじょうかん|jmdict-common
りんじん|jmdict-common
りんせつ|jmdict-common
りんどう|jmdict-common
りんばん|jmdict-common
りんや|jmdict-common
りんやちょう|jmdict-common
りんり|jmdict-common
りんりがく|jmdict-common
りんりつ|jmdict-common
りんりてき|jmdict-common
るい|jmdict-common
るいけい|jmdict-common
るいしん|jmdict-common
るいじ|jmdict-common
るいじんえん|jmdict-common
るいすい|jmdict-common
るいせき|jmdict-common
るす|jmdict-common
るすばん|jmdict-common
るす番|jmdict-variant
るり|jmdict-common
るろう|jmdict-common
れい|jmdict-common
れいえん|jmdict-common
れいか|jmdict-common
れいかい|jmdict-common
れいかん|jmdict-common
れいがい|jmdict-common
れいがいてき|jmdict-common
れいきゃく|jmdict-common
れいきん|jmdict-common
れいぎ|jmdict-common
れいぐう|jmdict-common
れいこく|jmdict-common
れいさい|jmdict-common
れいしょう|jmdict-common
れいじ|jmdict-common
れいじょう|jmdict-common
れいすい|jmdict-common
れいせい|jmdict-common
れいせん|jmdict-common
れいぞう|jmdict-common
れいぞうこ|jmdict-common
れいたん|jmdict-common
れいだい|jmdict-common
れいだんぼう|jmdict-common
れいてつ|jmdict-common
れいてん|jmdict-common
れいとう|jmdict-common
れいとうこ|jmdict-common
れいとうしょくひん|jmdict-common
れいねん|jmdict-common
れいはい|jmdict-common
れいふく|jmdict-common
れいぶん|jmdict-common
れいぼう|jmdict-common
れいわ|jmdict-common
れき|jmdict-common
れきし|jmdict-common
れきしてき|jmdict-common
れきぜん|jmdict-common
れきだい|jmdict-common
れきにん|jmdict-common
れきほう|jmdict-common
れっか|jmdict-common
れっきょ|jmdict-common
れっこく|jmdict-common
れっしゃ|jmdict-common
れっしん|jmdict-common
れっせい|jmdict-common
れっとう|jmdict-common
れっとうかん|jmdict-common
れつ|jmdict-common
れつあく|jmdict-common
れんあい|jmdict-common
れんか|jmdict-common
れんかん|jmdict-common
れんが|jmdict-common
れんきゅう|jmdict-common
れんきんじゅつ|jmdict-common
れんきんじゅつし|jmdict-common
れんけい|jmdict-common
れんけいプレー|jmdict-common
れんけつ|jmdict-common
れんこう|jmdict-common
れんごう|jmdict-common
れんごうかい|jmdict-common
れんさ|jmdict-common
れんさい|jmdict-common
れんさく|jmdict-common
れんざ|jmdict-common
れんしゅう|jmdict-common
れんしょう|jmdict-common
れんじつ|jmdict-common
れんじゅう|jmdict-variant
れんせん|jmdict-common
れんそう|jmdict-common
れんぞく|jmdict-common
れんたい|jmdict-common
れんだ|jmdict-common
れんちゅう|jmdict-common
れんぢゅう|jmdict-variant
れんとう|jmdict-common
れんどう|jmdict-common
れんばい|jmdict-common
れんぱ|jmdict-common
れんぱい|jmdict-common
れんぱつ|jmdict-common
れんぽう|jmdict-common
れんめい|jmdict-common
れんよう|jmdict-common
れんらく|jmdict-common
れんらくさき|jmdict-common
れんりつ|jmdict-common
ろう|jmdict-common
ろうえい|jmdict-common
ろうか|jmdict-common
ろうかく|jmdict-common
ろうがん|jmdict-common
ろうきゅう|jmdict-common
ろうくみ|jmdict-variant
ろうご|jmdict-common
ろうさい|jmdict-common
ろうさく|jmdict-common
ろうし|jmdict-common
ろうしょう|jmdict-common
ろうじゃく|jmdict-common
ろうじゃくだんじょ|jmdict-variant
ろうじょ|jmdict-common
ろうじん|jmdict-common
ろうじんせい|jmdict-common
ろうじんふくし|jmdict-common
ろうじんホーム|jmdict-common
ろうすい|jmdict-common
ろうせつ|jmdict-variant
ろうそ|jmdict-common
ろうそく|jmdict-common
ろうどう|jmdict-common
ろうどううんどう|jmdict-common
ろうどうきじゅんほう|jmdict-common
ろうどうくみあい|jmdict-common
ろうどうしゃ|jmdict-common
ろうどうしょう|jmdict-common
ろうどうじょうけん|jmdict-common
ろうどうとう|jmdict-common
ろうどうりょく|jmdict-common
ろうどく|jmdict-common
ろうにゃく|jmdict-common
ろうにゃくなんにょ|jmdict-common
ろうにん|jmdict-common
ろうねん|jmdict-common
ろうば|jmdict-common
ろうひ|jmdict-common
ろうふ|jmdict-common
ろうふうふ|jmdict-common
ろうほう|jmdict-common
ろうまん|jmdict-variant
ろうむ|jmdict-common
ろうりょく|jmdict-common
ろうれい|jmdict-common
ろうれん|jmdict-common
ろく|jmdict-common
ろくおん|jmdict-common
ろくおんテープ|jmdict-common
ろくが|jmdict-common
ろくがつ|jmdict-common
ろくしょう|jmdict-common
ろくじゅう|jmdict-common
ろくじゅうしぶおんぷ|jmdict-common
ろくな|jmdict-common
ろくに|jmdict-common
ろけん|jmdict-common
ろこつ|jmdict-common
ろしゅつ|jmdict-common
ろしん|jmdict-common
ろじ|jmdict-common
ろじょう|jmdict-common
ろせん|jmdict-common
ろせんず|jmdict-common
ろてい|jmdict-common
ろてん|jmdict-common
ろてんぶろ|jmdict-common
ろめん|jmdict-common
ろんかく|jmdict-variant
ろんがい|jmdict-common
ろんきゃく|jmdict-common
ろんきょ|jmdict-common
ろんぎ|jmdict-common
ろんこく|jmdict-common
ろんし|jmdict-common
ろんしゃ|jmdict-common
ろんじつくす|jmdict-common
ろんじゃ|jmdict-variant
ろんじる|jmdict-common
ろんずる|jmdict-common
ろんせつ|jmdict-common
ろんせん|jmdict-common
ろんそう|jmdict-common
ろんちょう|jmdict-common
ろんてん|jmdict-common
ろんぴょう|jmdict-common
ろんぶん|jmdict-common
ろんり|jmdict-common
ろんりてき|jmdict-common
わいろ|jmdict-common
わいわい|jmdict-common
わえい|jmdict-common
わか|jmdict-common
わかい|jmdict-common
わかいころ|jmdict-common
わかうど|jmdict-variant
わかがえり|jmdict-common
わかさ|jmdict-common
わかす|jmdict-common
わかち|jmdict-common
わかつ|jmdict-common
わかて|jmdict-common
わかば|jmdict-common
わかびと|jmdict-variant
わかめ|jmdict-common
わかもの|jmdict-common
わかもん|jmdict-variant
わからずや|jmdict-common
わからず屋|jmdict-variant
わかり|jmdict-common
わかりにくい|jmdict-common
わかる|jmdict-common
わかれ|jmdict-common
わかれめ|jmdict-common
わかれる|jmdict-common
わかわかしい|jmdict-common
わが|jmdict-common
わがいえ|jmdict-variant
わがくに|jmdict-common
わがし|jmdict-common
わがまま|jmdict-common
わがみ|jmdict-variant
わがや|jmdict-common
わが国|jmdict-common
わが家|jmdict-variant
わき|jmdict-common
わきまえる|jmdict-common
わきみ|jmdict-common
わきやく|jmdict-common
わき役|jmdict-variant
わき見|jmdict-variant
わぎ|jmdict-common
わぎゅう|jmdict-common
わぎり|jmdict-common
わく|jmdict-common
わくがい|jmdict-common
わくぐみ|jmdict-common
わくせい|jmdict-common
わくない|jmdict-common
わくわく|jmdict-common
わけ|jmdict-common
わけがない|jmdict-common
わけが無い|jmdict-variant
わけじゃない|jmdict-common
わけではない|jmdict-common
わけでは無い|jmdict-variant
わけまえ|jmdict-common
わける|jmdict-common
わげ|jmdict-variant
わこうど|jmdict-common
わご|jmdict-common
わさび|jmdict-common
わざ|jmdict-common
わざと|jmdict-common
わざわい|jmdict-common
わざわざ|jmdict-common
わし|jmdict-common
わしき|jmdict-common
わしつ|jmdict-common
わしょく|jmdict-common
わじょう|jmdict-variant
わすれもの|jmdict-common
わすれもん|jmdict-variant
わすれる|jmdict-common
わすれ物|jmdict-variant
わずか|jmdict-common
わずらう|jmdict-common
わずらわしい|jmdict-common
わた|jmdict-common
わたくしごと|jmdict-variant
わたくしじしん|jmdict-variant
わたくしたち|jmdict-variant
わたくしりつ|jmdict-variant
わたくし達|jmdict-variant
わたし|jmdict-common
わたしじしん|jmdict-common
わたしたち|jmdict-common
わたしぶね|jmdict-common
わたし達|jmdict-variant
わたす|jmdict-common
わたり|jmdict-common
わたりどり|jmdict-common
わたる|jmdict-common
わだ|jmdict-variant
わだい|jmdict-common
わな|jmdict-common
わぬ|jmdict-variant
わね|jmdict-common
わねぇ|jmdict-variant
わねえ|jmdict-variant
わねー|jmdict-variant
わび|jmdict-common
わびる|jmdict-common
わふう|jmdict-common
わふく|jmdict-common
わぶん|jmdict-common
わへい|jmdict-common
わめく|jmdict-common
わようせっちゅう|jmdict-common
わら|jmdict-common
わらい|jmdict-common
わらいごえ|jmdict-common
わらう|jmdict-common
わり|jmdict-common
わりあい|jmdict-common
わりあいに|jmdict-common
わりあて|jmdict-common
わりあてる|jmdict-common
わりかん|jmdict-common
わりきる|jmdict-common
わりこみ|jmdict-common
わりこむ|jmdict-common
わりざん|jmdict-common
わりだか|jmdict-common
わりだす|jmdict-common
わりと|jmdict-common
わりに|jmdict-common
わりばし|jmdict-common
わりびき|jmdict-common
わりびきさい|jmdict-common
わりびく|jmdict-common
わりやす|jmdict-common
わり算|jmdict-variant
わり箸|jmdict-variant
わり込む|jmdict-variant
わる|jmdict-common
わるい|jmdict-common
わるがしこい|jmdict-common
わるぎ|jmdict-common
わるくち|jmdict-common
わるぐち|jmdict-common
わるさ|jmdict-common
わるもの|jmdict-common
われ|jmdict-common
われめ|jmdict-common
われら|jmdict-common
われる|jmdict-common
われわれ|jmdict-common
わろ|jmdict-variant
わん|jmdict-common
わんがん|jmdict-common
わんきょく|jmdict-common
わんこ|jmdict-variant
わんちゃん|jmdict-variant
わんぱく|jmdict-common
わんりょく|jmdict-common
わん子|jmdict-variant
わん曲|jmdict-variant
わゴム|jmdict-common
ゑびす|jmdict-variant
んだ|jmdict-common
んで|jmdict-variant
んです|jmdict-common
アっ|jmdict-variant
アァ|jmdict-variant
アア|jmdict-variant
アアアア|jmdict-variant
アィディア|jmdict-variant
アイ|jmdict-variant
アイコン|jmdict-common
アイシャドウ|jmdict-common
アイシャドー|jmdict-variant
アイス|jmdict-common
アイスクリーム|jmdict-common
アイスコーヒー|jmdict-common
アイスホッケー|jmdict-common
アイス・クリーム|jmdict-variant
アイス・コーヒー|jmdict-variant
アイス・ホッケー|jmdict-variant
アイツら|jmdict-variant
アイテム|jmdict-common
アイデア|jmdict-common
アイディア|jmdict-common
アイデンティティ|jmdict-common
アイデンティティー|jmdict-common
アイデンテティ|jmdict-variant
アイドル|jmdict-common
アイヌ|jmdict-common
アイノ|jmdict-variant
アイボリ|jmdict-variant
アイボリー|jmdict-common
アイリス|jmdict-common
アイロン|jmdict-common
アイヴォリー|jmdict-variant
アウア|jmdict-variant
アウト|jmdict-common
アウトドア|jmdict-common
アウトドアー|jmdict-variant
アウトレット|jmdict-common
アオキ|jmdict-variant
アカデミ|jmdict-variant
アカデミィ|jmdict-variant
アカデミック|jmdict-common
アカデミー|jmdict-common
アカデミーしょう|jmdict-common
アカデミー賞|jmdict-common
アカマツ|jmdict-variant
アガる|jmdict-variant
アキテクチャ|jmdict-variant
アキレスけん|jmdict-common
アキレス腱|jmdict-common
アクシデント|jmdict-common
アクション|jmdict-common
アクセサリ|jmdict-variant
アクセサリー|jmdict-common
アクセス|jmdict-common
アクセル|jmdict-common
アクセント|jmdict-common
アクチブ|jmdict-variant
アクティビティ|jmdict-common
アクティビティー|jmdict-variant
アクティブ|jmdict-common
アクティヴ|jmdict-variant
アクティヴィティ|jmdict-variant
アクティヴィティー|jmdict-variant
アクテビティ|jmdict-variant
アクテビティー|jmdict-variant
アクビ|jmdict-variant
アクリル|jmdict-common
アクロバット|jmdict-common
アクースティック|jmdict-variant
アグレシブ|jmdict-variant
アグレシヴ|jmdict-variant
アグレッシブ|jmdict-common
アグレッシヴ|jmdict-variant
アゲる|jmdict-variant
アコスティック|jmdict-variant
アコースティク|jmdict-variant
アコースティック|jmdict-common
アコーステック|jmdict-variant
アコーディアン|jmdict-variant
アコーディオン|jmdict-common
アコーデオン|jmdict-variant
アコード|jmdict-common
アゴ|jmdict-variant
アサガオ|jmdict-variant
アザ|jmdict-variant
アシスタント|jmdict-common
アシスト|jmdict-common
アジ|jmdict-variant
アジア|jmdict-common
アジアじん|jmdict-common
アジア人|jmdict-common
アジサイ|jmdict-variant
アジト|jmdict-common
アスキー|jmdict-common
アスパラガス|jmdict-common
アスファルト|jmdict-common
アスベスト|jmdict-common
アスリート|jmdict-common
アスレチック|jmdict-common
アスレティック|jmdict-variant
アズキ|jmdict-variant
アセスメント|jmdict-common
アソコ|jmdict-variant
アタシ|jmdict-variant
アタック|jmdict-common
アタリ|jmdict-variant
アダプタ|jmdict-variant
アダプター|jmdict-common
アダルト|jmdict-common
アチコチ|jmdict-variant
アッ|jmdict-common
アッという間|jmdict-variant
アッという間に|jmdict-variant
アッとゆう間|jmdict-variant
アッとゆう間に|jmdict-variant
アッと言う間|jmdict-variant
アッと言う間に|jmdict-variant
アッサリ|jmdict-variant
アット|jmdict-common
アッパー|jmdict-common
アッピール|jmdict-variant
アップ|jmdict-common
アツい|jmdict-variant
アツアツ|jmdict-variant
アツイ|jmdict-variant
アトピー|jmdict-common
アトム|jmdict-common
アトラクション|jmdict-common
アトラス|jmdict-common
アトリエ|jmdict-common
アド|jmdict-common
アドバイサー|jmdict-variant
アドバイザ|jmdict-variant
アドバイザー|jmdict-common
アドバイス|jmdict-common
アドバンテッジ|jmdict-variant
アドバンテージ|jmdict-common
アドベンチャー|jmdict-common
アドリブ|jmdict-common
アドレス|jmdict-common
アドレナリン|jmdict-common
アドヴァイザー|jmdict-variant
アドヴァイス|jmdict-variant
アドヴァンテージ|jmdict-variant
アドヴェンチャー|jmdict-variant
アナ|jmdict-common
アナウンサ|jmdict-variant
アナウンサー|jmdict-common
アナウンス|jmdict-common
アナリスト|jmdict-common
アナログ|jmdict-common
アニキ|jmdict-variant
アニマル|jmdict-common
アニメ|jmdict-common
アニメーション|jmdict-common
アバウト|jmdict-common
アパート|jmdict-common
アヒル|jmdict-common
アピール|jmdict-common
アフィリエイト|jmdict-common
アフィリエート|jmdict-variant
アフェリエイト|jmdict-variant
アフェリエート|jmdict-variant
アフタヌーン|jmdict-common
アフター|jmdict-common
アフターヌーン|jmdict-variant
アフリカ|jmdict-common
アブナい|jmdict-variant
アプリ|jmdict-common
アプリケイション|jmdict-variant
アプリケーション|jmdict-common
アプローチ|jmdict-common
アベック|jmdict-common
アベニュー|jmdict-common
アホ|jmdict-common
アホウ|jmdict-variant
アマ|jmdict-common
アマチュア|jmdict-common
アミノさん|jmdict-common
アミノ酸|jmdict-common
アミューズメント|jmdict-common
アミーバ|jmdict-variant
アメダス|jmdict-common
アメフット|jmdict-variant
アメフト|jmdict-common
アメリカ|jmdict-common
アメリカがっしゅうこく|jmdict-common
アメリカじん|jmdict-common
アメリカン|jmdict-common
アメリカ人|jmdict-common
アメリカ合衆国|jmdict-common
アメーバ|jmdict-common
アメーバー|jmdict-variant
アモンド|jmdict-variant
アユ|jmdict-variant
アラカルト|jmdict-common
アラシ|jmdict-variant
アラブ|jmdict-common
アラート|jmdict-common
アリ|jmdict-variant
アリア|jmdict-common
アリバイ|jmdict-common
アリーナ|jmdict-common
アルちゅう|jmdict-common
アルカディア|jmdict-common
アルカリ|jmdict-common
アルカリせい|jmdict-common
アルカリ性|jmdict-common
アルコホル|jmdict-variant
アルコール|jmdict-common
アルゴリズム|jmdict-common
アルツハイマー|jmdict-common
アルデヒド|jmdict-common
アルト|jmdict-common
アルバイト|jmdict-common
アルバム|jmdict-common
アルパイン|jmdict-common
アルファ|jmdict-common
アルファベット|jmdict-common
アルファベットじゅん|jmdict-common
アルファベット順|jmdict-common
アルファー|jmdict-variant
アルプス|jmdict-common
アルミ|jmdict-common
アルミニウム|jmdict-common
アルミニューム|jmdict-variant
アル中|jmdict-common
アレ|jmdict-variant
アレコレ|jmdict-variant
アレルギー|jmdict-common
アレンジ|jmdict-common
アロハ|jmdict-common
アロマテラピー|jmdict-common
アロー|jmdict-common
アワー|jmdict-common
アンカ|jmdict-variant
アンカー|jmdict-common
アングラ|jmdict-common
アングル|jmdict-common
アンケート|jmdict-common
アンコール|jmdict-common
アンサンブル|jmdict-common
アンズ|jmdict-variant
アンソロジー|jmdict-common
アンダー|jmdict-common
アンダーライン|jmdict-common
アンチ|jmdict-common
アンチック|jmdict-variant
アンチーク|jmdict-variant
アンティック|jmdict-variant
アンティーク|jmdict-common
アンテナ|jmdict-common
アンド|jmdict-common
アンドロイド|jmdict-common
アンバランス|jmdict-common
アンフェア|jmdict-common
アンプ|jmdict-common
アンモニア|jmdict-common
アヴェニュ|jmdict-variant
アヴェニュー|jmdict-variant
ア・ラ・カルト|jmdict-variant
アー|jmdict-variant
アーアー|jmdict-variant
アーキテクチャ|jmdict-common
アーキテクチャー|jmdict-variant
アーキテクチュア|jmdict-variant
アーク|jmdict-common
アーケイド|jmdict-variant
アーケード|jmdict-common
アース|jmdict-common
アーチ|jmdict-common
アーチェリ|jmdict-variant
アーチェリー|jmdict-common
アーチスト|jmdict-common
アーティスト|jmdict-common
アート|jmdict-common
アーバン|jmdict-common
アーム|jmdict-common
アーモンド|jmdict-common
アーーー|jmdict-variant
イアフォン|jmdict-variant
イアホン|jmdict-variant
イアリング|jmdict-variant
イェロー|jmdict-variant
イエス|jmdict-common
イエロー|jmdict-common
イエースース|jmdict-variant
イオン|jmdict-common
イカ|jmdict-common
イキ|jmdict-variant
イキイキ|jmdict-variant
イギリス|jmdict-common
イク|jmdict-variant
イクラ|jmdict-common
イケメン|jmdict-common
イケ面|jmdict-variant
イコール|jmdict-common
イザコザ|jmdict-variant
イジめる|jmdict-variant
イジる|jmdict-variant
イジメ|jmdict-variant
イジメる|jmdict-variant
イス|jmdict-variant
イスタンブル|jmdict-variant
イスタンブール|jmdict-common
イスラエル|jmdict-common
イスラム|jmdict-common
イスラムきょう|jmdict-common
イスラム教|jmdict-common
イスラーム|jmdict-variant
イスラーム教|jmdict-variant
イズム|jmdict-common
イソイソ|jmdict-variant
イタい|jmdict-variant
イタイ|jmdict-variant
イタズラ|jmdict-variant
イタリア|jmdict-common
イタリヤ|jmdict-variant
イチゴ|jmdict-variant
イチ早く|jmdict-variant
イッカク|jmdict-variant
イット|jmdict-common
イデオロギ|jmdict-variant
イデオロギー|jmdict-common
イニング|jmdict-common
イヌ|jmdict-variant
イネ|jmdict-variant
イノシシ|jmdict-variant
イノベイション|jmdict-variant
イノベーション|jmdict-common
イビキ|jmdict-variant
イブ|jmdict-common
イブニング|jmdict-common
イベント|jmdict-common
イマイチ|jmdict-common
イマドキ|jmdict-variant
イメージ|jmdict-common
イモ|jmdict-variant
イヤ|jmdict-common
イヤがらせ|jmdict-variant
イヤがる|jmdict-variant
イヤガラセ|jmdict-variant
イヤフォン|jmdict-variant
イヤフォーン|jmdict-variant
イヤホン|jmdict-common
イヤホーン|jmdict-variant
イヤリング|jmdict-common
イライラ|jmdict-variant
イラク|jmdict-common
イラスト|jmdict-common
イラストレータ|jmdict-variant
イラストレーター|jmdict-common
イリノイ|jmdict-common
イリュミネイション|jmdict-variant
イリュミネーション|jmdict-variant
イリュージョン|jmdict-common
イルカ|jmdict-common
イルミネイション|jmdict-variant
イルミネーション|jmdict-common
イルージョン|jmdict-variant
イレブン|jmdict-common
イレヴン|jmdict-variant
イロハ|jmdict-variant
イワシ|jmdict-variant
イン|jmdict-common
インキ|jmdict-common
インク|jmdict-common
イングランド|jmdict-common
インサイダ|jmdict-variant
インサイダー|jmdict-common
インシュリン|jmdict-common
インスタント|jmdict-common
インストラクター|jmdict-common
インスピレイション|jmdict-variant
インスピレーション|jmdict-common
インスリン|jmdict-common
インセンティブ|jmdict-common
インセンティヴ|jmdict-variant
インタ|jmdict-variant
インタアクティブ|jmdict-variant
インタナショナル|jmdict-variant
インタネット|jmdict-variant
インタビュ|jmdict-variant
インタビュウ|jmdict-variant
インタビュー|jmdict-common
インタラクティブ|jmdict-common
インタラクティヴ|jmdict-variant
インタヴュ|jmdict-variant
インタヴュー|jmdict-variant
インター|jmdict-common
インターナショナル|jmdict-common
インターネッツ|jmdict-variant
インターネット|jmdict-common
インタービュー|jmdict-variant
インターン|jmdict-common
インダストリアル|jmdict-common
インチ|jmdict-common
インチキ|jmdict-common
インテグレーション|jmdict-common
インテラクティブ|jmdict-variant
インテリ|jmdict-common
インテリア|jmdict-common
インテリジェンス|jmdict-common
インテリジェント|jmdict-common
インデアン|jmdict-variant
インディアナ|jmdict-common
インディアン|jmdict-common
インディペンデント|jmdict-common
インデキス|jmdict-variant
インデクス|jmdict-variant
インデックス|jmdict-common
インデペンデント|jmdict-variant
イントネーション|jmdict-common
イントロ|jmdict-common
インド|jmdict-common
インドア|jmdict-common
インドアー|jmdict-variant
インドシナ|jmdict-common
インドネシア|jmdict-common
インニング|jmdict-variant
インバータ|jmdict-variant
インバーター|jmdict-common
インパクト|jmdict-common
インフォメーション|jmdict-common
インフォーメーシオン|jmdict-variant
インフォーメーション|jmdict-variant
インフラ|jmdict-common
インフルエンザ|jmdict-common
インフレ|jmdict-common
インプット|jmdict-common
インプラント|jmdict-common
インペリアル|jmdict-common
インポート|jmdict-common
イヴ|jmdict-variant
イヴェント|jmdict-variant
イヴニング|jmdict-variant
イーグル|jmdict-common
イージー|jmdict-common
イースター|jmdict-common
イースト|jmdict-common
ウィジェット|jmdict-common
ウィスキ|jmdict-variant
ウィスキー|jmdict-common
ウィルス|jmdict-common
ウィンカ|jmdict-variant
ウィンカー|jmdict-variant
ウィンク|jmdict-variant
ウィング|jmdict-variant
ウィンタ|jmdict-variant
ウィンター|jmdict-common
ウィンタースポーツ|jmdict-variant
ウィンター・スポーツ|jmdict-variant
ウィンド|jmdict-common
ウィンドウ|jmdict-common
ウィンドー|jmdict-variant
ウィーク|jmdict-common
ウィークエンド|jmdict-common
ウィークリ|jmdict-variant
ウィークリー|jmdict-common
ウイスキ|jmdict-variant
ウイスキー|jmdict-common
ウイルス|jmdict-common
ウインカ|jmdict-variant
ウインカー|jmdict-common
ウインク|jmdict-common
ウイング|jmdict-common
ウインター|jmdict-variant
ウインタースポーツ|jmdict-common
ウインター・スポーツ|jmdict-variant
ウインド|jmdict-common
ウインドウ|jmdict-common
ウインドー|jmdict-variant
ウイーク|jmdict-variant
ウイークエンド|jmdict-common
ウイークリー|jmdict-variant
ウェア|jmdict-common
ウェアー|jmdict-variant
ウェイ|jmdict-common
ウェイスト|jmdict-variant
ウェイト|jmdict-common
ウェイトレス|jmdict-common
ウェイブ|jmdict-variant
ウェイヴ|jmdict-variant
ウェスタン|jmdict-variant
ウェスト|jmdict-common
ウェット|jmdict-variant
ウェッブ|jmdict-variant
ウェッブサイト|jmdict-variant
ウェッブ・サイト|jmdict-variant
ウェディングドレス|jmdict-common
ウェディング・ドレス|jmdict-variant
ウェブ|jmdict-common
ウェブサイト|jmdict-common
ウェブページ|jmdict-common
ウェブログ|jmdict-common
ウェブ・サイト|jmdict-variant
ウェブ・ページ|jmdict-variant
ウェルカム|jmdict-common
ウェー|jmdict-variant
ウェート|jmdict-variant
ウェートレス|jmdict-variant
ウェーブ|jmdict-common
ウェールズ|jmdict-common
ウェーヴ|jmdict-variant
ウエア|jmdict-common
ウエアー|jmdict-variant
ウエイト|jmdict-common
ウエイトレス|jmdict-variant
ウエイブ|jmdict-variant
ウエスタン|jmdict-common
ウエスト|jmdict-common
ウエット|jmdict-common
ウエッブ|jmdict-variant
ウエディングドレス|jmdict-common
ウエディング・ドレス|jmdict-variant
ウエブ|jmdict-variant
ウエブサイト|jmdict-variant
ウエブページ|jmdict-variant
ウエブログ|jmdict-variant
ウエブ・サイト|jmdict-variant
ウエブ・ページ|jmdict-variant
ウエルカム|jmdict-common
ウエー|jmdict-variant
ウエート|jmdict-variant
ウエートレス|jmdict-variant
ウエーブ|jmdict-variant
ウエールズ|jmdict-variant
ウォッカ|jmdict-common
ウォッチング|jmdict-common
ウォツカ|jmdict-variant
ウォトカ|jmdict-variant
ウォラント|jmdict-variant
ウォン|jmdict-common
ウォーラント|jmdict-variant
ウォールがい|jmdict-common
ウォール街|jmdict-common
ウオッカ|jmdict-variant
ウオッチング|jmdict-variant
ウオツカ|jmdict-variant
ウオトカ|jmdict-variant
ウオン|jmdict-variant
ウオールがい|jmdict-variant
ウオール街|jmdict-variant
ウキウキ|jmdict-variant
ウクライナ|jmdict-common
ウクレレ|jmdict-common
ウケ|jmdict-variant
ウケる|jmdict-variant
ウサギ|jmdict-variant
ウシ|jmdict-variant
ウズウズ|jmdict-variant
ウソ|jmdict-common
ウソつき|jmdict-variant
ウソ付き|jmdict-variant
ウソ吐き|jmdict-variant
ウッカリ|jmdict-variant
ウッキウキ|jmdict-variant
ウッド|jmdict-common
ウツ病|jmdict-variant
ウトっと|jmdict-variant
ウトウト|jmdict-variant
ウトッと|jmdict-variant
ウナギ|jmdict-variant
ウマ|jmdict-variant
ウメ|jmdict-variant
ウヤムヤ|jmdict-variant
ウヨク|jmdict-variant
ウラン|jmdict-common
ウラ側|jmdict-variant
ウラ面|jmdict-variant
ウルグアイ|jmdict-common
ウルサイ|jmdict-variant
ウルシ|jmdict-variant
ウルトラ|jmdict-common
ウロつく|jmdict-variant
ウロウロ|jmdict-variant
ウロコ|jmdict-common
ウヰスキー|jmdict-variant
ウンコ|jmdict-variant
ウンザリ|jmdict-variant
ウンチ|jmdict-common
ウーマン|jmdict-common
ウール|jmdict-common
ウーン|jmdict-variant
エア|jmdict-common
エアコン|jmdict-common
エアゾール|jmdict-common
エアバック|jmdict-variant
エアバッグ|jmdict-common
エアメール|jmdict-common
エアリア|jmdict-variant
エアロゾル|jmdict-variant
エアロビクス|jmdict-common
エア・バッグ|jmdict-variant
エア・メール|jmdict-variant
エアー|jmdict-common
エアーメール|jmdict-variant
エアー・メール|jmdict-variant
エイジェンシー|jmdict-variant
エイジェント|jmdict-variant
エイズ|jmdict-common
エイチ|jmdict-variant
エイト|jmdict-common
エイプリルフール|jmdict-common
エイプリル・フール|jmdict-variant
エイリアン|jmdict-common
エキサイティング|jmdict-common
エキサイト|jmdict-common
エキス|jmdict-common
エキステンション|jmdict-variant
エキストラ|jmdict-common
エキスパート|jmdict-common
エキスプレス|jmdict-common
エキスポ|jmdict-common
エキゾチック|jmdict-common
エキゾティック|jmdict-variant
エクアドル|jmdict-common
エクサイティング|jmdict-variant
エクステンション|jmdict-common
エクストラ|jmdict-common
エクスパート|jmdict-variant
エクスプレス|jmdict-common
エクスペリエンス|jmdict-common
エクスポ|jmdict-variant
エクボ|jmdict-variant
エグゼクティブ|jmdict-common
エコ|jmdict-common
エコノミ|jmdict-variant
エコノミスト|jmdict-common
エコノミー|jmdict-common
エコロジ|jmdict-variant
エコロジー|jmdict-common
エコー|jmdict-common
エゴ|jmdict-common
エサ|jmdict-variant
エジブト|jmdict-variant
エジプト|jmdict-common
エス|jmdict-common
エスカレータ|jmdict-variant
エスカレーター|jmdict-common
エスカレート|jmdict-common
エスコート|jmdict-common
エステサロン|jmdict-common
エステティク|jmdict-variant
エステティック|jmdict-common
エステティックサロン|jmdict-common
エステティック・サロン|jmdict-variant
エステティーク|jmdict-variant
エステル|jmdict-common
エステート|jmdict-common
エストニア|jmdict-common
エストロゲン|jmdict-common
エスニック|jmdict-common
エスプリ|jmdict-common
エセー|jmdict-variant
エチケット|jmdict-common
エックスせん|jmdict-common
エックス線|jmdict-common
エッジ|jmdict-common
エッセィ|jmdict-variant
エッセイ|jmdict-common
エッセイスト|jmdict-common
エッセンス|jmdict-common
エッセー|jmdict-common
エッチ|jmdict-common
エッチング|jmdict-common
エッヂ|jmdict-variant
エッフェルとう|jmdict-common
エッフェル塔|jmdict-common
エディション|jmdict-common
エディタ|jmdict-variant
エディター|jmdict-common
エディプス|jmdict-variant
エデン|jmdict-common
エナジー|jmdict-common
エナメル|jmdict-common
エナージー|jmdict-variant
エネ|jmdict-common
エネルギ|jmdict-variant
エネルギッシュ|jmdict-common
エネルギー|jmdict-common
エバ|jmdict-variant
エバー|jmdict-common
エビ|jmdict-common
エピソード|jmdict-common
エピック|jmdict-common
エプロン|jmdict-common
エベント|jmdict-variant
エペ|jmdict-common
エポック|jmdict-common
エミシ|jmdict-variant
エムピースリー|jmdict-common
エムブレム|jmdict-variant
エメラルド|jmdict-common
エモジ|jmdict-variant
エヤコン|jmdict-variant
エヤー|jmdict-variant
エラい|jmdict-variant
エライ|jmdict-variant
エラー|jmdict-common
エリア|jmdict-common
エリマキ|jmdict-variant
エリヤ|jmdict-variant
エリート|jmdict-common
エルサルバドル|jmdict-common
エル・サルバドル|jmdict-variant
エレガンス|jmdict-common
エレガント|jmdict-common
エレキ|jmdict-common
エレキギター|jmdict-common
エレキ・ギター|jmdict-variant
エレクトリック|jmdict-common
エレクトロニクス|jmdict-common
エレベータ|jmdict-variant
エレベーター|jmdict-common
エロ|jmdict-common
エロス|jmdict-common
エロチック|jmdict-common
エロティック|jmdict-variant
エロース|jmdict-variant
エンジェル|jmdict-common
エンジニア|jmdict-common
エンジニアリング|jmdict-common
エンジニアー|jmdict-variant
エンジニヤ|jmdict-variant
エンジニヤー|jmdict-variant
エンジョイ|jmdict-common
エンジン|jmdict-common
エンゼル|jmdict-common
エンタティメント|jmdict-variant
エンタテイメント|jmdict-variant
エンタテインメント|jmdict-variant
エンタプライズ|jmdict-variant
エンターティメント|jmdict-variant
エンターティンメント|jmdict-variant
エンターテイメント|jmdict-common
エンターテインメント|jmdict-common
エンターテーメント|jmdict-variant
エンタープライス|jmdict-variant
エンタープライズ|jmdict-common
エンディング|jmdict-common
エントリ|jmdict-variant
エントリー|jmdict-common
エンド|jmdict-common
エンドレス|jmdict-common
エンピツ|jmdict-variant
エンブレム|jmdict-common
エージェンシー|jmdict-common
エージェント|jmdict-common
エース|jmdict-common
エーティーエム|jmdict-variant
エープリルフール|jmdict-variant
エープリル・フール|jmdict-variant
エーリアン|jmdict-variant
エール|jmdict-common
エーロゾル|jmdict-variant
エー・ティー・エム|jmdict-common
オアシス|jmdict-common
オイ|jmdict-variant
オイオイ|jmdict-variant
オイシイ|jmdict-variant
オイディプス|jmdict-common
オイディプース|jmdict-variant
オイル|jmdict-common
オイルフェンス|jmdict-common
オイル・フェンス|jmdict-variant
オオイ|jmdict-variant
オオカミ|jmdict-variant
オオムギ|jmdict-variant
オカシイ|jmdict-variant
オカズ|jmdict-variant
オカリナ|jmdict-common
オカルト|jmdict-common
オギ|jmdict-variant
オクスフォード|jmdict-variant
オクターブ|jmdict-common
オクターヴ|jmdict-variant
オクラ|jmdict-common
オクラホマ|jmdict-common
オケ|jmdict-common
オシ|jmdict-variant
オシッコ|jmdict-variant
オシャレ|jmdict-common
オス|jmdict-variant
オスカー|jmdict-common
オセアニア|jmdict-common
オゾン|jmdict-common
オゾンホール|jmdict-common
オゾン・ホール|jmdict-variant
オタク|jmdict-common
オタワ|jmdict-common
オチ|jmdict-variant
オックスフォード|jmdict-common
オッケ|jmdict-variant
オッケィ|jmdict-variant
オッケイ|jmdict-variant
オッケー|jmdict-common
オッサン|jmdict-variant
オッパイ|jmdict-variant
オツ|jmdict-variant
オトコマエ|jmdict-variant
オドオド|jmdict-common
オドロキ|jmdict-variant
オナラ|jmdict-variant
オニオン|jmdict-common
オハイオ|jmdict-common
オバケ|jmdict-variant
オピニオン|jmdict-common
オピニオンリーダー|jmdict-common
オピニオン・リーダー|jmdict-variant
オフ|jmdict-common
オフィシャル|jmdict-common
オフィス|jmdict-common
オフイス|jmdict-variant
オフクロ|jmdict-variant
オフサイド|jmdict-common
オフシーズン|jmdict-common
オフレコ|jmdict-common
オフロード|jmdict-common
オフ・シーズン|jmdict-variant
オブザーバ|jmdict-common
オブザーバー|jmdict-common
オブジェ|jmdict-common
オブラート|jmdict-common
オプション|jmdict-common
オペ|jmdict-common
オペラ|jmdict-common
オペレッタ|jmdict-common
オペレーション|jmdict-common
オペレータ|jmdict-variant
オペレーター|jmdict-common
オムツ|jmdict-common
オムニバス|jmdict-common
オムレツ|jmdict-common
オメガ|jmdict-common
オモチャ|jmdict-variant
オヤジ|jmdict-variant
オラウータン|jmdict-variant
オラクル|jmdict-common
オラトリオ|jmdict-common
オランウータン|jmdict-common
オランダ|jmdict-common
オリエンタリズム|jmdict-common
オリエンタル|jmdict-common
オリエンテーション|jmdict-common
オリエンテーリング|jmdict-common
オリエント|jmdict-common
オリオン|jmdict-common
オリゴマー|jmdict-common
オリジナリティ|jmdict-variant
オリジナリティー|jmdict-common
オリジナル|jmdict-common
オリンピック|jmdict-common
オリーブいろ|jmdict-common
オリーブ色|jmdict-common
オリーヴいろ|jmdict-variant
オリーヴ色|jmdict-variant
オルガン|jmdict-common
オルグ|jmdict-common
オルゴール|jmdict-common
オレ|jmdict-variant
オレンジ|jmdict-common
オレンジいろ|jmdict-common
オレンジ色|jmdict-common
オロオロ|jmdict-variant
オン|jmdict-common
オンエア|jmdict-common
オンエアー|jmdict-variant
オンス|jmdict-common
オンナの子|jmdict-variant
オンパレード|jmdict-common
オンブ|jmdict-variant
オンブズマン|jmdict-common
オンブツマン|jmdict-variant
オンライン|jmdict-common
オンリ|jmdict-variant
オンリー|jmdict-common
オン・エア|jmdict-variant
オン・エアー|jmdict-variant
オン・パレード|jmdict-variant
オン・ライン|jmdict-variant
オーイ|jmdict-variant
オーガ|jmdict-common
オーガー|jmdict-variant
オーク|jmdict-common
オークション|jmdict-common
オークス|jmdict-common
オーケイ|jmdict-variant
オーケストラ|jmdict-common
オーケー|jmdict-common
オーシャン|jmdict-common
オーストラリア|jmdict-common
オーソドクス|jmdict-variant
オーソドックス|jmdict-common
オーダ|jmdict-variant
オーダー|jmdict-common
オーダーメイド|jmdict-common
オーダーメード|jmdict-variant
オーダー・メイド|jmdict-variant
オーダー・メード|jmdict-variant
オーチャード|jmdict-common
オーディオ|jmdict-common
オーディション|jmdict-common
オート|jmdict-common
オートキャンプ|jmdict-common
オートクチュール|jmdict-common
オートバイ|jmdict-common
オートマチック|jmdict-common
オートマティック|jmdict-variant
オートメーション|jmdict-common
オートロック|jmdict-common
オート・クチュール|jmdict-variant
オード|jmdict-common
オードブル|jmdict-common
オードーブル|jmdict-variant
オーナ|jmdict-variant
オーナー|jmdict-common
オーバ|jmdict-variant
オーバラップ|jmdict-variant
オーバラン|jmdict-variant
オーバー|jmdict-common
オーバーヒート|jmdict-common
オーバーラップ|jmdict-common
オーバーラン|jmdict-common
オーブン|jmdict-common
オープニング|jmdict-common
オープン|jmdict-common
オープンせん|jmdict-common
オープンカー|jmdict-common
オープンセット|jmdict-common
オープン・カー|jmdict-variant
オープン・セット|jmdict-variant
オープン戦|jmdict-common
オーボエ|jmdict-common
オーボー|jmdict-variant
オーラ|jmdict-common
オール|jmdict-common
オールスター|jmdict-common
オールスターキャスト|jmdict-common
オールスター・キャスト|jmdict-variant
オールドガード|jmdict-common
オールド・ガード|jmdict-variant
オールナイト|jmdict-common
オールマイティ|jmdict-common
オールマイティー|jmdict-variant
オールラウンド|jmdict-common
オール・スター|jmdict-variant
オーロラ|jmdict-common
オーヴン|jmdict-variant
カイコ|jmdict-variant
カイト|jmdict-common
カウチポテト|jmdict-common
カウチ・ポテト|jmdict-variant
カウボーイ|jmdict-common
カウンセラー|jmdict-common
カウンセリング|jmdict-common
カウンタ|jmdict-variant
カウンター|jmdict-common
カウント|jmdict-common
カエル|jmdict-common
カオス|jmdict-common
カキ|jmdict-common
カキコ|jmdict-common
カキ氷|jmdict-variant
カギ|jmdict-variant
カクテル|jmdict-common
カクテール|jmdict-variant
カゴ|jmdict-common
カサカサ|jmdict-common
カシワ|jmdict-variant
カジノ|jmdict-common
カジュアル|jmdict-common
カスタマ|jmdict-variant
カスタマー|jmdict-common
カスタム|jmdict-common
カステラ|jmdict-common
カステーラ|jmdict-variant
カスト|jmdict-variant
カストマ|jmdict-variant
カストマー|jmdict-variant
カスバ|jmdict-common
カスピかい|jmdict-common
カスピ海|jmdict-common
カセット|jmdict-common
カセットテープ|jmdict-common
カセット・テープ|jmdict-variant
カタカナ|jmdict-common
カタル|jmdict-common
カタログ|jmdict-common
カチカチ|jmdict-common
カチコチ|jmdict-variant
カチューシャ|jmdict-common
カッと|jmdict-common
カッコ|jmdict-variant
カッコいい|jmdict-common
カッコよい|jmdict-variant
カッコイイ|jmdict-common
カッコ良い|jmdict-variant
カッター|jmdict-common
カッチカチ|jmdict-variant
カット|jmdict-common
カッパ|jmdict-common
カッフェ|jmdict-variant
カッフェー|jmdict-variant
カップ|jmdict-common
カップラ|jmdict-variant
カップラー|jmdict-variant
カップリングシュガー|jmdict-common
カップリング・シュガー|jmdict-variant
カップル|jmdict-common
カツ|jmdict-common
カツラ|jmdict-variant
カテゴリ|jmdict-common
カテゴリィ|jmdict-variant
カテゴリー|jmdict-common
カテーテル|jmdict-common
カデンツ|jmdict-common
カトリシズム|jmdict-common
カトリック|jmdict-common
カトリックきょうかい|jmdict-common
カトリック教会|jmdict-common
カトレア|jmdict-variant
カトレヤ|jmdict-common
カドミウム|jmdict-common
カナダ|jmdict-common
カナヅチ|jmdict-variant
カナリア|jmdict-common
カナリヤ|jmdict-variant
カニ|jmdict-variant
カヌー|jmdict-common
カバン|jmdict-variant
カバー|jmdict-common
カビ|jmdict-common
カフェ|jmdict-common
カフェイン|jmdict-common
カフェテリア|jmdict-common
カフェー|jmdict-variant
カフス|jmdict-common
カブ|jmdict-common
カプセル|jmdict-common
カプラ|jmdict-variant
カプラー|jmdict-common
カボチャ|jmdict-variant
カマーバンド|jmdict-common
カミソリ|jmdict-variant
カム|jmdict-common
カムバック|jmdict-common
カメ|jmdict-common
カメラ|jmdict-common
カメラマン|jmdict-common
カメレオン|jmdict-common
カモ|jmdict-variant
カモメ|jmdict-common
カヤカヤ|jmdict-variant
カヤック|jmdict-common
カラ|jmdict-variant
カラオケ|jmdict-common
カラシ|jmdict-variant
カラス|jmdict-common
カラチ|jmdict-common
カラット|jmdict-common
カラッポ|jmdict-variant
カラフル|jmdict-common
カラメル|jmdict-common
カラー|jmdict-common
カラーコーディネーター|jmdict-common
カラード|jmdict-common
カラー・コーディネーター|jmdict-variant
カリ|jmdict-variant
カリウム|jmdict-common
カリキュラム|jmdict-common
カリスマ|jmdict-common
カリフォルニア|jmdict-common
カリブかい|jmdict-common
カリブ海|jmdict-common
カリー|jmdict-variant
カルガリー|jmdict-common
カルキ|jmdict-common
カルシウム|jmdict-common
カルタ|jmdict-common
カルダモン|jmdict-common
カルチャー|jmdict-common
カルチャーショック|jmdict-common
カルチャーセンター|jmdict-common
カルチャー・ショック|jmdict-variant
カルチャー・センター|jmdict-variant
カルテ|jmdict-common
カルテット|jmdict-common
カルテル|jmdict-common
カルデラ|jmdict-common
カルト|jmdict-common
カルナバル|jmdict-variant
カルバドス|jmdict-common
カルフォルニア|jmdict-variant
カルメラ|jmdict-common
カルメル|jmdict-variant
カレッジ|jmdict-common
カレンシー|jmdict-common
カレンダ|jmdict-variant
カレンダー|jmdict-common
カレー|jmdict-common
カレーライス|jmdict-common
カレー・ライス|jmdict-variant
カロチン|jmdict-common
カロテン|jmdict-variant
カロライナ|jmdict-common
カロリー|jmdict-common
カロル|jmdict-variant
カローラ|jmdict-common
カワイい|jmdict-variant
カワイイ|jmdict-variant
カン|jmdict-variant
カンガルー|jmdict-common
カンザス|jmdict-common
カンタータ|jmdict-common
カンツォーナ|jmdict-variant
カンツォーネ|jmdict-common
カント|jmdict-common
カントン|jmdict-common
カンニング|jmdict-common
カンバス|jmdict-common
カンパ|jmdict-common
カンパニー|jmdict-common
カンフル|jmdict-common
カンベラ|jmdict-variant
カヴァー|jmdict-variant
カー|jmdict-common
カースト|jmdict-common
カーソル|jmdict-common
カーチェイス|jmdict-common
カーテン|jmdict-common
カーディガン|jmdict-common
カーデガン|jmdict-variant
カート|jmdict-common
カートリッジ|jmdict-common
カード|jmdict-common
カードゲーム|jmdict-common
カード・ゲーム|jmdict-variant
カーニバル|jmdict-common
カーネーション|jmdict-common
カーネージョン|jmdict-variant
カーフェリー|jmdict-common
カーブ|jmdict-common
カーペット|jmdict-common
カーボン|jmdict-common
カーボーイ|jmdict-variant
カーリング|jmdict-common
カール|jmdict-common
カーレース|jmdict-common
カーン|jmdict-common
カーヴ|jmdict-variant
カー・チェイス|jmdict-variant
カー・フェリー|jmdict-variant
カー・レース|jmdict-variant
カ国|jmdict-common
カ所|jmdict-variant
カ月|jmdict-variant
ガイ|jmdict-common
ガイコツ|jmdict-variant
ガイジン|jmdict-variant
ガイダンス|jmdict-common
ガイド|jmdict-common
ガイドブック|jmdict-common
ガウシアン|jmdict-common
ガウン|jmdict-common
ガサガサ|jmdict-variant
ガシガシ|jmdict-common
ガジェット|jmdict-common
ガス|jmdict-common
ガスタービン|jmdict-common
ガストアルバイター|jmdict-common
ガスボンベ|jmdict-common
ガスマスク|jmdict-common
ガス・タービン|jmdict-variant
ガス・マスク|jmdict-variant
ガゼット|jmdict-variant
ガソリン|jmdict-common
ガソリンスタンド|jmdict-common
ガソリン・スタンド|jmdict-variant
ガソール|jmdict-common
ガタガタ|jmdict-common
ガッカリ|jmdict-common
ガックリ|jmdict-variant
ガッチリ|jmdict-variant
ガッツ|jmdict-common
ガッツポーズ|jmdict-common
ガッツ・ポーズ|jmdict-variant
ガット|jmdict-common
ガブガブ|jmdict-variant
ガボット|jmdict-common
ガマン|jmdict-variant
ガム|jmdict-common
ガムラン|jmdict-variant
ガメラン|jmdict-common
ガヤガヤ|jmdict-variant
ガラ|jmdict-variant
ガラス|jmdict-common
ガラスど|jmdict-common
ガラスばり|jmdict-common
ガラス張り|jmdict-common
ガラス戸|jmdict-common
ガラン|jmdict-variant
ガラーン|jmdict-variant
ガリウム|jmdict-common
ガリバー|jmdict-common
ガリレオ|jmdict-common
ガルソン|jmdict-variant
ガレージ|jmdict-common
ガロン|jmdict-common
ガン|jmdict-common
ガンガン|jmdict-common
ガンマ|jmdict-common
ガンマー|jmdict-variant
ガーゼ|jmdict-common
ガーディアン|jmdict-common
ガーデン|jmdict-common
ガード|jmdict-common
ガードマン|jmdict-common
ガードレール|jmdict-common
ガール|jmdict-common
ガールフレンド|jmdict-common
ガール・フレンド|jmdict-variant
キる|jmdict-variant
キイワード|jmdict-variant
キウィ|jmdict-variant
キウイ|jmdict-common
キウリ|jmdict-variant
キオスク|jmdict-common
キク|jmdict-variant
キザ|jmdict-variant
キス|jmdict-common
キズ|jmdict-variant
キチガイ|jmdict-common
キチゲェ|jmdict-variant
キチン|jmdict-variant
キッと|jmdict-variant
キッカケ|jmdict-variant
キック|jmdict-common
キックオフ|jmdict-common
キックボクシング|jmdict-common
キッス|jmdict-variant
キッズ|jmdict-common
キッズビジネス|jmdict-common
キッズ・ビジネス|jmdict-variant
キッチリ|jmdict-variant
キッチン|jmdict-common
キット|jmdict-common
キッド|jmdict-common
キッパリ|jmdict-variant
キツい|jmdict-variant
キツイ|jmdict-variant
キツネ|jmdict-variant
キネシオロジー|jmdict-common
キノコ|jmdict-variant
キマる|jmdict-variant
キミ|jmdict-variant
キムチ|jmdict-common
キメる|jmdict-variant
キメラ|jmdict-common
キモ|jmdict-variant
キモチ悪い|jmdict-variant
キャスタ|jmdict-variant
キャスター|jmdict-common
キャスチング|jmdict-variant
キャスティング|jmdict-common
キャスト|jmdict-common
キャッシュ|jmdict-common
キャッシュカード|jmdict-common
キャッシュ・カード|jmdict-variant
キャッシング|jmdict-common
キャッチ|jmdict-common
キャッチフレーズ|jmdict-common
キャッチャ|jmdict-variant
キャッチャー|jmdict-common
キャッツアイ|jmdict-common
キャットウォーク|jmdict-common
キャットウオーク|jmdict-variant
キャップ|jmdict-common
キャディ|jmdict-variant
キャディー|jmdict-common
キャバレイ|jmdict-variant
キャバレー|jmdict-common
キャビア|jmdict-common
キャビネット|jmdict-common
キャビン|jmdict-common
キャピタリズム|jmdict-common
キャピタルゲイン|jmdict-common
キャピタル・ゲイン|jmdict-variant
キャフェ|jmdict-variant
キャフェテリア|jmdict-variant
キャブレター|jmdict-common
キャプション|jmdict-common
キャプテン|jmdict-common
キャベジ|jmdict-variant
キャベツ|jmdict-common
キャメラ|jmdict-variant
キャメル|jmdict-common
キャラ|jmdict-common
キャラクタ|jmdict-variant
キャラクター|jmdict-common
キャラバン|jmdict-common
キャラメル|jmdict-common
キャリア|jmdict-common
キャリアー|jmdict-variant
キャリヤ|jmdict-variant
キャリヤー|jmdict-variant
キャリー|jmdict-common
キャロル|jmdict-common
キャンセル|jmdict-common
キャンディ|jmdict-common
キャンディー|jmdict-common
キャンデー|jmdict-variant
キャンドル|jmdict-common
キャンバス|jmdict-common
キャンパス|jmdict-common
キャンパー|jmdict-common
キャンピング|jmdict-common
キャンピングカー|jmdict-common
キャンピング・カー|jmdict-variant
キャンプ|jmdict-common
キャンプイン|jmdict-common
キャンプ・イン|jmdict-variant
キャンベラ|jmdict-common
キャンペーン|jmdict-common
キャンヴァス|jmdict-variant
キュウリ|jmdict-variant
キュリー|jmdict-common
キュレーター|jmdict-common
キュロット|jmdict-common
キュー|jmdict-common
キュート|jmdict-common
キューバ|jmdict-common
キューリー|jmdict-variant
キョトキョト|jmdict-variant
キョロキョロ|jmdict-common
キヨスク|jmdict-common
キラキラ|jmdict-common
キラー|jmdict-common
キリ|jmdict-variant
キリがない|jmdict-variant
キリシタン|jmdict-common
キリスト|jmdict-common
キリストきょう|jmdict-common
キリスト教|jmdict-common
キリル|jmdict-common
キリン|jmdict-variant
キル|jmdict-common
キルク|jmdict-variant
キレイ|jmdict-common
キロ|jmdict-common
キログラム|jmdict-common
キロメーター|jmdict-variant
キロメートル|jmdict-common
キロワット|jmdict-common
キロ・グラム|jmdict-variant
キロ・メートル|jmdict-variant
キロ米|jmdict-variant
キンギョ|jmdict-variant
キング|jmdict-common
キンパツ|jmdict-variant
キー|jmdict-common
キーウィ|jmdict-variant
キーウィー|jmdict-variant
キーステーション|jmdict-common
キーパー|jmdict-common
キープ|jmdict-common
キーホルダー|jmdict-common
キーボード|jmdict-common
キーポイント|jmdict-common
キーマン|jmdict-common
キール|jmdict-common
キーワード|jmdict-common
キー・ステーション|jmdict-variant
キー・ホルダー|jmdict-variant
キー・ポイント|jmdict-variant
ギア|jmdict-common
ギアー|jmdict-variant
ギガ|jmdict-common
ギザギザ|jmdict-common
ギタリスト|jmdict-common
ギター|jmdict-common
ギターリスト|jmdict-variant
ギッシリ|jmdict-variant
ギッチリ|jmdict-variant
ギフト|jmdict-common
ギブアップ|jmdict-common
ギブス|jmdict-variant
ギブ・アップ|jmdict-variant
ギプス|jmdict-common
ギャグ|jmdict-common
ギャゼット|jmdict-variant
ギャップ|jmdict-common
ギャラ|jmdict-common
ギャラリー|jmdict-common
ギャル|jmdict-common
ギャルソン|jmdict-common
ギャレージ|jmdict-variant
ギャロッピングインフレ|jmdict-common
ギャロッピング・インフレ|jmdict-variant
ギャング|jmdict-common
ギャンブラー|jmdict-common
ギャンブル|jmdict-common
ギヤ|jmdict-variant
ギヤー|jmdict-variant
ギュって|jmdict-variant
ギュっと|jmdict-variant
ギュッて|jmdict-variant
ギュッと|jmdict-variant
ギョウザ|jmdict-variant
ギョッと|jmdict-variant
ギョーザ|jmdict-common
ギヨチン|jmdict-variant
ギヨチーヌ|jmdict-variant
ギラギラ|jmdict-common
ギリギリ|jmdict-variant
ギリシア|jmdict-variant
ギリシャ|jmdict-common
ギリシヤ|jmdict-variant
ギルド|jmdict-common
ギロチン|jmdict-common
ギロティン|jmdict-variant
クる|jmdict-variant
クァルテット|jmdict-variant
クィンテット|jmdict-variant
クィーン|jmdict-variant
クイズ|jmdict-common
クイック|jmdict-common
クイン|jmdict-variant
クインテット|jmdict-common
クイーン|jmdict-common
クイーンズイングリッシュ|jmdict-common
クイーンズ・イングリッシュ|jmdict-variant
クウェイト|jmdict-variant
クウェート|jmdict-common
クェーサー|jmdict-variant
クエーサー|jmdict-common
クォリティ|jmdict-variant
クォリティー|jmdict-variant
クォート|jmdict-variant
クオリティ|jmdict-common
クオリティー|jmdict-variant
クオート|jmdict-common
クギ|jmdict-variant
クシ|jmdict-variant
クシャクシャ|jmdict-variant
クシャミ|jmdict-variant
クジ|jmdict-variant
クジラ|jmdict-variant
クジラにく|jmdict-variant
クジラ肉|jmdict-variant
クスリ|jmdict-variant
クズ|jmdict-variant
クセ|jmdict-variant
クセに|jmdict-variant
クソ|jmdict-common
クタクタ|jmdict-variant
クチコミ|jmdict-variant
クチバシ|jmdict-variant
クッキリ|jmdict-variant
クッキング|jmdict-common
クッキー|jmdict-common
クッション|jmdict-common
クドい|jmdict-variant
クビ|jmdict-variant
クマ|jmdict-common
クモ|jmdict-variant
クヨクヨ|jmdict-variant
クライアント|jmdict-common
クライエント|jmdict-variant
クライシス|jmdict-common
クライマックス|jmdict-common
クライミング|jmdict-common
クライムストーリー|jmdict-common
クライム・ストーリー|jmdict-variant
クラウン|jmdict-common
クラクション|jmdict-common
クラゲ|jmdict-common
クラシカル|jmdict-common
クラシック|jmdict-common
クラシックおんがく|jmdict-common
クラシック音楽|jmdict-common
クラス|jmdict-common
クラスメイト|jmdict-common
クラスメート|jmdict-common
クラス・メイト|jmdict-variant
クラス・メート|jmdict-variant
クラッカ|jmdict-variant
クラッカー|jmdict-common
クラック|jmdict-common
クラッシク|jmdict-variant
クラッシク音楽|jmdict-variant
クラッシック|jmdict-variant
クラッシック音楽|jmdict-variant
クラッシュ|jmdict-common
クラッチ|jmdict-common
クラフト|jmdict-common
クラブ|jmdict-common
クラブかつどう|jmdict-common
クラブ活動|jmdict-common
クラン|jmdict-common
クランク|jmdict-common
クランクイン|jmdict-common
クランク・イン|jmdict-variant
クラーク|jmdict-common
クリ|jmdict-variant
クリエイタ|jmdict-variant
クリエイター|jmdict-common
クリエイティブ|jmdict-common
クリエイティヴ|jmdict-variant
クリエータ|jmdict-variant
クリエーター|jmdict-common
クリエーチブ|jmdict-variant
クリエーティブ|jmdict-variant
クリエーティヴ|jmdict-variant
クリオール|jmdict-common
クリケット|jmdict-common
クリスタル|jmdict-common
クリスチャン|jmdict-common
クリスマス|jmdict-common
クリスマスイブ|jmdict-common
クリスマスイヴ|jmdict-variant
クリスマスカード|jmdict-common
クリスマスツリー|jmdict-common
クリスマス・イブ|jmdict-variant
クリスマス・イヴ|jmdict-variant
クリスマス・カード|jmdict-variant
クリスマス・ツリー|jmdict-variant
クリック|jmdict-common
クリップ|jmdict-common
クリニック|jmdict-common
クリンチ|jmdict-common
クリーク|jmdict-common
クリーナー|jmdict-common
クリーニング|jmdict-common
クリーム|jmdict-common
クリーン|jmdict-common
クリーンアップトリオ|jmdict-common
クリーンアップ・トリオ|jmdict-variant
クリーンナップトリオ|jmdict-variant
クリーンナップ・トリオ|jmdict-variant
クリーンヒット|jmdict-common
クリーン・ヒット|jmdict-variant
クルアーン|jmdict-variant
クルクル|jmdict-variant
クルス|jmdict-common
クルド|jmdict-common
クルマ|jmdict-variant
クルミ|jmdict-variant
クルー|jmdict-common
クルーザー|jmdict-common
クルージング|jmdict-common
クルーズ|jmdict-common
クレアチニンクリアランス|jmdict-common
クレアチニン・クリアランス|jmdict-variant
クレイ|jmdict-common
クレイジー|jmdict-common
クレイム|jmdict-variant
クレオソート|jmdict-common
クレジット|jmdict-common
クレジットカード|jmdict-common
クレジット・カード|jmdict-variant
クレディビリティーギャップ|jmdict-common
クレディビリティー・ギャップ|jmdict-variant
クレンザー|jmdict-common
クレンジングクリーム|jmdict-common
クレンジング・クリーム|jmdict-variant
クレー|jmdict-common
クレーコート|jmdict-common
クレージー|jmdict-variant
クレータ|jmdict-variant
クレーター|jmdict-common
クレープ|jmdict-common
クレーム|jmdict-common
クレーン|jmdict-common
クレー・コート|jmdict-variant
クロアチア|jmdict-common
クロス|jmdict-common
クロスカントリー|jmdict-common
クロスワード|jmdict-common
クロス・カントリー|jmdict-variant
クロック|jmdict-common
クロニクル|jmdict-common
クロノスコープ|jmdict-common
クロム|jmdict-common
クロレラ|jmdict-common
クロン|jmdict-variant
クローク|jmdict-common
クロース|jmdict-variant
クローズ|jmdict-common
クローズアップ|jmdict-common
クローズ・アップ|jmdict-variant
クローム|jmdict-variant
クロール|jmdict-common
クローン|jmdict-common
クワ|jmdict-variant
クワイア|jmdict-common
クワイヤ|jmdict-variant
クワルテット|jmdict-variant
クーキー|jmdict-common
クーデタ|jmdict-variant
クーデター|jmdict-common
クーデーター|jmdict-variant
クーペ|jmdict-common
クーポン|jmdict-common
クーラー|jmdict-common
クーリングオフ|jmdict-common
クーリング・オフ|jmdict-variant
クール|jmdict-common
クー・デタ|jmdict-variant
クー・デター|jmdict-variant
グァテマラ|jmdict-variant
グァム|jmdict-variant
グアテマラ|jmdict-common
グアテマラきょうわこく|jmdict-common
グアテマラ共和国|jmdict-common
グアム|jmdict-common
グイ|jmdict-variant
グズグズ|jmdict-variant
グタグタ|jmdict-variant
グタリ|jmdict-variant
グダグダ|jmdict-common
グチ|jmdict-variant
グッスリ|jmdict-variant
グッズ|jmdict-common
グッタリ|jmdict-variant
グッツ|jmdict-variant
グット|jmdict-variant
グッド|jmdict-common
グライコ|jmdict-common
グライダー|jmdict-common
グラウンド|jmdict-common
グラグラ|jmdict-common
グラス|jmdict-common
グラスファイバー|jmdict-common
グラス・ファイバー|jmdict-variant
グラタン|jmdict-common
グラデーション|jmdict-common
グラビア|jmdict-common
グラビュール|jmdict-variant
グラビール|jmdict-variant
グラフ|jmdict-common
グラフィクス|jmdict-variant
グラフィック|jmdict-common
グラフィックス|jmdict-common
グラフイック|jmdict-variant
グラブ|jmdict-variant
グラマー|jmdict-common
グラム|jmdict-common
グランス|jmdict-common
グランデ|jmdict-common
グランド|jmdict-common
グランドピアノ|jmdict-common
グランド・ピアノ|jmdict-variant
グランプリ|jmdict-common
グラン・プリ|jmdict-variant
グリコーゲン|jmdict-common
グリップ|jmdict-common
グリル|jmdict-common
グリン|jmdict-variant
グリンピース|jmdict-common
グリン・ピース|jmdict-variant
グリークラブ|jmdict-common
グリーン|jmdict-common
グリーンスクール|jmdict-common
グリーンピース|jmdict-common
グリーンフィー|jmdict-common
グリーンランド|jmdict-common
グリーン・スクール|jmdict-variant
グリーン・ピース|jmdict-variant
グリーン・フィー|jmdict-variant
グリー・クラブ|jmdict-variant
グルグル|jmdict-variant
グルメ|jmdict-common
グルー|jmdict-common
グループ|jmdict-common
グループホーム|jmdict-common
グループ・ホーム|jmdict-variant
グレイ|jmdict-variant
グレイト|jmdict-variant
グレイド|jmdict-variant
グレコローマンスタイル|jmdict-common
グレコローマン・スタイル|jmdict-variant
グレゴリオ|jmdict-common
グレー|jmdict-common
グレーゾーン|jmdict-common
グレート|jmdict-common
グレード|jmdict-common
グレープフルーツ|jmdict-common
グレー・ゾーン|jmdict-variant
グロ|jmdict-common
グロテクス|jmdict-variant
グロテスク|jmdict-common
グロリア|jmdict-common
グローバリズム|jmdict-common
グローバル|jmdict-common
グローバルか|jmdict-common
グローバル化|jmdict-common
グローブ|jmdict-common
グローリア|jmdict-variant
グローヴ|jmdict-variant
グー|jmdict-common
グーイ|jmdict-variant
グール|jmdict-common
ケア|jmdict-common
ケイサツ|jmdict-variant
ケイタイ|jmdict-variant
ケイリン|jmdict-variant
ケガ|jmdict-variant
ケガ人|jmdict-variant
ケシゴム|jmdict-variant
ケジメ|jmdict-variant
ケダモノ|jmdict-variant
ケチャップ|jmdict-common
ケビン|jmdict-variant
ケベック|jmdict-common
ケミカル|jmdict-common
ケモノ|jmdict-variant
ケルン|jmdict-common
ケレオソート|jmdict-variant
ケロイド|jmdict-common
ケンカ|jmdict-common
ケーオー|jmdict-common
ケーキ|jmdict-common
ケーサツ|jmdict-variant
ケージ|jmdict-common
ケース|jmdict-common
ケーススタディ|jmdict-common
ケーススタディー|jmdict-variant
ケースワーカー|jmdict-common
ケース・スタディ|jmdict-variant
ケース・スタディー|jmdict-variant
ケーソンこうほう|jmdict-common
ケーソン工法|jmdict-common
ケータイ|jmdict-variant
ケーブル|jmdict-common
ケープ|jmdict-common
ケ国|jmdict-variant
ケ所|jmdict-variant
ケ月|jmdict-variant
ゲイ|jmdict-common
ゲイリブ|jmdict-common
ゲイン|jmdict-common
ゲイ・リブ|jmdict-variant
ゲコ|jmdict-variant
ゲシュタポ|jmdict-common
ゲスト|jmdict-common
ゲタ|jmdict-variant
ゲットー|jmdict-common
ゲノム|jmdict-common
ゲバリスタ|jmdict-common
ゲランデ|jmdict-variant
ゲリラ|jmdict-common
ゲル|jmdict-common
ゲルマン|jmdict-common
ゲレンデ|jmdict-common
ゲンコツ|jmdict-variant
ゲージ|jmdict-common
ゲート|jmdict-common
ゲートボール|jmdict-common
ゲート・ボール|jmdict-variant
ゲーム|jmdict-common
ゲームセット|jmdict-common
ゲームセンター|jmdict-common
ゲーム・セット|jmdict-variant
ゲーム・センター|jmdict-variant
コア|jmdict-common
コアビタシオン|jmdict-common
コアラ|jmdict-common
コイ|jmdict-variant
コイル|jmdict-common
コイン|jmdict-common
コインロッカー|jmdict-common
コイン・ロッカー|jmdict-variant
コカイン|jmdict-common
コギトエルゴスム|jmdict-common
コギト・エルゴ・スム|jmdict-variant
コクテイル|jmdict-variant
コクテル|jmdict-variant
コクテール|jmdict-variant
コクピット|jmdict-common
コケ|jmdict-common
ココア|jmdict-common
ココム|jmdict-common
コシ|jmdict-variant
コショウ|jmdict-common
コショー|jmdict-variant
コスタリカ|jmdict-common
コスタ・リカ|jmdict-variant
コスチューム|jmdict-common
コスト|jmdict-common
コスプレ|jmdict-common
コスモ|jmdict-common
コスモス|jmdict-common
コスモポリタン|jmdict-common
コソコソ|jmdict-variant
コタツ|jmdict-variant
コチコチ|jmdict-common
コック|jmdict-common
コックス|jmdict-common
コックピット|jmdict-common
コッソリ|jmdict-variant
コッテージ|jmdict-variant
コットン|jmdict-common
コップ|jmdict-common
コツコツ|jmdict-common
コツフ|jmdict-variant
コテージ|jmdict-common
コニャック|jmdict-common
コニーデ|jmdict-common
コネ|jmdict-common
コネクション|jmdict-common
コネコ|jmdict-variant
コバルト|jmdict-common
コバルトブルー|jmdict-common
コバルト・ブルー|jmdict-variant
コピペ|jmdict-common
コピー|jmdict-common
コピーき|jmdict-common
コピーライト|jmdict-common
コピー機|jmdict-common
コブラ|jmdict-common
コペルニクス|jmdict-common
コマ|jmdict-common
コマンド|jmdict-common
コマーシャル|jmdict-common
コミカル|jmdict-common
コミック|jmdict-common
コミックス|jmdict-common
コミッショナー|jmdict-common
コミッション|jmdict-common
コミット|jmdict-common
コミニケーション|jmdict-variant
コミニュケーション|jmdict-variant
コミュニケ|jmdict-common
コミュニケイション|jmdict-variant
コミュニケー|jmdict-variant
コミュニケーション|jmdict-common
コミュニティ|jmdict-common
コミュニティー|jmdict-common
コミュニーケーション|jmdict-variant
コム|jmdict-common
コメ|jmdict-variant
コメディ|jmdict-common
コメディアン|jmdict-common
コメディー|jmdict-common
コメンテイター|jmdict-variant
コメンテーター|jmdict-common
コメント|jmdict-common
コラボレーション|jmdict-common
コラム|jmdict-common
コラムニスト|jmdict-common
コラージュ|jmdict-common
コラール|jmdict-common
コラーン|jmdict-variant
コリア|jmdict-common
コリー|jmdict-common
コル|jmdict-common
コルク|jmdict-common
コルクスクリュー|jmdict-variant
コレクション|jmdict-common
コレクタ|jmdict-variant
コレクター|jmdict-common
コレステロール|jmdict-common
コレラ|jmdict-common
コロイド|jmdict-common
コロコロ|jmdict-common
コロシアム|jmdict-common
コロッケ|jmdict-common
コロナ|jmdict-common
コロナか|jmdict-common
コロナウィルス|jmdict-variant
コロナウイルス|jmdict-common
コロナ禍|jmdict-common
コロニー|jmdict-common
コロラド|jmdict-common
コロン|jmdict-common
コロンコロン|jmdict-variant
コロンブスデー|jmdict-common
コロンブス・デー|jmdict-variant
コワイア|jmdict-variant
コワイヤ|jmdict-variant
コンクリート|jmdict-common
コンクール|jmdict-common
コングロマーチャント|jmdict-common
コンコース|jmdict-common
コンゴ|jmdict-common
コンサルタント|jmdict-common
コンサルティング|jmdict-common
コンサート|jmdict-common
コンシューマ|jmdict-variant
コンシューマー|jmdict-common
コンス|jmdict-common
コンスタント|jmdict-common
コンスターチ|jmdict-variant
コンセプト|jmdict-common
コンセンサス|jmdict-common
コンセント|jmdict-common
コンソーシアム|jmdict-common
コンソーティアム|jmdict-variant
コンタクト|jmdict-common
コンタクトレンズ|jmdict-common
コンタクト・レンズ|jmdict-variant
コンダクター|jmdict-common
コンチェルト|jmdict-common
コンチネンタル|jmdict-common
コンテ|jmdict-common
コンテスト|jmdict-common
コンテナ|jmdict-common
コンテナー|jmdict-variant
コンテンポラリー|jmdict-common
コンディション|jmdict-common
コンデション|jmdict-variant
コンデンサ|jmdict-common
コンデンサー|jmdict-variant
コント|jmdict-common
コントラ|jmdict-common
コントラスト|jmdict-common
コントラバス|jmdict-common
コントローラ|jmdict-variant
コントローラー|jmdict-common
コントロール|jmdict-common
コンドミニアム|jmdict-common
コンドム|jmdict-variant
コンドル|jmdict-common
コンドーム|jmdict-common
コンバイン|jmdict-common
コンバータ|jmdict-variant
コンバーター|jmdict-common
コンバート|jmdict-common
コンパ|jmdict-common
コンパクト|jmdict-common
コンパス|jmdict-common
コンパニオン|jmdict-common
コンパニー|jmdict-variant
コンビ|jmdict-common
コンビナート|jmdict-common
コンビニ|jmdict-common
コンビニエンス|jmdict-common
コンビネイション|jmdict-variant
コンビネーション|jmdict-common
コンピュータ|jmdict-common
コンピューター|jmdict-common
コンピレーション|jmdict-common
コンフィギュレーション|jmdict-common
コンフィグレーション|jmdict-variant
コンブ|jmdict-variant
コンブリオ|jmdict-common
コンプレックス|jmdict-common
コンプレッサ|jmdict-variant
コンプレッサー|jmdict-common
コンベンション|jmdict-common
コンベンションセンター|jmdict-common
コンベンション・センター|jmdict-variant
コンペ|jmdict-common
コンペティション|jmdict-common
コンボイ|jmdict-common
コンポ|jmdict-common
コンポスト|jmdict-common
コンミッション|jmdict-variant
コンロ|jmdict-common
コンヴァート|jmdict-variant
コン・ブリオ|jmdict-variant
コーキング|jmdict-common
コークスクリュー|jmdict-common
コース|jmdict-common
コースター|jmdict-common
コーチ|jmdict-common
コーチング|jmdict-common
コーティング|jmdict-common
コーディネイト|jmdict-variant
コーディネータ|jmdict-variant
コーディネーター|jmdict-common
コーディネート|jmdict-common
コート|jmdict-common
コード|jmdict-common
コードレス|jmdict-common
コードレスホン|jmdict-common
コードレス・ホン|jmdict-variant
コーナ|jmdict-variant
コーナリング|jmdict-common
コーナー|jmdict-common
コーヒー|jmdict-common
コーヒーカップ|jmdict-common
コーヒーショップ|jmdict-common
コーヒー・カップ|jmdict-variant
コーヒー・ショップ|jmdict-variant
コーフン|jmdict-variant
コープ|jmdict-common
コーポ|jmdict-common
コーポレイション|jmdict-variant
コーポレーション|jmdict-common
コーポレートアイデンティティー|jmdict-common
コーポレート・アイデンティティー|jmdict-variant
コーラ|jmdict-common
コーラス|jmdict-common
コーラン|jmdict-common
コール|jmdict-common
コールド|jmdict-common
コールドゲーム|jmdict-common
コールド・ゲーム|jmdict-variant
コーン|jmdict-common
コーンスターチ|jmdict-common
コーン・スターチ|jmdict-variant
ゴキブリ|jmdict-common
ゴシック|jmdict-common
ゴシップ|jmdict-common
ゴジック|jmdict-variant
ゴスペル|jmdict-common
ゴチック|jmdict-variant
ゴットファザー|jmdict-variant
ゴットファーザー|jmdict-variant
ゴッドファザー|jmdict-variant
ゴッドファーザー|jmdict-common
ゴティック|jmdict-variant
ゴマ|jmdict-common
ゴミ|jmdict-common
ゴミ箱|jmdict-common
ゴム|jmdict-common
ゴメン|jmdict-variant
ゴリラ|jmdict-common
ゴルジュ|jmdict-common
ゴルデンウィーク|jmdict-variant
ゴルフ|jmdict-common
ゴルファー|jmdict-common
ゴロゴロ|jmdict-common
ゴロンゴロン|jmdict-variant
ゴング|jmdict-common
ゴンドラ|jmdict-common
ゴーカート|jmdict-common
ゴーグル|jmdict-common
ゴーサイン|jmdict-common
ゴージ|jmdict-variant
ゴージャス|jmdict-common
ゴースト|jmdict-common
ゴーストタウン|jmdict-common
ゴースト・タウン|jmdict-variant
ゴール|jmdict-common
ゴールイン|jmdict-common
ゴールキーパー|jmdict-common
ゴールデン|jmdict-common
ゴールデンアワー|jmdict-common
ゴールデンウィーク|jmdict-common
ゴールデンウイーク|jmdict-variant
ゴールデンタイム|jmdict-common
ゴールデン・アワー|jmdict-variant
ゴールデン・ウィーク|jmdict-variant
ゴールデン・ウイーク|jmdict-variant
ゴールデン・タイム|jmdict-variant
ゴールド|jmdict-common
ゴールライン|jmdict-common
ゴール・イン|jmdict-variant
ゴール・ライン|jmdict-variant
ゴー・サイン|jmdict-variant
サイエンス|jmdict-common
サイクリング|jmdict-common
サイクル|jmdict-common
サイクロン|jmdict-common
サイコー|jmdict-variant
サイズ|jmdict-common
サイテー|jmdict-variant
サイト|jmdict-common
サイド|jmdict-common
サイドカー|jmdict-common
サイドビジネス|jmdict-common
サイド・ビジネス|jmdict-variant
サイレン|jmdict-common
サイレント|jmdict-common
サイロ|jmdict-common
サイン|jmdict-common
サインいり|jmdict-common
サインかい|jmdict-common
サイン会|jmdict-common
サイン入り|jmdict-common
サウジ|jmdict-common
サウジアラビア|jmdict-common
サウジ・アラビア|jmdict-variant
サウスカロライナ|jmdict-common
サウスポー|jmdict-common
サウス・カロライナ|jmdict-variant
サウナ|jmdict-common
サウンド|jmdict-common
サガる|jmdict-variant
サガリ|jmdict-variant
サキソフォン|jmdict-variant
サキソホン|jmdict-variant
サクセス|jmdict-common
サクソフォン|jmdict-common
サクソフォーン|jmdict-variant
サクラ|jmdict-common
サケ|jmdict-common
ササ|jmdict-variant
サザンクロス|jmdict-common
サザン・クロス|jmdict-variant
サジスティック|jmdict-variant
サスペンション|jmdict-common
サスペンス|jmdict-common
サッと|jmdict-variant
サッカー|jmdict-common
サックス|jmdict-common
サッサと|jmdict-variant
サッシ|jmdict-common
サッシュ|jmdict-variant
サツマイモ|jmdict-variant
サティン|jmdict-variant
サテライト|jmdict-common
サテン|jmdict-common
サディスチック|jmdict-variant
サディスティック|jmdict-common
サド|jmdict-common
サドル|jmdict-common
サドンデス|jmdict-common
サドン・デス|jmdict-variant
サニタリー|jmdict-common
サハラ|jmdict-common
サハラさばく|jmdict-common
サハラ沙漠|jmdict-variant
サハラ砂漠|jmdict-common
サバ|jmdict-common
サバイバル|jmdict-common
サバナ|jmdict-variant
サバンナ|jmdict-common
サパー|jmdict-common
サファイア|jmdict-common
サファイアー|jmdict-variant
サファイヤ|jmdict-variant
サファイヤー|jmdict-variant
サファリ|jmdict-common
サファリラリー|jmdict-common
サファリ・ラリー|jmdict-variant
サブ|jmdict-common
サブタイトル|jmdict-common
サブマリン|jmdict-common
サプライ|jmdict-common
サプライア|jmdict-variant
サプライアー|jmdict-variant
サプライズ|jmdict-common
サプライヤ|jmdict-variant
サプライヤー|jmdict-common
サプリ|jmdict-common
サボる|jmdict-common
サポータ|jmdict-variant
サポーター|jmdict-common
サポート|jmdict-common
サマライズ|jmdict-common
サマー|jmdict-common
サマースクール|jmdict-common
サマー・スクール|jmdict-variant
サミット|jmdict-common
サメ|jmdict-common
サヨウナラ|jmdict-variant
サヨク|jmdict-variant
サヨナラ|jmdict-variant
サヨーナラ|jmdict-variant
サラウンド|jmdict-common
サラサラ|jmdict-variant
サラダ|jmdict-common
サラド|jmdict-variant
サラブレット|jmdict-variant
サラブレッド|jmdict-common
サラリマン|jmdict-variant
サラリー|jmdict-common
サラリーマン|jmdict-common
サラリー・マン|jmdict-variant
サラーリマン|jmdict-variant
サラーリーマン|jmdict-variant
サリン|jmdict-common
サリー|jmdict-common
サル|jmdict-variant
サルサ|jmdict-common
サルバルサン|jmdict-common
サルーン|jmdict-common
サロン|jmdict-common
サンキュ|jmdict-variant
サンキュー|jmdict-common
サンクスギビングデイ|jmdict-variant
サンクスギビングデー|jmdict-common
サンクスギビング・デイ|jmdict-variant
サンクスギビング・デー|jmdict-variant
サンクチュアリ|jmdict-common
サンクチュアリー|jmdict-variant
サングラス|jmdict-common
サンゴ|jmdict-common
サンシャイン|jmdict-common
サンスクリット|jmdict-common
サンタクロース|jmdict-common
サンタ・クロース|jmdict-variant
サンダル|jmdict-common
サンダーバード|jmdict-common
サンチュール|jmdict-common
サンディエゴ|jmdict-common
サンデー|jmdict-common
サントラ|jmdict-common
サンド|jmdict-common
サンドイッチ|jmdict-common
サンドウィッチ|jmdict-variant
サンドペーパー|jmdict-common
サンノゼ|jmdict-common
サンバ|jmdict-common
サンフォライズ|jmdict-common
サンフランシスコ|jmdict-common
サンプラ|jmdict-variant
サンプラー|jmdict-common
サンプリング|jmdict-common
サンプル|jmdict-common
サンボ|jmdict-common
サンマー|jmdict-variant
サンルーフ|jmdict-common
サン・ディエゴ|jmdict-variant
サン・フランシスコ|jmdict-variant
サヴァナ|jmdict-variant
サヴァンナ|jmdict-variant
サーカス|jmdict-common
サーキット|jmdict-common
サークル|jmdict-common
サーセン|jmdict-common
サーチ|jmdict-common
サーチライト|jmdict-common
サード|jmdict-common
サーバ|jmdict-common
サーバー|jmdict-common
サービス|jmdict-common
サービスぎょう|jmdict-common
サービスエリア|jmdict-common
サービスエース|jmdict-common
サービス・エリア|jmdict-variant
サービス・エース|jmdict-variant
サービス業|jmdict-common
サーファー|jmdict-common
サーフィン|jmdict-common
サーブ|jmdict-common
サーベイランス|jmdict-common
サーベランス|jmdict-variant
サーモン|jmdict-common
サーロイン|jmdict-common
サーヴィス|jmdict-variant
ザラザラ|jmdict-common
ザリガニ|jmdict-common
ザワザワ|jmdict-variant
ザンビア|jmdict-common
シアター|jmdict-common
シアトル|jmdict-common
シアン|jmdict-common
シイタケ|jmdict-variant
シェア|jmdict-common
シェアリング|jmdict-common
シェイカー|jmdict-variant
シェイク|jmdict-common
シェイバー|jmdict-variant
シェイプ|jmdict-common
シェイプアップ|jmdict-common
シェイプ・アップ|jmdict-variant
シェパード|jmdict-common
シェフ|jmdict-common
シェリー|jmdict-common
シェル|jmdict-common
シェルター|jmdict-common
シェーカー|jmdict-common
シェーク|jmdict-common
シェーバー|jmdict-common
シェープ|jmdict-variant
シェープアップ|jmdict-variant
シエスタ|jmdict-common
シオニスト|jmdict-common
シオニズム|jmdict-common
シカ|jmdict-variant
シカゴ|jmdict-common
シクラメン|jmdict-common
シグナル|jmdict-common
シスター|jmdict-common
システム|jmdict-common
システムズ|jmdict-common
シソーラス|jmdict-common
シチエーション|jmdict-variant
シチュウ|jmdict-variant
シチュエイション|jmdict-variant
シチュエーション|jmdict-common
シチュー|jmdict-common
シック|jmdict-common
シックスナイン|jmdict-common
シックス・ナイン|jmdict-variant
シップ|jmdict-common
シテ|jmdict-variant
シティ|jmdict-common
シティー|jmdict-variant
シティーエアターミナル|jmdict-common
シティー・エア・ターミナル|jmdict-variant
シトシト|jmdict-variant
シトロン|jmdict-common
シドニー|jmdict-common
シナモン|jmdict-common
シナリオ|jmdict-common
シナリオライター|jmdict-common
シナリオ・ライター|jmdict-variant
シニア|jmdict-common
シニカル|jmdict-common
シネマ|jmdict-common
シノニム|jmdict-common
シビれる|jmdict-variant
シビア|jmdict-common
シビアー|jmdict-variant
シビック|jmdict-common
シビヤ|jmdict-variant
シビヤー|jmdict-variant
シビリアンコントロール|jmdict-common
シビリアン・コントロール|jmdict-variant
シビレる|jmdict-variant
シフォン|jmdict-common
シフト|jmdict-common
シベリア|jmdict-common
シベリヤ|jmdict-variant
シボる|jmdict-variant
シボリ|jmdict-variant
シマ|jmdict-variant
シミ|jmdict-variant
シミュレーション|jmdict-common
シミュレータ|jmdict-variant
シミュレーター|jmdict-common
シミーズ|jmdict-common
シメ|jmdict-variant
シメる|jmdict-variant
シャイ|jmdict-common
シャケ|jmdict-variant
シャッタ|jmdict-variant
シャッター|jmdict-common
シャットアウト|jmdict-common
シャットル|jmdict-variant
シャット・アウト|jmdict-variant
シャッポ|jmdict-common
シャツ|jmdict-common
シャトル|jmdict-common
シャトルバス|jmdict-common
シャトル・バス|jmdict-variant
シャトー|jmdict-common
シャドウ|jmdict-variant
シャドー|jmdict-common
シャフト|jmdict-common
シャベル|jmdict-common
シャボンだま|jmdict-common
シャボン玉|jmdict-common
シャポー|jmdict-variant
シャマン|jmdict-variant
シャルマン|jmdict-common
シャレ|jmdict-variant
シャワー|jmdict-common
シャン|jmdict-common
シャンソン|jmdict-common
シャンティー|jmdict-common
シャンデリア|jmdict-common
シャンデリヤ|jmdict-variant
シャンハイ|jmdict-common
シャンパン|jmdict-common
シャンプー|jmdict-common
シャンペン|jmdict-variant
シャークスキン|jmdict-common
シャーク・スキン|jmdict-variant
シャープ|jmdict-common
シャープペンシル|jmdict-common
シャープ・ペンシル|jmdict-variant
シャーベット|jmdict-common
シャーマン|jmdict-common
シャーリング|jmdict-common
シヤッタ|jmdict-variant
シヤッター|jmdict-variant
シヤン|jmdict-variant
シュガー|jmdict-common
シュチエーション|jmdict-variant
シュチュエーション|jmdict-variant
シュナップス|jmdict-common
シュプレッヒコール|jmdict-variant
シュプレヒコール|jmdict-common
シュミットカメラ|jmdict-common
シュミット・カメラ|jmdict-variant
シュミレーション|jmdict-variant
シュミレータ|jmdict-variant
シュミレーター|jmdict-variant
シュミーズ|jmdict-variant
シュルレアリスム|jmdict-common
シュレアリスム|jmdict-variant
シュレッダ|jmdict-variant
シュレッダー|jmdict-common
シュークリーム|jmdict-common
シューズ|jmdict-common
シュート|jmdict-common
シューベルト|jmdict-common
シュール|jmdict-common
シュールリアリズム|jmdict-variant
シュールレアリスム|jmdict-variant
シュールレアリズム|jmdict-common
シュー・クリーム|jmdict-variant
ショウ|jmdict-variant
ショウガ|jmdict-common
ショウルーム|jmdict-variant
ショッキング|jmdict-common
ショック|jmdict-common
ショット|jmdict-common
ショッピング|jmdict-common
ショッピングカート|jmdict-common
ショッピングモール|jmdict-common
ショッピング・カート|jmdict-variant
ショッピング・モール|jmdict-variant
ショップ|jmdict-common
ショパン|jmdict-common
ショベル|jmdict-common
ショルダーバック|jmdict-variant
ショルダーバッグ|jmdict-common
ショルダー・バッグ|jmdict-variant
ションベン|jmdict-variant
ション便|jmdict-variant
ショー|jmdict-common
ショーウィンドウ|jmdict-common
ショーウィンドー|jmdict-variant
ショーウインドウ|jmdict-variant
ショーウインドー|jmdict-variant
ショーケース|jmdict-common
ショーツ|jmdict-common
ショート|jmdict-common
ショートカット|jmdict-common
ショートステイ|jmdict-common
ショートステー|jmdict-variant
ショートパンツ|jmdict-common
ショート・カット|jmdict-variant
ショート・ステイ|jmdict-variant
ショート・パンツ|jmdict-variant
ショール|jmdict-common
ショールダーバッグ|jmdict-variant
ショールーム|jmdict-common
ショー・ウィンドウ|jmdict-variant
ショー・ウィンドー|jmdict-variant
ショー・ウインドウ|jmdict-variant
ショー・ウインドー|jmdict-variant
シラカバ|jmdict-variant
シラカンバ|jmdict-variant
シリア|jmdict-common
シリアス|jmdict-common
シリアル|jmdict-common
シリウス|jmdict-common
シリコン|jmdict-common
シリコーン|jmdict-common
シリヤル|jmdict-variant
シリンジ|jmdict-common
シリンダ|jmdict-variant
シリンダー|jmdict-common
シリーズ|jmdict-common
シルエッター|jmdict-common
シルエット|jmdict-common
シルク|jmdict-common
シルクロード|jmdict-common
シルク・ロード|jmdict-variant
シルバー|jmdict-common
シロクマ|jmdict-variant
シロップ|jmdict-common
シワ|jmdict-variant
シン|jmdict-common
シンカー|jmdict-common
シンガポール|jmdict-common
シンガー|jmdict-common
シンガーソングライター|jmdict-common
シンガー・ソングライター|jmdict-variant
シンク|jmdict-common
シンクタンク|jmdict-common
シンクロ|jmdict-common
シンクロナイズ|jmdict-common
シンク・タンク|jmdict-variant
シングル|jmdict-common
シングルス|jmdict-common
シングルズ|jmdict-variant
シンジケート|jmdict-common
シンセサイザ|jmdict-variant
シンセサイザー|jmdict-common
シンドローム|jmdict-common
シンナー|jmdict-common
シンパ|jmdict-common
シンフォニー|jmdict-common
シンプル|jmdict-common
シンホニー|jmdict-variant
シンボリスト|jmdict-common
シンボリック|jmdict-common
シンボル|jmdict-common
シンポ|jmdict-common
シンポジウム|jmdict-common
シーアは|jmdict-common
シーア派|jmdict-common
シーエム|jmdict-variant
シーク|jmdict-common
シークレット|jmdict-common
シークレットサービス|jmdict-common
シークレット・サービス|jmdict-variant
シーズニング|jmdict-common
シーズン|jmdict-common
シーズンオフ|jmdict-common
シーズン・オフ|jmdict-variant
シーソーゲーム|jmdict-common
シーソー・ゲーム|jmdict-variant
シーツ|jmdict-common
シーディープレイヤー|jmdict-variant
シーディープレーヤー|jmdict-common
シート|jmdict-common
シートベルト|jmdict-common
シート・ベルト|jmdict-variant
シード|jmdict-common
シーフード|jmdict-common
シームレス|jmdict-common
シーリング|jmdict-common
シーリーズ|jmdict-variant
シール|jmdict-common
シールド|jmdict-common
シーン|jmdict-common
シー・エム|jmdict-common
ジイさん|jmdict-variant
ジェイアール|jmdict-variant
ジェイ・アール|jmdict-variant
ジェスチャ|jmdict-variant
ジェスチャー|jmdict-common
ジェット|jmdict-common
ジェットき|jmdict-common
ジェットコースター|jmdict-common
ジェット・コースター|jmdict-variant
ジェット機|jmdict-common
ジェネレーション|jmdict-common
ジェノサイド|jmdict-common
ジェラシー|jmdict-common
ジェラチン|jmdict-variant
ジェラルミン|jmdict-variant
ジェリー|jmdict-variant
ジェロントクラシー|jmdict-common
ジェンダー|jmdict-common
ジェーアイエス|jmdict-variant
ジェーアール|jmdict-variant
ジェー・アール|jmdict-common
ジクソーパズル|jmdict-variant
ジクゾーパズル|jmdict-variant
ジグザグ|jmdict-common
ジグソーパスル|jmdict-variant
ジグソーパズル|jmdict-common
ジグソー・パズル|jmdict-variant
ジグゾーパズル|jmdict-variant
ジグゾー・パズル|jmdict-variant
ジス|jmdict-common
ジストロフィ|jmdict-variant
ジストロフィー|jmdict-common
ジハード|jmdict-common
ジパング|jmdict-common
ジブ|jmdict-common
ジプシー|jmdict-common
ジム|jmdict-common
ジメジメ|jmdict-variant
ジャイアント|jmdict-common
ジャイロスコープ|jmdict-common
ジャカルタ|jmdict-common
ジャガイモ|jmdict-variant
ジャガー|jmdict-common
ジャガ芋|jmdict-variant
ジャガ薯|jmdict-variant
ジャケット|jmdict-common
ジャケツ|jmdict-variant
ジャス|jmdict-common
ジャスト|jmdict-common
ジャスミン|jmdict-common
ジャズ|jmdict-common
ジャズメン|jmdict-common
ジャッキ|jmdict-common
ジャック|jmdict-common
ジャッジ|jmdict-common
ジャノメ|jmdict-variant
ジャパニーズ|jmdict-common
ジャパン|jmdict-common
ジャパンカップ|jmdict-common
ジャパン・カップ|jmdict-variant
ジャブ|jmdict-common
ジャブジャブ|jmdict-variant
ジャポニカ|jmdict-common
ジャマイカ|jmdict-common
ジャム|jmdict-common
ジャンキ|jmdict-variant
ジャンキー|jmdict-common
ジャンクション|jmdict-common
ジャングル|jmdict-common
ジャンケン|jmdict-common
ジャンバー|jmdict-variant
ジャンパ|jmdict-variant
ジャンパー|jmdict-common
ジャンプ|jmdict-common
ジャンボ|jmdict-common
ジャンル|jmdict-common
ジャン拳|jmdict-variant
ジャー|jmdict-common
ジャーク|jmdict-common
ジャージ|jmdict-variant
ジャージー|jmdict-common
ジャーナリスト|jmdict-common
ジャーナリズム|jmdict-common
ジャーナル|jmdict-common
ジュウタン|jmdict-variant
ジュウリー|jmdict-variant
ジュエリー|jmdict-common
ジュゴン|jmdict-common
ジュニア|jmdict-common
ジュネーブ|jmdict-common
ジュネーヴ|jmdict-variant
ジュビリー|jmdict-common
ジュラルミン|jmdict-common
ジュリー|jmdict-common
ジュークボックス|jmdict-common
ジュース|jmdict-common
ジュータン|jmdict-variant
ジューリー|jmdict-variant
ジュール|jmdict-common
ジューンブライド|jmdict-common
ジューン・ブライド|jmdict-variant
ジョイ|jmdict-common
ジョイント|jmdict-common
ジョギング|jmdict-common
ジョッキ|jmdict-common
ジョッギング|jmdict-variant
ジョーカー|jmdict-common
ジョーク|jmdict-common
ジラフ|jmdict-common
ジレンマ|jmdict-common
ジワジワ|jmdict-common
ジン|jmdict-common
ジンギスかん|jmdict-variant
ジンギスカン|jmdict-common
ジンギス汗|jmdict-variant
ジンクス|jmdict-common
ジンス|jmdict-variant
ジンバブエ|jmdict-common
ジーゼル|jmdict-variant
ジーパン|jmdict-common
ジープ|jmdict-common
ジーユーアイ|jmdict-variant
ジーン|jmdict-common
ジーンズ|jmdict-common
ジー・ユー・アイ|jmdict-common
スィッチ|jmdict-variant
スィート|jmdict-variant
スィーパー|jmdict-variant
スイカ|jmdict-common
スイギュウ|jmdict-variant
スイス|jmdict-common
スイセン|jmdict-variant
スイッチ|jmdict-common
スイフト|jmdict-variant
スイマー|jmdict-common
スイミングクラブ|jmdict-common
スイミング・クラブ|jmdict-variant
スイング|jmdict-common
スイート|jmdict-common
スイーパー|jmdict-common
スウィッチ|jmdict-variant
スウィフト|jmdict-common
スウィング|jmdict-variant
スウィート|jmdict-variant
スウィーパー|jmdict-variant
スウェーター|jmdict-variant
スウェーデン|jmdict-common
スウエーデン|jmdict-variant
スェーデン|jmdict-variant
スエーター|jmdict-variant
スエーデン|jmdict-variant
スカイ|jmdict-common
スカイライン|jmdict-common
スカウト|jmdict-common
スカッシュ|jmdict-common
スカラシップ|jmdict-common
スカラーシップ|jmdict-variant
スカル|jmdict-common
スカンク|jmdict-common
スカート|jmdict-common
スカーフ|jmdict-common
スカール|jmdict-variant
スカーレット|jmdict-common
スキッパー|jmdict-common
スキャナ|jmdict-variant
スキャナー|jmdict-common
スキャン|jmdict-common
スキャンダラス|jmdict-common
スキャンダル|jmdict-common
スキヤキ|jmdict-variant
スキューバ|jmdict-common
スキューバー|jmdict-variant
スキン|jmdict-common
スキンケア|jmdict-common
スキンシップ|jmdict-common
スキン・ケア|jmdict-variant
スキー|jmdict-common
スキーヤー|jmdict-common
スギ|jmdict-variant
スクイズ|jmdict-common
スクゥエア|jmdict-variant
スクウェア|jmdict-variant
スクェア|jmdict-variant
スクェアー|jmdict-variant
スクエア|jmdict-common
スクエアー|jmdict-variant
スクラップ|jmdict-common
スクラム|jmdict-common
スクランブル|jmdict-common
スクリプター|jmdict-common
スクリュー|jmdict-common
スクリユー|jmdict-variant
スクリーン|jmdict-common
スクーター|jmdict-common
スクーバ|jmdict-variant
スクーバー|jmdict-variant
スクープ|jmdict-common
スクール|jmdict-common
スケジュール|jmdict-common
スケッチ|jmdict-common
スケッチブック|jmdict-common
スケーター|jmdict-common
スケーティング|jmdict-common
スケート|jmdict-common
スケートリンク|jmdict-common
スケート・リンク|jmdict-variant
スケープゴート|jmdict-common
スケール|jmdict-common
スゲ|jmdict-common
スゲイ|jmdict-variant
スゲェ|jmdict-variant
スゲエ|jmdict-variant
スゲー|jmdict-variant
スコア|jmdict-common
スコアボード|jmdict-common
スコッチ|jmdict-common
スコップ|jmdict-common
スコンク|jmdict-variant
スコーカー|jmdict-common
スコープ|jmdict-common
スコール|jmdict-common
スゴい|jmdict-variant
スゴイ|jmdict-common
スジ|jmdict-variant
スズ|jmdict-variant
スズメ|jmdict-variant
スタア|jmdict-variant
スタイミー|jmdict-common
スタイリスト|jmdict-common
スタイリング|jmdict-common
スタイル|jmdict-common
スタジアム|jmdict-common
スタジオ|jmdict-common
スタッフ|jmdict-common
スタディアム|jmdict-variant
スタディオ|jmdict-variant
スタブ|jmdict-common
スタミナ|jmdict-common
スタメン|jmdict-common
スタン|jmdict-common
スタンガン|jmdict-common
スタンス|jmdict-common
スタンダード|jmdict-common
スタンド|jmdict-common
スタンフォード|jmdict-common
スタンプ|jmdict-common
スタン・ガン|jmdict-variant
スター|jmdict-common
スターズアンドストライプス|jmdict-common
スターズ・アンド・ストライプス|jmdict-variant
スタータ|jmdict-variant
スターター|jmdict-common
スタート|jmdict-common
スタートライン|jmdict-common
スタート・ライン|jmdict-variant
スターリングエンジン|jmdict-common
スターリング・エンジン|jmdict-variant
スチュワーデス|jmdict-common
スチーム|jmdict-common
スチール|jmdict-common
スッと|jmdict-variant
スッキリ|jmdict-variant
スッゲェ|jmdict-variant
スッゲエ|jmdict-variant
スッゲー|jmdict-variant
スッゴい|jmdict-variant
スッゴイ|jmdict-variant
スティック|jmdict-common
スティンガー|jmdict-common
スティール|jmdict-variant
ステイション|jmdict-variant
ステイタス|jmdict-common
ステイト|jmdict-variant
ステイトメント|jmdict-variant
ステインドグラス|jmdict-variant
ステインド・グラス|jmdict-variant
ステキ|jmdict-variant
ステッカ|jmdict-variant
ステッカー|jmdict-common
ステッキ|jmdict-common
ステップ|jmdict-common
ステルス|jmdict-common
ステレオ|jmdict-common
ステレオタイプ|jmdict-common
ステロイド|jmdict-common
ステロタイプ|jmdict-variant
ステンドグラス|jmdict-common
ステンド・グラス|jmdict-variant
ステンレス|jmdict-common
ステーキ|jmdict-common
ステーション|jmdict-common
ステージ|jmdict-common
ステータス|jmdict-common
ステート|jmdict-common
ステートアマ|jmdict-common
ステートメント|jmdict-common
スト|jmdict-common
ストア|jmdict-common
ストアー|jmdict-variant
ストイチズム|jmdict-common
ストイック|jmdict-common
ストッキング|jmdict-common
ストック|jmdict-common
ストックホルム|jmdict-common
ストッパー|jmdict-common
ストップ|jmdict-common
ストップウォッチ|jmdict-common
ストップウオッチ|jmdict-variant
ストライカー|jmdict-common
ストライキ|jmdict-common
ストライク|jmdict-common
ストライプ|jmdict-common
ストリッパー|jmdict-common
ストリップ|jmdict-common
ストリー|jmdict-variant
ストリーカー|jmdict-common
ストリート|jmdict-common
ストレス|jmdict-common
ストレッチ|jmdict-common
ストレート|jmdict-common
ストロベリ|jmdict-variant
ストロベリー|jmdict-common
ストロボ|jmdict-common
ストロンチウム|jmdict-common
ストロー|jmdict-common
ストローク|jmdict-common
ストローベリー|jmdict-variant
ストーカー|jmdict-common
ストーブ|jmdict-common
ストーム|jmdict-common
ストーリ|jmdict-variant
ストーリー|jmdict-common
ストール|jmdict-common
ストーンウォッシュ|jmdict-common
ストーンウオッシュ|jmdict-variant
ストーン・ウォッシュ|jmdict-variant
ストーン・ウオッシュ|jmdict-variant
ストーヴ|jmdict-variant
スナック|jmdict-common
スナッチ|jmdict-common
スナップ|jmdict-common
スニーカー|jmdict-common
スネイク|jmdict-variant
スネーク|jmdict-common
スノウ|jmdict-variant
スノー|jmdict-common
スノーボート|jmdict-common
スノーボード|jmdict-common
スノー・ボート|jmdict-variant
スパイ|jmdict-common
スパイク|jmdict-common
スパイス|jmdict-common
スパイラル|jmdict-common
スパゲッティ|jmdict-common
スパゲッティー|jmdict-variant
スパゲティ|jmdict-common
スパゲティー|jmdict-variant
スパッツ|jmdict-common
スパム|jmdict-common
スパン|jmdict-common
スパーク|jmdict-common
スパート|jmdict-common
スパーリング|jmdict-common
スピア|jmdict-common
スピリット|jmdict-common
スピルリナ|jmdict-common
スピン|jmdict-common
スピーカ|jmdict-variant
スピーカー|jmdict-common
スピーチ|jmdict-common
スピーディ|jmdict-variant
スピーディー|jmdict-common
スピード|jmdict-common
スピードアップ|jmdict-common
スピードウェイ|jmdict-common
スピードウェー|jmdict-variant
スピードウエイ|jmdict-variant
スピードウエー|jmdict-common
スピード・アップ|jmdict-variant
スフィンクス|jmdict-common
スプリット|jmdict-common
スプリンクラー|jmdict-common
スプリング|jmdict-common
スプリンター|jmdict-common
スプリント|jmdict-common
スプレー|jmdict-common
スプン|jmdict-variant
スプーン|jmdict-common
スベる|jmdict-variant
スペア|jmdict-common
スペイン|jmdict-common
スペインご|jmdict-common
スペイン語|jmdict-common
スペクタクル|jmdict-common
スペクトル|jmdict-common
スペシャリスト|jmdict-common
スペシャル|jmdict-common
スペル|jmdict-common
スペンサージャケット|jmdict-common
スペンサー・ジャケット|jmdict-variant
スペーシング|jmdict-common
スペース|jmdict-common
スペースシャトル|jmdict-common
スペース・シャトル|jmdict-variant
スポット|jmdict-common
スポットライト|jmdict-common
スポンサ|jmdict-variant
スポンサー|jmdict-common
スポンジ|jmdict-common
スポンジケーキ|jmdict-common
スポンジ・ケーキ|jmdict-variant
スポーク|jmdict-common
スポークスマン|jmdict-common
スポーツ|jmdict-common
スポーツしんぶん|jmdict-common
スポーツカー|jmdict-common
スポーツマン|jmdict-common
スポーツ・カー|jmdict-variant
スポーツ新聞|jmdict-common
スポーティ|jmdict-common
スポーティー|jmdict-common
スマイル|jmdict-common
スマッシュ|jmdict-common
スマフォ|jmdict-variant
スマホ|jmdict-common
スマート|jmdict-common
スミマセン|jmdict-variant
スムース|jmdict-variant
スムーズ|jmdict-common
スモカー|jmdict-variant
スモッグ|jmdict-common
スモーカー|jmdict-common
スライス|jmdict-common
スライダ|jmdict-variant
スライダー|jmdict-common
スライディング|jmdict-common
スライド|jmdict-common
スラスラ|jmdict-common
スラック|jmdict-common
スラックス|jmdict-common
スラローム|jmdict-common
スランプ|jmdict-common
スリ|jmdict-variant
スリット|jmdict-common
スリッパ|jmdict-common
スリッパー|jmdict-variant
スリップ|jmdict-common
スリム|jmdict-common
スリラー|jmdict-common
スリリング|jmdict-common
スリル|jmdict-common
スリーサイズ|jmdict-common
スリー・サイズ|jmdict-variant
スルー|jmdict-common
スレイブ|jmdict-common
スレイヴ|jmdict-variant
スレスレ|jmdict-variant
スレンダー|jmdict-common
スレート|jmdict-common
スレーブ|jmdict-variant
スレーヴ|jmdict-variant
スロット|jmdict-common
スロバキア|jmdict-common
スロベニア|jmdict-common
スロヴァキア|jmdict-variant
スロヴェニア|jmdict-variant
スロー|jmdict-common
スローガン|jmdict-common
スロープ|jmdict-common
スワップ|jmdict-common
スワヒリご|jmdict-common
スワヒリ語|jmdict-common
スワン|jmdict-common
スンゲェ|jmdict-variant
スンゲー|jmdict-variant
スンゴい|jmdict-variant
スンゴイ|jmdict-variant
スーッと|jmdict-variant
スーツ|jmdict-common
スーツケース|jmdict-common
スーパ|jmdict-variant
スーパバイザ|jmdict-variant
スーパー|jmdict-common
スーパースター|jmdict-common
スーパーチェーン|jmdict-common
スーパーバイザ|jmdict-variant
スーパーバイザー|jmdict-common
スーパーボウル|jmdict-common
スーパーマン|jmdict-common
スーパーマーケット|jmdict-common
スーパー・チェーン|jmdict-variant
スーパー・ボウル|jmdict-variant
スープ|jmdict-common
ズキズキ|jmdict-variant
ズバリ|jmdict-common
ズボン|jmdict-common
ズラリ|jmdict-variant
ズルい|jmdict-variant
ズルイ|jmdict-variant
ズルズル|jmdict-variant
ズレる|jmdict-variant
ズーム|jmdict-common
ズームレンズ|jmdict-common
ズーム・レンズ|jmdict-variant
セし|jmdict-common
セオリ|jmdict-variant
セオリー|jmdict-common
セカンド|jmdict-common
セキ|jmdict-variant
セキュリティ|jmdict-common
セキュリティー|jmdict-common
セクシィ|jmdict-variant
セクシィー|jmdict-variant
セクション|jmdict-common
セクシー|jmdict-common
セクスィ|jmdict-variant
セクスィー|jmdict-variant
セクタ|jmdict-variant
セクター|jmdict-common
セクハラ|jmdict-common
セシウム|jmdict-common
セション|jmdict-variant
セゾン|jmdict-common
セダン|jmdict-common
セックス|jmdict-common
セッション|jmdict-common
セッティング|jmdict-common
セット|jmdict-common
セトモノ|jmdict-variant
セパード|jmdict-variant
セビロ|jmdict-variant
セピア|jmdict-common
セブン|jmdict-common
セミ|jmdict-variant
セミコロン|jmdict-common
セミナ|jmdict-variant
セミナー|jmdict-common
セミナール|jmdict-variant
セメント|jmdict-common
セラピー|jmdict-common
セラミック|jmdict-common
セラー|jmdict-common
セリー|jmdict-variant
セル|jmdict-common
セルビア|jmdict-common
セルフ|jmdict-common
セルフサービス|jmdict-common
セルフ・サービス|jmdict-variant
セルリー|jmdict-variant
セルロイド|jmdict-common
セレクション|jmdict-common
セレクト|jmdict-common
セレナーデ|jmdict-common
セレナード|jmdict-common
セレモニー|jmdict-common
セロ|jmdict-variant
セロテープ|jmdict-common
セロハンテープ|jmdict-common
セロハン・テープ|jmdict-variant
セロリ|jmdict-common
センキュ|jmdict-variant
センキュー|jmdict-variant
センサ|jmdict-variant
センサー|jmdict-common
センス|jmdict-common
センセーショナル|jmdict-common
センセーション|jmdict-common
センタ|jmdict-variant
センタリング|jmdict-common
センター|jmdict-common
センターリング|jmdict-variant
センチ|jmdict-common
センチメンタル|jmdict-common
センチメーター|jmdict-variant
センチメートル|jmdict-common
センティメンタル|jmdict-variant
セント|jmdict-common
センバツ|jmdict-variant
セーター|jmdict-common
セーフ|jmdict-common
セーフティードライブ|jmdict-common
セーフティー・ドライブ|jmdict-variant
セーブ|jmdict-common
セーラーふく|jmdict-common
セーラー服|jmdict-common
セール|jmdict-common
セールス|jmdict-common
セールスマン|jmdict-common
セ氏|jmdict-common
ゼスチャー|jmdict-variant
ゼネコン|jmdict-common
ゼネスト|jmdict-common
ゼネラルマネジャー|jmdict-variant
ゼネラルマネージャー|jmdict-common
ゼネラル・マネジャー|jmdict-variant
ゼネラル・マネージャー|jmdict-variant
ゼネレーション|jmdict-variant
ゼミ|jmdict-common
ゼミナール|jmdict-common
ゼラチン|jmdict-common
ゼリー|jmdict-common
ゼロ|jmdict-common
ゼロックス|jmdict-common
ソれん|jmdict-common
ソウ類|jmdict-variant
ソサイエティ|jmdict-variant
ソサイエティー|jmdict-variant
ソサエティ|jmdict-common
ソサエティー|jmdict-variant
ソシアルワーカー|jmdict-variant
ソシアル・ワーカー|jmdict-variant
ソジウム|jmdict-variant
ソックス|jmdict-common
ソッコー|jmdict-variant
ソナタ|jmdict-common
ソバ|jmdict-variant
ソビエト|jmdict-common
ソファ|jmdict-common
ソファー|jmdict-common
ソフト|jmdict-common
ソフトウェア|jmdict-common
ソフトウエア|jmdict-common
ソフトドリンク|jmdict-common
ソフトボール|jmdict-common
ソフト・ドリンク|jmdict-variant
ソプラノ|jmdict-common
ソユーズ|jmdict-common
ソリスト|jmdict-common
ソロ|jmdict-common
ソロソロ|jmdict-variant
ソロバン|jmdict-variant
ソワソワ|jmdict-variant
ソング|jmdict-common
ソヴィエト|jmdict-variant
ソーイングセット|jmdict-common
ソーイング・セット|jmdict-variant
ソーシャルワーカー|jmdict-common
ソーシャル・ワーカー|jmdict-variant
ソース|jmdict-common
ソーセージ|jmdict-common
ソープ|jmdict-common
ソープランド|jmdict-common
ソーラー|jmdict-common
ソ連|jmdict-common
ゾウ|jmdict-variant
ゾクゾク|jmdict-variant
ゾロゾロ|jmdict-variant
ゾーン|jmdict-common
タイ|jmdict-common
タイア|jmdict-variant
タイアップ|jmdict-common
タイゲーム|jmdict-common
タイツ|jmdict-common
タイト|jmdict-common
タイトル|jmdict-common
タイピスト|jmdict-common
タイプ|jmdict-common
タイプライタ|jmdict-variant
タイプライター|jmdict-common
タイマ|jmdict-variant
タイマー|jmdict-common
タイミング|jmdict-common
タイム|jmdict-common
タイムスタンプ|jmdict-common
タイムズ|jmdict-common
タイムセール|jmdict-common
タイムマシン|jmdict-common
タイムマシーン|jmdict-variant
タイムリ|jmdict-variant
タイムリー|jmdict-common
タイム・スタンプ|jmdict-variant
タイム・セール|jmdict-variant
タイム・マシン|jmdict-variant
タイム・マシーン|jmdict-variant
タイヤ|jmdict-common
タイル|jmdict-common
タイ・ゲーム|jmdict-variant
タウン|jmdict-common
タオル|jmdict-common
タカ|jmdict-variant
タキシ|jmdict-variant
タキシイ|jmdict-variant
タキシー|jmdict-variant
タキシード|jmdict-common
タクシ|jmdict-variant
タクシィ|jmdict-variant
タクシイ|jmdict-variant
タクシー|jmdict-common
タグ|jmdict-common
タグボート|jmdict-common
タケ|jmdict-variant
タケノコ|jmdict-variant
タコ|jmdict-variant
タコヤキ|jmdict-variant
タコ焼|jmdict-variant
タコ焼き|jmdict-variant
タスク|jmdict-common
タタキ|jmdict-common
タダ|jmdict-variant
タチバナ|jmdict-variant
タック|jmdict-common
タッグ|jmdict-variant
タッチ|jmdict-common
タップ|jmdict-common
タテ|jmdict-variant
タトゥー|jmdict-common
タヌキ|jmdict-common
タネ|jmdict-variant
タバコ|jmdict-common
タフ|jmdict-common
タブ|jmdict-common
タブロイド|jmdict-common
タブー|jmdict-common
タマネギ|jmdict-common
タラタラ|jmdict-variant
タルク|jmdict-common
タレ|jmdict-variant
タレント|jmdict-common
タワー|jmdict-common
タン|jmdict-common
タンカ|jmdict-variant
タンカー|jmdict-common
タンク|jmdict-common
タンクローリ|jmdict-variant
タンクローリー|jmdict-common
タンク・ローリ|jmdict-variant
タンク・ローリー|jmdict-variant
タンサン|jmdict-variant
タンザニア|jmdict-common
タンス|jmdict-variant
タンデム|jmdict-common
タンパク質|jmdict-common
タンポポ|jmdict-common
ターゲット|jmdict-common
タービン|jmdict-common
ターボ|jmdict-common
ターミナル|jmdict-common
タール|jmdict-common
ターン|jmdict-common
ダイア|jmdict-variant
ダイアグラム|jmdict-common
ダイアモンド|jmdict-variant
ダイアル|jmdict-variant
ダイエット|jmdict-common
ダイオード|jmdict-common
ダイコン|jmdict-variant
ダイジェスト|jmdict-common
ダイズ|jmdict-variant
ダイナマイト|jmdict-common
ダイナミクス|jmdict-common
ダイナミズム|jmdict-common
ダイナミック|jmdict-common
ダイナミックス|jmdict-variant
ダイナースクラブ|jmdict-common
ダイナース・クラブ|jmdict-variant
ダイニング|jmdict-common
ダイビング|jmdict-common
ダイヤ|jmdict-common
ダイヤグラム|jmdict-variant
ダイヤモンド|jmdict-common
ダイヤル|jmdict-common
ダイレクト|jmdict-common
ダイヴィング|jmdict-variant
ダウン|jmdict-common
ダウンサイジング|jmdict-common
ダウンタウン|jmdict-common
ダウンロード|jmdict-common
ダカ|jmdict-common
ダクト|jmdict-common
ダシ|jmdict-variant
ダッシュ|jmdict-common
ダッブル|jmdict-variant
ダビング|jmdict-common
ダブダブ|jmdict-variant
ダブル|jmdict-common
ダミー|jmdict-common
ダム|jmdict-common
ダメ|jmdict-variant
ダメージ|jmdict-common
ダライラマ|jmdict-common
ダライ・ラマ|jmdict-variant
ダラス|jmdict-common
ダラダラ|jmdict-common
ダルい|jmdict-variant
ダルマ|jmdict-variant
ダレ|jmdict-variant
ダンク|jmdict-common
ダンサ|jmdict-variant
ダンサー|jmdict-common
ダンシング|jmdict-common
ダンス|jmdict-common
ダンスホール|jmdict-common
ダンス・ホール|jmdict-variant
ダントツ|jmdict-common
ダンナ|jmdict-variant
ダンピング|jmdict-common
ダンプ|jmdict-common
ダンプカー|jmdict-common
ダンプ・カー|jmdict-variant
ダンボール|jmdict-common
ダーク|jmdict-common
ダース|jmdict-common
ダーリン|jmdict-common
チア|jmdict-common
チアガール|jmdict-common
チア・ガール|jmdict-variant
チアー|jmdict-variant
チェ|jmdict-variant
チェア|jmdict-common
チェアマン|jmdict-common
チェアー|jmdict-variant
チェイン|jmdict-common
チェコ|jmdict-common
チェコスロバキア|jmdict-common
チェコスロヴァキア|jmdict-variant
チェス|jmdict-common
チェチェン|jmdict-common
チェッ|jmdict-common
チェッカ|jmdict-variant
チェッカー|jmdict-common
チェック|jmdict-common
チェックアウト|jmdict-common
チェックイン|jmdict-common
チェリー|jmdict-common
チェルノブイリ|jmdict-common
チェロ|jmdict-common
チェンジ|jmdict-common
チェンジャー|jmdict-common
チェンバロ|jmdict-common
チェーン|jmdict-common
チキン|jmdict-common
チクショー|jmdict-variant
チクリ|jmdict-variant
チケット|jmdict-common
チタン|jmdict-common
チッ|jmdict-variant
チッキン|jmdict-variant
チッス|jmdict-variant
チップ|jmdict-common
チドリ|jmdict-variant
チビ|jmdict-variant
チフス|jmdict-common
チブス|jmdict-variant
チプス|jmdict-variant
チベット|jmdict-common
チャイナ|jmdict-common
チャイニーズ|jmdict-common
チャイム|jmdict-common
チャイルド|jmdict-common
チャオズ|jmdict-variant
チャック|jmdict-common
チャット|jmdict-common
チャネリング|jmdict-common
チャネル|jmdict-common
チャプタ|jmdict-variant
チャプター|jmdict-common
チャペル|jmdict-common
チャリティ|jmdict-variant
チャリティー|jmdict-common
チャリテイ|jmdict-variant
チャレンジ|jmdict-common
チャンス|jmdict-common
チャンネル|jmdict-common
チャンピォン|jmdict-variant
チャンピオン|jmdict-common
チャンピョン|jmdict-variant
チャンピヨン|jmdict-variant
チャージ|jmdict-common
チャーター|jmdict-common
チャーチ|jmdict-common
チャート|jmdict-common
チャーハン|jmdict-common
チャーミング|jmdict-common
チャールストン|jmdict-common
チュウハイ|jmdict-variant
チュウリップ|jmdict-variant
チュニジア|jmdict-common
チュータ|jmdict-variant
チューター|jmdict-common
チューナ|jmdict-variant
チューナー|jmdict-common
チューハイ|jmdict-common
チューブ|jmdict-common
チューリップ|jmdict-common
チョウ|jmdict-variant
チョウチョ|jmdict-variant
チョウチョウ|jmdict-variant
チョキ|jmdict-common
チョコ|jmdict-common
チョコレート|jmdict-common
チョッと|jmdict-variant
チョッキ|jmdict-common
チョット|jmdict-variant
チョー|jmdict-variant
チョーキング|jmdict-common
チョーク|jmdict-common
チラっと|jmdict-variant
チラと|jmdict-variant
チラシ|jmdict-common
チラチラ|jmdict-variant
チラッと|jmdict-variant
チラッチラッ|jmdict-variant
チラリ|jmdict-common
チリ|jmdict-common
チリトリ|jmdict-variant
チリ取り|jmdict-variant
チリ紙|jmdict-variant
チルダ|jmdict-common
チンチン|jmdict-variant
チンピラ|jmdict-common
チンプンカンプン|jmdict-variant
チーズ|jmdict-common
チーズケーキ|jmdict-common
チーズ・ケーキ|jmdict-variant
チーフ|jmdict-common
チーム|jmdict-common
チームワーク|jmdict-common
ツぐ|jmdict-variant
ツアー|jmdict-common
ツイてる|jmdict-variant
ツイン|jmdict-common
ツキ|jmdict-variant
ツギハギ|jmdict-variant
ツケ|jmdict-variant
ツケる|jmdict-variant
ツッコむ|jmdict-variant
ツッパリ|jmdict-variant
ツツく|jmdict-variant
ツツジ|jmdict-common
ツナ|jmdict-common
ツノ|jmdict-variant
ツバキ|jmdict-variant
ツバメ|jmdict-common
ツボ|jmdict-variant
ツヤ|jmdict-variant
ツヤツヤ|jmdict-variant
ツラ|jmdict-variant
ツラい|jmdict-variant
ツライ|jmdict-variant
ツリー|jmdict-common
ツル|jmdict-variant
ツルツル|jmdict-variant
ツルー|jmdict-variant
ツレ|jmdict-variant
ツーピース|jmdict-common
ツーリスト|jmdict-common
ツーリング|jmdict-common
ツール|jmdict-common
ツー・ピース|jmdict-variant
ティ|jmdict-variant
ティケット|jmdict-variant
ティシュ|jmdict-variant
ティシュペーパー|jmdict-variant
ティシュー|jmdict-variant
ティッシュ|jmdict-common
ティッシュペーパー|jmdict-common
ティッシュ・ペーパー|jmdict-variant
ティッシュー|jmdict-variant
ティラニー|jmdict-common
ティルデ|jmdict-variant
ティンパニ|jmdict-common
ティンパニー|jmdict-variant
ティー|jmdict-common
ティーシャツ|jmdict-common
ティーバック|jmdict-common
ティーム|jmdict-variant
テイクアウト|jmdict-common
テイスト|jmdict-common
テイラー|jmdict-variant
テキ|jmdict-common
テキサス|jmdict-common
テキスチャ|jmdict-variant
テキスチャー|jmdict-variant
テキスチュア|jmdict-variant
テキスト|jmdict-common
テキトー|jmdict-variant
テク|jmdict-common
テクサス|jmdict-variant
テクスチャ|jmdict-common
テクスチャー|jmdict-variant
テクスチュア|jmdict-variant
テクスチュアー|jmdict-variant
テクスト|jmdict-variant
テクニカル|jmdict-common
テクニシャン|jmdict-common
テクニック|jmdict-common
テクノクラート|jmdict-common
テクノロジ|jmdict-variant
テクノロジー|jmdict-common
テケツ|jmdict-variant
テスター|jmdict-common
テスト|jmdict-common
テストケース|jmdict-common
テスト・ケース|jmdict-variant
テックス|jmdict-common
テッシュ|jmdict-variant
テッシュー|jmdict-variant
テッパン|jmdict-variant
テトラクロロエチレン|jmdict-common
テナント|jmdict-common
テナー|jmdict-common
テニス|jmdict-common
テニスコート|jmdict-common
テニス・コート|jmdict-variant
テネシー|jmdict-common
テノール|jmdict-common
テヘラン|jmdict-common
テマ|jmdict-variant
テュニジア|jmdict-variant
テュータ|jmdict-variant
テューター|jmdict-variant
テラス|jmdict-common
テリトリー|jmdict-common
テリーヌ|jmdict-common
テルアビブ|jmdict-common
テルアヴィヴ|jmdict-variant
テル・アビブ|jmdict-variant
テル・アヴィヴ|jmdict-variant
テレカンファレンス|jmdict-common
テレクラ|jmdict-common
テレグラフ|jmdict-common
テレコム|jmdict-common
テレコンファレンス|jmdict-variant
テレスキャン|jmdict-common
テレックス|jmdict-common
テレビ|jmdict-common
テレビきょく|jmdict-common
テレビばんぐみ|jmdict-common
テレビゲーム|jmdict-common
テレビジョン|jmdict-common
テレビ・ゲーム|jmdict-variant
テレビ局|jmdict-common
テレビ番組|jmdict-common
テレフォン|jmdict-variant
テレホン|jmdict-common
テレメーター|jmdict-common
テレヴィジョン|jmdict-variant
テロ|jmdict-common
テロップ|jmdict-common
テロリスト|jmdict-common
テロリズム|jmdict-common
テン|jmdict-common
テンション|jmdict-common
テント|jmdict-common
テンプラ|jmdict-variant
テンペラ|jmdict-common
テンポ|jmdict-common
テンポラリ|jmdict-variant
テンポラリー|jmdict-common
テークアウト|jmdict-variant
テースト|jmdict-variant
テーゼ|jmdict-common
テーピング|jmdict-common
テーブル|jmdict-common
テープ|jmdict-common
テーマ|jmdict-common
テーマソング|jmdict-common
テーマパーク|jmdict-common
テーマ・ソング|jmdict-variant
テーマ・パーク|jmdict-variant
テーラー|jmdict-common
ディ|jmdict-variant
ディクショナリ|jmdict-common
ディクショナリー|jmdict-variant
ディコーダー|jmdict-variant
ディジタル|jmdict-variant
ディスカウント|jmdict-common
ディスカッション|jmdict-common
ディスカバー|jmdict-common
ディスク|jmdict-common
ディスクジョッキー|jmdict-common
ディスクロージャー|jmdict-common
ディスク・ジョッキー|jmdict-variant
ディスコ|jmdict-common
ディストーション|jmdict-common
ディスプレイ|jmdict-common
ディスプレー|jmdict-common
ディティール|jmdict-variant
ディテイル|jmdict-variant
ディテール|jmdict-common
ディナー|jmdict-common
ディバイス|jmdict-variant
ディフェンス|jmdict-common
ディフォルメ|jmdict-variant
ディベロッパー|jmdict-variant
ディベート|jmdict-common
ディマンド|jmdict-variant
ディミヌエンド|jmdict-common
ディラー|jmdict-variant
ディレクタ|jmdict-variant
ディレクター|jmdict-common
ディレクトリ|jmdict-common
ディレクトリィ|jmdict-variant
ディレクトリー|jmdict-variant
ディレンマ|jmdict-variant
ディンギー|jmdict-common
ディーゼル|jmdict-common
ディーテイル|jmdict-variant
ディーテール|jmdict-variant
ディーブイディープレーヤー|jmdict-common
ディープ|jmdict-common
ディーモン|jmdict-variant
ディーラ|jmdict-variant
ディーラー|jmdict-common
デイ|jmdict-common
デイゲーム|jmdict-variant
デイト|jmdict-variant
デイラー|jmdict-variant
デイリー|jmdict-common
デイ・ゲーム|jmdict-variant
デイーラー|jmdict-variant
デカい|jmdict-variant
デカイ|jmdict-variant
デカルコマニー|jmdict-common
デコレーション|jmdict-common
デコーダ|jmdict-common
デコーダー|jmdict-common
デザイナー|jmdict-common
デザイン|jmdict-common
デザート|jmdict-common
デシ|jmdict-common
デシベル|jmdict-common
デジタル|jmdict-common
デスク|jmdict-common
デタラメ|jmdict-variant
デタント|jmdict-common
デッカい|jmdict-variant
デッキ|jmdict-common
デッサン|jmdict-common
デット|jmdict-variant
デットヒート|jmdict-variant
デッド|jmdict-common
デッドヒート|jmdict-common
デッド・ヒート|jmdict-variant
デティール|jmdict-variant
デテール|jmdict-variant
デニム|jmdict-common
デニール|jmdict-common
デノミ|jmdict-common
デバイス|jmdict-common
デパちか|jmdict-common
デパチカ|jmdict-variant
デパート|jmdict-common
デパ地下|jmdict-common
デビスカップ|jmdict-common
デビス・カップ|jmdict-variant
デビュウ|jmdict-variant
デビュー|jmdict-common
デフェンス|jmdict-variant
デフォルメ|jmdict-common
デフレ|jmdict-common
デブ|jmdict-common
デベロッパ|jmdict-variant
デベロッパー|jmdict-common
デボンき|jmdict-common
デボン紀|jmdict-common
デポジット|jmdict-common
デマ|jmdict-common
デマンド|jmdict-common
デミ|jmdict-common
デムパ|jmdict-variant
デメリット|jmdict-common
デモ|jmdict-common
デモたい|jmdict-common
デモクラシィ|jmdict-variant
デモクラシイ|jmdict-variant
デモクラシー|jmdict-common
デモクラット|jmdict-common
デモン|jmdict-variant
デモンストレーション|jmdict-common
デモ隊|jmdict-common
デュエット|jmdict-common
デュオ|jmdict-common
デューティーフリー|jmdict-common
デラックス|jmdict-common
デリカ|jmdict-common
デリケイト|jmdict-variant
デリケート|jmdict-common
デリート|jmdict-common
デルタ|jmdict-common
デレゲーション|jmdict-common
デンバー|jmdict-common
デンパ|jmdict-variant
デンヴァー|jmdict-variant
デー|jmdict-common
デーゲーム|jmdict-common
データ|jmdict-common
データつうしん|jmdict-common
データバンク|jmdict-common
データベース|jmdict-common
データ・バンク|jmdict-variant
データー|jmdict-variant
データーベース|jmdict-variant
データ通信|jmdict-common
デート|jmdict-common
デーモン|jmdict-common
デーリー|jmdict-variant
デー・ゲーム|jmdict-variant
トちょうちょう|jmdict-common
トイレ|jmdict-common
トイレット|jmdict-common
トイレットペーパー|jmdict-common
トイレット・ペーパー|jmdict-variant
トゥルー|jmdict-common
トウガラシ|jmdict-variant
トウモロコシ|jmdict-variant
トクトク|jmdict-variant
トゲ|jmdict-variant
トス|jmdict-common
トタン|jmdict-common
トッパー|jmdict-common
トップ|jmdict-common
トップクラス|jmdict-common
トップスター|jmdict-common
トップニュース|jmdict-common
トップバッター|jmdict-common
トップレス|jmdict-common
トップ・クラス|jmdict-variant
トップ・スター|jmdict-variant
トップ・ニュース|jmdict-variant
トップ・バッター|jmdict-variant
トトカルチョ|jmdict-common
トナカイ|jmdict-common
トピック|jmdict-common
トマト|jmdict-common
トマホーク|jmdict-common
トミーガン|jmdict-common
トミー・ガン|jmdict-variant
トモダチ|jmdict-variant
トラ|jmdict-common
トライ|jmdict-common
トライアスロン|jmdict-common
トライアル|jmdict-common
トライアングル|jmdict-common
トラウマ|jmdict-common
トラクタ|jmdict-variant
トラクター|jmdict-common
トラスト|jmdict-common
トラック|jmdict-common
トラッド|jmdict-common
トラッフィック|jmdict-variant
トラップ|jmdict-common
トラバーユ|jmdict-common
トラヒック|jmdict-variant
トラフ|jmdict-common
トラフィック|jmdict-common
トラブル|jmdict-common
トラベラーズチェック|jmdict-common
トラベラーズ・チェック|jmdict-variant
トラベラーチェック|jmdict-variant
トラベラー・チェック|jmdict-variant
トラベル|jmdict-common
トラムプ|jmdict-variant
トランキライザー|jmdict-common
トランク|jmdict-common
トランクス|jmdict-common
トランシット|jmdict-variant
トランシーバ|jmdict-variant
トランシーバー|jmdict-common
トランジスタ|jmdict-common
トランジスター|jmdict-variant
トランジット|jmdict-common
トランス|jmdict-common
トランスポンダ|jmdict-variant
トランスポンダー|jmdict-common
トランプ|jmdict-common
トランペット|jmdict-common
トラヴェル|jmdict-variant
トリ|jmdict-variant
トリウム|jmdict-common
トリオ|jmdict-common
トリガ|jmdict-variant
トリガー|jmdict-common
トリクロロエチレン|jmdict-common
トリック|jmdict-common
トリップ|jmdict-common
トリニトロトルエン|jmdict-common
トリビューン|jmdict-common
トリプル|jmdict-common
トリュフ|jmdict-common
トリートメント|jmdict-common
トルエン|jmdict-common
トルク|jmdict-common
トルコ|jmdict-common
トルー|jmdict-variant
トルーパー|jmdict-common
トレイ|jmdict-variant
トレイナー|jmdict-variant
トレイラ|jmdict-variant
トレイラー|jmdict-variant
トレジャー|jmdict-common
トレッカー|jmdict-common
トレンチコート|jmdict-common
トレンチ・コート|jmdict-variant
トレンディ|jmdict-variant
トレンディー|jmdict-common
トレンド|jmdict-common
トレー|jmdict-common
トレース|jmdict-common
トレード|jmdict-common
トレードマーク|jmdict-common
トレーナー|jmdict-common
トレーニング|jmdict-common
トレーラ|jmdict-variant
トレーラー|jmdict-common
トロ|jmdict-variant
トロイ|jmdict-common
トロフィー|jmdict-common
トロント|jmdict-common
トロンボーン|jmdict-common
トロール|jmdict-common
トワイライト|jmdict-common
トン|jmdict-common
トンカツ|jmdict-variant
トントン|jmdict-variant
トンネル|jmdict-common
トンボ|jmdict-variant
トーキ|jmdict-variant
トーキー|jmdict-common
トーク|jmdict-common
トークショウ|jmdict-variant
トークショー|jmdict-common
トーク・ショー|jmdict-variant
トースター|jmdict-common
トースト|jmdict-common
トータル|jmdict-common
トーチ|jmdict-common
トーナメント|jmdict-common
トール|jmdict-common
トーン|jmdict-common
ト長調|jmdict-common
ドっと|jmdict-variant
ドア|jmdict-common
ドアー|jmdict-variant
ドイツ|jmdict-common
ドイツご|jmdict-common
ドイツ語|jmdict-common
ドキっと|jmdict-variant
ドキッと|jmdict-common
ドキドキ|jmdict-common
ドキュメンタリ|jmdict-variant
ドキュメンタリー|jmdict-common
ドキュメント|jmdict-common
ドキンドキン|jmdict-variant
ドクター|jmdict-common
ドクターヘリ|jmdict-common
ドクター・ヘリ|jmdict-variant
ドクトリン|jmdict-common
ドクトル|jmdict-variant
ドシドシ|jmdict-variant
ドシャ降り|jmdict-variant
ドタバタ|jmdict-variant
ドッと|jmdict-variant
ドッキドキ|jmdict-variant
ドッキング|jmdict-common
ドック|jmdict-common
ドックファイト|jmdict-variant
ドックフード|jmdict-variant
ドッグ|jmdict-variant
ドッグファイト|jmdict-common
ドッグフード|jmdict-common
ドッグ・ファイト|jmdict-variant
ドッグ・フード|jmdict-variant
ドッジボール|jmdict-common
ドッチボール|jmdict-variant
ドッヂボール|jmdict-variant
ドット|jmdict-common
ドドン|jmdict-common
ドドーン|jmdict-variant
ドナー|jmdict-common
ドブ|jmdict-common
ドミノ|jmdict-common
ドライ|jmdict-common
ドライアー|jmdict-variant
ドライバ|jmdict-variant
ドライバー|jmdict-common
ドライフラワー|jmdict-common
ドライブ|jmdict-common
ドライヤ|jmdict-variant
ドライヤー|jmdict-common
ドライ・フラワー|jmdict-variant
ドラゴン|jmdict-common
ドラスチック|jmdict-common
ドラスティック|jmdict-variant
ドラック|jmdict-variant
ドラックストア|jmdict-variant
ドラックストアー|jmdict-variant
ドラッグ|jmdict-common
ドラッグストア|jmdict-common
ドラッグストアー|jmdict-variant
ドラフト|jmdict-common
ドラマ|jmdict-common
ドラマチック|jmdict-common
ドラマティック|jmdict-variant
ドラマー|jmdict-common
ドラム|jmdict-common
ドラムかん|jmdict-common
ドラム缶|jmdict-common
ドラ息子|jmdict-common
ドリアン|jmdict-common
ドリブル|jmdict-common
ドリル|jmdict-common
ドリンク|jmdict-common
ドリー|jmdict-common
ドリーム|jmdict-common
ドル|jmdict-common
ドルかい|jmdict-common
ドルフィンキック|jmdict-common
ドルフィン・キック|jmdict-variant
ドル買い|jmdict-common
ドレス|jmdict-common
ドレッシング|jmdict-common
ドロぬま|jmdict-variant
ドロップ|jmdict-common
ドロドロ|jmdict-common
ドロボー|jmdict-variant
ドロー|jmdict-common
ドローイング|jmdict-common
ドロ沼|jmdict-variant
ドングリ|jmdict-variant
ドンドン|jmdict-variant
ドーク|jmdict-common
ドーナッツ|jmdict-variant
ドーナツ|jmdict-common
ドーピング|jmdict-common
ドーマーウインドー|jmdict-common
ドーマー・ウインドー|jmdict-variant
ドーム|jmdict-common
ドーリー|jmdict-variant
ナイジェリア|jmdict-common
ナイス|jmdict-common
ナイスバディ|jmdict-common
ナイスバディー|jmdict-variant
ナイスバデー|jmdict-variant
ナイスボディ|jmdict-variant
ナイスボディー|jmdict-variant
ナイス・バディ|jmdict-variant
ナイス・バディー|jmdict-variant
ナイス・バデー|jmdict-variant
ナイス・ボディ|jmdict-variant
ナイス・ボディー|jmdict-variant
ナイター|jmdict-common
ナイチンゲイル|jmdict-variant
ナイチンゲール|jmdict-common
ナイティンゲイル|jmdict-variant
ナイティンゲール|jmdict-variant
ナイト|jmdict-common
ナイトクラブ|jmdict-common
ナイト・クラブ|jmdict-variant
ナイフ|jmdict-common
ナイル|jmdict-common
ナイロン|jmdict-common
ナイン|jmdict-common
ナイーブ|jmdict-common
ナイーヴ|jmdict-variant
ナウ|jmdict-common
ナガサキ|jmdict-variant
ナシ|jmdict-variant
ナショナリズム|jmdict-common
ナショナル|jmdict-common
ナショナルチェーン|jmdict-common
ナショナルリーグ|jmdict-common
ナショナル・チェーン|jmdict-variant
ナショナル・リーグ|jmdict-variant
ナス|jmdict-variant
ナスビ|jmdict-variant
ナダレ|jmdict-variant
ナチ|jmdict-common
ナチス|jmdict-common
ナチズム|jmdict-common
ナチュラリスト|jmdict-common
ナチュラル|jmdict-common
ナックル|jmdict-common
ナッシング|jmdict-common
ナット|jmdict-common
ナップサック|jmdict-variant
ナップザック|jmdict-common
ナトリウム|jmdict-common
ナニ|jmdict-variant
ナノ|jmdict-common
ナビ|jmdict-common
ナビゲータ|jmdict-variant
ナビゲーター|jmdict-common
ナフキン|jmdict-variant
ナフサ|jmdict-common
ナフタ|jmdict-variant
ナプキン|jmdict-common
ナポレオン|jmdict-common
ナミビア|jmdict-common
ナメる|jmdict-variant
ナレーション|jmdict-common
ナレーター|jmdict-common
ナローキャスティング|jmdict-common
ナンセンス|jmdict-common
ナンバー|jmdict-common
ナンバープレート|jmdict-common
ナンバーワン|jmdict-common
ナンバー・プレート|jmdict-variant
ナンバー・ワン|jmdict-variant
ナンパ|jmdict-common
ナーサリ|jmdict-variant
ナーサリー|jmdict-common
ナース|jmdict-common
ナースリー|jmdict-variant
ナーバス|jmdict-common
ニアミス|jmdict-common
ニア・ミス|jmdict-variant
ニカラグァ|jmdict-variant
ニカラグア|jmdict-common
ニキビ|jmdict-variant
ニギリ|jmdict-variant
ニクい|jmdict-variant
ニコチン|jmdict-common
ニコニコ|jmdict-common
ニコリ|jmdict-variant
ニセ|jmdict-variant
ニセモノ|jmdict-variant
ニセ物|jmdict-variant
ニッカーズ|jmdict-common
ニック|jmdict-common
ニックネーム|jmdict-common
ニッケル|jmdict-common
ニッコリ|jmdict-variant
ニット|jmdict-common
ニッポン人|jmdict-variant
ニヒル|jmdict-common
ニヤニヤ|jmdict-common
ニュアンス|jmdict-common
ニュー|jmdict-common
ニューウェイブ|jmdict-variant
ニューウェイヴ|jmdict-variant
ニューウェーブ|jmdict-common
ニューウェーヴ|jmdict-variant
ニューウエーブ|jmdict-variant
ニュージャージー|jmdict-common
ニュージランド|jmdict-variant
ニュージーランド|jmdict-common
ニュース|jmdict-common
ニュースソース|jmdict-common
ニュースレター|jmdict-common
ニュース・ソース|jmdict-variant
ニューズ|jmdict-variant
ニューズレター|jmdict-variant
ニュータウン|jmdict-common
ニュートラ|jmdict-common
ニュートン|jmdict-common
ニューハンプシャー|jmdict-common
ニューフェイス|jmdict-common
ニューフェース|jmdict-variant
ニューメキシコ|jmdict-common
ニューメディア|jmdict-common
ニューヨーカー|jmdict-common
ニューヨーク|jmdict-common
ニューリーダー|jmdict-common
ニューロ|jmdict-common
ニューロン|jmdict-common
ニュー・ウェイブ|jmdict-variant
ニュー・ウェイヴ|jmdict-variant
ニュー・ウェーブ|jmdict-variant
ニュー・ウェーヴ|jmdict-variant
ニュー・ウエーブ|jmdict-variant
ニュー・ジャージー|jmdict-variant
ニュー・タウン|jmdict-variant
ニュー・ハンプシャー|jmdict-variant
ニュー・フェイス|jmdict-variant
ニュー・フェース|jmdict-variant
ニュー・メキシコ|jmdict-variant
ニュー・メディア|jmdict-variant
ニュー・ヨーカー|jmdict-variant
ニュー・ヨーク|jmdict-variant
ニュー・リーダー|jmdict-variant
ニワトリ|jmdict-variant
ニンジン|jmdict-variant
ニンニク|jmdict-common
ニー|jmdict-common
ニーズ|jmdict-common
ニート|jmdict-common
ヌメリ|jmdict-variant
ヌルヌル|jmdict-common
ヌード|jmdict-common
ヌードル|jmdict-common
ヌーベル|jmdict-common
ヌーボ|jmdict-variant
ヌーボー|jmdict-common
ヌーヴェル|jmdict-variant
ヌーヴォ|jmdict-variant
ヌーヴォー|jmdict-variant
ネアンデルタール|jmdict-common
ネイキット|jmdict-variant
ネイキッド|jmdict-common
ネイチャー|jmdict-common
ネイビー|jmdict-common
ネイル|jmdict-common
ネオ|jmdict-common
ネオナチ|jmdict-common
ネオン|jmdict-common
ネガ|jmdict-common
ネガチィブ|jmdict-variant
ネガチブ|jmdict-variant
ネガティブ|jmdict-common
ネガティヴ|jmdict-variant
ネギ|jmdict-variant
ネクタイ|jmdict-common
ネコ|jmdict-variant
ネジ|jmdict-common
ネス|jmdict-common
ネスト|jmdict-common
ネズミ|jmdict-common
ネタ|jmdict-common
ネッカチーフ|jmdict-common
ネック|jmdict-common
ネックレス|jmdict-common
ネックレース|jmdict-variant
ネット|jmdict-common
ネットプレー|jmdict-common
ネットワーク|jmdict-common
ネット・プレー|jmdict-variant
ネバネバ|jmdict-variant
ネブラスカ|jmdict-common
ネーキッド|jmdict-variant
ネーチャー|jmdict-common
ネービー|jmdict-variant
ネーミング|jmdict-common
ネーム|jmdict-common
ネール|jmdict-common
ノる|jmdict-variant
ノア|jmdict-common
ノイズ|jmdict-common
ノイローゼ|jmdict-common
ノウ|jmdict-variant
ノウハウ|jmdict-common
ノエル|jmdict-common
ノコギリ|jmdict-variant
ノスタルジア|jmdict-common
ノスタルジック|jmdict-common
ノスタルジー|jmdict-common
ノズル|jmdict-common
ノッカー|jmdict-common
ノック|jmdict-common
ノックダウン|jmdict-common
ノッブ|jmdict-variant
ノド|jmdict-variant
ノビ|jmdict-variant
ノブ|jmdict-common
ノミネート|jmdict-common
ノリ|jmdict-variant
ノリ気|jmdict-variant
ノルタルジック|jmdict-variant
ノルディック|jmdict-common
ノルマ|jmdict-common
ノロマ|jmdict-variant
ノン|jmdict-common
ノンアルコール|jmdict-common
ノンキ|jmdict-variant
ノンストップ|jmdict-common
ノンセンス|jmdict-variant
ノンバンク|jmdict-common
ノンビリ|jmdict-variant
ノンフィクション|jmdict-common
ノー|jmdict-common
ノーコメント|jmdict-common
ノーサイド|jmdict-common
ノースカロライナ|jmdict-common
ノース・カロライナ|jmdict-variant
ノータッチ|jmdict-common
ノート|jmdict-common
ノーハウ|jmdict-variant
ノーヒットノーランゲーム|jmdict-common
ノーブル|jmdict-common
ノーベルしょう|jmdict-common
ノーベル賞|jmdict-common
ノーマライズ|jmdict-common
ノーマル|jmdict-common
ノーマーク|jmdict-common
ノー・コメント|jmdict-variant
ノー・サイド|jmdict-variant
ノー・タッチ|jmdict-variant
ノー・マーク|jmdict-variant
ハイ|jmdict-common
ハイウェイ|jmdict-common
ハイウェー|jmdict-variant
ハイウエイ|jmdict-variant
ハイウエー|jmdict-variant
ハイカー|jmdict-common
ハイキング|jmdict-common
ハイク|jmdict-common
ハイジャック|jmdict-common
ハイスクール|jmdict-common
ハイツ|jmdict-common
ハイティーン|jmdict-common
ハイテク|jmdict-common
ハイテック|jmdict-variant
ハイパー|jmdict-common
ハイヒール|jmdict-common
ハイビション|jmdict-variant
ハイビジョン|jmdict-common
ハイビスカス|jmdict-common
ハイファイ|jmdict-common
ハイブリット|jmdict-variant
ハイブリッド|jmdict-common
ハイペース|jmdict-common
ハイム|jmdict-common
ハイヤー|jmdict-common
ハイライト|jmdict-common
ハイランド|jmdict-common
ハイレグ|jmdict-common
ハイレベル|jmdict-common
ハイ・スクール|jmdict-variant
ハイ・ティーン|jmdict-variant
ハイ・ヒール|jmdict-variant
ハイ・ペース|jmdict-variant
ハイ・レグ|jmdict-variant
ハイ・レベル|jmdict-variant
ハウ|jmdict-common
ハウジング|jmdict-common
ハウス|jmdict-common
ハウツー|jmdict-common
ハウトゥー|jmdict-variant
ハウ・ツー|jmdict-variant
ハウ・トゥー|jmdict-variant
ハエ|jmdict-common
ハガキ|jmdict-common
ハギ|jmdict-variant
ハクサイ|jmdict-variant
ハクチョウ|jmdict-variant
ハゲ|jmdict-common
ハゲる|jmdict-variant
ハコ|jmdict-variant
ハサむ|jmdict-variant
ハサミ|jmdict-variant
ハザマ|jmdict-variant
ハシゴ|jmdict-variant
ハス|jmdict-variant
ハスキー|jmdict-common
ハズレ|jmdict-variant
ハタキ|jmdict-variant
ハチ|jmdict-variant
ハチマキ|jmdict-variant
ハチミツ|jmdict-variant
ハッカー|jmdict-common
ハッキリ|jmdict-common
ハッスル|jmdict-common
ハッチ|jmdict-common
ハット|jmdict-common
ハッパ|jmdict-variant
ハッピ|jmdict-variant
ハッピエンド|jmdict-variant
ハッピー|jmdict-common
ハッピーエンド|jmdict-common
ハッピー・エンド|jmdict-variant
ハト|jmdict-variant
ハニムーン|jmdict-variant
ハニームーン|jmdict-variant
ハネる|jmdict-variant
ハネムーン|jmdict-common
ハネームーン|jmdict-variant
ハピーエンド|jmdict-variant
ハプニング|jmdict-common
ハマ|jmdict-variant
ハマる|jmdict-common
ハム|jmdict-common
ハムスター|jmdict-common
ハメる|jmdict-variant
ハモニカ|jmdict-variant
ハヤブサ|jmdict-variant
ハラハラ|jmdict-common
ハリケイン|jmdict-variant
ハリケーン|jmdict-common
ハレム|jmdict-variant
ハロウィン|jmdict-common
ハロウィーン|jmdict-common
ハロゲン|jmdict-common
ハロン|jmdict-common
ハロー|jmdict-common
ハローウィン|jmdict-variant
ハローウィーン|jmdict-variant
ハワイ|jmdict-common
ハンカチ|jmdict-common
ハンガー|jmdict-common
ハング|jmdict-common
ハングリー|jmdict-common
ハングル|jmdict-common
ハンケチ|jmdict-variant
ハンコ|jmdict-variant
ハンサム|jmdict-common
ハンスト|jmdict-common
ハンター|jmdict-common
ハンチング|jmdict-variant
ハンティング|jmdict-common
ハンデ|jmdict-common
ハンディ|jmdict-variant
ハンディキャップ|jmdict-common
ハンディーキャップ|jmdict-variant
ハンデキャップ|jmdict-variant
ハンド|jmdict-common
ハンドバック|jmdict-variant
ハンドバッグ|jmdict-common
ハンドブック|jmdict-common
ハンドボール|jmdict-common
ハンドメイド|jmdict-common
ハンドメード|jmdict-variant
ハンドル|jmdict-common
ハンバーガー|jmdict-common
ハンバーグ|jmdict-common
ハンマー|jmdict-common
ハート|jmdict-common
ハード|jmdict-common
ハードウェア|jmdict-common
ハードウエア|jmdict-variant
ハードカバー|jmdict-common
ハードディスク|jmdict-common
ハードトップ|jmdict-common
ハードボイルド|jmdict-common
ハードル|jmdict-common
ハードロック|jmdict-common
ハード・ディスク|jmdict-variant
ハード・ロック|jmdict-variant
ハーバー|jmdict-common
ハーフ|jmdict-common
ハーフタイム|jmdict-common
ハーフ・タイム|jmdict-variant
ハーブ|jmdict-common
ハープ|jmdict-common
ハーモニカ|jmdict-common
ハーモニー|jmdict-common
ハーラーダービー|jmdict-common
ハーラー・ダービー|jmdict-variant
ハーレム|jmdict-common
バイアスロン|jmdict-common
バイオ|jmdict-common
バイオテクノロジー|jmdict-common
バイオリニスト|jmdict-variant
バイオリン|jmdict-common
バイキン|jmdict-variant
バイキング|jmdict-common
バイク|jmdict-common
バイタミン|jmdict-variant
バイタリティ|jmdict-common
バイタリティー|jmdict-variant
バイト|jmdict-common
バイナル|jmdict-variant
バイパス|jmdict-common
バイブル|jmdict-common
バイヤー|jmdict-common
バイリンガル|jmdict-common
バイ菌|jmdict-variant
バウサイド|jmdict-common
バウムクーヘン|jmdict-common
バウンド|jmdict-common
バウ・サイド|jmdict-variant
バカ|jmdict-common
バカらしい|jmdict-variant
バカンス|jmdict-common
バガボンド|jmdict-common
バギー|jmdict-common
バクダット|jmdict-variant
バクダッド|jmdict-variant
バクダン|jmdict-variant
バクダード|jmdict-variant
バクテリア|jmdict-common
バクテリヤ|jmdict-variant
バグダット|jmdict-variant
バグダッド|jmdict-common
バグダード|jmdict-variant
バケツ|jmdict-common
バケモノ|jmdict-variant
バザー|jmdict-common
バザール|jmdict-common
バス|jmdict-common
バスてい|jmdict-common
バスク|jmdict-common
バスケット|jmdict-common
バスケットボール|jmdict-common
バスター|jmdict-common
バスツアー|jmdict-common
バスト|jmdict-common
バスルーム|jmdict-common
バス・ツアー|jmdict-variant
バス停|jmdict-common
バタ|jmdict-variant
バタバタ|jmdict-common
バタフライ|jmdict-common
バタン|jmdict-common
バター|jmdict-common
バチカン|jmdict-common
バック|jmdict-common
バックアップ|jmdict-common
バックグラウンド|jmdict-common
バックグランド|jmdict-variant
バックス|jmdict-common
バックスクリーン|jmdict-common
バックネット|jmdict-common
バックハンド|jmdict-common
バックボーン|jmdict-common
バック・スクリーン|jmdict-variant
バック・ネット|jmdict-variant
バッグ|jmdict-common
バッジ|jmdict-common
バッチ|jmdict-variant
バッヂ|jmdict-variant
バッティング|jmdict-common
バッテリ|jmdict-variant
バッテリー|jmdict-common
バッテン|jmdict-variant
バット|jmdict-common
バッハ|jmdict-common
バッファリン|jmdict-variant
バツグン|jmdict-variant
バテる|jmdict-variant
バティカン|jmdict-variant
バディ|jmdict-variant
バディー|jmdict-variant
バトミントン|jmdict-variant
バトン|jmdict-common
バトンタッチ|jmdict-common
バトン・タッチ|jmdict-variant
バドミントン|jmdict-common
バナナ|jmdict-common
バニラ|jmdict-common
バネ|jmdict-variant
バファリン|jmdict-common
バブル|jmdict-common
バプテスト|jmdict-common
バベルのとう|jmdict-common
バベルの塔|jmdict-common
バムバム|jmdict-common
バラ|jmdict-variant
バラいろ|jmdict-common
バラす|jmdict-variant
バラまく|jmdict-variant
バラエティ|jmdict-common
バラエティー|jmdict-variant
バラック|jmdict-common
バラバラ|jmdict-common
バランス|jmdict-common
バランスシート|jmdict-common
バランス・シート|jmdict-variant
バラード|jmdict-common
バラ撒く|jmdict-variant
バラ色|jmdict-common
バラ蒔く|jmdict-variant
バリア|jmdict-common
バリアー|jmdict-variant
バリウム|jmdict-common
バリエーション|jmdict-common
バリカン|jmdict-common
バリケイド|jmdict-variant
バリケード|jmdict-common
バリトン|jmdict-common
バリバリ|jmdict-variant
バリヤ|jmdict-variant
バリヤー|jmdict-variant
バルカンラバー|jmdict-common
バルカン・ラバー|jmdict-variant
バルコニー|jmdict-common
バルセロナ|jmdict-common
バルブ|jmdict-common
バルーン|jmdict-common
バレる|jmdict-variant
バレエ|jmdict-common
バレリーナ|jmdict-common
バレル|jmdict-common
バレンタイン|jmdict-common
バレンタインデー|jmdict-common
バレンタイン・デー|jmdict-variant
バレー|jmdict-common
バレーボール|jmdict-common
バロック|jmdict-common
バロメータ|jmdict-variant
バロメーター|jmdict-common
バン|jmdict-common
バンカー|jmdict-common
バンク|jmdict-common
バンクーバー|jmdict-common
バンコク|jmdict-common
バンコック|jmdict-variant
バンコーク|jmdict-variant
バンザイ|jmdict-variant
バンス|jmdict-common
バンタムきゅう|jmdict-common
バンタム級|jmdict-common
バント|jmdict-common
バンド|jmdict-common
バンパイア|jmdict-variant
バンパイヤ|jmdict-variant
バンパー|jmdict-common
バー|jmdict-common
バーガー|jmdict-common
バーゲン|jmdict-common
バーゲンセール|jmdict-common
バーゲン・セール|jmdict-variant
バーコード|jmdict-common
バージニア|jmdict-common
バージョン|jmdict-common
バージン|jmdict-common
バースディ|jmdict-variant
バースデイ|jmdict-variant
バースデー|jmdict-common
バースト|jmdict-common
バーター|jmdict-common
バーチャル|jmdict-common
バーチュアル|jmdict-variant
バーテン|jmdict-common
バーディー|jmdict-common
バードコール|jmdict-common
バーナー|jmdict-common
バーバー|jmdict-common
バーベキュウ|jmdict-variant
バーベキュー|jmdict-common
バーベル|jmdict-common
バーベＱ|jmdict-variant
バーボン|jmdict-common
バーミンガム|jmdict-common
バームクーヘン|jmdict-variant
バール|jmdict-common
バーレスク|jmdict-common
バーレル|jmdict-common
バー・コード|jmdict-variant
パっと|jmdict-variant
パイ|jmdict-common
パイオニア|jmdict-common
パイナップル|jmdict-common
パイナッポー|jmdict-variant
パイナポー|jmdict-variant
パイプ|jmdict-common
パイロット|jmdict-common
パインアップル|jmdict-variant
パインジュース|jmdict-common
パインナップル|jmdict-variant
パイン・ジュース|jmdict-variant
パウダー|jmdict-common
パウチ|jmdict-variant
パカン|jmdict-variant
パキスタン|jmdict-common
パゴダ|jmdict-common
パサパサ|jmdict-common
パシフィック|jmdict-common
パジャマ|jmdict-common
パス|jmdict-common
パスカル|jmdict-common
パスケース|jmdict-common
パスタ|jmdict-common
パステル|jmdict-common
パスポート|jmdict-common
パスワード|jmdict-common
パス・ケース|jmdict-variant
パズル|jmdict-common
パセリ|jmdict-common
パソコン|jmdict-common
パタン|jmdict-variant
パター|jmdict-common
パターン|jmdict-common
パチパチ|jmdict-common
パチンコ|jmdict-common
パッと|jmdict-common
パッキン|jmdict-variant
パッキング|jmdict-common
パック|jmdict-common
パッケージ|jmdict-common
パッション|jmdict-common
パッシング|jmdict-common
パッチワーク|jmdict-common
パッティング|jmdict-common
パット|jmdict-common
パッド|jmdict-common
パテ|jmdict-common
パティオ|jmdict-common
パトカー|jmdict-common
パトリオティズム|jmdict-common
パトロン|jmdict-common
パトロール|jmdict-common
パドック|jmdict-common
パドル|jmdict-common
パナマ|jmdict-common
パニック|jmdict-common
パネラー|jmdict-common
パネリスト|jmdict-common
パネル|jmdict-common
パノラマ|jmdict-common
パパ|jmdict-common
パパさん|jmdict-common
パパイア|jmdict-variant
パパイヤ|jmdict-common
パパヤ|jmdict-variant
パビリオン|jmdict-common
パフォーマンス|jmdict-common
パブ|jmdict-common
パブリシティ|jmdict-variant
パブリシティー|jmdict-common
パブリック|jmdict-common
パラグライダー|jmdict-common
パラシュート|jmdict-common
パラス|jmdict-variant
パラソル|jmdict-common
パラダイス|jmdict-common
パラダイム|jmdict-common
パラドクス|jmdict-variant
パラドックス|jmdict-common
パラパラ|jmdict-common
パラボラ|jmdict-common
パラボラアンテナ|jmdict-common
パラボラ・アンテナ|jmdict-variant
パラリンピック|jmdict-common
パリ|jmdict-common
パリーグ|jmdict-common
パルサー|jmdict-common
パルス|jmdict-common
パルチザン|jmdict-common
パルティザン|jmdict-variant
パルプ|jmdict-common
パレス|jmdict-common
パレスチナ|jmdict-common
パレスティナ|jmdict-variant
パレット|jmdict-common
パレード|jmdict-common
パロディ|jmdict-variant
パロディー|jmdict-common
パワフル|jmdict-common
パワー|jmdict-common
パワーアップ|jmdict-common
パワーステアリング|jmdict-common
パワー・アップ|jmdict-variant
パワー・ステアリング|jmdict-variant
パン|jmdict-common
パンこ|jmdict-common
パンや|jmdict-common
パンアメリカニズム|jmdict-common
パンク|jmdict-common
パンジー|jmdict-common
パンタグラフ|jmdict-common
パンダ|jmdict-common
パンチ|jmdict-common
パンチパーマ|jmdict-common
パンチ・パーマ|jmdict-variant
パンツ|jmdict-common
パンティ|jmdict-variant
パンティー|jmdict-common
パント|jmdict-common
パントグラフ|jmdict-variant
パントマイム|jmdict-common
パンフ|jmdict-common
パンフレット|jmdict-common
パンプス|jmdict-common
パンムンジョム|jmdict-common
パン屋|jmdict-common
パン粉|jmdict-common
パ・リーグ|jmdict-variant
パー|jmdict-common
パーカ|jmdict-variant
パーカッション|jmdict-common
パーカー|jmdict-common
パーキング|jmdict-common
パーク|jmdict-common
パージ|jmdict-common
パース|jmdict-common
パーセプトロン|jmdict-common
パーセント|jmdict-common
パーソナリティ|jmdict-variant
パーソナリティー|jmdict-common
パーソナル|jmdict-common
パーツ|jmdict-common
パーティ|jmdict-common
パーティー|jmdict-common
パート|jmdict-common
パートタイマー|jmdict-common
パートタイム|jmdict-common
パートナ|jmdict-variant
パートナー|jmdict-common
パート・タイム|jmdict-variant
パーフェクト|jmdict-common
パーフォーマンス|jmdict-variant
パープル|jmdict-common
パープレー|jmdict-common
パーマ|jmdict-common
パームボール|jmdict-common
パーム・ボール|jmdict-variant
パーラー|jmdict-common
パーリー|jmdict-variant
パール|jmdict-common
パーレン|jmdict-common
パー・プレー|jmdict-variant
ヒア|jmdict-common
ヒアリング|jmdict-common
ヒキコモリ|jmdict-variant
ヒゲ|jmdict-variant
ヒザ|jmdict-variant
ヒシヒシ|jmdict-variant
ヒジ|jmdict-variant
ヒステリック|jmdict-common
ヒステリー|jmdict-common
ヒソヒソ|jmdict-common
ヒッチハイク|jmdict-common
ヒット|jmdict-common
ヒッピー|jmdict-common
ヒップ|jmdict-common
ヒツジ|jmdict-variant
ヒト|jmdict-variant
ヒドい|jmdict-variant
ヒドイ|jmdict-variant
ヒナ|jmdict-variant
ヒバリ|jmdict-variant
ヒビ|jmdict-variant
ヒビスカス|jmdict-variant
ヒフか|jmdict-variant
ヒフ科|jmdict-variant
ヒマ|jmdict-variant
ヒマラヤ|jmdict-common
ヒモ|jmdict-variant
ヒヤリング|jmdict-common
ヒュージョン|jmdict-variant
ヒューズ|jmdict-common
ヒューマニズム|jmdict-common
ヒューマン|jmdict-common
ヒューモア|jmdict-variant
ヒヨコ|jmdict-variant
ヒラく|jmdict-variant
ヒラキ|jmdict-variant
ヒラヒラ|jmdict-variant
ヒレ|jmdict-common
ヒロイズム|jmdict-common
ヒロイン|jmdict-common
ヒロシマ|jmdict-variant
ヒンジ|jmdict-common
ヒンズ|jmdict-variant
ヒンズー|jmdict-common
ヒンヂ|jmdict-variant
ヒント|jmdict-common
ヒンドゥ|jmdict-variant
ヒンドゥー|jmdict-common
ヒータ|jmdict-common
ヒーター|jmdict-common
ヒート|jmdict-common
ヒーリング|jmdict-common
ヒール|jmdict-common
ヒーロー|jmdict-common
ビア|jmdict-common
ビアガーデン|jmdict-common
ビア・ガーデン|jmdict-variant
ビアー|jmdict-variant
ビエンナーレ|jmdict-common
ビオラ|jmdict-common
ビカビカ|jmdict-variant
ビキニ|jmdict-common
ビギナー|jmdict-common
ビクタ|jmdict-variant
ビクター|jmdict-common
ビクトリア|jmdict-common
ビクトリー|jmdict-common
ビクビク|jmdict-variant
ビザ|jmdict-common
ビショビショ|jmdict-variant
ビジタ|jmdict-variant
ビジター|jmdict-common
ビジネス|jmdict-common
ビジネスマン|jmdict-common
ビジネスライク|jmdict-common
ビジュアル|jmdict-common
ビジョン|jmdict-common
ビス|jmdict-common
ビスケット|jmdict-common
ビスタカー|jmdict-common
ビスタ・カー|jmdict-variant
ビタミン|jmdict-common
ビチョビチョ|jmdict-variant
ビック|jmdict-variant
ビックイベント|jmdict-variant
ビックバン|jmdict-variant
ビックリ|jmdict-variant
ビッグ|jmdict-common
ビッグイベント|jmdict-common
ビッグバン|jmdict-common
ビッグ・イベント|jmdict-variant
ビッグ・バン|jmdict-variant
ビッシリ|jmdict-variant
ビット|jmdict-common
ビデオ|jmdict-common
ビデオテープ|jmdict-common
ビデオ・テープ|jmdict-variant
ビト|jmdict-variant
ビニル|jmdict-variant
ビニール|jmdict-common
ビバ|jmdict-common
ビバーク|jmdict-common
ビビット|jmdict-variant
ビビッド|jmdict-common
ビミョー|jmdict-variant
ビヤ|jmdict-variant
ビヤガーデン|jmdict-variant
ビヤ・ガーデン|jmdict-variant
ビヤー|jmdict-variant
ビュッフェ|jmdict-common
ビュフェ|jmdict-variant
ビュー|jmdict-common
ビューティフォー|jmdict-variant
ビューティフル|jmdict-common
ビューティホー|jmdict-variant
ビューロー|jmdict-common
ビョーキ|jmdict-variant
ビラ|jmdict-common
ビリアード|jmdict-variant
ビリビリ|jmdict-common
ビリヤード|jmdict-common
ビル|jmdict-common
ビルヂング|jmdict-variant
ビルディング|jmdict-common
ビルトイン|jmdict-common
ビルボード|jmdict-common
ビレッジ|jmdict-common
ビン|jmdict-variant
ビンゴ|jmdict-common
ビンテージ|jmdict-variant
ビンボー|jmdict-variant
ビン詰め|jmdict-variant
ビーだま|jmdict-common
ビーア|jmdict-variant
ビーカ|jmdict-common
ビーカー|jmdict-variant
ビーグル|jmdict-common
ビージーエム|jmdict-variant
ビースト|jmdict-common
ビーズ|jmdict-common
ビーチ|jmdict-common
ビーチサンダル|jmdict-common
ビーチ・サンダル|jmdict-variant
ビート|jmdict-common
ビーバ|jmdict-variant
ビーバー|jmdict-common
ビーフ|jmdict-common
ビーム|jmdict-common
ビール|jmdict-common
ビーンズ|jmdict-common
ビー・ジー・エム|jmdict-common
ビー玉|jmdict-common
ピアジェ|jmdict-common
ピアス|jmdict-common
ピアニスト|jmdict-common
ピアノ|jmdict-common
ピエロ|jmdict-common
ピカソ|jmdict-common
ピカピカ|jmdict-common
ピクチャ|jmdict-variant
ピクチャー|jmdict-common
ピクニック|jmdict-common
ピケ|jmdict-common
ピコ|jmdict-common
ピザ|jmdict-common
ピストル|jmdict-common
ピストン|jmdict-common
ピタリ|jmdict-variant
ピッカピカ|jmdict-variant
ピッキング|jmdict-common
ピック|jmdict-common
ピックアップサービス|jmdict-common
ピックアップ・サービス|jmdict-variant
ピッタシ|jmdict-variant
ピッタリ|jmdict-common
ピッチ|jmdict-common
ピッチャー|jmdict-common
ピッチング|jmdict-common
ピッツァ|jmdict-common
ピッツア|jmdict-variant
ピット|jmdict-common
ピヤノ|jmdict-variant
ピュア|jmdict-common
ピュアー|jmdict-variant
ピョンピョン|jmdict-variant
ピョンヤン|jmdict-common
ピラニア|jmdict-common
ピラフ|jmdict-common
ピラミット|jmdict-variant
ピラミッド|jmdict-common
ピリ|jmdict-common
ピリオド|jmdict-common
ピリピリ|jmdict-variant
ピル|jmdict-common
ピン|jmdict-common
ピンク|jmdict-common
ピンセット|jmdict-common
ピンチ|jmdict-common
ピンチヒッター|jmdict-common
ピンチ・ヒッター|jmdict-variant
ピント|jmdict-common
ピンピン|jmdict-variant
ピンポイント|jmdict-common
ピンポン|jmdict-common
ピーク|jmdict-common
ピース|jmdict-common
ピーターパンシンドローム|jmdict-common
ピーター・パン・シンドローム|jmdict-variant
ピーチ|jmdict-common
ピーナッツ|jmdict-common
ピーナツ|jmdict-common
ピーピングトム|jmdict-common
ピーピング・トム|jmdict-variant
ピープル|jmdict-common
ピープルズキャピタリズム|jmdict-common
ピープルズ・キャピタリズム|jmdict-variant
ピーマン|jmdict-common
ファイア|jmdict-common
ファイアウォール|jmdict-common
ファイアウオール|jmdict-variant
ファイアー|jmdict-variant
ファイアーウォール|jmdict-variant
ファイアーウオール|jmdict-variant
ファイター|jmdict-common
ファイティングスピリット|jmdict-common
ファイティング・スピリット|jmdict-variant
ファイト|jmdict-common
ファイナル|jmdict-common
ファイナルセット|jmdict-common
ファイナル・セット|jmdict-variant
ファイナンス|jmdict-common
ファイバ|jmdict-variant
ファイバー|jmdict-common
ファイブスター|jmdict-common
ファイヤ|jmdict-variant
ファイヤウォール|jmdict-variant
ファイヤウオール|jmdict-variant
ファイヤー|jmdict-variant
ファイヤーウォール|jmdict-variant
ファイヤーウオール|jmdict-variant
ファイリングシステム|jmdict-common
ファイリング・システム|jmdict-variant
ファイル|jmdict-common
ファインダ|jmdict-variant
ファインダー|jmdict-common
ファインプレー|jmdict-common
ファイン・プレー|jmdict-variant
ファウル|jmdict-common
ファウンデイション|jmdict-variant
ファウンデーション|jmdict-variant
ファクシミリ|jmdict-common
ファクス|jmdict-common
ファクター|jmdict-common
ファクトリ|jmdict-variant
ファクトリー|jmdict-common
ファシスタ|jmdict-variant
ファシスト|jmdict-common
ファシズム|jmdict-common
ファシリティ|jmdict-common
ファシリティー|jmdict-variant
ファシリテイ|jmdict-variant
ファジィ|jmdict-variant
ファジー|jmdict-common
ファスト|jmdict-variant
ファストフード|jmdict-common
ファスト・フード|jmdict-variant
ファスナー|jmdict-common
ファックス|jmdict-common
ファッショ|jmdict-common
ファッショナブル|jmdict-common
ファッション|jmdict-common
ファッションショウ|jmdict-variant
ファッションショー|jmdict-common
ファッション・ショー|jmdict-variant
ファミリ|jmdict-variant
ファミリア|jmdict-common
ファミリアー|jmdict-variant
ファミリー|jmdict-common
ファラウェイ|jmdict-common
ファルス|jmdict-common
ファン|jmdict-common
ファンキー|jmdict-common
ファンク|jmdict-common
ファンクラブ|jmdict-common
ファンサイト|jmdict-common
ファンタジー|jmdict-common
ファンタスティック|jmdict-common
ファンダメンタルズ|jmdict-common
ファンデーション|jmdict-common
ファントム|jmdict-common
ファンド|jmdict-common
ファン・クラブ|jmdict-variant
ファン・サイト|jmdict-variant
ファン倶楽部|jmdict-variant
ファース|jmdict-variant
ファースト|jmdict-common
ファーストフード|jmdict-variant
ファースト・フード|jmdict-variant
ファーム|jmdict-common
ファール|jmdict-variant
フアン|jmdict-variant
フアンデーション|jmdict-variant
フィアンセ|jmdict-common
フィギア|jmdict-variant
フィギュア|jmdict-common
フィクサー|jmdict-common
フィクション|jmdict-common
フィスカルポリシー|jmdict-common
フィスカル・ポリシー|jmdict-variant
フィッシュ|jmdict-common
フィッティング|jmdict-common
フィット|jmdict-common
フィットネス|jmdict-common
フィナカップ|jmdict-common
フィナンス|jmdict-variant
フィナ・カップ|jmdict-variant
フィニッシュ|jmdict-common
フィフティーフィフティー|jmdict-common
フィヨルド|jmdict-common
フィラデルフィア|jmdict-common
フィリッピン|jmdict-variant
フィリピン|jmdict-common
フィル|jmdict-common
フィルタ|jmdict-variant
フィルター|jmdict-common
フィルダースチョイス|jmdict-common
フィルダース・チョイス|jmdict-variant
フィルダーズチョイス|jmdict-variant
フィルダーズ・チョイス|jmdict-variant
フィルダーチョイス|jmdict-variant
フィルダー・チョイス|jmdict-variant
フィルハーモニー|jmdict-common
フィルム|jmdict-common
フィレ|jmdict-variant
フィレー|jmdict-variant
フィン|jmdict-common
フィンランド|jmdict-common
フィーダ|jmdict-common
フィーダー|jmdict-variant
フィート|jmdict-common
フィードバック|jmdict-common
フィーバー|jmdict-common
フィーリング|jmdict-common
フィールダースチョイス|jmdict-variant
フィールダース・チョイス|jmdict-variant
フィールダーズチョイス|jmdict-variant
フィールダーズ・チョイス|jmdict-variant
フィールド|jmdict-common
フィールドワーク|jmdict-common
フイニッシュ|jmdict-variant
フイリピン|jmdict-variant
フイルム|jmdict-common
フェア|jmdict-common
フェアウェイ|jmdict-common
フェアウェー|jmdict-variant
フェアウエイ|jmdict-variant
フェアウエー|jmdict-variant
フェアプレー|jmdict-common
フェア・プレー|jmdict-variant
フェアー|jmdict-variant
フェイク|jmdict-common
フェイス|jmdict-common
フェイント|jmdict-common
フェスティバル|jmdict-common
フェスティヴァル|jmdict-variant
フェデレーション|jmdict-common
フェニックス|jmdict-common
フェミニスト|jmdict-common
フェミニズム|jmdict-common
フェラチオ|jmdict-common
フェリー|jmdict-common
フェルト|jmdict-common
フェレット|jmdict-common
フェロモン|jmdict-common
フェローシップ|jmdict-common
フェンシング|jmdict-common
フェンス|jmdict-common
フェーク|jmdict-variant
フェース|jmdict-variant
フォア|jmdict-common
フォアグラ|jmdict-common
フォアハンド|jmdict-common
フォアボール|jmdict-common
フォアマン|jmdict-common
フォア・グラ|jmdict-variant
フォア・ボール|jmdict-variant
フォスターチャイルド|jmdict-common
フォスター・チャイルド|jmdict-variant
フォックストロット|jmdict-common
フォト|jmdict-common
フォルト|jmdict-variant
フォロー|jmdict-common
フォワグラ|jmdict-variant
フォワ・グラ|jmdict-variant
フォワード|jmdict-common
フォー|jmdict-variant
フォーカス|jmdict-common
フォーク|jmdict-common
フォークソング|jmdict-common
フォークボール|jmdict-common
フォーク・ソング|jmdict-variant
フォース|jmdict-common
フォーチュン|jmdict-common
フォード|jmdict-common
フォーマット|jmdict-common
フォーマル|jmdict-common
フォーミュラカー|jmdict-common
フォーミュラ・カー|jmdict-variant
フォーム|jmdict-common
フォーメーション|jmdict-common
フォーラム|jmdict-common
フォール|jmdict-common
フォールト|jmdict-common
フクロウ|jmdict-variant
フシ|jmdict-variant
フシめ|jmdict-variant
フシ目|jmdict-variant
フジ|jmdict-variant
フタ|jmdict-variant
フッカー|jmdict-common
フック|jmdict-common
フットボール|jmdict-common
フットワーク|jmdict-common
フッロピーディスク|jmdict-variant
フツー|jmdict-variant
フトモモ|jmdict-variant
フュージョン|jmdict-common
フューズ|jmdict-variant
フューチャー|jmdict-common
フライ|jmdict-common
フライきゅう|jmdict-common
フライイング|jmdict-variant
フライト|jmdict-common
フライドチキン|jmdict-common
フライド・チキン|jmdict-variant
フライパン|jmdict-common
フライホイイル|jmdict-variant
フライホイール|jmdict-common
フライング|jmdict-common
フライ・パン|jmdict-variant
フライ級|jmdict-common
フラグ|jmdict-common
フラスコ|jmdict-common
フラストレーション|jmdict-common
フラッグ|jmdict-common
フラッシュ|jmdict-common
フラップ|jmdict-common
フラフラ|jmdict-variant
フラメンコ|jmdict-common
フラワーアレンジメント|jmdict-common
フラワー・アレンジメント|jmdict-variant
フラン|jmdict-common
フランク|jmdict-common
フランクフルト|jmdict-common
フランス|jmdict-common
フランスご|jmdict-common
フランスりょうり|jmdict-common
フランスパン|jmdict-common
フランス・パン|jmdict-variant
フランス料理|jmdict-common
フランス語|jmdict-common
フランチャイズ|jmdict-common
フリ|jmdict-variant
フリガナ|jmdict-variant
フリゲート|jmdict-common
フリッカ|jmdict-variant
フリッカー|jmdict-common
フリップフロップ|jmdict-common
フリップ・フロップ|jmdict-variant
フリュート|jmdict-variant
フリンジ|jmdict-common
フリー|jmdict-common
フリーエージェント|jmdict-common
フリーキック|jmdict-common
フリースタイル|jmdict-common
フリーズ|jmdict-common
フリーター|jmdict-common
フリーダイアル|jmdict-variant
フリーダイヤル|jmdict-common
フリーダム|jmdict-common
フリーハンド|jmdict-common
フリーパス|jmdict-common
フリーマケット|jmdict-variant
フリーマーケット|jmdict-common
フリーランサー|jmdict-common
フリーランス|jmdict-common
フリー・エージェント|jmdict-variant
フリー・キック|jmdict-variant
フリー・ダイアル|jmdict-variant
フリー・ダイヤル|jmdict-variant
フリー・パス|jmdict-variant
フリー・マーケット|jmdict-variant
フリ仮名|jmdict-variant
フル|jmdict-common
フルーツ|jmdict-common
フルート|jmdict-common
フレア|jmdict-common
フレアー|jmdict-common
フレイバ|jmdict-variant
フレイバー|jmdict-variant
フレイヴァ|jmdict-variant
フレイヴァー|jmdict-variant
フレキシブル|jmdict-common
フレックス|jmdict-common
フレッシュ|jmdict-common
フレッシュマン|jmdict-common
フレッシュ・マン|jmdict-variant
フレンズ|jmdict-common
フレンチ|jmdict-common
フレンド|jmdict-common
フレンドリ|jmdict-variant
フレンドリー|jmdict-common
フレーズ|jmdict-common
フレーバ|jmdict-variant
フレーバー|jmdict-common
フレーム|jmdict-common
フレーヴァ|jmdict-variant
フレーヴァー|jmdict-variant
フロア|jmdict-common
フロアリング|jmdict-variant
フロアー|jmdict-variant
フロアーリング|jmdict-variant
フロスト|jmdict-common
フロック|jmdict-common
フロッピ|jmdict-variant
フロッピィ|jmdict-variant
フロッピィディスク|jmdict-variant
フロッピディスク|jmdict-variant
フロッピー|jmdict-common
フロッピーディスク|jmdict-common
フロッピー・ディスク|jmdict-variant
フロリダ|jmdict-common
フロン|jmdict-common
フロンガス|jmdict-common
フロンティア|jmdict-common
フロント|jmdict-common
フロン・ガス|jmdict-variant
フロー|jmdict-common
フローズンフード|jmdict-common
フローズン・フード|jmdict-variant
フロート|jmdict-common
フローリング|jmdict-common
フロ場|jmdict-variant
フワフワ|jmdict-common
フン|jmdict-variant
フンワリ|jmdict-variant
フーガ|jmdict-common
フーゾク|jmdict-variant
フード|jmdict-common
フーン|jmdict-variant
ブイ|jmdict-common
ブカブカ|jmdict-variant
ブケー|jmdict-variant
ブザー|jmdict-common
ブタ|jmdict-variant
ブタン|jmdict-common
ブタ肉|jmdict-variant
ブチキレ|jmdict-variant
ブチギレ|jmdict-variant
ブチ切れ|jmdict-common
ブッカー|jmdict-common
ブック|jmdict-common
ブックメーカー|jmdict-common
ブックレット|jmdict-common
ブッフェ|jmdict-variant
ブツブツ|jmdict-variant
ブティック|jmdict-common
ブドウ|jmdict-variant
ブライダル|jmdict-common
ブラインド|jmdict-common
ブラウス|jmdict-common
ブラウンかん|jmdict-common
ブラウン管|jmdict-common
ブラシ|jmdict-common
ブラジャー|jmdict-common
ブラジル|jmdict-common
ブラスバンド|jmdict-common
ブラス・バンド|jmdict-variant
ブラセラ|jmdict-variant
ブラチスラバ|jmdict-common
ブラチスラヴァ|jmdict-variant
ブラック|jmdict-common
ブラッシュ|jmdict-variant
ブラッシー|jmdict-common
ブラティスラバ|jmdict-variant
ブラティスラヴァ|jmdict-variant
ブラブラ|jmdict-variant
ブラボー|jmdict-common
ブランク|jmdict-common
ブランコ|jmdict-common
ブランチ|jmdict-common
ブランデ|jmdict-variant
ブランディ|jmdict-variant
ブランディー|jmdict-variant
ブランデー|jmdict-common
ブランド|jmdict-common
ブラヴォー|jmdict-variant
ブラース|jmdict-variant
ブリキ|jmdict-common
ブリスベン|jmdict-common
ブリタニア|jmdict-common
ブリッキ|jmdict-variant
ブリッジ|jmdict-common
ブリュッセル|jmdict-common
ブリージング|jmdict-common
ブリーフ|jmdict-common
ブル|jmdict-common
ブルガリア|jmdict-common
ブルジョア|jmdict-common
ブルジョワ|jmdict-variant
ブルセラ|jmdict-common
ブルゾン|jmdict-common
ブルヂヨア|jmdict-variant
ブルネット|jmdict-common
ブルブル|jmdict-variant
ブルペン|jmdict-common
ブル・ペン|jmdict-variant
ブルー|jmdict-common
ブルーカラー|jmdict-common
ブルース|jmdict-common
ブルーズ|jmdict-variant
ブルーネット|jmdict-variant
ブルーバード|jmdict-common
ブルー・カラー|jmdict-variant
ブレイク|jmdict-common
ブレイド|jmdict-variant
ブレイン|jmdict-variant
ブレザー|jmdict-common
ブレスト|jmdict-common
ブレスレット|jmdict-common
ブレット|jmdict-variant
ブレッド|jmdict-common
ブレンド|jmdict-common
ブレーカ|jmdict-common
ブレーカー|jmdict-common
ブレーキ|jmdict-common
ブレーク|jmdict-common
ブレード|jmdict-common
ブレーン|jmdict-common
ブロイラー|jmdict-common
ブログ|jmdict-common
ブロッカー|jmdict-common
ブロック|jmdict-common
ブロマイド|jmdict-common
ブロンズ|jmdict-common
ブロー|jmdict-common
ブローカ|jmdict-variant
ブローカー|jmdict-common
ブローチ|jmdict-common
ブロード|jmdict-common
ブンド|jmdict-common
ブーイング|jmdict-common
ブーケ|jmdict-common
ブーケー|jmdict-variant
ブース|jmdict-common
ブーツ|jmdict-common
ブーム|jmdict-common
ブーメラン|jmdict-common
ブール|jmdict-common
プチ|jmdict-common
プッシュ|jmdict-common
プッシュホン|jmdict-common
プライス|jmdict-common
プライド|jmdict-common
プライバシ|jmdict-variant
プライバシィ|jmdict-variant
プライバシイ|jmdict-variant
プライバシー|jmdict-common
プライベート|jmdict-common
プライムタイム|jmdict-common
プライムレート|jmdict-common
プライム・タイム|jmdict-variant
プライム・レート|jmdict-variant
プライヴァシー|jmdict-variant
プラカード|jmdict-common
プラグ|jmdict-common
プラグマチズム|jmdict-variant
プラグマティズム|jmdict-common
プラザ|jmdict-common
プラス|jmdict-common
プラスチック|jmdict-common
プラスティク|jmdict-variant
プラスティック|jmdict-variant
プラズマ|jmdict-common
プラチック|jmdict-variant
プラチナ|jmdict-common
プラッチック|jmdict-variant
プラットフォーム|jmdict-variant
プラットホーム|jmdict-common
プラニング|jmdict-variant
プラネタリウム|jmdict-common
プラハ|jmdict-common
プラモ|jmdict-variant
プラモデル|jmdict-common
プラン|jmdict-common
プランクトン|jmdict-common
プランタン|jmdict-common
プランター|jmdict-common
プラント|jmdict-common
プランナー|jmdict-common
プランニング|jmdict-common
プラーザ|jmdict-variant
プリ|jmdict-common
プリズム|jmdict-common
プリチー|jmdict-variant
プリティ|jmdict-common
プリティー|jmdict-variant
プリン|jmdict-common
プリンス|jmdict-common
プリンセス|jmdict-common
プリンタ|jmdict-common
プリンタン|jmdict-variant
プリンター|jmdict-common
プリント|jmdict-common
プリーツ|jmdict-common
プルトニウム|jmdict-common
プルークボーゲン|jmdict-common
プレイ|jmdict-common
プレイオフ|jmdict-variant
プレイガール|jmdict-common
プレイボーイ|jmdict-common
プレイボール|jmdict-variant
プレイヤ|jmdict-variant
プレイヤー|jmdict-common
プレイリスト|jmdict-common
プレイン|jmdict-variant
プレイ・ボール|jmdict-variant
プレジデント|jmdict-common
プレス|jmdict-common
プレスクラブ|jmdict-common
プレスセンター|jmdict-common
プレスリリース|jmdict-common
プレス・クラブ|jmdict-variant
プレス・センター|jmdict-variant
プレス・リリース|jmdict-variant
プレゼンテーション|jmdict-common
プレゼント|jmdict-common
プレタポルテ|jmdict-common
プレッシャー|jmdict-common
プレトリア|jmdict-common
プレハブ|jmdict-common
プレファブ|jmdict-variant
プレミアム|jmdict-common
プレリュード|jmdict-common
プレー|jmdict-common
プレーオフ|jmdict-common
プレーガール|jmdict-variant
プレート|jmdict-common
プレーボーイ|jmdict-variant
プレーボール|jmdict-common
プレーヤ|jmdict-variant
プレーヤー|jmdict-common
プレーン|jmdict-common
プレー・ボール|jmdict-variant
プロ|jmdict-common
プロやきゅう|jmdict-common
プログラム|jmdict-common
プロジェクタ|jmdict-variant
プロジェクター|jmdict-common
プロジェクト|jmdict-common
プロセス|jmdict-common
プロセッサ|jmdict-variant
プロセッサー|jmdict-common
プロダクション|jmdict-common
プロダクト|jmdict-common
プロップジェット|jmdict-common
プロテスタント|jmdict-common
プロデュサー|jmdict-variant
プロデューサ|jmdict-variant
プロデューサー|jmdict-common
プロデュース|jmdict-common
プロパ|jmdict-variant
プロパガンダ|jmdict-common
プロパン|jmdict-common
プロパー|jmdict-common
プロフィル|jmdict-variant
プロフィール|jmdict-common
プロフィールがぞう|jmdict-common
プロフィール画像|jmdict-common
プロフェショナル|jmdict-variant
プロフェッショナル|jmdict-common
プロペラ|jmdict-common
プロポーザル|jmdict-common
プロポーズ|jmdict-common
プロマイド|jmdict-variant
プロモウト|jmdict-variant
プロモーション|jmdict-common
プロモーター|jmdict-common
プロモート|jmdict-common
プロレス|jmdict-common
プロレタリア|jmdict-common
プロローグ|jmdict-common
プロンプター|jmdict-common
プロ野球|jmdict-common
プンプン|jmdict-common
プーたろう|jmdict-variant
プータロー|jmdict-common
プール|jmdict-common
プー太郎|jmdict-variant
ヘア|jmdict-common
ヘアケア|jmdict-common
ヘアスタイル|jmdict-common
ヘア・ケア|jmdict-variant
ヘアー|jmdict-variant
ヘアースタイル|jmdict-variant
ヘクタール|jmdict-common
ヘクト|jmdict-common
ヘザー|jmdict-common
ヘソ|jmdict-variant
ヘタ|jmdict-variant
ヘタクソ|jmdict-variant
ヘッジ|jmdict-common
ヘッダ|jmdict-variant
ヘッダー|jmdict-common
ヘッディング|jmdict-variant
ヘットライト|jmdict-variant
ヘッド|jmdict-common
ヘッドコーチ|jmdict-common
ヘッドフォン|jmdict-variant
ヘッドフォーン|jmdict-variant
ヘッドホン|jmdict-common
ヘッドホーン|jmdict-variant
ヘッドライト|jmdict-common
ヘッド・コーチ|jmdict-variant
ヘディング|jmdict-common
ヘトヘト|jmdict-common
ヘドロ|jmdict-common
ヘビ|jmdict-variant
ヘビイ|jmdict-variant
ヘビー|jmdict-common
ヘビースモカー|jmdict-variant
ヘビースモーカー|jmdict-common
ヘビー・スモーカー|jmdict-variant
ヘブライズム|jmdict-common
ヘム|jmdict-common
ヘモグロビン|jmdict-common
ヘヤ|jmdict-variant
ヘヤー|jmdict-variant
ヘラ|jmdict-variant
ヘラルド|jmdict-common
ヘリ|jmdict-common
ヘリウム|jmdict-common
ヘリコプタ|jmdict-variant
ヘリコプター|jmdict-common
ヘリポート|jmdict-common
ヘリングボン|jmdict-variant
ヘリングボーン|jmdict-variant
ヘリンボン|jmdict-variant
ヘリンボーン|jmdict-common
ヘル|jmdict-common
ヘルシンキ|jmdict-common
ヘルシー|jmdict-common
ヘルス|jmdict-common
ヘルスクラブ|jmdict-common
ヘルス・クラブ|jmdict-variant
ヘルツ|jmdict-common
ヘルツェゴビナ|jmdict-common
ヘルニア|jmdict-common
ヘルパー|jmdict-common
ヘルメット|jmdict-common
ヘレニズム|jmdict-common
ヘロイズム|jmdict-variant
ヘロイン|jmdict-common
ヘンタイ|jmdict-variant
ヘヴィ|jmdict-variant
ベア|jmdict-common
ベアリング|jmdict-common
ベイシック|jmdict-variant
ベイス|jmdict-variant
ベイビ|jmdict-variant
ベイビー|jmdict-variant
ベイビーシッター|jmdict-variant
ベイルート|jmdict-common
ベオグラード|jmdict-common
ベクタ|jmdict-variant
ベクター|jmdict-common
ベクトル|jmdict-common
ベジタブル|jmdict-common
ベスト|jmdict-common
ベストセラー|jmdict-common
ベストテン|jmdict-common
ベスト・セラー|jmdict-variant
ベスト・テン|jmdict-variant
ベタ|jmdict-common
ベタベタ|jmdict-common
ベター|jmdict-common
ベッド|jmdict-common
ベテラン|jmdict-common
ベドウィン|jmdict-common
ベニア|jmdict-variant
ベニヤ|jmdict-common
ベニヤいた|jmdict-common
ベニヤ板|jmdict-common
ベネチアングラス|jmdict-common
ベネチアン・グラス|jmdict-variant
ベネフィット|jmdict-common
ベビ|jmdict-variant
ベビィ|jmdict-variant
ベビカー|jmdict-variant
ベビシッター|jmdict-variant
ベビー|jmdict-common
ベビーカー|jmdict-common
ベビーシッタ|jmdict-variant
ベビーシッター|jmdict-common
ベビーフード|jmdict-common
ベビー・カー|jmdict-variant
ベビー・シッター|jmdict-variant
ベビー・フード|jmdict-variant
ベランダ|jmdict-common
ベランダー|jmdict-variant
ベリーダンス|jmdict-common
ベリー・ダンス|jmdict-variant
ベル|jmdict-common
ベルギー|jmdict-common
ベルト|jmdict-common
ベルトコンベア|jmdict-common
ベルトコンベアー|jmdict-variant
ベルトコンベヤ|jmdict-variant
ベルトコンベヤー|jmdict-variant
ベルト・コンベア|jmdict-variant
ベルト・コンベアー|jmdict-variant
ベルト・コンベヤ|jmdict-variant
ベルト・コンベヤー|jmdict-variant
ベルファスト|jmdict-common
ベルマーク|jmdict-common
ベルモット|jmdict-common
ベル・マーク|jmdict-variant
ベレー|jmdict-common
ベロ|jmdict-common
ベンジン|jmdict-common
ベンチ|jmdict-common
ベンチャ|jmdict-variant
ベンチャー|jmdict-common
ベーカリー|jmdict-common
ベーコン|jmdict-common
ベーシック|jmdict-common
ベージュ|jmdict-common
ベース|jmdict-common
ベースアップ|jmdict-common
ベースキャンプ|jmdict-common
ベース・アップ|jmdict-variant
ベース・キャンプ|jmdict-variant
ベータ|jmdict-common
ベーター|jmdict-variant
ベートーベン|jmdict-variant
ベートーヴェン|jmdict-common
ベービー|jmdict-variant
ベービーシッター|jmdict-variant
ベール|jmdict-common
ペア|jmdict-common
ペアリング|jmdict-common
ペア・リング|jmdict-variant
ペアー|jmdict-variant
ペイ|jmdict-common
ペイチン|jmdict-variant
ペイパー|jmdict-variant
ペインクリニック|jmdict-common
ペイント|jmdict-common
ペイン・クリニック|jmdict-variant
ペキン|jmdict-common
ペコペコ|jmdict-variant
ペシミスチック|jmdict-variant
ペシミスティック|jmdict-common
ペスト|jmdict-common
ペダル|jmdict-common
ペッサリー|jmdict-common
ペット|jmdict-common
ペットフード|jmdict-common
ペット・フード|jmdict-variant
ペドメーター|jmdict-common
ペナルティ|jmdict-variant
ペナルティー|jmdict-common
ペナント|jmdict-common
ペニシリン|jmdict-common
ペネルティ|jmdict-variant
ペネルティー|jmdict-variant
ペプシン|jmdict-common
ペラペラ|jmdict-variant
ペリカン|jmdict-common
ペルー|jmdict-common
ペン|jmdict-common
ペンさき|jmdict-common
ペンキ|jmdict-common
ペンギン|jmdict-common
ペンクラブ|jmdict-common
ペンション|jmdict-common
ペンシルバニア|jmdict-variant
ペンシルベニア|jmdict-common
ペンシルヴァニア|jmdict-variant
ペンシルヴェニア|jmdict-variant
ペンタゴン|jmdict-common
ペンダント|jmdict-common
ペンチ|jmdict-common
ペンネーム|jmdict-common
ペン・クラブ|jmdict-variant
ペン先|jmdict-common
ページ|jmdict-common
ペース|jmdict-common
ペースメーカ|jmdict-variant
ペースメーカー|jmdict-common
ペーソス|jmdict-common
ペーパー|jmdict-common
ペール|jmdict-common
ホっと|jmdict-variant
ホイッスル|jmdict-common
ホイル|jmdict-variant
ホイール|jmdict-common
ホウレンソウ|jmdict-variant
ホウレン草|jmdict-variant
ホクロ|jmdict-variant
ホコリ|jmdict-variant
ホシ|jmdict-variant
ホステス|jmdict-common
ホステル|jmdict-common
ホスト|jmdict-common
ホスピス|jmdict-common
ホタル|jmdict-variant
ホッと|jmdict-common
ホック|jmdict-common
ホッケー|jmdict-common
ホット|jmdict-common
ホットライン|jmdict-common
ホット・ライン|jmdict-variant
ホップ|jmdict-common
ホテル|jmdict-common
ホトケ|jmdict-variant
ホノルル|jmdict-common
ホモ|jmdict-common
ホラー|jmdict-common
ホリディ|jmdict-variant
ホリデイ|jmdict-common
ホリデー|jmdict-common
ホルスター|jmdict-common
ホルダ|jmdict-variant
ホルダー|jmdict-common
ホルモン|jmdict-common
ホルン|jmdict-common
ホログラフィ|jmdict-common
ホログラフィー|jmdict-variant
ホロコースト|jmdict-common
ホワイト|jmdict-common
ホワイトカラー|jmdict-common
ホワイトニング|jmdict-common
ホワイト・カラー|jmdict-variant
ホングコング|jmdict-variant
ホンコン|jmdict-common
ホント|jmdict-variant
ホントに|jmdict-variant
ホントウ|jmdict-variant
ホントウに|jmdict-variant
ホントー|jmdict-variant
ホントーに|jmdict-variant
ホンモノ|jmdict-variant
ホーク|jmdict-common
ホース|jmdict-common
ホープ|jmdict-common
ホーマー|jmdict-common
ホーミング|jmdict-common
ホーム|jmdict-common
ホームイン|jmdict-common
ホームグラウンド|jmdict-common
ホームグランド|jmdict-variant
ホームシック|jmdict-common
ホームステイ|jmdict-common
ホームステー|jmdict-variant
ホームセキュリティ|jmdict-common
ホームセキュリティー|jmdict-variant
ホームターミナル|jmdict-common
ホームドラマ|jmdict-common
ホームヘルパー|jmdict-common
ホームページ|jmdict-common
ホームラン|jmdict-common
ホームルーム|jmdict-common
ホーム・イン|jmdict-variant
ホーム・グラウンド|jmdict-variant
ホーム・グランド|jmdict-variant
ホーム・セキュリティ|jmdict-variant
ホーム・セキュリティー|jmdict-variant
ホーム・ターミナル|jmdict-variant
ホーム・ドラマ|jmdict-variant
ホーム・ヘルパー|jmdict-variant
ホーム・ページ|jmdict-variant
ホーム・ラン|jmdict-variant
ホール|jmdict-common
ホールダー|jmdict-variant
ホーン|jmdict-common
ボイエジャ|jmdict-variant
ボイコット|jmdict-common
ボイジャー|jmdict-common
ボイス|jmdict-common
ボイスレコーダ|jmdict-variant
ボイスレコーダー|jmdict-common
ボイス・レコーダー|jmdict-variant
ボイラ|jmdict-variant
ボイラー|jmdict-common
ボウ|jmdict-variant
ボウっと|jmdict-variant
ボウイング|jmdict-variant
ボウシ|jmdict-variant
ボウッと|jmdict-variant
ボウリング|jmdict-common
ボウル|jmdict-common
ボオッと|jmdict-variant
ボギー|jmdict-common
ボク|jmdict-variant
ボクサー|jmdict-common
ボクシング|jmdict-common
ボケ|jmdict-variant
ボケる|jmdict-variant
ボコーダ|jmdict-variant
ボコーダー|jmdict-common
ボサノバ|jmdict-common
ボサノヴァ|jmdict-variant
ボサノーヴァ|jmdict-variant
ボサ・ノバ|jmdict-variant
ボサ・ノヴァ|jmdict-variant
ボサ・ノーヴァ|jmdict-variant
ボス|jmdict-common
ボストン|jmdict-common
ボスニア|jmdict-common
ボタボタ|jmdict-variant
ボタン|jmdict-common
ボックス|jmdict-common
ボッブ|jmdict-variant
ボッブスレー|jmdict-variant
ボツワナ|jmdict-common
ボディ|jmdict-common
ボディコン|jmdict-common
ボディブロー|jmdict-variant
ボディ・ブロー|jmdict-variant
ボディー|jmdict-common
ボディーブロー|jmdict-common
ボディー・ブロー|jmdict-variant
ボデー|jmdict-variant
ボトボト|jmdict-variant
ボトム|jmdict-common
ボトル|jmdict-common
ボナス|jmdict-variant
ボブ|jmdict-common
ボブスレー|jmdict-common
ボヤ|jmdict-variant
ボヤける|jmdict-variant
ボヤボヤ|jmdict-common
ボランテァ|jmdict-variant
ボランテア|jmdict-variant
ボランティア|jmdict-common
ボリウム|jmdict-variant
ボリューム|jmdict-common
ボルテイジ|jmdict-variant
ボルテージ|jmdict-common
ボルト|jmdict-common
ボレロ|jmdict-common
ボレー|jmdict-common
ボロボロ|jmdict-common
ボン|jmdict-common
ボンド|jmdict-common
ボンネット|jmdict-common
ボンベ|jmdict-common
ボンヤリ|jmdict-variant
ボー|jmdict-common
ボーっと|jmdict-common
ボーイ|jmdict-common
ボーイスカウト|jmdict-common
ボーイフレンド|jmdict-common
ボーイング|jmdict-common
ボーイ・スカウト|jmdict-variant
ボーカラー|jmdict-common
ボーカリスト|jmdict-common
ボーカル|jmdict-common
ボーク|jmdict-common
ボーダー|jmdict-common
ボーダーライン|jmdict-common
ボーダー・ライン|jmdict-variant
ボーッと|jmdict-variant
ボート|jmdict-common
ボートピープル|jmdict-common
ボート・ピープル|jmdict-variant
ボード|jmdict-common
ボードセイリング|jmdict-variant
ボードセーリング|jmdict-common
ボーナス|jmdict-common
ボーリング|jmdict-variant
ボール|jmdict-common
ボールド|jmdict-common
ボールペン|jmdict-common
ボール・ペン|jmdict-variant
ボーン|jmdict-common
ボー・カラー|jmdict-variant
ポイント|jmdict-common
ポエム|jmdict-common
ポカポカ|jmdict-variant
ポカン|jmdict-variant
ポケット|jmdict-common
ポケットサイズ|jmdict-common
ポケットベル|jmdict-common
ポケットマネー|jmdict-common
ポケット・ベル|jmdict-variant
ポケット・マネー|jmdict-variant
ポシェット|jmdict-common
ポシビリティ|jmdict-common
ポシビリティー|jmdict-variant
ポジェット|jmdict-variant
ポジショニング|jmdict-common
ポジション|jmdict-common
ポジティブ|jmdict-common
ポジティヴ|jmdict-variant
ポスタ|jmdict-variant
ポスター|jmdict-common
ポスト|jmdict-common
ポタポタ|jmdict-common
ポタージュ|jmdict-common
ポッカポカ|jmdict-variant
ポッシビリティ|jmdict-variant
ポッシビリティー|jmdict-variant
ポット|jmdict-common
ポットキャスト|jmdict-variant
ポッドキャスト|jmdict-common
ポップ|jmdict-common
ポップアート|jmdict-common
ポップコーン|jmdict-common
ポップス|jmdict-common
ポップ・アート|jmdict-variant
ポテト|jmdict-common
ポテトチップス|jmdict-common
ポテト・チップス|jmdict-variant
ポテンシャル|jmdict-common
ポトフ|jmdict-common
ポトフー|jmdict-variant
ポトポト|jmdict-variant
ポニーテイル|jmdict-variant
ポニーテール|jmdict-common
ポピュラ|jmdict-variant
ポピュラー|jmdict-common
ポプリ|jmdict-common
ポリ|jmdict-common
ポリエチレン|jmdict-common
ポリオ|jmdict-common
ポリシ|jmdict-variant
ポリシー|jmdict-common
ポリス|jmdict-common
ポリネシア|jmdict-common
ポリプ|jmdict-variant
ポリプロピレン|jmdict-common
ポリマー|jmdict-common
ポリープ|jmdict-common
ポルカ|jmdict-common
ポルトガル|jmdict-common
ポルノ|jmdict-common
ポロ|jmdict-common
ポンド|jmdict-common
ポンプ|jmdict-common
ポンポン|jmdict-common
ポーカー|jmdict-common
ポーズ|jmdict-common
ポータブル|jmdict-common
ポーター|jmdict-common
ポーチ|jmdict-common
ポート|jmdict-common
ポートフォリオ|jmdict-common
ポートレイト|jmdict-variant
ポートレート|jmdict-common
ポール|jmdict-common
マイ|jmdict-common
マイアミ|jmdict-common
マイカー|jmdict-common
マイク|jmdict-common
マイクロ|jmdict-common
マイクロバス|jmdict-common
マイクロフィルム|jmdict-common
マイコン|jmdict-common
マイナス|jmdict-common
マイナー|jmdict-common
マイノリティ|jmdict-variant
マイノリティー|jmdict-common
マイペース|jmdict-common
マイホーム|jmdict-common
マイム|jmdict-common
マイル|jmdict-common
マイルド|jmdict-common
マインド|jmdict-common
マイ・カー|jmdict-variant
マイ・ペース|jmdict-variant
マイ・ホーム|jmdict-variant
マウス|jmdict-common
マウンテン|jmdict-common
マウント|jmdict-common
マウンド|jmdict-common
マエストロ|jmdict-common
マカダム|jmdict-common
マカロニ|jmdict-common
マガジン|jmdict-common
マキシ|jmdict-common
マクラメ|jmdict-common
マクロ|jmdict-common
マグナム|jmdict-common
マグニチュード|jmdict-common
マグネシウム|jmdict-common
マグネット|jmdict-common
マグマ|jmdict-common
マグレ|jmdict-variant
マグロ|jmdict-common
マケドニア|jmdict-common
マサチューセッツ|jmdict-common
マサージュ|jmdict-variant
マザコン|jmdict-common
マザリング|jmdict-common
マザーグース|jmdict-common
マザーリング|jmdict-variant
マザー・グース|jmdict-variant
マシ|jmdict-variant
マシュルーム|jmdict-variant
マシン|jmdict-common
マシンガン|jmdict-common
マシン・ガン|jmdict-variant
マシーン|jmdict-common
マシーンガン|jmdict-variant
マジシャン|jmdict-common
マジック|jmdict-common
マジメ|jmdict-common
マス|jmdict-common
マスク|jmdict-common
マスゲーム|jmdict-common
マスコット|jmdict-common
マスコミ|jmdict-common
マスタ|jmdict-variant
マスタング|jmdict-variant
マスター|jmdict-common
マスタード|jmdict-common
マスト|jmdict-common
マスメディア|jmdict-common
マス・ゲーム|jmdict-variant
マス・メディア|jmdict-variant
マズい|jmdict-variant
マズイ|jmdict-variant
マゾ|jmdict-common
マターリ|jmdict-variant
マダム|jmdict-common
マッカ|jmdict-variant
マッキントッシュ|jmdict-common
マック|jmdict-common
マックス|jmdict-common
マッサージ|jmdict-common
マッシュルーム|jmdict-common
マッス|jmdict-variant
マッタリ|jmdict-variant
マッチ|jmdict-common
マッチプレイ|jmdict-variant
マッチプレー|jmdict-common
マッチ・プレー|jmdict-variant
マット|jmdict-common
マットレス|jmdict-common
マッハ|jmdict-common
マップ|jmdict-common
マツ|jmdict-variant
マティリアル|jmdict-variant
マテリアル|jmdict-common
マドラス|jmdict-common
マドレーヌ|jmdict-common
マドンナ|jmdict-common
マナー|jmdict-common
マナーモード|jmdict-common
マナー・モード|jmdict-variant
マニア|jmdict-common
マニアック|jmdict-common
マニアル|jmdict-variant
マニキュア|jmdict-common
マニフェスト|jmdict-common
マニヤ|jmdict-variant
マニュアル|jmdict-common
マニュキア|jmdict-variant
マニュキュア|jmdict-variant
マニュフェスト|jmdict-variant
マニラ|jmdict-common
マヌケ|jmdict-variant
マネ|jmdict-variant
マネキン|jmdict-common
マネジメント|jmdict-common
マネジャー|jmdict-common
マネー|jmdict-common
マネーゲーム|jmdict-common
マネーサプライ|jmdict-common
マネージメント|jmdict-common
マネージャ|jmdict-variant
マネージャー|jmdict-common
マネー・ゲーム|jmdict-variant
マネー・サプライ|jmdict-variant
マヒ|jmdict-variant
マフィア|jmdict-common
マフラー|jmdict-common
マホービン|jmdict-variant
ママ|jmdict-common
ママさん|jmdict-common
マメ|jmdict-variant
マメ知識|jmdict-variant
マヤ|jmdict-common
マヨネーズ|jmdict-common
マラカス|jmdict-common
マラソン|jmdict-common
マラリア|jmdict-common
マリファナ|jmdict-common
マリフアナ|jmdict-variant
マリワナ|jmdict-variant
マリン|jmdict-common
マリンバ|jmdict-common
マリーナ|jmdict-common
マリーン|jmdict-common
マル|jmdict-variant
マルク|jmdict-common
マルクスしゅぎ|jmdict-common
マルクス主義|jmdict-common
マルタ|jmdict-variant
マルターゼ|jmdict-common
マルチ|jmdict-common
マルチナショナル|jmdict-common
マルチメディア|jmdict-common
マレーシア|jmdict-common
マロン|jmdict-common
マン|jmdict-common
マンガ|jmdict-common
マンガか|jmdict-variant
マンガン|jmdict-common
マンガ家|jmdict-variant
マングローブ|jmdict-common
マンゴ|jmdict-variant
マンゴー|jmdict-common
マンション|jmdict-common
マンスリー|jmdict-common
マンチェスター|jmdict-common
マンツーマン|jmdict-common
マント|jmdict-common
マントル|jmdict-common
マンドリン|jmdict-common
マンネリ|jmdict-common
マンパワー|jmdict-common
マンホール|jmdict-common
マンボ|jmdict-common
マンモス|jmdict-common
マーカ|jmdict-variant
マーカー|jmdict-common
マーガリン|jmdict-common
マーク|jmdict-common
マークシート|jmdict-common
マーク・シート|jmdict-variant
マーケッティング|jmdict-variant
マーケット|jmdict-common
マーケティング|jmdict-common
マージャン|jmdict-common
マージン|jmdict-common
マーチ|jmdict-common
マート|jmdict-common
マーブル|jmdict-common
マーメイド|jmdict-common
マーメード|jmdict-variant
ミイラ|jmdict-common
ミカン|jmdict-variant
ミキサ|jmdict-variant
ミキサー|jmdict-common
ミクサ|jmdict-variant
ミクサー|jmdict-variant
ミクス|jmdict-variant
ミクロ|jmdict-common
ミクロネシア|jmdict-common
ミクロン|jmdict-common
ミグ|jmdict-common
ミサ|jmdict-common
ミサイル|jmdict-common
ミシガン|jmdict-common
ミシン|jmdict-common
ミス|jmdict-common
ミスター|jmdict-common
ミステリ|jmdict-common
ミステリアス|jmdict-common
ミステリィ|jmdict-variant
ミステリー|jmdict-common
ミスプリント|jmdict-common
ミスマッチ|jmdict-common
ミズ|jmdict-common
ミズーリ|jmdict-common
ミセス|jmdict-common
ミセズ|jmdict-variant
ミソ|jmdict-variant
ミックス|jmdict-common
ミッション|jmdict-common
ミット|jmdict-common
ミットナイト|jmdict-variant
ミッドナイト|jmdict-common
ミディ|jmdict-common
ミトコンドリア|jmdict-common
ミドル|jmdict-common
ミドルきゅう|jmdict-common
ミドルホール|jmdict-common
ミドル・ホール|jmdict-variant
ミドル級|jmdict-common
ミニ|jmdict-common
ミニアチュア|jmdict-variant
ミニアチュール|jmdict-variant
ミニコミ|jmdict-common
ミニスカート|jmdict-common
ミニチュア|jmdict-common
ミニディスク|jmdict-common
ミニバッファ|jmdict-common
ミニマム|jmdict-common
ミネソタ|jmdict-common
ミネラル|jmdict-common
ミミック|jmdict-common
ミャンマー|jmdict-common
ミュンヘン|jmdict-common
ミュージアム|jmdict-common
ミュージカル|jmdict-common
ミュージシャン|jmdict-common
ミュージック|jmdict-common
ミューズ|jmdict-common
ミラクル|jmdict-common
ミラー|jmdict-common
ミラージュ|jmdict-common
ミリ|jmdict-common
ミリオン|jmdict-common
ミリオンセラー|jmdict-common
ミリオン・セラー|jmdict-variant
ミリグラム|jmdict-common
ミリタリールック|jmdict-common
ミリタリー・ルック|jmdict-variant
ミリバール|jmdict-common
ミリメーター|jmdict-variant
ミリメートル|jmdict-common
ミリリットル|jmdict-common
ミルウォーキー|jmdict-common
ミルク|jmdict-common
ミレニアム|jmdict-common
ミレニウム|jmdict-variant
ミンク|jmdict-common
ミンチ|jmdict-common
ミント|jmdict-common
ミーイズム|jmdict-common
ミーティング|jmdict-common
ミート|jmdict-common
ミーハー|jmdict-common
ミール|jmdict-common
ムカムカ|jmdict-common
ムスコ|jmdict-variant
ムスタング|jmdict-common
ムダ|jmdict-variant
ムダ使い|jmdict-variant
ムダ遣い|jmdict-variant
ムチャクチャ|jmdict-variant
ムッと|jmdict-common
ムッツリ|jmdict-variant
ムラ|jmdict-variant
ムラサキ|jmdict-variant
ムラート|jmdict-common
ムリ|jmdict-variant
ムリヤリ|jmdict-variant
ムーサ|jmdict-variant
ムース|jmdict-common
ムーディ|jmdict-variant
ムーディー|jmdict-common
ムード|jmdict-common
ムービー|jmdict-common
ムーブメント|jmdict-common
ムーラン|jmdict-common
ムール|jmdict-common
ムーン|jmdict-common
ムーヴィー|jmdict-variant
ムーヴメント|jmdict-variant
メイカー|jmdict-variant
メイキャップ|jmdict-variant
メイク|jmdict-common
メイクアップ|jmdict-common
メイジャー|jmdict-variant
メイデイ|jmdict-variant
メイデー|jmdict-variant
メイト|jmdict-common
メイド|jmdict-common
メイル|jmdict-variant
メイン|jmdict-common
メインストリート|jmdict-common
メインテナンス|jmdict-variant
メインバンク|jmdict-variant
メイン・ストリート|jmdict-variant
メイン・バンク|jmdict-variant
メェル|jmdict-variant
メカ|jmdict-common
メカニズム|jmdict-common
メカニック|jmdict-common
メガ|jmdict-common
メガネ|jmdict-common
メガフォン|jmdict-variant
メガヘルツ|jmdict-common
メガホン|jmdict-common
メキシコ|jmdict-common
メキシコわん|jmdict-common
メキシコ湾|jmdict-common
メキメキ|jmdict-common
メクラ|jmdict-variant
メグロ|jmdict-variant
メコンデルタ|jmdict-common
メコン・デルタ|jmdict-variant
メサイア|jmdict-variant
メサイヤ|jmdict-variant
メシア|jmdict-common
メシヤ|jmdict-variant
メシュ|jmdict-variant
メジャー|jmdict-common
メジロ|jmdict-variant
メス|jmdict-common
メセージ|jmdict-variant
メソジスト|jmdict-common
メソポタミア|jmdict-common
メゾソプラノ|jmdict-common
メゾン|jmdict-common
メゾ・ソプラノ|jmdict-common
メタノール|jmdict-common
メタボリック|jmdict-common
メタリック|jmdict-common
メタル|jmdict-common
メタン|jmdict-common
メタンガス|jmdict-common
メタン・ガス|jmdict-variant
メダリスト|jmdict-common
メダル|jmdict-common
メチャクチャ|jmdict-variant
メチャメチャ|jmdict-variant
メチル|jmdict-common
メチール|jmdict-variant
メッカ|jmdict-common
メッシュ|jmdict-common
メッセ|jmdict-common
メッセージ|jmdict-common
メッツォソプラノ|jmdict-variant
メッツォ・ソプラノ|jmdict-variant
メディア|jmdict-common
メディカルエンジニアリング|jmdict-common
メディカル・エンジニアリング|jmdict-variant
メトリック|jmdict-common
メトロ|jmdict-common
メトロノーム|jmdict-common
メトロポリタン|jmdict-common
メド|jmdict-variant
メドレー|jmdict-common
メドレーリレー|jmdict-common
メドレー・リレー|jmdict-variant
メニュー|jmdict-common
メネジメント|jmdict-variant
メモ|jmdict-common
メモちょう|jmdict-common
メモリ|jmdict-variant
メモリアル|jmdict-common
メモリアルホール|jmdict-common
メモリアル・ホール|jmdict-variant
メモリカード|jmdict-variant
メモリ・カード|jmdict-variant
メモリー|jmdict-common
メモリーカード|jmdict-common
メモリー・カード|jmdict-variant
メモ帳|jmdict-common
メラニン|jmdict-common
メリット|jmdict-common
メリー|jmdict-common
メルクマール|jmdict-common
メルシ|jmdict-variant
メルシー|jmdict-common
メルヘン|jmdict-common
メルボルン|jmdict-common
メレンゲ|jmdict-common
メロディ|jmdict-common
メロディー|jmdict-common
メロデー|jmdict-variant
メロドラマ|jmdict-common
メロン|jmdict-common
メロ・ドラマ|jmdict-variant
メンタリティ|jmdict-common
メンタリティー|jmdict-common
メンタル|jmdict-common
メンタルヘルス|jmdict-common
メンタル・ヘルス|jmdict-variant
メンチ|jmdict-variant
メンツ|jmdict-common
メンテナンス|jmdict-common
メンドくさい|jmdict-variant
メンド臭い|jmdict-variant
メンバ|jmdict-variant
メンバー|jmdict-common
メンフィス|jmdict-common
メーカ|jmdict-variant
メーカー|jmdict-common
メーキャップ|jmdict-variant
メーク|jmdict-common
メークアップ|jmdict-variant
メージャー|jmdict-variant
メータ|jmdict-common
メーター|jmdict-common
メーデー|jmdict-common
メート|jmdict-common
メートル|jmdict-common
メード|jmdict-variant
メール|jmdict-common
メールアドレス|jmdict-common
メール・アドレス|jmdict-variant
メーン|jmdict-common
メーンストリート|jmdict-variant
メーンバンク|jmdict-common
メーン・ストリート|jmdict-variant
メーン・バンク|jmdict-variant
メー・デー|jmdict-variant
モアゲージ|jmdict-variant
モアレ|jmdict-common
モサド|jmdict-common
モザイク|jmdict-common
モザンビーク|jmdict-common
モスク|jmdict-common
モスクワ|jmdict-common
モスグリーン|jmdict-common
モス・グリーン|jmdict-variant
モダニズム|jmdict-common
モダン|jmdict-common
モダンダンス|jmdict-common
モダン・ダンス|jmdict-variant
モダーン|jmdict-variant
モチーフ|jmdict-common
モックアップ|jmdict-common
モットー|jmdict-common
モツなべ|jmdict-variant
モツ鍋|jmdict-variant
モテない|jmdict-common
モティーフ|jmdict-common
モディスト|jmdict-common
モデム|jmdict-common
モデル|jmdict-common
モデルガン|jmdict-common
モデルケース|jmdict-common
モデル・ガン|jmdict-variant
モデル・ケース|jmdict-variant
モトクロス|jmdict-common
モニタ|jmdict-variant
モニタニング|jmdict-variant
モニタリング|jmdict-common
モニター|jmdict-common
モニュメント|jmdict-common
モノ|jmdict-common
モノクロ|jmdict-common
モノトーン|jmdict-common
モノラル|jmdict-common
モノレール|jmdict-common
モノローグ|jmdict-common
モノーラル|jmdict-variant
モノ足りない|jmdict-variant
モミジ|jmdict-variant
モミズム|jmdict-common
モメる|jmdict-variant
モモ|jmdict-variant
モラトリアム|jmdict-common
モラル|jmdict-common
モリスダンス|jmdict-common
モリス・ダンス|jmdict-variant
モルグ|jmdict-common
モルタル|jmdict-common
モルドバ|jmdict-common
モルドヴァ|jmdict-variant
モルヒネ|jmdict-common
モルモット|jmdict-common
モロッコ|jmdict-common
モワレ|jmdict-variant
モンキー|jmdict-common
モンゴリズム|jmdict-common
モンスター|jmdict-common
モンスーン|jmdict-common
モンタナ|jmdict-common
モンタージュ|jmdict-common
モンテカルロ|jmdict-common
モンテ・カルロ|jmdict-variant
モンパリ|jmdict-common
モン・パリ|jmdict-variant
モーゲッジ|jmdict-variant
モーゲージ|jmdict-common
モーション|jmdict-common
モーゼル|jmdict-common
モータ|jmdict-common
モータショー|jmdict-variant
モータリゼーション|jmdict-common
モーター|jmdict-common
モーターサイクル|jmdict-common
モーターショウ|jmdict-variant
モーターショー|jmdict-common
モーター・ショウ|jmdict-variant
モーター・ショー|jmdict-variant
モーツァルト|jmdict-common
モーツアルト|jmdict-variant
モード|jmdict-common
モーニング|jmdict-common
モービルハウス|jmdict-common
モービル・ハウス|jmdict-variant
モール|jmdict-common
ヤる|jmdict-variant
ヤキソバ|jmdict-variant
ヤキモチ|jmdict-variant
ヤクザ|jmdict-common
ヤケ|jmdict-variant
ヤケド|jmdict-variant
ヤッタ|jmdict-variant
ヤッター|jmdict-variant
ヤツ|jmdict-variant
ヤツら|jmdict-variant
ヤツ等|jmdict-variant
ヤナギ|jmdict-variant
ヤバい|jmdict-variant
ヤバイ|jmdict-variant
ヤボ|jmdict-variant
ヤマ|jmdict-variant
ヤマネコ|jmdict-variant
ヤル気|jmdict-variant
ヤンガージェネレーション|jmdict-common
ヤンガー・ジェネレーション|jmdict-variant
ヤンキー|jmdict-common
ヤング|jmdict-common
ヤンマ|jmdict-common
ヤード|jmdict-common
ユウトピア|jmdict-variant
ユカラ|jmdict-variant
ユズ|jmdict-common
ユタ|jmdict-common
ユダヤ|jmdict-common
ユダヤきょう|jmdict-common
ユダヤ教|jmdict-common
ユニオン|jmdict-common
ユニク|jmdict-variant
ユニセフ|jmdict-common
ユニット|jmdict-common
ユニバーサル|jmdict-common
ユニバーシアード|jmdict-common
ユニバース|jmdict-common
ユニフォーム|jmdict-common
ユニホーム|jmdict-common
ユニヴァーサル|jmdict-variant
ユニーク|jmdict-common
ユラユラ|jmdict-variant
ユリ|jmdict-variant
ユリア|jmdict-common
ユリイカ|jmdict-variant
ユー|jmdict-common
ユーエスエー|jmdict-variant
ユーカラ|jmdict-common
ユーカリ|jmdict-common
ユーゴ|jmdict-common
ユーゴスラビア|jmdict-common
ユーゴスラヴィア|jmdict-variant
ユーゴースラビア|jmdict-variant
ユーゴースラヴィア|jmdict-variant
ユーザ|jmdict-variant
ユーザー|jmdict-common
ユース|jmdict-common
ユースホステル|jmdict-common
ユース・ホステル|jmdict-variant
ユーズド|jmdict-common
ユートピア|jmdict-common
ユーニーク|jmdict-variant
ユーモア|jmdict-common
ユーモラス|jmdict-common
ユーレカ|jmdict-common
ユーロ|jmdict-common
ユー・エス・エー|jmdict-common
ヨウグルト|jmdict-variant
ヨオロッパ|jmdict-variant
ヨオロツパ|jmdict-variant
ヨガ|jmdict-common
ヨグルト|jmdict-variant
ヨコ|jmdict-variant
ヨコバイ|jmdict-variant
ヨコ目|jmdict-variant
ヨセ|jmdict-variant
ヨチヨチ|jmdict-variant
ヨット|jmdict-common
ヨットハーバー|jmdict-common
ヨット・ハーバー|jmdict-variant
ヨルダン|jmdict-common
ヨロヨロ|jmdict-variant
ヨーガ|jmdict-common
ヨーク|jmdict-common
ヨーグルト|jmdict-common
ヨーロッパ|jmdict-common
ヨーロパ|jmdict-variant
ライアビリティー|jmdict-common
ライオン|jmdict-common
ライス|jmdict-common
ライセンス|jmdict-common
ライタ|jmdict-variant
ライター|jmdict-common
ライダー|jmdict-common
ライト|jmdict-common
ライトバン|jmdict-common
ライト・バン|jmdict-variant
ライド|jmdict-common
ライナップ|jmdict-variant
ライナー|jmdict-common
ライバル|jmdict-common
ライフ|jmdict-common
ライフル|jmdict-common
ライフワーク|jmdict-common
ライブ|jmdict-common
ライブハウス|jmdict-common
ライブラリ|jmdict-variant
ライブラリー|jmdict-common
ライブ・ハウス|jmdict-variant
ライム|jmdict-common
ライン|jmdict-common
ラインアップ|jmdict-common
ラインナップ|jmdict-variant
ライヴ|jmdict-variant
ライヴァル|jmdict-variant
ライヴハウス|jmdict-variant
ライヴ・ハウス|jmdict-variant
ラウドスピーカー|jmdict-common
ラウンジ|jmdict-common
ラウンド|jmdict-common
ラオス|jmdict-common
ラガー|jmdict-common
ラグ|jmdict-common
ラグビー|jmdict-common
ラケット|jmdict-common
ラジアル|jmdict-common
ラジウム|jmdict-common
ラジェーター|jmdict-variant
ラジエタ|jmdict-variant
ラジエター|jmdict-variant
ラジエータ|jmdict-variant
ラジエーター|jmdict-common
ラジオ|jmdict-common
ラジカセ|jmdict-common
ラジカル|jmdict-common
ラス|jmdict-common
ラスト|jmdict-common
ラストスパート|jmdict-common
ラスト・スパート|jmdict-variant
ラダー|jmdict-common
ラヂオ|jmdict-variant
ラッキィ|jmdict-variant
ラッキー|jmdict-common
ラッキーゾーン|jmdict-common
ラッキー・ゾーン|jmdict-variant
ラック|jmdict-common
ラッグ|jmdict-variant
ラッシュ|jmdict-common
ラッシュアワー|jmdict-common
ラッシュ・アワー|jmdict-variant
ラッセル|jmdict-common
ラッチ|jmdict-common
ラッピング|jmdict-common
ラップ|jmdict-common
ラテックス|jmdict-common
ラテン|jmdict-common
ラテンご|jmdict-common
ラテンアメリカ|jmdict-common
ラテン・アメリカ|jmdict-variant
ラテン語|jmdict-common
ラディカル|jmdict-common
ラトビア|jmdict-common
ラトヴィア|jmdict-variant
ラドン|jmdict-common
ラバトリー|jmdict-common
ラバー|jmdict-common
ラビオリ|jmdict-common
ラフ|jmdict-common
ラフト|jmdict-common
ラフプレイ|jmdict-variant
ラフプレー|jmdict-common
ラフマニノフ|jmdict-common
ラフ・プレイ|jmdict-variant
ラフ・プレー|jmdict-variant
ラブ|jmdict-common
ラブコメ|jmdict-common
ラブソング|jmdict-common
ラブレター|jmdict-common
ラブ・ソング|jmdict-variant
ラブ・レター|jmdict-variant
ラベル|jmdict-common
ラボ|jmdict-common
ラマ|jmdict-common
ラミネート|jmdict-common
ラム|jmdict-common
ラメ|jmdict-common
ララバイ|jmdict-common
ラリー|jmdict-common
ラワン|jmdict-common
ラン|jmdict-common
ランキング|jmdict-common
ランク|jmdict-common
ラング|jmdict-common
ランジェリー|jmdict-common
ランス|jmdict-common
ランダム|jmdict-common
ランチ|jmdict-common
ランディング|jmdict-common
ランド|jmdict-common
ランドサット|jmdict-common
ランドセル|jmdict-common
ランドマーク|jmdict-common
ランドリ|jmdict-variant
ランドリー|jmdict-common
ランナー|jmdict-common
ランニング|jmdict-common
ランプ|jmdict-common
ラヴ|jmdict-common
ラヴコメ|jmdict-variant
ラーゲ|jmdict-common
ラード|jmdict-common
ラーニング|jmdict-common
ラーメン|jmdict-common
ラー麺|jmdict-variant
リア|jmdict-common
リアクション|jmdict-common
リアリズム|jmdict-common
リアル|jmdict-common
リキッド|jmdict-common
リキュール|jmdict-common
リクエスト|jmdict-common
リクリェーション|jmdict-variant
リクリエーション|jmdict-variant
リクルーター|jmdict-common
リクルート|jmdict-common
リクード|jmdict-common
リコーダ|jmdict-variant
リコーダー|jmdict-common
リコール|jmdict-common
リサイクル|jmdict-common
リサイクルショップ|jmdict-common
リサイクル・ショップ|jmdict-variant
リサイタル|jmdict-common
リサーチ|jmdict-common
リザーブ|jmdict-common
リス|jmdict-common
リスク|jmdict-common
リスト|jmdict-common
リストラ|jmdict-common
リスナ|jmdict-variant
リスナー|jmdict-common
リスボア|jmdict-variant
リスボン|jmdict-common
リズミカル|jmdict-common
リズム|jmdict-common
リセ|jmdict-common
リセッション|jmdict-common
リセプション|jmdict-variant
リゾット|jmdict-common
リゾート|jmdict-common
リゾートホテル|jmdict-common
リゾート・ホテル|jmdict-variant
リタイア|jmdict-common
リタイヤ|jmdict-variant
リターン|jmdict-common
リターンマッチ|jmdict-common
リターン・マッチ|jmdict-variant
リチウム|jmdict-common
リッターカー|jmdict-common
リッター・カー|jmdict-variant
リッチ|jmdict-common
リットル|jmdict-common
リップサービス|jmdict-common
リップ・サービス|jmdict-variant
リトアニア|jmdict-common
リトグラフ|jmdict-common
リトル|jmdict-common
リトルロック|jmdict-common
リトル・ロック|jmdict-variant
リニア|jmdict-common
リニアモーターカー|jmdict-common
リニア・モーターカー|jmdict-variant
リニア・モーター・カー|jmdict-variant
リニュアル|jmdict-variant
リニューアル|jmdict-common
リネーム|jmdict-common
リハビリ|jmdict-common
リハビリテーション|jmdict-common
リハーサル|jmdict-common
リバイバル|jmdict-common
リバウンド|jmdict-common
リバティ|jmdict-common
リバティー|jmdict-variant
リバーシブル|jmdict-common
リビア|jmdict-common
リビジョン|jmdict-common
リビング|jmdict-common
リピータ|jmdict-variant
リピーター|jmdict-common
リファイナンス|jmdict-common
リフォーム|jmdict-common
リフト|jmdict-common
リフレシュ|jmdict-variant
リフレッシュ|jmdict-common
リフレット|jmdict-variant
リブ|jmdict-common
リプライ|jmdict-common
リベラリスト|jmdict-common
リベラリズム|jmdict-common
リベラル|jmdict-common
リベリア|jmdict-common
リベート|jmdict-common
リボン|jmdict-common
リポーター|jmdict-common
リポート|jmdict-common
リマ|jmdict-common
リミット|jmdict-common
リミティッド|jmdict-variant
リミテット|jmdict-variant
リミテッド|jmdict-common
リム|jmdict-common
リムジン|jmdict-common
リムジーン|jmdict-variant
リメイク|jmdict-common
リメーク|jmdict-variant
リモコン|jmdict-common
リモート|jmdict-common
リャマ|jmdict-variant
リヤ|jmdict-variant
リュックサック|jmdict-common
リュックザック|jmdict-variant
リュージュ|jmdict-common
リュート|jmdict-common
リラ|jmdict-common
リラックス|jmdict-common
リリース|jmdict-common
リリーフ|jmdict-common
リレー|jmdict-common
リンク|jmdict-common
リング|jmdict-common
リングサイド|jmdict-common
リンケージ|jmdict-common
リンゴ|jmdict-variant
リンス|jmdict-common
リンチ|jmdict-common
リンパ|jmdict-common
リヴァイヴァル|jmdict-variant
リヴィジョン|jmdict-variant
リーガー|jmdict-common
リーク|jmdict-common
リーグ|jmdict-common
リーグせん|jmdict-common
リーグ戦|jmdict-common
リース|jmdict-common
リースナブル|jmdict-variant
リーズナブル|jmdict-common
リーダ|jmdict-variant
リーダー|jmdict-common
リーダーシップ|jmdict-common
リーチ|jmdict-common
リーディング|jmdict-common
リート|jmdict-common
リード|jmdict-common
リードオフマン|jmdict-common
リード・オフ・マン|jmdict-variant
リーフレット|jmdict-common
リーマン|jmdict-common
リール|jmdict-common
ルアー|jmdict-common
ルイジアナ|jmdict-common
ルウ|jmdict-variant
ルクス|jmdict-common
ルサンチマン|jmdict-common
ルズム|jmdict-variant
ルック|jmdict-common
ルックサック|jmdict-variant
ルックザック|jmdict-variant
ルックス|jmdict-common
ルネサンス|jmdict-common
ルネッサンス|jmdict-common
ルネッサーンス|jmdict-variant
ルビ|jmdict-common
ルビー|jmdict-common
ルポ|jmdict-common
ルポタージュ|jmdict-variant
ルポルタージュ|jmdict-common
ルミノール|jmdict-common
ルレット|jmdict-variant
ルンゲ|jmdict-common
ルー|jmdict-common
ルーキー|jmdict-common
ルージュ|jmdict-common
ルーズ|jmdict-common
ルーチン|jmdict-common
ルーツ|jmdict-common
ルーティン|jmdict-common
ルーティーン|jmdict-variant
ルート|jmdict-common
ルーフ|jmdict-common
ルーブル|jmdict-common
ループ|jmdict-common
ルーム|jmdict-common
ルール|jmdict-common
ルーレット|jmdict-common
ルーヴル|jmdict-variant
レア|jmdict-common
レアー|jmdict-variant
レイア|jmdict-variant
レイアウト|jmdict-common
レイアー|jmdict-variant
レイオフ|jmdict-common
レイク|jmdict-variant
レイト|jmdict-variant
レイプ|jmdict-common
レイヨン|jmdict-variant
レインコート|jmdict-common
レインジャー|jmdict-variant
レインボウフィッシュ|jmdict-variant
レインボーフィッシュ|jmdict-common
レインボー・フィッシュ|jmdict-variant
レイン・コート|jmdict-variant
レオタード|jmdict-common
レガッタ|jmdict-common
レガース|jmdict-common
レガーズ|jmdict-variant
レギュラー|jmdict-common
レギュラーしゅつえん|jmdict-common
レギュラー出演|jmdict-common
レクイエム|jmdict-common
レクエム|jmdict-variant
レクチャ|jmdict-variant
レクチャー|jmdict-common
レクチュア|jmdict-variant
レクリェーション|jmdict-common
レクリエーション|jmdict-common
レクレーション|jmdict-variant
レゲエ|jmdict-common
レコーダ|jmdict-variant
レコーダー|jmdict-common
レコーディング|jmdict-common
レコード|jmdict-common
レザー|jmdict-common
レシート|jmdict-common
レシーバ|jmdict-variant
レシーバー|jmdict-common
レシーブ|jmdict-common
レジ|jmdict-common
レジスタ|jmdict-variant
レジスタンス|jmdict-common
レジスター|jmdict-common
レジデンス|jmdict-common
レジャー|jmdict-common
レス|jmdict-common
レスキュー|jmdict-common
レスト|jmdict-common
レストラン|jmdict-common
レスリング|jmdict-common
レズ|jmdict-common
レセプション|jmdict-common
レタス|jmdict-common
レタリング|jmdict-common
レター|jmdict-common
レッカー|jmdict-common
レッスン|jmdict-common
レッテル|jmdict-common
レット|jmdict-variant
レッド|jmdict-common
レディ|jmdict-common
レディー|jmdict-common
レトリック|jmdict-common
レトルト|jmdict-common
レトロ|jmdict-common
レハビリ|jmdict-variant
レバノン|jmdict-common
レバー|jmdict-common
レパートリ|jmdict-variant
レパートリー|jmdict-common
レビュー|jmdict-common
レフェリー|jmdict-common
レフト|jmdict-common
レフリー|jmdict-variant
レプラ|jmdict-common
レプリカ|jmdict-common
レベル|jmdict-common
レポルタージュ|jmdict-variant
レポーター|jmdict-variant
レポート|jmdict-common
レモン|jmdict-common
レリーフ|jmdict-common
レンガ|jmdict-common
レングス|jmdict-common
レンジ|jmdict-common
レンジャー|jmdict-common
レンズ|jmdict-common
レンタカー|jmdict-common
レンタル|jmdict-common
レンタルビデオ|jmdict-common
レンタル・ビデオ|jmdict-variant
レントゲン|jmdict-common
レヴェル|jmdict-variant
レヴュー|jmdict-variant
レーク|jmdict-common
レーサー|jmdict-common
レーザ|jmdict-variant
レーザー|jmdict-common
レーザーディスク|jmdict-common
レーザー・ディスク|jmdict-variant
レーシングカー|jmdict-common
レーシング・カー|jmdict-variant
レース|jmdict-common
レーダ|jmdict-variant
レーダー|jmdict-common
レート|jmdict-common
レーベル|jmdict-common
レーヨン|jmdict-common
レール|jmdict-common
レーン|jmdict-common
レーンコート|jmdict-variant
レーンジャー|jmdict-variant
レーンボーフィッシュ|jmdict-variant
レーン・コート|jmdict-variant
ロイアリティ|jmdict-variant
ロイアリティー|jmdict-variant
ロイアルティ|jmdict-variant
ロイアルティー|jmdict-variant
ロイヤリティ|jmdict-common
ロイヤリティー|jmdict-variant
ロイヤリテイ|jmdict-variant
ロイヤル|jmdict-common
ロイヤルティ|jmdict-variant
ロイヤルティー|jmdict-variant
ロウソク|jmdict-variant
ロカビリー|jmdict-common
ロクな|jmdict-variant
ログ|jmdict-common
ロケ|jmdict-common
ロケット|jmdict-common
ロケットだん|jmdict-common
ロケット弾|jmdict-common
ロケハン|jmdict-common
ロケーション|jmdict-common
ロココ|jmdict-common
ロゴ|jmdict-common
ロサンジェルス|jmdict-variant
ロサンゼルス|jmdict-common
ロシア|jmdict-common
ロシヤ|jmdict-variant
ロジアナ|jmdict-common
ロジック|jmdict-common
ロス|jmdict-common
ロスアンジェルス|jmdict-variant
ロスアンゼルス|jmdict-variant
ロス・アンジェルス|jmdict-variant
ロス・アンゼルス|jmdict-variant
ロゼ|jmdict-common
ロッカー|jmdict-common
ロッカールーム|jmdict-common
ロッカー・ルーム|jmdict-variant
ロック|jmdict-common
ロックウール|jmdict-common
ロックンロール|jmdict-common
ロック・ウール|jmdict-variant
ロッケンロール|jmdict-variant
ロッジ|jmdict-common
ロッド|jmdict-common
ロップ|jmdict-variant
ロデオ|jmdict-common
ロビイスト|jmdict-common
ロビング|jmdict-common
ロビー|jmdict-common
ロフト|jmdict-common
ロブ|jmdict-common
ロボット|jmdict-common
ロマン|jmdict-common
ロマンス|jmdict-common
ロマンチック|jmdict-common
ロマンチツク|jmdict-variant
ロマンティック|jmdict-common
ロム|jmdict-common
ロヤリティー|jmdict-variant
ロング|jmdict-common
ロングセラー|jmdict-common
ロングホール|jmdict-common
ロングラン|jmdict-common
ロング・セラー|jmdict-variant
ロング・ホール|jmdict-variant
ロング・ラン|jmdict-variant
ロンドン|jmdict-common
ロー|jmdict-common
ローカル|jmdict-common
ローション|jmdict-common
ロース|jmdict-common
ロースト|jmdict-common
ローズ|jmdict-common
ローソク|jmdict-variant
ロータス|jmdict-common
ロータリー|jmdict-common
ローター|jmdict-common
ローテーション|jmdict-common
ロード|jmdict-common
ロードショウ|jmdict-variant
ロードショー|jmdict-common
ロードレース|jmdict-common
ロード・ショウ|jmdict-variant
ロード・ショー|jmdict-variant
ロード・レース|jmdict-variant
ロープ|jmdict-common
ロープウェイ|jmdict-common
ロープウェー|jmdict-variant
ロープウエイ|jmdict-variant
ロープウエー|jmdict-variant
ローマ|jmdict-common
ローマじ|jmdict-common
ローマン|jmdict-variant
ローマンス|jmdict-variant
ローマ字|jmdict-common
ローム|jmdict-common
ローヤリティ|jmdict-variant
ローヤリティー|jmdict-variant
ローヤル|jmdict-variant
ローヤルティ|jmdict-variant
ローヤルティー|jmdict-variant
ローラ|jmdict-variant
ローラー|jmdict-common
ローラースケート|jmdict-common
ローラー・スケート|jmdict-variant
ローリング|jmdict-common
ロール|jmdict-common
ローレル|jmdict-common
ローン|jmdict-common
ワイア|jmdict-common
ワイアレス|jmdict-variant
ワイシャツ|jmdict-common
ワイズ|jmdict-common
ワイド|jmdict-common
ワイドショウ|jmdict-variant
ワイドショー|jmdict-common
ワイド・ショー|jmdict-variant
ワイパ|jmdict-variant
ワイパー|jmdict-common
ワイヤ|jmdict-common
ワイヤレス|jmdict-common
ワイヤー|jmdict-variant
ワイヤーレス|jmdict-variant
ワイルド|jmdict-common
ワイロ|jmdict-variant
ワイワイ|jmdict-variant
ワイン|jmdict-common
ワウ|jmdict-common
ワカメ|jmdict-variant
ワクチン|jmdict-common
ワクワク|jmdict-common
ワケ|jmdict-variant
ワゴン|jmdict-common
ワサビ|jmdict-variant
ワシ|jmdict-variant
ワシントン|jmdict-common
ワタ|jmdict-variant
ワタシ|jmdict-variant
ワタシ達|jmdict-variant
ワタリ|jmdict-variant
ワックス|jmdict-common
ワックワク|jmdict-variant
ワット|jmdict-common
ワッペン|jmdict-common
ワニラ|jmdict-variant
ワラ|jmdict-variant
ワラビー|jmdict-common
ワラント|jmdict-common
ワリカン|jmdict-variant
ワリコミ|jmdict-variant
ワリバシ|jmdict-variant
ワレメ|jmdict-variant
ワン|jmdict-common
ワンこ|jmdict-variant
ワンちゃん|jmdict-common
ワンコ|jmdict-common
ワンセグ|jmdict-common
ワンタッチ|jmdict-common
ワンダフォー|jmdict-variant
ワンダフル|jmdict-common
ワンダホー|jmdict-variant
ワンチャン|jmdict-variant
ワンピース|jmdict-common
ワンボックスカー|jmdict-common
ワンポイントリリーフ|jmdict-common
ワンマン|jmdict-common
ワンルームマンション|jmdict-common
ワンルーム・マンション|jmdict-variant
ワン・タッチ|jmdict-variant
ワン・ボックス・カー|jmdict-variant
ワン・ポイント・リリーフ|jmdict-variant
ワン・マン|jmdict-variant
ワン子|jmdict-variant
ワーカー|jmdict-common
ワーキング|jmdict-common
ワーク|jmdict-common
ワークショップ|jmdict-common
ワークショプ|jmdict-variant
ワークステーション|jmdict-common
ワースト|jmdict-common
ワード|jmdict-common
ワープ|jmdict-common
ワープロ|jmdict-common
ワールド|jmdict-common
ワールドカップ|jmdict-common
ワールドシリーズ|jmdict-common
ワールド・カップ|jmdict-variant
ワールド・シリーズ|jmdict-variant
ヲタク|jmdict-variant
ヲッカ|jmdict-variant
ヴァイオリニスト|jmdict-common
ヴァイオリン|jmdict-common
ヴァイキング|jmdict-variant
ヴァイタリティ|jmdict-variant
ヴァイタリティー|jmdict-variant
ヴァイナル|jmdict-variant
ヴァカンス|jmdict-variant
ヴァチカン|jmdict-variant
ヴァティカン|jmdict-variant
ヴァニラ|jmdict-variant
ヴァラエティ|jmdict-variant
ヴァラエティー|jmdict-variant
ヴァリエーション|jmdict-variant
ヴァルヴ|jmdict-variant
ヴァレンタイン|jmdict-variant
ヴァレンタインデー|jmdict-variant
ヴァレンタイン・デー|jmdict-variant
ヴァンパイア|jmdict-common
ヴァンパイヤ|jmdict-variant
ヴァージョン|jmdict-variant
ヴァージン|jmdict-variant
ヴァーチャル|jmdict-variant
ヴィオラ|jmdict-variant
ヴィオーラ|jmdict-variant
ヴィクトリア|jmdict-variant
ヴィクトリー|jmdict-variant
ヴィジタ|jmdict-variant
ヴィジター|jmdict-variant
ヴィジュアル|jmdict-variant
ヴィジョン|jmdict-variant
ヴィタ|jmdict-variant
ヴィタミン|jmdict-variant
ヴィデオ|jmdict-variant
ヴィデオテープ|jmdict-variant
ヴィデオ・テープ|jmdict-variant
ヴィラ|jmdict-variant
ヴィレッジ|jmdict-variant
ヴィンテージ|jmdict-common
ヴィヴィッド|jmdict-variant
ヴィーグル|jmdict-variant
ヴェスト|jmdict-variant
ヴェテラン|jmdict-variant
ヴェネツィアングラス|jmdict-variant
ヴェネツィアン・グラス|jmdict-variant
ヴェルモット|jmdict-variant
ヴェンチャー|jmdict-variant
ヴェートーベン|jmdict-variant
ヴェール|jmdict-variant
ヴォイス|jmdict-variant
ヴォケ|jmdict-variant
ヴォコーダ|jmdict-variant
ヴォコーダー|jmdict-variant
ヴォッカ|jmdict-variant
ヴォトカ|jmdict-variant
ヴォドカ|jmdict-variant
ヴォリューム|jmdict-variant
ヴォルト|jmdict-variant
ヴォーカリスト|jmdict-common
ヴォーカル|jmdict-variant
ヴュー|jmdict-variant
ヵ国|jmdict-variant
ヵ所|jmdict-variant
ヵ月|jmdict-common
ヶ国|jmdict-common
ヶ所|jmdict-variant
ヶ月|jmdict-common
㐂寿|jmdict-variant
一々|jmdict-common
一〇|jmdict-variant
一〇〇|jmdict-variant
一〇〇〇|jmdict-variant
一〇〇〇〇|jmdict-variant
一〇〇〇〇〇|jmdict-variant
一〇日|jmdict-variant
一〇月|jmdict-variant
一か月|jmdict-variant
一しょ|jmdict-variant
一すじ|jmdict-variant
一たび|jmdict-variant
一つ|jmdict-common
一つひとつ|jmdict-variant
一つ一つ|jmdict-common
一とたび|jmdict-variant
一と先ず|jmdict-variant
一と足|jmdict-variant
一ぱい|jmdict-variant
一まず|jmdict-variant
一まわり|jmdict-variant
一カ月|jmdict-variant
一ケ|jmdict-variant
一ケ月|jmdict-variant
一ヵ月|jmdict-variant
一ヶ|jmdict-variant
一ヶ月|jmdict-common
一一|jmdict-common
一一〇番|jmdict-variant
一一九番|jmdict-common
一一日|jmdict-variant
一一月|jmdict-variant
一丁|jmdict-common
一七|jmdict-variant
一七日|jmdict-variant
一万|jmdict-common
一三|jmdict-variant
一三日|jmdict-variant
一世|jmdict-common
一両|jmdict-common
一丸|jmdict-common
一九|jmdict-variant
一九日|jmdict-variant
一二|jmdict-common
一二日|jmdict-variant
一二月|jmdict-variant
一五|jmdict-variant
一五日|jmdict-variant
一人|jmdict-common
一人ごと|jmdict-variant
一人っ子|jmdict-common
一人で|jmdict-common
一人でに|jmdict-variant
一人ひとり|jmdict-variant
一人まえ|jmdict-variant
一人一人|jmdict-common
一人前|jmdict-common
一人占め|jmdict-variant
一人娘|jmdict-common
一人子|jmdict-variant
一人息子|jmdict-common
一人旅|jmdict-common
一人暮し|jmdict-variant
一人暮らし|jmdict-common
一人歩き|jmdict-common
一人物|jmdict-common
一人言|jmdict-variant
一代|jmdict-common
一件|jmdict-common
一任|jmdict-common
一休み|jmdict-common
一位|jmdict-common
一体|jmdict-common
一例|jmdict-common
一個|jmdict-common
一倍|jmdict-common
一億|jmdict-common
一元|jmdict-common
一元化|jmdict-common
一先|jmdict-variant
一先ず|jmdict-common
一克|jmdict-variant
一党|jmdict-common
一八|jmdict-variant
一八日|jmdict-variant
一六|jmdict-variant
一六日|jmdict-variant
一円|jmdict-common
一冊|jmdict-common
一分|jmdict-common
一切|jmdict-common
一刻|jmdict-common
一剋|jmdict-variant
一割|jmdict-variant
一助|jmdict-common
一匹|jmdict-common
一千|jmdict-common
一口|jmdict-common
一台|jmdict-common
一同|jmdict-common
一向|jmdict-common
一向に|jmdict-common
一周|jmdict-common
一周年|jmdict-common
一味ちがう|jmdict-variant
一味違う|jmdict-common
一品|jmdict-common
一員|jmdict-common
一問|jmdict-common
一喜一憂|jmdict-common
一嗹|jmdict-variant
一四|jmdict-variant
一四日|jmdict-variant
一回|jmdict-common
一回り|jmdict-common
一因|jmdict-common
一団|jmdict-common
一図|jmdict-variant
一国|jmdict-common
一堂|jmdict-common
一塁|jmdict-common
一変|jmdict-common
一夜|jmdict-common
一大|jmdict-common
一女|jmdict-common
一字|jmdict-common
一安心|jmdict-common
一定|jmdict-common
一室|jmdict-common
一家|jmdict-common
一審|jmdict-common
一寸|jmdict-variant
一対一|jmdict-common
一局|jmdict-common
一層|jmdict-common
一層のこと|jmdict-variant
一層の事|jmdict-variant
一帯|jmdict-common
一幕|jmdict-common
一年|jmdict-common
一年じゅう|jmdict-variant
一年ぢゅう|jmdict-variant
一年中|jmdict-common
一年生|jmdict-common
一年間|jmdict-common
一度|jmdict-common
一度に|jmdict-common
一座|jmdict-common
一式|jmdict-common
一往|jmdict-variant
一律|jmdict-common
一心|jmdict-common
一心に|jmdict-common
一応|jmdict-common
一息|jmdict-common
一戦|jmdict-common
一戸建|jmdict-variant
一戸建て|jmdict-common
一手|jmdict-common
一打|jmdict-common
一抹|jmdict-common
一括|jmdict-common
一挙|jmdict-common
一挙に|jmdict-common
一挺|jmdict-variant
一掃|jmdict-common
一握り|jmdict-common
一撃|jmdict-common
一敗|jmdict-common
一文|jmdict-common
一斉|jmdict-common
一斉に|jmdict-common
一新|jmdict-common
一方|jmdict-common
一方的|jmdict-common
一方通行|jmdict-common
一族|jmdict-common
一旒|jmdict-variant
一日|jmdict-common
一日じゅう|jmdict-variant
一日ぢゅう|jmdict-variant
一日中|jmdict-common
一旦|jmdict-common
一早く|jmdict-variant
一昔|jmdict-common
一昨年|jmdict-common
一昨日|jmdict-common
一時|jmdict-common
一時期|jmdict-common
一時的|jmdict-common
一時金|jmdict-common
一時間|jmdict-common
一晩|jmdict-common
一晩じゅう|jmdict-variant
一晩中|jmdict-common
一曲|jmdict-common
一月|jmdict-common
一期|jmdict-common
一本|jmdict-common
一条|jmdict-common
一杯|jmdict-common
一枚|jmdict-common
一枚岩|jmdict-common
一校|jmdict-common
一梃|jmdict-variant
一概に|jmdict-common
一様|jmdict-common
一歩|jmdict-common
一段|jmdict-common
一段落|jmdict-common
一気|jmdict-common
一気に|jmdict-common
一泊|jmdict-common
一派|jmdict-common
一流|jmdict-common
一点|jmdict-common
一率|jmdict-variant
一環|jmdict-common
一生|jmdict-common
一生けんめい|jmdict-variant
一生けん命|jmdict-variant
一生懸命|jmdict-common
一男|jmdict-common
一番|jmdict-common
一番のり|jmdict-variant
一番上|jmdict-common
一番乗り|jmdict-common
一番手|jmdict-common
一疋|jmdict-variant
一発|jmdict-common
一盃|jmdict-variant
一目|jmdict-common
一直線|jmdict-common
一着|jmdict-common
一瞬|jmdict-common
一石|jmdict-common
一石二鳥|jmdict-common
一票|jmdict-common
一種|jmdict-common
一端|jmdict-common
一等|jmdict-common
一筋|jmdict-common
一箇|jmdict-variant
一箇月|jmdict-variant
一節|jmdict-common
一級|jmdict-common
一緒|jmdict-common
一緒に|jmdict-common
一線|jmdict-common
一義|jmdict-common
一翼|jmdict-common
一致|jmdict-common
一般|jmdict-common
一般に|jmdict-common
一般人|jmdict-common
一般的|jmdict-common
一色|jmdict-common
一行|jmdict-common
一見|jmdict-common
一覧|jmdict-common
一覧表|jmdict-common
一角|jmdict-common
一言|jmdict-common
一貫|jmdict-common
一足|jmdict-common
一躍|jmdict-common
一身|jmdict-common
一軍|jmdict-common
一軒|jmdict-common
一輛|jmdict-variant
一辺倒|jmdict-common
一途|jmdict-common
一通|jmdict-common
一通り|jmdict-common
一連|jmdict-common
一週間|jmdict-common
一遍|jmdict-common
一遍に|jmdict-common
一過|jmdict-common
一部|jmdict-common
一部分|jmdict-common
一酸化炭素|jmdict-common
一里塚|jmdict-common
一重|jmdict-common
一門|jmdict-common
一隅|jmdict-common
一階|jmdict-common
一面|jmdict-common
一風|jmdict-common
一首|jmdict-common
一騎打|jmdict-variant
一騎打ち|jmdict-common
一騎討|jmdict-variant
一騎討ち|jmdict-variant
丁寧|jmdict-common
丁度|jmdict-common
丁目|jmdict-common
丁重|jmdict-common
七々日|jmdict-variant
七〇|jmdict-variant
七つ|jmdict-common
七七日|jmdict-common
七五三|jmdict-common
七十|jmdict-common
七夕|jmdict-common
七日|jmdict-common
七時|jmdict-common
七月|jmdict-common
七福神|jmdict-common
万が一|jmdict-common
万一|jmdict-common
万事|jmdict-common
万人|jmdict-common
万全|jmdict-common
万国|jmdict-common
万場一致|jmdict-variant
万年|jmdict-common
万年筆|jmdict-common
万引|jmdict-common
万引き|jmdict-common
万才|jmdict-variant
万更|jmdict-variant
万歳|jmdict-common
万能|jmdict-common
万里|jmdict-common
丈夫|jmdict-common
三〇|jmdict-variant
三〇〇|jmdict-variant
三〇〇〇|jmdict-variant
三〇日|jmdict-variant
三つ|jmdict-common
三一日|jmdict-variant
三人|jmdict-common
三代|jmdict-common
三冠馬|jmdict-common
三十|jmdict-common
三十一日|jmdict-common
三十八度線|jmdict-common
三十日|jmdict-common
三千|jmdict-common
三味線|jmdict-common
三回|jmdict-common
三塁|jmdict-common
三塁手|jmdict-common
三塁打|jmdict-common
三女|jmdict-common
三年|jmdict-common
三度|jmdict-common
三役|jmdict-common
三振|jmdict-common
三方|jmdict-common
三日|jmdict-common
三日月|jmdict-common
三時|jmdict-common
三月|jmdict-common
三本|jmdict-common
三枚|jmdict-common
三権|jmdict-common
三次|jmdict-common
三次元|jmdict-variant
三流|jmdict-common
三男|jmdict-common
三百|jmdict-common
三省|jmdict-common
三種|jmdict-common
三者|jmdict-common
三角|jmdict-common
三角形|jmdict-common
三輪|jmdict-common
三選|jmdict-common
三部|jmdict-common
三部作|jmdict-common
三鞭酒|jmdict-variant
上々|jmdict-common
上がったり|jmdict-common
上がり|jmdict-common
上がる|jmdict-common
上くちびる|jmdict-variant
上げ|jmdict-common
上げる|jmdict-common
上せる|jmdict-common
上っ調子|jmdict-common
上まわる|jmdict-variant
上り|jmdict-common
上り下り|jmdict-common
上り坂|jmdict-common
上り降り|jmdict-variant
上る|jmdict-common
上ル|jmdict-variant
上上|jmdict-variant
上下|jmdict-common
上乗|jmdict-variant
上乗せ|jmdict-common
上京|jmdict-common
上位|jmdict-common
上体|jmdict-common
上半期|jmdict-common
上半身|jmdict-common
上司|jmdict-common
上向き|jmdict-common
上告|jmdict-common
上品|jmdict-common
上唇|jmdict-common
上回る|jmdict-common
上場|jmdict-common
上層|jmdict-common
上廻る|jmdict-variant
上手|jmdict-common
上手い|jmdict-common
上手くいく|jmdict-variant
上手く行く|jmdict-variant
上手投げ|jmdict-common
上方|jmdict-common
上旬|jmdict-common
上昇|jmdict-common
上映|jmdict-common
上期|jmdict-common
上機嫌|jmdict-common
上気|jmdict-variant
上気せる|jmdict-variant
上流|jmdict-common
上海|jmdict-common
上演|jmdict-common
上田|jmdict-common
上申|jmdict-common
上皇|jmdict-common
上着|jmdict-common
上積み|jmdict-common
上空|jmdict-common
上等|jmdict-common
上級|jmdict-common
上衣|jmdict-variant
上記|jmdict-common
上越|jmdict-common
上達|jmdict-common
上部|jmdict-common
上限|jmdict-common
上院|jmdict-common
上陸|jmdict-common
下がり|jmdict-common
下がる|jmdict-common
下げる|jmdict-common
下さい|jmdict-common
下さる|jmdict-common
下す|jmdict-common
下っ腹|jmdict-common
下らない|jmdict-common
下り|jmdict-common
下りる|jmdict-common
下り坂|jmdict-common
下る|jmdict-common
下ろす|jmdict-common
下位|jmdict-common
下値|jmdict-common
下半期|jmdict-common
下半身|jmdict-common
下品|jmdict-common
下唇|jmdict-common
下地|jmdict-common
下宿|jmdict-common
下山|jmdict-common
下戸|jmdict-common
下手|jmdict-common
下手くそ|jmdict-common
下手投げ|jmdict-common
下手糞|jmdict-variant
下敷|jmdict-common
下敷き|jmdict-common
下方|jmdict-common
下旬|jmdict-common
下書き|jmdict-common
下期|jmdict-common
下水|jmdict-common
下水道|jmdict-common
下流|jmdict-common
下火|jmdict-common
下町|jmdict-common
下界|jmdict-common
下痢|jmdict-common
下着|jmdict-common
下等|jmdict-common
下級|jmdict-common
下肢|jmdict-common
下落|jmdict-common
下見|jmdict-common
下記|jmdict-common
下調べ|jmdict-common
下請|jmdict-variant
下請け|jmdict-common
下車|jmdict-common
下部|jmdict-common
下野|jmdict-common
下降|jmdict-common
下限|jmdict-common
下院|jmdict-common
下駄|jmdict-common
不きげん|jmdict-variant
不二山|jmdict-variant
不人気|jmdict-common
不仕合わせ|jmdict-variant
不仕末|jmdict-variant
不仲|jmdict-common
不作|jmdict-common
不便|jmdict-common
不信|jmdict-common
不信任|jmdict-common
不倫|jmdict-common
不偏不党|jmdict-common
不健康|jmdict-common
不備|jmdict-common
不充分|jmdict-common
不全|jmdict-common
不公平|jmdict-common
不利|jmdict-common
不利益|jmdict-common
不動|jmdict-common
不動産|jmdict-common
不動産屋|jmdict-common
不十分|jmdict-common
不協和音|jmdict-common
不可|jmdict-common
不可侵|jmdict-common
不可分|jmdict-common
不可欠|jmdict-common
不可能|jmdict-common
不可解|jmdict-common
不可避|jmdict-common
不合格|jmdict-common
不合理|jmdict-common
不吉|jmdict-common
不味い|jmdict-common
不和|jmdict-common
不問|jmdict-common
不器用|jmdict-common
不図|jmdict-variant
不圖|jmdict-variant
不在|jmdict-common
不在者投票|jmdict-common
不均衡|jmdict-common
不変|jmdict-common
不妊|jmdict-common
不始末|jmdict-common
不姙|jmdict-variant
不孝|jmdict-common
不安|jmdict-common
不安定|jmdict-common
不完全|jmdict-common
不定|jmdict-common
不審|jmdict-common
不尽山|jmdict-variant
不屈|jmdict-common
不平|jmdict-common
不平等|jmdict-common
不幸|jmdict-common
不幸せ|jmdict-common
不当|jmdict-common
不得意|jmdict-common
不徳|jmdict-common
不必要|jmdict-common
不快|jmdict-common
不思議|jmdict-common
不悪|jmdict-variant
不愉快|jmdict-common
不意|jmdict-common
不意に|jmdict-common
不慣|jmdict-variant
不慣れ|jmdict-common
不慮|jmdict-common
不成立|jmdict-common
不戦|jmdict-common
不払い|jmdict-common
不振|jmdict-common
不整脈|jmdict-common
不敵|jmdict-common
不文律|jmdict-common
不斗|jmdict-variant
不断|jmdict-common
不断着|jmdict-variant
不明|jmdict-common
不時着|jmdict-common
不景気|jmdict-common
不服|jmdict-common
不本意|jmdict-common
不朽|jmdict-common
不条理|jmdict-common
不機嫌|jmdict-common
不正|jmdict-common
不死身|jmdict-common
不毛|jmdict-common
不気味|jmdict-common
不況|jmdict-common
不法|jmdict-common
不注意|jmdict-common
不浄|jmdict-common
不渡り|jmdict-common
不満|jmdict-common
不潔|jmdict-common
不燃物|jmdict-common
不用意|jmdict-common
不発|jmdict-common
不相応|jmdict-common
不眠|jmdict-common
不眠症|jmdict-common
不知不識|jmdict-variant
不確か|jmdict-common
不確実|jmdict-common
不祥事|jmdict-common
不穏|jmdict-common
不精|jmdict-variant
不純|jmdict-common
不肖|jmdict-common
不能|jmdict-common
不自然|jmdict-common
不自由|jmdict-common
不良|jmdict-common
不良品|jmdict-common
不苦労|jmdict-variant
不要|jmdict-common
不規則|jmdict-common
不親切|jmdict-common
不評|jmdict-common
不詳|jmdict-common
不調|jmdict-common
不識不知|jmdict-variant
不起訴|jmdict-common
不足|jmdict-common
不退転|jmdict-common
不透明|jmdict-common
不通|jmdict-common
不運|jmdict-common
不適切|jmdict-common
不適当|jmdict-common
不都合|jmdict-common
不釣り合い|jmdict-variant
不釣合|jmdict-variant
不釣合い|jmdict-common
不順|jmdict-common
不馴|jmdict-variant
不馴れ|jmdict-variant
与える|jmdict-common
与党|jmdict-common
与野党|jmdict-common
且つ|jmdict-common
世の中|jmdict-common
世代|jmdict-common
世帯|jmdict-common
世界|jmdict-common
世界じゅう|jmdict-variant
世界一|jmdict-common
世界中|jmdict-common
世界各国|jmdict-common
世界各地|jmdict-common
世界大戦|jmdict-common
世界的|jmdict-common
世界観|jmdict-common
世界遺産|jmdict-common
世界銀行|jmdict-common
世相|jmdict-common
世紀|jmdict-common
世紀末|jmdict-common
世襲|jmdict-common
世話|jmdict-common
世話人|jmdict-common
世論|jmdict-common
世銀|jmdict-common
世間|jmdict-common
丘陵|jmdict-common
両はし|jmdict-variant
両側|jmdict-common
両党|jmdict-common
両国|jmdict-common
両岸|jmdict-common
両手|jmdict-common
両方|jmdict-common
両日|jmdict-common
両替|jmdict-common
両氏|jmdict-common
両眼|jmdict-common
両立|jmdict-common
両端|jmdict-common
両翼|jmdict-common
両者|jmdict-common
両腕|jmdict-common
両親|jmdict-common
両論|jmdict-common
両足|jmdict-common
両軍|jmdict-common
両輪|jmdict-common
両院|jmdict-common
両雄|jmdict-common
両面|jmdict-common
並に|jmdict-variant
並び|jmdict-common
並びかえる|jmdict-common
並びに|jmdict-common
並び変える|jmdict-variant
並び替える|jmdict-common
並ぶ|jmdict-common
並べる|jmdict-common
並み|jmdict-common
並み木|jmdict-variant
並列|jmdict-common
並変える|jmdict-variant
並替える|jmdict-variant
並木|jmdict-common
並樹|jmdict-variant
並用|jmdict-variant
並立|jmdict-common
並行|jmdict-common
並記|jmdict-variant
中々|jmdict-common
中たり|jmdict-variant
中たる|jmdict-variant
中でも|jmdict-common
中にも|jmdict-common
中ば|jmdict-variant
中り|jmdict-variant
中る|jmdict-variant
中世|jmdict-common
中中|jmdict-common
中京|jmdict-common
中佐|jmdict-common
中傷|jmdict-common
中元|jmdict-common
中前|jmdict-common
中卒|jmdict-common
中南米|jmdict-common
中原|jmdict-common
中古|jmdict-common
中古車|jmdict-common
中味|jmdict-variant
中和|jmdict-common
中国|jmdict-common
中国人|jmdict-common
中国語|jmdict-common
中國|jmdict-variant
中型|jmdict-common
中執|jmdict-common
中堅|jmdict-common
中央|jmdict-common
中央集権|jmdict-common
中学|jmdict-common
中学校|jmdict-common
中学生|jmdict-common
中将|jmdict-common
中尉|jmdict-common
中小|jmdict-common
中小企業|jmdict-common
中島|jmdict-common
中年|jmdict-common
中庭|jmdict-common
中形|jmdict-variant
中心|jmdict-common
中心部|jmdict-common
中性|jmdict-common
中性子|jmdict-common
中指|jmdict-common
中断|jmdict-common
中日|jmdict-common
中旬|jmdict-common
中期|jmdict-common
中東|jmdict-common
中枢|jmdict-common
中核|jmdict-common
中次|jmdict-variant
中次ぎ|jmdict-common
中欧|jmdict-common
中止|jmdict-common
中毒|jmdict-common
中流|jmdict-common
中産階級|jmdict-common
中略|jmdict-common
中盤|jmdict-common
中立|jmdict-common
中等|jmdict-common
中級|jmdict-common
中絶|jmdict-common
中継|jmdict-common
中継ぎ|jmdict-common
中耳|jmdict-common
中耳炎|jmdict-common
中腹|jmdict-common
中華|jmdict-common
中華人民共和国|jmdict-common
中華料理|jmdict-common
中華街|jmdict-common
中越|jmdict-common
中身|jmdict-common
中軸|jmdict-common
中退|jmdict-common
中途|jmdict-common
中途ハンパ|jmdict-variant
中途半端|jmdict-common
中道|jmdict-common
中部|jmdict-common
中間|jmdict-common
中隊|jmdict-common
中高|jmdict-common
串戯|jmdict-variant
丸々|jmdict-common
丸い|jmdict-common
丸ごと|jmdict-common
丸っきり|jmdict-common
丸っ切り|jmdict-variant
丸で|jmdict-variant
丸まる|jmdict-common
丸み|jmdict-common
丸めこむ|jmdict-variant
丸める|jmdict-common
丸め込む|jmdict-common
丸丸|jmdict-variant
丸事|jmdict-variant
丸刈|jmdict-variant
丸刈り|jmdict-common
丸味|jmdict-variant
丸型|jmdict-variant
丸太|jmdict-common
丸形|jmdict-variant
丸柱|jmdict-variant
丸毎|jmdict-variant
丹い|jmdict-variant
丹念|jmdict-common
丹精|jmdict-common
丹誠|jmdict-common
主たる|jmdict-common
主として|jmdict-common
主に|jmdict-common
主る|jmdict-variant
主人|jmdict-common
主人公|jmdict-common
主任|jmdict-common
主位|jmdict-variant
主体|jmdict-common
主体的|jmdict-common
主催|jmdict-common
主力|jmdict-common
主唱|jmdict-common
主因|jmdict-common
主婦|jmdict-common
主宰|jmdict-common
主審|jmdict-common
主将|jmdict-common
主導|jmdict-common
主導権|jmdict-common
主席|jmdict-common
主幹|jmdict-common
主張|jmdict-common
主役|jmdict-common
主戦|jmdict-common
主旨|jmdict-variant
主査|jmdict-common
主権|jmdict-common
主權|jmdict-variant
主治医|jmdict-common
主流|jmdict-common
主演|jmdict-common
主犯|jmdict-common
主眼|jmdict-common
主砲|jmdict-common
主税局|jmdict-common
主筆|jmdict-common
主管|jmdict-common
主義|jmdict-common
主義者|jmdict-common
主脳|jmdict-variant
主脳部|jmdict-variant
主要|jmdict-common
主観|jmdict-common
主観的|jmdict-common
主計|jmdict-common
主計局|jmdict-common
主語|jmdict-common
主謀|jmdict-variant
主軸|jmdict-common
主領|jmdict-variant
主題|jmdict-common
主食|jmdict-common
丼ぶり|jmdict-variant
乃ち|jmdict-variant
乃至|jmdict-common
乄切り|jmdict-variant
久々|jmdict-common
久しい|jmdict-common
久しぶり|jmdict-common
久し振り|jmdict-common
久久|jmdict-variant
久留子|jmdict-variant
之れ|jmdict-variant
之等|jmdict-variant
乍ら|jmdict-variant
乍らも|jmdict-variant
乏しい|jmdict-common
乗じる|jmdict-common
乗ずる|jmdict-common
乗せる|jmdict-common
乗っとり|jmdict-variant
乗っとる|jmdict-variant
乗っ取り|jmdict-common
乗っ取る|jmdict-common
乗り|jmdict-common
乗りおくれる|jmdict-variant
乗りかえ|jmdict-variant
乗りかえる|jmdict-variant
乗りきる|jmdict-variant
乗りこえる|jmdict-variant
乗りこむ|jmdict-variant
乗りだす|jmdict-variant
乗りまわす|jmdict-variant
乗りもの|jmdict-variant
乗り出す|jmdict-common
乗り切る|jmdict-common
乗り回す|jmdict-common
乗り場|jmdict-common
乗り換え|jmdict-common
乗り換える|jmdict-common
乗り替え|jmdict-variant
乗り替える|jmdict-variant
乗り気|jmdict-common
乗り物|jmdict-common
乗り越える|jmdict-common
乗り越し|jmdict-common
乗り越す|jmdict-common
乗り込む|jmdict-common
乗り遅れる|jmdict-common
乗り降り|jmdict-common
乗る|jmdict-common
乗出す|jmdict-variant
乗務員|jmdict-common
乗員|jmdict-common
乗回す|jmdict-variant
乗場|jmdict-common
乗客|jmdict-common
乗換|jmdict-common
乗換え|jmdict-common
乗換える|jmdict-variant
乗替え|jmdict-variant
乗替える|jmdict-variant
乗気|jmdict-variant
乗物|jmdict-variant
乗用車|jmdict-common
乗組員|jmdict-common
乗越える|jmdict-variant
乗越し|jmdict-common
乗越す|jmdict-variant
乗車|jmdict-common
乗車券|jmdict-common
乗込む|jmdict-variant
乗遅れる|jmdict-variant
乗降|jmdict-common
乗馬|jmdict-common
乘る|jmdict-variant
九々|jmdict-variant
九〇|jmdict-variant
九つ|jmdict-common
九九|jmdict-common
九十|jmdict-common
九州|jmdict-common
九日|jmdict-common
九月|jmdict-common
九重|jmdict-common
乞う|jmdict-common
乞食|jmdict-common
乱す|jmdict-common
乱れ|jmdict-common
乱れる|jmdict-common
乱吹|jmdict-variant
乱売|jmdict-common
乱暴|jmdict-common
乱獲|jmdict-common
乱用|jmdict-common
乱発|jmdict-common
乱立|jmdict-common
乱調|jmdict-common
乱闘|jmdict-common
乱雑|jmdict-common
乳児|jmdict-common
乳幼児|jmdict-common
乳房|jmdict-common
乳製品|jmdict-common
乳首|jmdict-common
乾かす|jmdict-common
乾く|jmdict-common
乾す|jmdict-variant
乾る|jmdict-variant
乾季|jmdict-common
乾期|jmdict-common
乾杯|jmdict-common
乾燥|jmdict-common
乾物|jmdict-common
乾盃|jmdict-variant
乾電池|jmdict-common
亀裂|jmdict-common
亂暴|jmdict-variant
了う|jmdict-variant
了える|jmdict-variant
了る|jmdict-variant
了承|jmdict-common
了解|jmdict-common
予て|jmdict-common
予め|jmdict-common
予備|jmdict-common
予備校|jmdict-common
予備費|jmdict-common
予告|jmdict-common
予告篇|jmdict-variant
予告編|jmdict-common
予報|jmdict-common
予定|jmdict-common
予定表|jmdict-common
予想|jmdict-common
予想以上|jmdict-common
予想外|jmdict-common
予感|jmdict-common
予断|jmdict-common
予期|jmdict-common
予期せぬ|jmdict-common
予測|jmdict-common
予知|jmdict-common
予算|jmdict-common
予約|jmdict-common
予約注文|jmdict-common
予習|jmdict-common
予言|jmdict-common
予選|jmdict-common
予防|jmdict-common
予防接種|jmdict-common
争い|jmdict-common
争う|jmdict-common
争奪|jmdict-common
争点|jmdict-common
争議|jmdict-common
事える|jmdict-variant
事がある|jmdict-common
事ができる|jmdict-common
事がない|jmdict-common
事がら|jmdict-variant
事が出来る|jmdict-common
事が無い|jmdict-variant
事にする|jmdict-common
事になる|jmdict-common
事によって|jmdict-common
事により|jmdict-common
事による|jmdict-common
事ム所|jmdict-variant
事件|jmdict-common
事体|jmdict-variant
事例|jmdict-common
事例集|jmdict-common
事典|jmdict-common
事前|jmdict-common
事務|jmdict-common
事務処|jmdict-variant
事務員|jmdict-common
事務官|jmdict-common
事務室|jmdict-common
事務局|jmdict-common
事務当局|jmdict-common
事務所|jmdict-common
事務次官|jmdict-common
事務的|jmdict-common
事変|jmdict-common
事実|jmdict-common
事実上|jmdict-common
事実無根|jmdict-common
事後|jmdict-common
事情|jmdict-common
事態|jmdict-common
事故|jmdict-common
事柄|jmdict-common
事業|jmdict-common
事業所|jmdict-common
事由|jmdict-common
事象|jmdict-common
事項|jmdict-common
二〇|jmdict-variant
二〇〇|jmdict-variant
二〇日|jmdict-variant
二つ|jmdict-common
二つめ|jmdict-variant
二つ目|jmdict-common
二どと|jmdict-variant
二の次|jmdict-common
二一日|jmdict-variant
二七日|jmdict-common
二三日|jmdict-variant
二世|jmdict-common
二九日|jmdict-variant
二二日|jmdict-variant
二五日|jmdict-variant
二人|jmdict-common
二人とも|jmdict-common
二人三脚|jmdict-common
二人共|jmdict-variant
二人前|jmdict-common
二八日|jmdict-variant
二六日|jmdict-variant
二分|jmdict-common
二割|jmdict-common
二十|jmdict-common
二十一日|jmdict-common
二十七日|jmdict-common
二十三日|jmdict-common
二十世紀|jmdict-common
二十九日|jmdict-common
二十二日|jmdict-common
二十五日|jmdict-common
二十八日|jmdict-common
二十六日|jmdict-common
二十四日|jmdict-common
二十四時間制|jmdict-common
二十日|jmdict-common
二十歳|jmdict-common
二号|jmdict-common
二四日|jmdict-variant
二回|jmdict-common
二塁|jmdict-common
二塁手|jmdict-common
二塁打|jmdict-common
二子|jmdict-variant
二宮|jmdict-common
二度|jmdict-common
二度と|jmdict-common
二度寝|jmdict-common
二日|jmdict-common
二月|jmdict-common
二期|jmdict-common
二本立て|jmdict-common
二枚|jmdict-common
二枚目|jmdict-common
二枚舌|jmdict-common
二次|jmdict-common
二死|jmdict-common
二流|jmdict-common
二王|jmdict-variant
二男|jmdict-variant
二番|jmdict-common
二百|jmdict-common
二百二十日|jmdict-common
二百十日|jmdict-common
二者択一|jmdict-common
二葉|jmdict-variant
二軍|jmdict-common
二輪車|jmdict-common
二部|jmdict-common
二酸化炭素|jmdict-common
二重|jmdict-common
二重奏|jmdict-common
二院|jmdict-common
二階|jmdict-common
二階建|jmdict-variant
二階建て|jmdict-common
云々|jmdict-common
云いだす|jmdict-variant
云い出す|jmdict-variant
云う|jmdict-variant
云云|jmdict-variant
云出す|jmdict-variant
互い|jmdict-common
互いに|jmdict-common
互い違い|jmdict-common
互助|jmdict-common
互換|jmdict-common
互格|jmdict-variant
互角|jmdict-common
互選|jmdict-common
五〇|jmdict-variant
五つ|jmdict-common
五体|jmdict-common
五分|jmdict-common
五十|jmdict-common
五十三次|jmdict-common
五十音|jmdict-common
五感|jmdict-common
五日|jmdict-common
五月|jmdict-common
五月蝿い|jmdict-variant
五月蠅い|jmdict-variant
五輪|jmdict-common
井堰|jmdict-variant
井戸|jmdict-common
亘る|jmdict-variant
亙る|jmdict-variant
些か|jmdict-variant
些し|jmdict-variant
些とも|jmdict-variant
些細|jmdict-common
亜ぐ|jmdict-variant
亜墨利加|jmdict-variant
亜墨利加合衆国|jmdict-variant
亜弗利加|jmdict-variant
亜熱帯|jmdict-common
亜爾加里|jmdict-variant
亜米利加|jmdict-variant
亜米利加合衆国|jmdict-variant
亜細亜|jmdict-variant
亜美利加|jmdict-variant
亜鉛|jmdict-common
亡う|jmdict-variant
亡がら|jmdict-variant
亡きがら|jmdict-variant
亡き骸|jmdict-variant
亡くす|jmdict-common
亡くなる|jmdict-common
亡す|jmdict-variant
亡びる|jmdict-variant
亡ぼす|jmdict-variant
亡命|jmdict-common
亡夫|jmdict-common
亡父|jmdict-common
亡霊|jmdict-common
亡骸|jmdict-common
亢奮|jmdict-variant
交うる|jmdict-variant
交える|jmdict-common
交ざる|jmdict-common
交じり|jmdict-common
交じる|jmdict-common
交す|jmdict-variant
交ぜる|jmdict-common
交る|jmdict-variant
交わす|jmdict-common
交わる|jmdict-common
交互|jmdict-common
交付|jmdict-common
交代|jmdict-common
交信|jmdict-common
交叉|jmdict-variant
交叉点|jmdict-variant
交友|jmdict-common
交差|jmdict-common
交差点|jmdict-common
交戦|jmdict-common
交換|jmdict-common
交易|jmdict-common
交替|jmdict-common
交流|jmdict-common
交渉|jmdict-common
交番|jmdict-common
交迭|jmdict-variant
交通|jmdict-common
交通事故|jmdict-common
交通機関|jmdict-common
交通網|jmdict-common
交通費|jmdict-common
交錯|jmdict-common
交際|jmdict-common
交際費|jmdict-common
交響曲|jmdict-common
交響楽団|jmdict-common
享ける|jmdict-variant
享受|jmdict-common
享宴|jmdict-variant
京坂|jmdict-variant
京都|jmdict-common
京阪|jmdict-common
亭主|jmdict-common
人々|jmdict-common
人かげ|jmdict-variant
人ごと|jmdict-variant
人ごみ|jmdict-common
人さし指|jmdict-variant
人さま|jmdict-variant
人たち|jmdict-common
人だかり|jmdict-common
人びと|jmdict-variant
人まえ|jmdict-variant
人一倍|jmdict-common
人並|jmdict-variant
人並み|jmdict-common
人中|jmdict-common
人事|jmdict-common
人事異動|jmdict-common
人事院|jmdict-common
人人|jmdict-variant
人件費|jmdict-common
人体|jmdict-common
人出|jmdict-common
人前|jmdict-common
人力車|jmdict-common
人参|jmdict-common
人口|jmdict-common
人名|jmdict-common
人命|jmdict-common
人員|jmdict-common
人妻|jmdict-common
人工|jmdict-common
人工呼吸|jmdict-common
人工的|jmdict-common
人工衛星|jmdict-common
人差し指|jmdict-common
人差指|jmdict-variant
人形|jmdict-common
人影|jmdict-common
人心|jmdict-common
人情|jmdict-common
人指し指|jmdict-variant
人数|jmdict-common
人文|jmdict-common
人文科学|jmdict-common
人材|jmdict-common
人柄|jmdict-common
人格|jmdict-common
人様|jmdict-common
人権|jmdict-common
人権擁護|jmdict-common
人殺し|jmdict-common
人民|jmdict-common
人民元|jmdict-common
人民戦線|jmdict-common
人気|jmdict-common
人気のある|jmdict-common
人気者|jmdict-common
人混|jmdict-variant
人混み|jmdict-variant
人為|jmdict-common
人為的|jmdict-common
人物|jmdict-common
人生|jmdict-common
人生感|jmdict-variant
人生観|jmdict-common
人的|jmdict-common
人目|jmdict-common
人相|jmdict-common
人眼|jmdict-variant
人種|jmdict-common
人脈|jmdict-common
人見しり|jmdict-variant
人見知|jmdict-variant
人見知り|jmdict-common
人財|jmdict-variant
人質|jmdict-common
人込|jmdict-variant
人込み|jmdict-variant
人通り|jmdict-common
人造|jmdict-common
人道|jmdict-common
人道主義|jmdict-common
人道的|jmdict-common
人達|jmdict-common
人違い|jmdict-common
人選|jmdict-common
人間|jmdict-common
人間ドック|jmdict-common
人間ドッグ|jmdict-variant
人間像|jmdict-common
人間国宝|jmdict-common
人間性|jmdict-common
人間的|jmdict-common
人間関係|jmdict-common
人集り|jmdict-variant
人類|jmdict-common
人類学|jmdict-common
人骨|jmdict-common
仁王|jmdict-common
仁義|jmdict-common
仁輪加|jmdict-variant
仄か|jmdict-common
仄めかす|jmdict-common
仆す|jmdict-variant
仆れる|jmdict-variant
仇名|jmdict-variant
今いち|jmdict-variant
今ごろ|jmdict-variant
今さら|jmdict-variant
今すぐ|jmdict-common
今どき|jmdict-variant
今に|jmdict-common
今にも|jmdict-common
今ひとつ|jmdict-common
今まで|jmdict-common
今や|jmdict-common
今イチ|jmdict-variant
今一|jmdict-common
今一つ|jmdict-variant
今回|jmdict-common
今夏|jmdict-common
今夜|jmdict-common
今季|jmdict-common
今宵|jmdict-common
今年|jmdict-common
今年度|jmdict-common
今度|jmdict-common
今後|jmdict-common
今日|jmdict-common
今日このごろ|jmdict-variant
今日この頃|jmdict-common
今日は|jmdict-common
今日わ|jmdict-variant
今日此の頃|jmdict-variant
今日此頃|jmdict-variant
今日的|jmdict-common
今昔|jmdict-common
今春|jmdict-common
今時|jmdict-common
今晩|jmdict-common
今晩は|jmdict-common
今更|jmdict-common
今月|jmdict-common
今朝|jmdict-common
今期|jmdict-common
今直ぐ|jmdict-variant
今秋|jmdict-common
今迄|jmdict-variant
今週|jmdict-common
今週末|jmdict-common
今頃|jmdict-common
介入|jmdict-common
介助|jmdict-common
介在|jmdict-common
介護|jmdict-common
仏像|jmdict-common
仏壇|jmdict-common
仏教|jmdict-common
仏文|jmdict-common
仏檀|jmdict-variant
仏蘭西|jmdict-variant
仏語|jmdict-common
仔ネコ|jmdict-variant
仔牛|jmdict-variant
仔犬|jmdict-variant
仔猫|jmdict-variant
仔羊|jmdict-variant
仕あげ|jmdict-variant
仕える|jmdict-common
仕かける|jmdict-variant
仕上|jmdict-variant
仕上がり|jmdict-common
仕上げ|jmdict-common
仕上げる|jmdict-common
仕上り|jmdict-variant
仕事|jmdict-common
仕事はじめ|jmdict-variant
仕事中|jmdict-common
仕事場|jmdict-common
仕事始|jmdict-variant
仕事始め|jmdict-common
仕入|jmdict-variant
仕入れ|jmdict-common
仕入れる|jmdict-common
仕出し|jmdict-common
仕切|jmdict-variant
仕切り|jmdict-common
仕合|jmdict-variant
仕合い|jmdict-variant
仕合せ|jmdict-variant
仕合わせ|jmdict-variant
仕度|jmdict-variant
仕手|jmdict-common
仕掛|jmdict-variant
仕掛け|jmdict-common
仕掛ける|jmdict-common
仕方|jmdict-common
仕方がない|jmdict-common
仕方が無い|jmdict-variant
仕方ない|jmdict-common
仕方無い|jmdict-variant
仕末|jmdict-variant
仕業|jmdict-common
仕様|jmdict-common
仕様がない|jmdict-variant
仕様が無い|jmdict-variant
仕樣|jmdict-variant
仕種|jmdict-variant
仕立|jmdict-variant
仕立て|jmdict-common
仕立てる|jmdict-common
仕組|jmdict-variant
仕組み|jmdict-common
仕舞う|jmdict-variant
仕舞った|jmdict-variant
仕草|jmdict-common
仕込|jmdict-variant
仕込み|jmdict-common
仕送り|jmdict-common
他に|jmdict-common
他にも|jmdict-common
他人|jmdict-common
他人ごと|jmdict-variant
他人事|jmdict-common
他人様|jmdict-variant
他国|jmdict-common
他所|jmdict-variant
他所行き|jmdict-variant
他方|jmdict-common
他殺|jmdict-common
他派|jmdict-common
他社|jmdict-common
他者|jmdict-common
他薦|jmdict-common
他面|jmdict-common
付いていく|jmdict-variant
付いている|jmdict-common
付いてくる|jmdict-common
付いてゆく|jmdict-variant
付いてる|jmdict-common
付いて来る|jmdict-variant
付いて行く|jmdict-variant
付き|jmdict-common
付きあう|jmdict-variant
付き合い|jmdict-common
付き合う|jmdict-common
付き添い|jmdict-common
付く|jmdict-common
付け|jmdict-common
付けくわえる|jmdict-variant
付けこむ|jmdict-variant
付ける|jmdict-common
付け加える|jmdict-common
付け根|jmdict-common
付け足す|jmdict-common
付け込む|jmdict-variant
付与|jmdict-common
付加|jmdict-common
付加える|jmdict-variant
付合い|jmdict-variant
付合う|jmdict-variant
付属|jmdict-common
付帯|jmdict-common
付根|jmdict-variant
付添|jmdict-variant
付添い|jmdict-common
付着|jmdict-common
付足す|jmdict-variant
付近|jmdict-common
付録|jmdict-common
仙人|jmdict-common
仙台|jmdict-common
仙臺|jmdict-variant
代々|jmdict-common
代え|jmdict-variant
代える|jmdict-common
代り|jmdict-variant
代る|jmdict-variant
代る代る|jmdict-variant
代わり|jmdict-common
代わる|jmdict-common
代わる代わる|jmdict-common
代人|jmdict-common
代代|jmdict-common
代償|jmdict-common
代名詞|jmdict-common
代官|jmdict-common
代弁|jmdict-common
代役|jmdict-common
代打|jmdict-common
代替|jmdict-common
代替え|jmdict-variant
代理|jmdict-common
代理人|jmdict-common
代理店|jmdict-common
代用|jmdict-common
代目|jmdict-common
代行|jmdict-common
代表|jmdict-common
代表作|jmdict-common
代表的|jmdict-common
代謝|jmdict-common
代議|jmdict-common
代議士|jmdict-common
代辨|jmdict-variant
代辯|jmdict-variant
代金|jmdict-common
令和|jmdict-common
令嬢|jmdict-common
令状|jmdict-common
以って|jmdict-variant
以て|jmdict-common
以上|jmdict-common
以下|jmdict-common
以内|jmdict-common
以前|jmdict-common
以呂波|jmdict-variant
以外|jmdict-common
以後|jmdict-common
以来|jmdict-common
以色列|jmdict-variant
以降|jmdict-common
仮に|jmdict-common
仮り|jmdict-variant
仮令|jmdict-common
仮処分|jmdict-common
仮名|jmdict-common
仮名使い|jmdict-variant
仮名遣|jmdict-variant
仮名遣い|jmdict-common
仮字|jmdict-variant
仮定|jmdict-common
仮想|jmdict-common
仮称|jmdict-common
仮空|jmdict-variant
仮粧|jmdict-variant
仮装|jmdict-common
仮設|jmdict-common
仮説|jmdict-common
仮面|jmdict-common
仮題|jmdict-common
仰ぐ|jmdict-common
仰しゃる|jmdict-variant
仰っしゃる|jmdict-variant
仰むけ|jmdict-variant
仰る|jmdict-common
仰向け|jmdict-common
仰天|jmdict-common
仰有る|jmdict-variant
仲々|jmdict-variant
仲よく|jmdict-variant
仲よし|jmdict-variant
仲人|jmdict-common
仲介|jmdict-common
仲仲|jmdict-variant
仲好く|jmdict-variant
仲好し|jmdict-variant
仲核|jmdict-variant
仲直り|jmdict-common
仲良く|jmdict-common
仲良し|jmdict-common
仲裁|jmdict-common
仲買|jmdict-common
仲買い|jmdict-variant
仲間|jmdict-common
仲間たち|jmdict-common
仲間入り|jmdict-common
仲間達|jmdict-variant
件数|jmdict-common
任す|jmdict-common
任せる|jmdict-common
任務|jmdict-common
任命|jmdict-common
任意|jmdict-common
任期|jmdict-common
企てる|jmdict-common
企み|jmdict-common
企む|jmdict-common
企劃|jmdict-variant
企図|jmdict-common
企業|jmdict-common
企業家|jmdict-common
企画|jmdict-common
企画室|jmdict-common
伊呂波|jmdict-variant
伊呂葉|jmdict-variant
伊太利|jmdict-variant
伊太利亜|jmdict-variant
伊拉久|jmdict-variant
伊達|jmdict-common
伍つ|jmdict-variant
伎能|jmdict-variant
伏せる|jmdict-common
伏兵|jmdict-common
伏線|jmdict-common
伐つ|jmdict-variant
伐採|jmdict-common
休けい|jmdict-variant
休する|jmdict-common
休まる|jmdict-common
休み|jmdict-common
休む|jmdict-common
休める|jmdict-common
休刊|jmdict-common
休場|jmdict-common
休学|jmdict-common
休息|jmdict-common
休憩|jmdict-common
休憩所|jmdict-common
休憩時間|jmdict-common
休戦|jmdict-common
休日|jmdict-common
休暇|jmdict-common
休校|jmdict-common
休業|jmdict-common
休止|jmdict-common
休職|jmdict-common
休講|jmdict-common
休足|jmdict-variant
休養|jmdict-common
休館|jmdict-common
会う|jmdict-common
会則|jmdict-common
会合|jmdict-common
会員|jmdict-common
会堂|jmdict-common
会報|jmdict-common
会場|jmdict-common
会心|jmdict-common
会期|jmdict-common
会社|jmdict-common
会社員|jmdict-common
会社更生法|jmdict-common
会舘|jmdict-variant
会見|jmdict-common
会計|jmdict-common
会計士|jmdict-common
会計年度|jmdict-common
会計検査院|jmdict-common
会話|jmdict-common
会談|jmdict-common
会議|jmdict-common
会議室|jmdict-common
会費|jmdict-common
会釈|jmdict-common
会長|jmdict-common
会頭|jmdict-common
会食|jmdict-common
会館|jmdict-common
伝う|jmdict-common
伝える|jmdict-common
伝わる|jmdict-common
伝承|jmdict-common
伝染|jmdict-common
伝染病|jmdict-common
伝票|jmdict-common
伝統|jmdict-common
伝統文化|jmdict-common
伝統的|jmdict-common
伝言|jmdict-common
伝記|jmdict-common
伝説|jmdict-common
伝送|jmdict-common
伝道|jmdict-common
伝達|jmdict-common
伯仲|jmdict-common
伯剌西爾|jmdict-variant
伯母|jmdict-common
伯爵|jmdict-common
伯父|jmdict-common
伴う|jmdict-common
伴なう|jmdict-variant
伴侶|jmdict-common
伴奏|jmdict-common
伸し|jmdict-common
伸ばす|jmdict-common
伸び|jmdict-common
伸びのび|jmdict-variant
伸びやか|jmdict-common
伸びる|jmdict-common
伸び伸び|jmdict-common
伸び悩む|jmdict-common
伸び率|jmdict-common
伸縮|jmdict-common
伺う|jmdict-common
似あう|jmdict-variant
似かよう|jmdict-variant
似せる|jmdict-common
似る|jmdict-common
似合い|jmdict-common
似合う|jmdict-common
似通う|jmdict-common
似顔|jmdict-common
似顔画|jmdict-variant
似顔絵|jmdict-common
但し|jmdict-common
佇む|jmdict-common
位地|jmdict-variant
位置|jmdict-common
位置づけ|jmdict-variant
位置づける|jmdict-variant
位置付け|jmdict-common
位置付ける|jmdict-common
低い|jmdict-common
低める|jmdict-common
低下|jmdict-common
低価格|jmdict-common
低利|jmdict-common
低地|jmdict-common
低学年|jmdict-common
低料金|jmdict-common
低気圧|jmdict-common
低水準|jmdict-common
低減|jmdict-common
低温|jmdict-common
低落|jmdict-common
低調|jmdict-common
低辺|jmdict-variant
低迷|jmdict-common
低音|jmdict-common
住い|jmdict-variant
住う|jmdict-variant
住まい|jmdict-common
住まう|jmdict-common
住みここち|jmdict-variant
住みごこち|jmdict-variant
住み心地|jmdict-common
住む|jmdict-common
住人|jmdict-common
住処|jmdict-variant
住宅|jmdict-common
住宅地|jmdict-common
住宅街|jmdict-common
住専|jmdict-common
住居|jmdict-common
住所|jmdict-common
住民|jmdict-common
住民票|jmdict-common
住民税|jmdict-common
住職|jmdict-common
佐ける|jmdict-variant
佑ける|jmdict-variant
体つき|jmdict-common
体付き|jmdict-common
体内|jmdict-common
体制|jmdict-common
体力|jmdict-common
体勢|jmdict-common
体型|jmdict-common
体外受精|jmdict-common
体外授精|jmdict-variant
体形|jmdict-common
体得|jmdict-common
体感|jmdict-common
体操|jmdict-common
体格|jmdict-common
体温|jmdict-common
体温計|jmdict-common
体積|jmdict-common
体系|jmdict-common
体罰|jmdict-common
体育|jmdict-common
体育館|jmdict-common
体裁|jmdict-common
体調|jmdict-common
体質|jmdict-common
体重|jmdict-common
体長|jmdict-common
体験|jmdict-common
何う|jmdict-variant
何か|jmdict-common
何かと|jmdict-common
何げない|jmdict-variant
何げなく|jmdict-variant
何ごと|jmdict-variant
何しろ|jmdict-common
何だか|jmdict-common
何だかだ|jmdict-variant
何だかんだ|jmdict-common
何だ彼だ|jmdict-variant
何て|jmdict-common
何で|jmdict-common
何でも|jmdict-common
何と|jmdict-common
何という|jmdict-common
何とか|jmdict-common
何とぞ|jmdict-common
何となく|jmdict-common
何とも|jmdict-common
何ともいえない|jmdict-variant
何とも言えない|jmdict-common
何と無く|jmdict-variant
何と言う|jmdict-variant
何と言うか|jmdict-variant
何なのか|jmdict-common
何にも|jmdict-common
何の|jmdict-variant
何のくらい|jmdict-variant
何の位|jmdict-variant
何の様|jmdict-variant
何の様に|jmdict-variant
何の辺|jmdict-variant
何びと|jmdict-variant
何ぶん|jmdict-variant
何べん|jmdict-variant
何も|jmdict-common
何もの|jmdict-variant
何やら|jmdict-common
何より|jmdict-common
何ら|jmdict-common
何れ|jmdict-variant
何れか|jmdict-variant
何れくらい|jmdict-variant
何れぐらい|jmdict-variant
何れでも|jmdict-variant
何れ丈|jmdict-variant
何れ位|jmdict-variant
何れ何れ|jmdict-variant
何をかくそう|jmdict-variant
何を隠そう|jmdict-common
何事|jmdict-common
何人|jmdict-common
何人か|jmdict-common
何処|jmdict-common
何処か|jmdict-variant
何処にも|jmdict-common
何処にもない|jmdict-variant
何処にも無い|jmdict-variant
何処までも|jmdict-common
何処迄も|jmdict-variant
何分|jmdict-common
何十|jmdict-common
何千|jmdict-common
何卒|jmdict-common
何回|jmdict-common
何年|jmdict-common
何度|jmdict-common
何度でも|jmdict-common
何彼と|jmdict-variant
何所|jmdict-variant
何才|jmdict-variant
何故|jmdict-common
何故か|jmdict-common
何故なら|jmdict-common
何故ならば|jmdict-common
何方|jmdict-common
何方か|jmdict-common
何方でも|jmdict-common
何方も|jmdict-variant
何日|jmdict-common
何時|jmdict-common
何時ごろ|jmdict-variant
何時でも|jmdict-common
何時になく|jmdict-variant
何時に無く|jmdict-common
何時の間にか|jmdict-common
何時までも|jmdict-variant
何時も|jmdict-common
何時も通り|jmdict-variant
何時迄も|jmdict-variant
何時間|jmdict-common
何時頃|jmdict-common
何歳|jmdict-common
何気ない|jmdict-common
何気なく|jmdict-common
何気無い|jmdict-variant
何気無く|jmdict-common
何百|jmdict-common
何等|jmdict-variant
何者|jmdict-common
何處|jmdict-variant
何遍|jmdict-common
余す|jmdict-common
余っ程|jmdict-variant
余り|jmdict-common
余りに|jmdict-common
余る|jmdict-common
余人|jmdict-common
余儀ない|jmdict-common
余儀なく|jmdict-common
余儀なくされる|jmdict-common
余儀無い|jmdict-variant
余儀無く|jmdict-variant
余儀無くされる|jmdict-variant
余分|jmdict-common
余剰|jmdict-common
余力|jmdict-common
余命|jmdict-common
余地|jmdict-common
余念|jmdict-common
余所|jmdict-common
余所行き|jmdict-variant
余所見|jmdict-variant
余暇|jmdict-common
余波|jmdict-common
余猶|jmdict-variant
余程|jmdict-common
余裕|jmdict-common
余計|jmdict-common
余談|jmdict-common
余震|jmdict-common
余韻|jmdict-common
佛像|jmdict-variant
佛教|jmdict-variant
佛蘭西|jmdict-variant
佛語|jmdict-variant
作り|jmdict-common
作りあげる|jmdict-variant
作りだす|jmdict-variant
作り上げる|jmdict-common
作り出す|jmdict-common
作り笑い|jmdict-common
作り話|jmdict-common
作る|jmdict-common
作付|jmdict-variant
作付け|jmdict-common
作付面積|jmdict-common
作動|jmdict-common
作品|jmdict-common
作家|jmdict-common
作成|jmdict-common
作戦|jmdict-common
作文|jmdict-common
作曲|jmdict-common
作曲家|jmdict-common
作柄|jmdict-common
作業|jmdict-common
作業環境|jmdict-common
作況指数|jmdict-common
作法|jmdict-common
作物|jmdict-common
作用|jmdict-common
作者|jmdict-common
作製|jmdict-common
作詞|jmdict-common
作風|jmdict-common
佩く|jmdict-variant
佩びる|jmdict-variant
佳い|jmdict-variant
佳き|jmdict-variant
佳作|jmdict-common
佳境|jmdict-common
併し|jmdict-variant
併せる|jmdict-common
併合|jmdict-common
併殺|jmdict-common
併用|jmdict-common
併発|jmdict-common
併立|jmdict-variant
併行|jmdict-variant
併記|jmdict-common
併設|jmdict-common
使い|jmdict-common
使いみち|jmdict-variant
使いわけ|jmdict-variant
使い分け|jmdict-common
使い捨|jmdict-variant
使い捨て|jmdict-common
使い方|jmdict-common
使い途|jmdict-variant
使い道|jmdict-common
使う|jmdict-common
使分け|jmdict-variant
使命|jmdict-common
使徒|jmdict-common
使用|jmdict-common
使用人|jmdict-common
使用料|jmdict-common
使用済み|jmdict-common
使用者|jmdict-common
使節|jmdict-common
使者|jmdict-common
使途|jmdict-common
來る|jmdict-variant
來年|jmdict-variant
來月|jmdict-variant
例え|jmdict-common
例えば|jmdict-common
例える|jmdict-common
例会|jmdict-common
例外|jmdict-common
例外的|jmdict-common
例年|jmdict-common
例文|jmdict-common
例題|jmdict-common
侍医|jmdict-common
侍女|jmdict-common
侍従|jmdict-common
供える|jmdict-common
供に|jmdict-variant
供与|jmdict-common
供出|jmdict-common
供宴|jmdict-variant
供物|jmdict-common
供給|jmdict-common
供述|jmdict-common
供養|jmdict-common
依る|jmdict-variant
依嘱|jmdict-variant
依存|jmdict-common
依存症|jmdict-common
依然|jmdict-common
依然として|jmdict-common
依頼|jmdict-common
価する|jmdict-variant
価値|jmdict-common
価値観|jmdict-common
価格|jmdict-common
侮る|jmdict-common
侮蔑|jmdict-common
侮辱|jmdict-common
侯爵|jmdict-common
侯補|jmdict-variant
侵す|jmdict-common
侵入|jmdict-common
侵冦|jmdict-variant
侵害|jmdict-common
侵掠|jmdict-variant
侵攻|jmdict-common
侵水|jmdict-variant
侵犯|jmdict-common
侵略|jmdict-common
侵蝕|jmdict-variant
侵食|jmdict-common
便せん|jmdict-variant
便ち|jmdict-variant
便り|jmdict-common
便る|jmdict-variant
便乗|jmdict-common
便利|jmdict-common
便利さ|jmdict-common
便宜|jmdict-common
便所|jmdict-common
便秘|jmdict-common
便箋|jmdict-common
係り|jmdict-variant
係り員|jmdict-variant
係り官|jmdict-variant
係る|jmdict-variant
係わらず|jmdict-variant
係わる|jmdict-common
係争|jmdict-common
係員|jmdict-common
係官|jmdict-common
係長|jmdict-common
促す|jmdict-common
促成|jmdict-common
促進|jmdict-common
俄か|jmdict-variant
俄かに|jmdict-common
俄に|jmdict-common
俊英|jmdict-common
俊足|jmdict-common
俎板|jmdict-variant
俗語|jmdict-common
保する|jmdict-common
保ち合い|jmdict-variant
保つ|jmdict-common
保健|jmdict-common
保健婦|jmdict-common
保健所|jmdict-common
保全|jmdict-common
保合|jmdict-variant
保合い|jmdict-variant
保姆|jmdict-variant
保存|jmdict-common
保守|jmdict-common
保守党|jmdict-common
保守的|jmdict-common
保安|jmdict-common
保持|jmdict-common
保有|jmdict-common
保母|jmdict-common
保温|jmdict-common
保留|jmdict-common
保管|jmdict-common
保育|jmdict-common
保育園|jmdict-common
保育所|jmdict-common
保証|jmdict-common
保証つき|jmdict-variant
保証人|jmdict-common
保証付|jmdict-variant
保証付き|jmdict-common
保証金|jmdict-common
保護|jmdict-common
保護者|jmdict-common
保釈|jmdict-common
保険|jmdict-common
保険金|jmdict-common
保障|jmdict-common
保障つき|jmdict-variant
保障付|jmdict-variant
保障付き|jmdict-variant
保革|jmdict-common
保養|jmdict-common
保養所|jmdict-common
俟つ|jmdict-variant
信じる|jmdict-common
信ずる|jmdict-common
信仰|jmdict-common
信任|jmdict-common
信号|jmdict-common
信号器|jmdict-variant
信号機|jmdict-common
信奉|jmdict-common
信徒|jmdict-common
信念|jmdict-common
信条|jmdict-common
信用|jmdict-common
信用組合|jmdict-common
信用金庫|jmdict-common
信義|jmdict-common
信者|jmdict-common
信託|jmdict-common
信販会社|jmdict-common
信金|jmdict-common
信頼|jmdict-common
信頼性|jmdict-common
修める|jmdict-common
修了|jmdict-common
修士|jmdict-common
修士課程|jmdict-common
修学旅行|jmdict-common
修得|jmdict-variant
修復|jmdict-common
修業|jmdict-common
修正|jmdict-common
修煉|jmdict-variant
修理|jmdict-common
修練|jmdict-common
修繕|jmdict-common
修行|jmdict-common
修覆|jmdict-variant
修道|jmdict-common
修道院|jmdict-common
修錬|jmdict-variant
俯く|jmdict-common
俯向く|jmdict-variant
俱楽部|jmdict-variant
俱樂部|jmdict-variant
俳人|jmdict-common
俳優|jmdict-common
俳句|jmdict-common
俸給|jmdict-common
倉庫|jmdict-common
倉敷|jmdict-common
個々|jmdict-common
個々人|jmdict-common
個人|jmdict-common
個人差|jmdict-common
個人的|jmdict-common
個体|jmdict-common
個個|jmdict-variant
個個人|jmdict-variant
個別|jmdict-common
個室|jmdict-common
個展|jmdict-common
個性|jmdict-common
個性的|jmdict-common
個所|jmdict-common
個月|jmdict-variant
倍加|jmdict-common
倍増|jmdict-common
倍率|jmdict-common
倒さ|jmdict-common
倒す|jmdict-common
倒れ|jmdict-common
倒れる|jmdict-common
倒産|jmdict-common
倒置|jmdict-common
倒錯|jmdict-common
倒閣|jmdict-common
倖せ|jmdict-variant
候補|jmdict-common
候補者|jmdict-common
倚る|jmdict-variant
倚子|jmdict-variant
借り|jmdict-common
借りる|jmdict-common
借り入れ|jmdict-common
借り入れ金|jmdict-variant
借入|jmdict-variant
借入れ|jmdict-variant
借入金|jmdict-common
借地|jmdict-common
借家|jmdict-common
借屋|jmdict-variant
借款|jmdict-common
借金|jmdict-common
倡婦|jmdict-variant
倣う|jmdict-common
値うち|jmdict-variant
値する|jmdict-common
値上|jmdict-variant
値上がり|jmdict-common
値上げ|jmdict-common
値上り|jmdict-variant
値下|jmdict-variant
値下がり|jmdict-common
値下げ|jmdict-common
値切る|jmdict-common
値引|jmdict-variant
値引き|jmdict-common
値打|jmdict-variant
値打ち|jmdict-common
値段|jmdict-common
倦きる|jmdict-variant
倦怠|jmdict-common
倫敦|jmdict-variant
倫理|jmdict-common
倫理学|jmdict-common
倫理的|jmdict-common
倭歌|jmdict-variant
倭語|jmdict-variant
倶に|jmdict-variant
倶楽部|jmdict-common
倶樂部|jmdict-variant
倹約|jmdict-common
假名|jmdict-variant
偉い|jmdict-common
偉人|jmdict-common
偉力|jmdict-variant
偉大|jmdict-common
偉業|jmdict-common
偏り|jmdict-common
偏る|jmdict-common
偏人|jmdict-variant
偏向|jmdict-common
偏差値|jmdict-common
偏狭|jmdict-common
偏見|jmdict-common
偏重|jmdict-common
偏食|jmdict-common
停まる|jmdict-variant
停める|jmdict-variant
停学|jmdict-common
停年|jmdict-variant
停戦|jmdict-common
停止|jmdict-common
停泊|jmdict-common
停滞|jmdict-common
停留所|jmdict-common
停車|jmdict-common
停電|jmdict-common
健やか|jmdict-common
健保|jmdict-common
健全|jmdict-common
健在|jmdict-common
健実|jmdict-variant
健常者|jmdict-common
健康|jmdict-common
健康保険|jmdict-common
健康的|jmdict-common
健康診断|jmdict-common
健康食品|jmdict-common
健気|jmdict-common
健診|jmdict-common
健闘|jmdict-common
偲ぶ|jmdict-common
側か|jmdict-variant
側ら|jmdict-variant
側近|jmdict-common
側面|jmdict-common
偵察|jmdict-common
偶々|jmdict-variant
偶に|jmdict-variant
偶偶|jmdict-variant
偶像|jmdict-common
偶数|jmdict-common
偶然|jmdict-common
偶発|jmdict-common
偸む|jmdict-variant
偽もの|jmdict-variant
偽る|jmdict-common
偽客|jmdict-variant
偽物|jmdict-common
偽装|jmdict-common
偽証|jmdict-common
偽造|jmdict-common
傍ら|jmdict-common
傍受|jmdict-common
傍役|jmdict-variant
傍聴|jmdict-common
傍視|jmdict-variant
傍観|jmdict-common
傑れる|jmdict-variant
傑作|jmdict-common
傑出|jmdict-common
傘下|jmdict-common
備え|jmdict-common
備えつける|jmdict-variant
備える|jmdict-common
備え付ける|jmdict-common
備わる|jmdict-common
備考|jmdict-common
備蓄|jmdict-common
傚う|jmdict-variant
催し|jmdict-common
催す|jmdict-common
催促|jmdict-common
催涙|jmdict-common
催眠|jmdict-common
傭う|jmdict-variant
傲る|jmdict-variant
傲慢|jmdict-common
傳承|jmdict-variant
債券|jmdict-common
債務|jmdict-common
債権|jmdict-common
傷あと|jmdict-variant
傷つく|jmdict-common
傷つける|jmdict-common
傷ましい|jmdict-variant
傷み|jmdict-variant
傷む|jmdict-common
傷める|jmdict-common
傷付く|jmdict-variant
傷付ける|jmdict-common
傷口|jmdict-common
傷害|jmdict-common
傷手|jmdict-variant
傷痕|jmdict-variant
傷者|jmdict-common
傷跡|jmdict-common
傾く|jmdict-common
傾ける|jmdict-common
傾げる|jmdict-common
傾倒|jmdict-common
傾向|jmdict-common
傾斜|jmdict-common
傾注|jmdict-common
傾聴|jmdict-common
傾聽|jmdict-variant
僅か|jmdict-common
僊人|jmdict-variant
働かせる|jmdict-common
働き|jmdict-common
働きかける|jmdict-common
働きざかり|jmdict-variant
働き口|jmdict-common
働き手|jmdict-common
働き掛ける|jmdict-common
働き盛り|jmdict-common
働き者|jmdict-common
働く|jmdict-common
僕たち|jmdict-common
僕ら|jmdict-common
僕等|jmdict-variant
僕達|jmdict-variant
僚友|jmdict-common
僧侶|jmdict-common
僧院|jmdict-common
僻み|jmdict-common
僻む|jmdict-common
儀式|jmdict-common
儀礼|jmdict-common
儒学|jmdict-common
儒教|jmdict-common
儒艮|jmdict-variant
儒良|jmdict-variant
儚い|jmdict-common
償い|jmdict-common
償う|jmdict-common
償却|jmdict-common
償還|jmdict-common
優しい|jmdict-common
優る|jmdict-variant
優れる|jmdict-common
優位|jmdict-common
優先|jmdict-common
優先的|jmdict-common
優利|jmdict-variant
優劣|jmdict-common
優勝|jmdict-common
優勢|jmdict-common
優柔不断|jmdict-common
優秀|jmdict-common
優等生|jmdict-common
優美|jmdict-common
優良|jmdict-common
優越感|jmdict-common
優遇|jmdict-common
優雅|jmdict-common
儲かる|jmdict-common
儲け|jmdict-common
儲ける|jmdict-common
儲蓄|jmdict-variant
元々|jmdict-common
元より|jmdict-common
元価|jmdict-variant
元元|jmdict-variant
元兇|jmdict-variant
元凶|jmdict-common
元号|jmdict-common
元帥|jmdict-common
元師|jmdict-variant
元年|jmdict-common
元日|jmdict-common
元旦|jmdict-common
元本|jmdict-common
元来|jmdict-common
元気|jmdict-common
元氣|jmdict-variant
元祖|jmdict-common
元禄|jmdict-common
元素|jmdict-common
元老|jmdict-common
元金|jmdict-common
元首|jmdict-common
兄さん|jmdict-common
兄ちゃん|jmdict-common
兄弟|jmdict-common
兄貴|jmdict-common
充たす|jmdict-variant
充ちる|jmdict-variant
充てる|jmdict-common
充二分|jmdict-variant
充分|jmdict-common
充塡|jmdict-variant
充填|jmdict-common
充実|jmdict-common
充当|jmdict-common
充満|jmdict-common
充足|jmdict-common
充電|jmdict-common
兆し|jmdict-common
兆候|jmdict-common
兇器|jmdict-variant
兇悪|jmdict-variant
先々|jmdict-common
先がける|jmdict-variant
先き|jmdict-variant
先ごろ|jmdict-variant
先ず|jmdict-common
先だって|jmdict-common
先どり|jmdict-variant
先に|jmdict-common
先ほど|jmdict-common
先人|jmdict-common
先代|jmdict-common
先住|jmdict-common
先例|jmdict-common
先先|jmdict-variant
先入感|jmdict-variant
先入観|jmdict-common
先制|jmdict-common
先刻|jmdict-variant
先取|jmdict-common
先取り|jmdict-common
先天的|jmdict-common
先安|jmdict-common
先導|jmdict-common
先手|jmdict-common
先方|jmdict-common
先日|jmdict-common
先月|jmdict-common
先決|jmdict-common
先物|jmdict-common
先生|jmdict-common
先発|jmdict-common
先着|jmdict-common
先祖|jmdict-common
先程|jmdict-common
先立って|jmdict-common
先端|jmdict-common
先般|jmdict-common
先行|jmdict-common
先行き|jmdict-common
先見|jmdict-common
先輩|jmdict-common
先送り|jmdict-common
先週|jmdict-common
先進|jmdict-common
先進国|jmdict-common
先達て|jmdict-variant
先遣|jmdict-common
先陣|jmdict-common
先頃|jmdict-common
先頭|jmdict-common
先駆|jmdict-common
先駆け|jmdict-common
先駆ける|jmdict-common
先駈け|jmdict-variant
先駈ける|jmdict-variant
光り輝く|jmdict-common
光る|jmdict-common
光学|jmdict-common
光学式文字認識|jmdict-common
光年|jmdict-common
光彩|jmdict-common
光明|jmdict-common
光景|jmdict-common
光栄|jmdict-common
光沢|jmdict-common
光熱費|jmdict-common
光線|jmdict-common
光輝|jmdict-common
光輝く|jmdict-variant
克く|jmdict-variant
克つ|jmdict-variant
克明|jmdict-common
克服|jmdict-common
免れる|jmdict-common
免状|jmdict-common
免疫|jmdict-common
免税|jmdict-common
免職|jmdict-common
免許|jmdict-common
免許証|jmdict-common
免責|jmdict-common
免除|jmdict-common
兎に角|jmdict-variant
兎もあれ|jmdict-variant
兎も有れ|jmdict-variant
兎も角|jmdict-variant
兎角|jmdict-common
児童|jmdict-common
党内|jmdict-common
党利|jmdict-common
党務|jmdict-common
党勢|jmdict-common
党員|jmdict-common
党派|jmdict-common
党略|jmdict-common
党籍|jmdict-common
党議|jmdict-common
党首|jmdict-common
入り|jmdict-common
入りこむ|jmdict-variant
入り口|jmdict-common
入り込み|jmdict-common
入り込む|jmdict-common
入る|jmdict-common
入れもの|jmdict-variant
入れる|jmdict-common
入れ墨|jmdict-common
入れ換え|jmdict-variant
入れ替え|jmdict-common
入れ歯|jmdict-common
入れ物|jmdict-common
入会|jmdict-common
入党|jmdict-common
入力|jmdict-common
入口|jmdict-common
入団|jmdict-common
入国|jmdict-common
入国管理局|jmdict-common
入園|jmdict-common
入場|jmdict-common
入場券|jmdict-common
入学|jmdict-common
入学試験|jmdict-common
入室|jmdict-common
入居|jmdict-common
入幕|jmdict-common
入店|jmdict-common
入念|jmdict-common
入所|jmdict-common
入手|jmdict-common
入換|jmdict-variant
入換え|jmdict-variant
入替|jmdict-variant
入替え|jmdict-variant
入札|jmdict-common
入梅|jmdict-common
入植|jmdict-common
入歯|jmdict-variant
入浴|jmdict-common
入港|jmdict-common
入物|jmdict-variant
入社|jmdict-common
入籍|jmdict-common
入苑|jmdict-variant
入荷|jmdict-common
入試|jmdict-common
入賞|jmdict-common
入選|jmdict-common
入金|jmdict-common
入門|jmdict-common
入閣|jmdict-common
入院|jmdict-common
入館料|jmdict-common
內容|jmdict-variant
全う|jmdict-variant
全うする|jmdict-common
全く|jmdict-common
全っ然|jmdict-variant
全て|jmdict-common
全べて|jmdict-variant
全世界|jmdict-common
全人|jmdict-common
全会|jmdict-common
全体|jmdict-common
全体主義|jmdict-common
全体的|jmdict-common
全力|jmdict-common
全勝|jmdict-common
全員|jmdict-common
全国|jmdict-common
全国的|jmdict-common
全土|jmdict-common
全域|jmdict-common
全学|jmdict-common
全容|jmdict-common
全廃|jmdict-common
全快|jmdict-common
全文|jmdict-common
全日|jmdict-common
全日制|jmdict-common
全日本|jmdict-common
全曲|jmdict-common
全校|jmdict-common
全権|jmdict-common
全治|jmdict-common
全滅|jmdict-common
全点|jmdict-common
全然|jmdict-common
全焼|jmdict-common
全盛|jmdict-common
全社|jmdict-common
全米|jmdict-common
全線|jmdict-common
全般|jmdict-common
全訳|jmdict-common
全貌|jmdict-common
全身|jmdict-common
全速力|jmdict-common
全部|jmdict-common
全量|jmdict-common
全長|jmdict-common
全集|jmdict-common
全面|jmdict-common
全面的|jmdict-common
全額|jmdict-common
八〇|jmdict-variant
八つ|jmdict-common
八つあたり|jmdict-variant
八つ当たり|jmdict-common
八つ当り|jmdict-variant
八丁|jmdict-common
八分音符|jmdict-common
八十|jmdict-common
八千代|jmdict-common
八幡|jmdict-common
八挺|jmdict-variant
八方|jmdict-common
八日|jmdict-common
八月|jmdict-common
八百屋|jmdict-common
八重|jmdict-common
八重桜|jmdict-common
八釜しい|jmdict-variant
公人|jmdict-common
公会堂|jmdict-common
公使|jmdict-common
公債|jmdict-common
公共|jmdict-common
公共放送|jmdict-common
公共料金|jmdict-common
公判|jmdict-common
公務|jmdict-common
公務員|jmdict-common
公募|jmdict-common
公司|jmdict-common
公営|jmdict-common
公団|jmdict-common
公園|jmdict-common
公報|jmdict-common
公子|jmdict-common
公安|jmdict-common
公安委員会|jmdict-common
公定|jmdict-common
公定歩合|jmdict-common
公害|jmdict-common
公布|jmdict-common
公平|jmdict-common
公序良俗|jmdict-common
公庫|jmdict-common
公式|jmdict-common
公式サイト|jmdict-common
公式戦|jmdict-common
公文|jmdict-common
公文書|jmdict-common
公明|jmdict-common
公明党|jmdict-common
公有|jmdict-common
公正|jmdict-common
公民|jmdict-common
公民権|jmdict-common
公民館|jmdict-common
公海|jmdict-common
公演|jmdict-common
公然|jmdict-common
公爵|jmdict-common
公用|jmdict-common
公的|jmdict-common
公益|jmdict-common
公益法人|jmdict-common
公示|jmdict-common
公社|jmdict-common
公社債|jmdict-common
公私|jmdict-common
公称|jmdict-common
公立|jmdict-common
公算|jmdict-common
公約|jmdict-common
公聴会|jmdict-common
公職|jmdict-common
公舍|jmdict-variant
公舎|jmdict-common
公苑|jmdict-variant
公衆|jmdict-common
公衆衛生|jmdict-common
公衆電話|jmdict-common
公表|jmdict-common
公言|jmdict-common
公設|jmdict-common
公訴|jmdict-common
公認|jmdict-common
公認会計士|jmdict-common
公論|jmdict-common
公費|jmdict-common
公選|jmdict-common
公邸|jmdict-common
公金|jmdict-common
公開|jmdict-common
公開中|jmdict-common
公館|jmdict-common
六〇|jmdict-variant
六かしい|jmdict-variant
六つ|jmdict-common
六ヶ敷い|jmdict-variant
六借しい|jmdict-variant
六十|jmdict-common
六十四分音符|jmdict-common
六日|jmdict-common
六月|jmdict-common
共々|jmdict-common
共かせぎ|jmdict-variant
共に|jmdict-common
共倒れ|jmdict-common
共催|jmdict-common
共働き|jmdict-common
共共|jmdict-variant
共力|jmdict-variant
共同|jmdict-common
共同体|jmdict-common
共同組合|jmdict-variant
共和|jmdict-common
共和党|jmdict-common
共和制|jmdict-common
共和国|jmdict-common
共存|jmdict-common
共学|jmdict-common
共感|jmdict-common
共有|jmdict-common
共栄|jmdict-common
共棲|jmdict-variant
共済|jmdict-common
共演|jmdict-common
共犯|jmdict-common
共生|jmdict-common
共産|jmdict-common
共産主義|jmdict-common
共産党|jmdict-common
共用|jmdict-common
共稼ぎ|jmdict-common
共立|jmdict-common
共著|jmdict-common
共謀|jmdict-common
共通|jmdict-common
共通点|jmdict-common
共通語|jmdict-common
共闘|jmdict-common
共鳴|jmdict-common
兵力|jmdict-common
兵員|jmdict-common
兵器|jmdict-common
兵士|jmdict-common
兵役|jmdict-common
兵粮|jmdict-variant
兵糧|jmdict-common
兵舎|jmdict-common
兵隊|jmdict-common
其々|jmdict-variant
其の|jmdict-variant
其のまま|jmdict-variant
其の上|jmdict-variant
其の他|jmdict-variant
其の儘|jmdict-common
其の内|jmdict-variant
其の外|jmdict-variant
其の様|jmdict-variant
其の物|jmdict-variant
其の辺|jmdict-variant
其れ|jmdict-variant
其れから|jmdict-variant
其れで|jmdict-variant
其れでは|jmdict-variant
其れでも|jmdict-variant
其れとも|jmdict-variant
其れなら|jmdict-variant
其れに|jmdict-variant
其れ其れ|jmdict-variant
其れ程|jmdict-common
其れ等|jmdict-variant
其他|jmdict-variant
其儘|jmdict-variant
其其|jmdict-variant
其内|jmdict-variant
其処|jmdict-variant
其処で|jmdict-variant
其処等辺|jmdict-variant
其奴|jmdict-variant
其所|jmdict-variant
其方|jmdict-variant
其程|jmdict-variant
其等|jmdict-variant
具える|jmdict-variant
具わる|jmdict-common
具体|jmdict-common
具体化|jmdict-common
具体的|jmdict-common
具合|jmdict-common
具合い|jmdict-variant
具象|jmdict-common
典型|jmdict-common
典型的|jmdict-common
兼ねて|jmdict-common
兼ねる|jmdict-common
兼ね備える|jmdict-common
兼ね合い|jmdict-common
兼任|jmdict-common
兼務|jmdict-common
兼合い|jmdict-variant
兼業|jmdict-common
冀望|jmdict-variant
内々|jmdict-common
内がわ|jmdict-variant
内乱|jmdict-common
内側|jmdict-common
内偵|jmdict-common
内内|jmdict-variant
内出血|jmdict-common
内分泌|jmdict-common
内務|jmdict-common
内包|jmdict-common
内向|jmdict-common
内向的|jmdict-common
内堀|jmdict-common
内壕|jmdict-variant
内外|jmdict-common
内定|jmdict-common
内実|jmdict-common
内容|jmdict-common
内幕|jmdict-common
内心|jmdict-common
内情|jmdict-common
内戦|jmdict-common
内所|jmdict-variant
内政|jmdict-common
内気|jmdict-common
内海|jmdict-common
内濠|jmdict-variant
内状|jmdict-variant
内申|jmdict-common
内省|jmdict-common
内示|jmdict-common
内科|jmdict-common
内緒|jmdict-common
内線|jmdict-common
内職|jmdict-common
内臓|jmdict-common
内蔵|jmdict-common
内装|jmdict-common
内規|jmdict-common
内角|jmdict-common
内訳|jmdict-common
内証|jmdict-variant
内諾|jmdict-common
内輪|jmdict-common
内部|jmdict-common
内野|jmdict-common
内野手|jmdict-common
内閣|jmdict-common
内閣官房|jmdict-common
内閣府|jmdict-common
内閣法制局|jmdict-common
内陸|jmdict-common
内需|jmdict-common
内面|jmdict-common
円い|jmdict-common
円み|jmdict-common
円卓|jmdict-common
円周|jmdict-common
円味|jmdict-variant
円型|jmdict-variant
円安|jmdict-common
円建て|jmdict-common
円弧|jmdict-common
円形|jmdict-common
円柱|jmdict-common
円満|jmdict-common
円滑|jmdict-common
円熟|jmdict-common
円盤|jmdict-common
円相場|jmdict-common
円筒|jmdict-common
円高|jmdict-common
冊子|jmdict-common
再び|jmdict-common
再スタート|jmdict-common
再三|jmdict-common
再任|jmdict-common
再会|jmdict-common
再來|jmdict-variant
再來週|jmdict-variant
再婚|jmdict-common
再審|jmdict-common
再度|jmdict-common
再建|jmdict-common
再来|jmdict-common
再来年|jmdict-common
再来月|jmdict-common
再来週|jmdict-common
再検討|jmdict-common
再演|jmdict-common
再燃|jmdict-common
再現|jmdict-common
再生|jmdict-common
再発|jmdict-common
再確認|jmdict-common
再編|jmdict-common
再考|jmdict-common
再販|jmdict-common
再起|jmdict-common
再起動|jmdict-common
再選|jmdict-common
再開|jmdict-common
再開発|jmdict-common
冒す|jmdict-common
冒険|jmdict-common
冒頭|jmdict-common
冗談|jmdict-common
写し|jmdict-common
写しだす|jmdict-variant
写し出す|jmdict-variant
写す|jmdict-common
写る|jmdict-common
写生|jmdict-common
写真|jmdict-common
写真家|jmdict-common
写真撮影|jmdict-common
写真集|jmdict-common
冠る|jmdict-variant
冠婚葬祭|jmdict-common
冥い|jmdict-variant
冥想|jmdict-variant
冥福|jmdict-common
冨有|jmdict-variant
冩眞|jmdict-variant
冬もの|jmdict-variant
冬休み|jmdict-common
冬場|jmdict-common
冬季|jmdict-common
冬期|jmdict-common
冬物|jmdict-common
冬眠|jmdict-common
冬至|jmdict-common
冱える|jmdict-variant
冴える|jmdict-common
冷え|jmdict-common
冷えこむ|jmdict-variant
冷える|jmdict-common
冷え性|jmdict-common
冷え症|jmdict-variant
冷え込む|jmdict-common
冷かす|jmdict-variant
冷す|jmdict-variant
冷ぞう庫|jmdict-variant
冷たい|jmdict-common
冷ます|jmdict-common
冷める|jmdict-common
冷や|jmdict-common
冷やか|jmdict-variant
冷やかす|jmdict-common
冷やす|jmdict-common
冷ややか|jmdict-common
冷や汗|jmdict-common
冷凍|jmdict-common
冷凍庫|jmdict-common
冷凍食品|jmdict-common
冷却|jmdict-common
冷夏|jmdict-common
冷害|jmdict-common
冷徹|jmdict-common
冷性|jmdict-variant
冷戦|jmdict-common
冷房|jmdict-common
冷暖房|jmdict-common
冷水|jmdict-common
冷汗|jmdict-common
冷淡|jmdict-common
冷笑|jmdict-common
冷蔵|jmdict-common
冷蔵庫|jmdict-common
冷遇|jmdict-common
冷酷|jmdict-common
冷静|jmdict-common
凄い|jmdict-common
凄じい|jmdict-variant
凄まじい|jmdict-common
准える|jmdict-variant
准じる|jmdict-variant
准ずる|jmdict-variant
准拠|jmdict-variant
凉しい|jmdict-variant
凉む|jmdict-variant
凋む|jmdict-variant
凋れる|jmdict-variant
凌ぐ|jmdict-common
凍える|jmdict-common
凍り|jmdict-variant
凍る|jmdict-common
凍死|jmdict-common
凍結|jmdict-common
凝った|jmdict-common
凝り性|jmdict-common
凝る|jmdict-common
凝乎と|jmdict-variant
凝固|jmdict-common
凝縮|jmdict-common
凝視|jmdict-common
凝視める|jmdict-variant
几上|jmdict-variant
几帳面|jmdict-common
凡そ|jmdict-common
凡て|jmdict-variant
凡ゆる|jmdict-variant
凡人|jmdict-common
凡庸|jmdict-common
処々|jmdict-variant
処処|jmdict-variant
処分|jmdict-common
処刑|jmdict-common
処女|jmdict-common
処方|jmdict-common
処方せん|jmdict-variant
処方箋|jmdict-common
処理|jmdict-common
処置|jmdict-common
処罰|jmdict-common
処遇|jmdict-common
凭る|jmdict-variant
凭れる|jmdict-variant
凶作|jmdict-common
凶器|jmdict-common
凶悪|jmdict-common
凸凹|jmdict-common
凸版|jmdict-common
凸版印刷|jmdict-common
凸起|jmdict-variant
凹み|jmdict-common
凹む|jmdict-common
凹凸|jmdict-common
出あう|jmdict-variant
出かける|jmdict-common
出かせぎ|jmdict-variant
出きる|jmdict-variant
出し|jmdict-common
出す|jmdict-common
出すぎる|jmdict-common
出はいり|jmdict-variant
出むかえ|jmdict-variant
出る|jmdict-common
出世|jmdict-common
出会|jmdict-variant
出会い|jmdict-common
出会う|jmdict-common
出來る|jmdict-variant
出入|jmdict-common
出入り|jmdict-common
出入り口|jmdict-common
出入口|jmdict-common
出典|jmdict-common
出処|jmdict-variant
出前|jmdict-common
出力|jmdict-common
出動|jmdict-common
出勤|jmdict-common
出口|jmdict-common
出合|jmdict-variant
出合い|jmdict-common
出合う|jmdict-common
出向|jmdict-common
出向く|jmdict-common
出品|jmdict-common
出国|jmdict-common
出土|jmdict-common
出場|jmdict-common
出塁|jmdict-common
出展|jmdict-common
出席|jmdict-common
出席者|jmdict-common
出店|jmdict-common
出廷|jmdict-common
出張|jmdict-common
出張所|jmdict-common
出征|jmdict-common
出所|jmdict-common
出掛ける|jmdict-common
出撃|jmdict-common
出方|jmdict-common
出来|jmdict-common
出来あがる|jmdict-variant
出来ごと|jmdict-variant
出来る|jmdict-common
出来るだけ|jmdict-common
出来るだけ早く|jmdict-variant
出来る丈|jmdict-variant
出来上がり|jmdict-common
出来上がる|jmdict-common
出来上り|jmdict-variant
出来上る|jmdict-variant
出来事|jmdict-common
出来高|jmdict-common
出板|jmdict-variant
出梅|jmdict-variant
出欠|jmdict-common
出汁|jmdict-variant
出没|jmdict-common
出港|jmdict-common
出演|jmdict-common
出火|jmdict-common
出版|jmdict-common
出版物|jmdict-common
出版社|jmdict-common
出版者|jmdict-variant
出獄|jmdict-common
出現|jmdict-common
出生|jmdict-common
出産|jmdict-common
出番|jmdict-common
出発|jmdict-common
出直し|jmdict-common
出社|jmdict-common
出稼ぎ|jmdict-common
出納|jmdict-common
出荷|jmdict-common
出血|jmdict-common
出費|jmdict-common
出資|jmdict-common
出走|jmdict-common
出足|jmdict-common
出身|jmdict-common
出身地|jmdict-common
出身者|jmdict-common
出迎え|jmdict-common
出迎える|jmdict-common
出這入り|jmdict-variant
出逢い|jmdict-variant
出逢う|jmdict-variant
出遅れる|jmdict-common
出過ぎる|jmdict-variant
出遭い|jmdict-variant
出遭う|jmdict-variant
出金|jmdict-common
出陣|jmdict-common
出頭|jmdict-common
出題|jmdict-common
出願|jmdict-common
出馬|jmdict-common
出鱈目|jmdict-common
函れる|jmdict-variant
刀剣|jmdict-common
刃もの|jmdict-variant
刃先|jmdict-common
刃向かう|jmdict-variant
刃渡|jmdict-variant
刃渡り|jmdict-common
刃物|jmdict-common
刃金|jmdict-variant
分かち|jmdict-common
分かつ|jmdict-common
分からずや|jmdict-variant
分からず屋|jmdict-common
分かり|jmdict-common
分かりにくい|jmdict-common
分かり悪い|jmdict-variant
分かり難い|jmdict-variant
分かる|jmdict-common
分かれる|jmdict-common
分かれ目|jmdict-common
分け|jmdict-common
分ける|jmdict-common
分け前|jmdict-common
分ち|jmdict-variant
分つ|jmdict-variant
分らず屋|jmdict-variant
分り|jmdict-variant
分る|jmdict-variant
分れる|jmdict-variant
分れ目|jmdict-variant
分乗|jmdict-common
分冊|jmdict-common
分別|jmdict-common
分割|jmdict-common
分割払い|jmdict-common
分化|jmdict-common
分子|jmdict-common
分室|jmdict-common
分岐|jmdict-common
分岐点|jmdict-common
分布|jmdict-common
分担|jmdict-common
分散|jmdict-common
分数|jmdict-common
分析|jmdict-common
分校|jmdict-common
分業|jmdict-common
分権|jmdict-common
分母|jmdict-common
分泌|jmdict-common
分科会|jmdict-common
分立|jmdict-common
分裂|jmdict-common
分解|jmdict-common
分譲|jmdict-common
分身|jmdict-common
分配|jmdict-common
分野|jmdict-common
分量|jmdict-common
分間|jmdict-common
分離|jmdict-common
分類|jmdict-common
切かけ|jmdict-variant
切っかけ|jmdict-variant
切っ掛|jmdict-variant
切っ掛け|jmdict-variant
切ない|jmdict-common
切らす|jmdict-common
切り|jmdict-common
切りあげ|jmdict-variant
切りかえる|jmdict-variant
切りがない|jmdict-common
切りが無い|jmdict-variant
切りぬき|jmdict-variant
切り上げ|jmdict-common
切り下げ|jmdict-common
切り口|jmdict-common
切り変える|jmdict-variant
切り崩す|jmdict-common
切り抜き|jmdict-common
切り捨て|jmdict-common
切り捨てる|jmdict-common
切り換え|jmdict-variant
切り換える|jmdict-variant
切り放す|jmdict-variant
切り替え|jmdict-common
切り替える|jmdict-common
切り札|jmdict-common
切り離す|jmdict-common
切る|jmdict-common
切れ|jmdict-common
切れる|jmdict-common
切れ味|jmdict-common
切れ目|jmdict-common
切上|jmdict-variant
切上げ|jmdict-variant
切口|jmdict-variant
切味|jmdict-variant
切実|jmdict-common
切手|jmdict-common
切抜|jmdict-variant
切抜き|jmdict-variant
切捨て|jmdict-variant
切捨てる|jmdict-variant
切掛|jmdict-variant
切掛け|jmdict-variant
切換|jmdict-variant
切換え|jmdict-variant
切換える|jmdict-variant
切支丹|jmdict-variant
切放す|jmdict-variant
切断|jmdict-common
切替|jmdict-variant
切替え|jmdict-variant
切替える|jmdict-variant
切望|jmdict-common
切札|jmdict-variant
切欠|jmdict-variant
切死丹|jmdict-variant
切点|jmdict-variant
切符|jmdict-common
切腹|jmdict-common
切角|jmdict-variant
切迫|jmdict-common
切離す|jmdict-variant
刈りこむ|jmdict-variant
刈り入れ|jmdict-common
刈り取る|jmdict-common
刈り込む|jmdict-common
刈る|jmdict-common
刈入|jmdict-variant
刈入れ|jmdict-variant
刈取る|jmdict-variant
刈込む|jmdict-variant
刊行|jmdict-common
刑事|jmdict-common
刑事々件|jmdict-variant
刑事事件|jmdict-common
刑事責任|jmdict-common
刑務所|jmdict-common
刑法|jmdict-common
刑罰|jmdict-common
列なる|jmdict-variant
列ねる|jmdict-variant
列ぶ|jmdict-variant
列国|jmdict-common
列島|jmdict-common
列挙|jmdict-common
列車|jmdict-common
初まり|jmdict-variant
初め|jmdict-common
初めて|jmdict-common
初めに|jmdict-common
初めまして|jmdict-common
初める|jmdict-common
初もうで|jmdict-variant
初代|jmdict-common
初任給|jmdict-common
初出|jmdict-common
初回|jmdict-common
初場所|jmdict-common
初売り|jmdict-common
初夏|jmdict-common
初夢|jmdict-common
初対面|jmdict-common
初年|jmdict-common
初心|jmdict-common
初心者|jmdict-common
初心者向け|jmdict-common
初恋|jmdict-common
初戦|jmdict-common
初挑戦|jmdict-common
初日|jmdict-common
初旬|jmdict-common
初期|jmdict-common
初期費用|jmdict-common
初歩|jmdict-common
初演|jmdict-common
初版|jmdict-common
初球|jmdict-common
初級|jmdict-common
初老|jmdict-common
初舞台|jmdict-common
初詣|jmdict-common
初詣で|jmdict-variant
初陣|jmdict-common
初雪|jmdict-common
初頭|jmdict-common
判り|jmdict-variant
判りにくい|jmdict-variant
判り難い|jmdict-variant
判る|jmdict-common
判事|jmdict-common
判例|jmdict-common
判子|jmdict-common
判定|jmdict-common
判断|jmdict-common
判明|jmdict-common
判決|jmdict-common
別々|jmdict-common
別け|jmdict-variant
別ける|jmdict-variant
別け前|jmdict-variant
別ち|jmdict-variant
別つ|jmdict-variant
別に|jmdict-common
別れ|jmdict-common
別れる|jmdict-common
別れ目|jmdict-variant
別人|jmdict-common
別個|jmdict-common
別冊|jmdict-common
別册|jmdict-variant
別別|jmdict-variant
別名|jmdict-common
別問題|jmdict-common
別室|jmdict-common
別居|jmdict-common
別棟|jmdict-common
別箇|jmdict-variant
別荘|jmdict-common
別表|jmdict-common
別途|jmdict-common
別院|jmdict-common
別館|jmdict-common
利かせる|jmdict-common
利き目|jmdict-common
利く|jmdict-common
利上げ|jmdict-common
利下げ|jmdict-common
利便|jmdict-common
利口|jmdict-common
利回り|jmdict-common
利子|jmdict-common
利害|jmdict-common
利害関係|jmdict-common
利巧|jmdict-variant
利己|jmdict-common
利己主義|jmdict-common
利息|jmdict-common
利払い|jmdict-common
利権|jmdict-common
利殖|jmdict-common
利比亜|jmdict-variant
利比利亜|jmdict-variant
利潤|jmdict-common
利点|jmdict-common
利率|jmdict-common
利用|jmdict-common
利用方法|jmdict-common
利用者|jmdict-common
利益|jmdict-common
利目|jmdict-variant
到る|jmdict-variant
到るところ|jmdict-variant
到る処|jmdict-variant
到る所|jmdict-variant
到底|jmdict-common
到来|jmdict-common
到着|jmdict-common
到達|jmdict-common
到頭|jmdict-variant
制する|jmdict-common
制作|jmdict-common
制圧|jmdict-common
制定|jmdict-common
制度|jmdict-common
制御|jmdict-common
制服|jmdict-common
制止|jmdict-common
制球|jmdict-common
制禦|jmdict-variant
制約|jmdict-common
制裁|jmdict-common
制覇|jmdict-common
制造|jmdict-variant
制限|jmdict-common
制馭|jmdict-variant
刷る|jmdict-common
刷新|jmdict-common
刹那|jmdict-common
刹那い|jmdict-variant
刺々|jmdict-variant
刺さる|jmdict-common
刺し|jmdict-common
刺しゅう|jmdict-variant
刺し殺す|jmdict-common
刺し身|jmdict-common
刺す|jmdict-common
刺刺|jmdict-variant
刺戟|jmdict-variant
刺激|jmdict-common
刺繍|jmdict-common
刺繡|jmdict-variant
刺身|jmdict-common
刻々|jmdict-common
刻み|jmdict-common
刻む|jmdict-common
刻一刻|jmdict-common
刻一刻と|jmdict-common
刻刻|jmdict-variant
剃る|jmdict-common
剃刀|jmdict-common
則する|jmdict-variant
則ち|jmdict-variant
削り節|jmdict-common
削る|jmdict-common
削減|jmdict-common
削除|jmdict-common
前々|jmdict-common
前ぶれ|jmdict-variant
前もって|jmdict-common
前代未聞|jmdict-common
前以って|jmdict-variant
前以て|jmdict-variant
前例|jmdict-common
前倒し|jmdict-common
前借り|jmdict-common
前兆|jmdict-common
前前|jmdict-variant
前半|jmdict-common
前半戦|jmdict-common
前向き|jmdict-common
前哨戦|jmdict-common
前回|jmdict-common
前売|jmdict-variant
前売り|jmdict-common
前売り券|jmdict-common
前売券|jmdict-variant
前夜|jmdict-common
前夜祭|jmdict-common
前年|jmdict-common
前年度|jmdict-common
前庭|jmdict-common
前後|jmdict-common
前徴|jmdict-variant
前払|jmdict-variant
前払い|jmdict-common
前提|jmdict-common
前文|jmdict-common
前方|jmdict-common
前日|jmdict-common
前書き|jmdict-common
前期|jmdict-common
前歴|jmdict-common
前水|jmdict-variant
前略|jmdict-common
前線|jmdict-common
前置き|jmdict-common
前者|jmdict-common
前衛|jmdict-common
前触れ|jmdict-common
前記|jmdict-common
前身|jmdict-common
前途|jmdict-common
前週|jmdict-common
前進|jmdict-common
前部|jmdict-common
前面|jmdict-common
前頭|jmdict-common
前髪|jmdict-common
剔出|jmdict-variant
剛い|jmdict-variant
剛健|jmdict-common
剛情|jmdict-variant
剝がす|jmdict-variant
剝がれる|jmdict-variant
剝く|jmdict-variant
剝ぐ|jmdict-variant
剝ける|jmdict-variant
剝げる|jmdict-variant
剣劇|jmdict-common
剣士|jmdict-common
剣道|jmdict-common
剥がす|jmdict-common
剥がれる|jmdict-common
剥く|jmdict-common
剥ぐ|jmdict-common
剥ける|jmdict-common
剥げる|jmdict-common
剥す|jmdict-variant
剪刀|jmdict-variant
副う|jmdict-variant
副える|jmdict-variant
副作用|jmdict-common
副反応|jmdict-common
副業|jmdict-common
副産物|jmdict-common
副知事|jmdict-common
副社長|jmdict-common
副葬品|jmdict-common
副詞|jmdict-common
副賞|jmdict-common
副題|jmdict-common
剰す|jmdict-variant
剰り|jmdict-variant
剰余金|jmdict-common
割く|jmdict-common
割ける|jmdict-variant
割と|jmdict-common
割に|jmdict-common
割り|jmdict-common
割りこむ|jmdict-variant
割りだす|jmdict-variant
割りと|jmdict-variant
割りに|jmdict-variant
割りばし|jmdict-variant
割り出す|jmdict-common
割り切る|jmdict-common
割り勘|jmdict-common
割り合い|jmdict-variant
割り安|jmdict-variant
割り引|jmdict-variant
割り引き|jmdict-variant
割り引く|jmdict-common
割り当て|jmdict-common
割り当てる|jmdict-common
割り算|jmdict-common
割り箸|jmdict-common
割り込み|jmdict-common
割り込む|jmdict-common
割り高|jmdict-variant
割る|jmdict-common
割れる|jmdict-common
割れ目|jmdict-common
割出す|jmdict-variant
割切る|jmdict-variant
割勘|jmdict-variant
割合|jmdict-common
割合に|jmdict-common
割安|jmdict-common
割引|jmdict-common
割引き|jmdict-variant
割引く|jmdict-variant
割引債|jmdict-common
割当|jmdict-variant
割当て|jmdict-common
割当てる|jmdict-common
割目|jmdict-variant
割算|jmdict-variant
割箸|jmdict-variant
割譲|jmdict-common
割込|jmdict-variant
割込み|jmdict-variant
割込む|jmdict-variant
割高|jmdict-common
創める|jmdict-variant
創りあげる|jmdict-variant
創りだす|jmdict-variant
創り上げる|jmdict-variant
創り出す|jmdict-variant
創る|jmdict-common
創作|jmdict-common
創価学会|jmdict-common
創出|jmdict-common
創刊|jmdict-common
創始|jmdict-common
創意|jmdict-common
創業|jmdict-common
創立|jmdict-common
創設|jmdict-common
創造|jmdict-common
創造力|jmdict-common
創造的|jmdict-common
剿討|jmdict-variant
劃する|jmdict-variant
劃一|jmdict-variant
劃数|jmdict-variant
劃期的|jmdict-variant
劇しい|jmdict-variant
劇作|jmdict-common
劇団|jmdict-common
劇場|jmdict-common
劇変|jmdict-variant
劇戦|jmdict-variant
劇甚|jmdict-variant
劇画|jmdict-common
劇的|jmdict-common
劇薬|jmdict-common
劇論|jmdict-variant
力いっぱい|jmdict-variant
力む|jmdict-common
力めて|jmdict-variant
力める|jmdict-variant
力もち|jmdict-variant
力一杯|jmdict-common
力作|jmdict-common
力倆|jmdict-variant
力士|jmdict-common
力学|jmdict-common
力強い|jmdict-common
力投|jmdict-common
力持ち|jmdict-common
力添え|jmdict-common
力点|jmdict-common
力試し|jmdict-common
力説|jmdict-common
力量|jmdict-common
功労|jmdict-common
功名|jmdict-common
功夫|jmdict-variant
功績|jmdict-common
功者|jmdict-variant
功能|jmdict-variant
加える|jmdict-common
加わる|jmdict-common
加入|jmdict-common
加味|jmdict-common
加圧|jmdict-common
加奈陀|jmdict-variant
加害者|jmdict-common
加工|jmdict-common
加担|jmdict-common
加減|jmdict-common
加点|jmdict-common
加熱|jmdict-common
加爾基|jmdict-variant
加特力|jmdict-variant
加留多|jmdict-variant
加盟|jmdict-common
加答児|jmdict-variant
加算|jmdict-common
加速|jmdict-common
加重|jmdict-common
劣る|jmdict-common
劣勢|jmdict-common
劣化|jmdict-common
劣悪|jmdict-common
劣等感|jmdict-common
助かる|jmdict-common
助け|jmdict-common
助ける|jmdict-common
助け合い|jmdict-common
助け合う|jmdict-common
助っ人|jmdict-common
助力|jmdict-common
助役|jmdict-common
助成|jmdict-common
助手|jmdict-common
助教授|jmdict-common
助演|jmdict-common
助産婦|jmdict-common
助言|jmdict-common
助詞|jmdict-common
努めて|jmdict-common
努める|jmdict-common
努力|jmdict-common
劫かす|jmdict-variant
励まし|jmdict-common
励ます|jmdict-common
励み|jmdict-common
励む|jmdict-common
労る|jmdict-common
労わる|jmdict-variant
労作|jmdict-common
労使|jmdict-common
労働|jmdict-common
労働党|jmdict-common
労働力|jmdict-common
労働基準法|jmdict-common
労働条件|jmdict-common
労働省|jmdict-common
労働組合|jmdict-common
労働者|jmdict-common
労働運動|jmdict-common
労力|jmdict-common
労動|jmdict-variant
労動者|jmdict-variant
労務|jmdict-common
労災|jmdict-common
労相|jmdict-common
労組|jmdict-common
労連|jmdict-common
効かせる|jmdict-variant
効き目|jmdict-common
効く|jmdict-common
効力|jmdict-common
効果|jmdict-common
効果的|jmdict-common
効率|jmdict-common
効率的|jmdict-common
効用|jmdict-common
効目|jmdict-variant
効能|jmdict-common
勁い|jmdict-variant
勃牙利|jmdict-variant
勃起|jmdict-common
勇ましい|jmdict-common
勇み足|jmdict-common
勇む|jmdict-common
勇士|jmdict-common
勇悍|jmdict-variant
勇敢|jmdict-common
勇気|jmdict-common
勇者|jmdict-common
勇退|jmdict-common
勉めて|jmdict-variant
勉める|jmdict-variant
勉学|jmdict-common
勉強|jmdict-common
勉強中|jmdict-common
動かす|jmdict-common
動き|jmdict-common
動きだす|jmdict-variant
動き出す|jmdict-common
動く|jmdict-common
動じる|jmdict-common
動乱|jmdict-common
動作|jmdict-common
動力|jmdict-common
動勢|jmdict-variant
動向|jmdict-common
動員|jmdict-common
動態|jmdict-common
動揺|jmdict-common
動植物|jmdict-common
動機|jmdict-common
動物|jmdict-common
動物園|jmdict-common
動画|jmdict-common
動脈|jmdict-common
動脈硬化|jmdict-common
動詞|jmdict-common
動議|jmdict-common
動静|jmdict-common
勘える|jmdict-variant
勘定|jmdict-common
勘弁|jmdict-common
勘案|jmdict-common
勘辨|jmdict-variant
勘違い|jmdict-common
務め|jmdict-common
務める|jmdict-common
勝ち|jmdict-common
勝ち星|jmdict-common
勝ち負け|jmdict-common
勝ち越し|jmdict-common
勝ち越す|jmdict-common
勝つ|jmdict-common
勝る|jmdict-common
勝れる|jmdict-variant
勝利|jmdict-common
勝因|jmdict-common
勝手|jmdict-common
勝手気まま|jmdict-common
勝手気儘|jmdict-variant
勝敗|jmdict-common
勝率|jmdict-common
勝者|jmdict-common
勝訴|jmdict-common
勝負|jmdict-common
勝越し|jmdict-variant
勝越す|jmdict-variant
募る|jmdict-common
募金|jmdict-common
募集|jmdict-common
勢い|jmdict-common
勢ぞろい|jmdict-common
勢み|jmdict-variant
勢む|jmdict-variant
勢力|jmdict-common
勢揃|jmdict-variant
勢揃い|jmdict-common
勤め|jmdict-common
勤める|jmdict-common
勤め先|jmdict-common
勤労|jmdict-common
勤労者|jmdict-common
勤勉|jmdict-common
勤務|jmdict-common
勤務時間|jmdict-common
勤続|jmdict-common
勧め|jmdict-common
勧める|jmdict-common
勧告|jmdict-common
勧善懲悪|jmdict-common
勧奨|jmdict-common
勧業|jmdict-common
勧誘|jmdict-common
勧進|jmdict-common
勲章|jmdict-common
勾配|jmdict-common
勿体ない|jmdict-common
勿体無い|jmdict-variant
勿論|jmdict-common
匂い|jmdict-common
匂う|jmdict-common
包み|jmdict-common
包みこむ|jmdict-variant
包み紙|jmdict-common
包み込む|jmdict-common
包む|jmdict-common
包丁|jmdict-common
包含|jmdict-common
包囲|jmdict-common
包容力|jmdict-common
包帯|jmdict-common
包括|jmdict-common
包紙|jmdict-variant
包装|jmdict-common
包込む|jmdict-variant
匍う|jmdict-variant
化けもの|jmdict-variant
化ける|jmdict-common
化け物|jmdict-common
化合|jmdict-common
化合物|jmdict-common
化学|jmdict-common
化学兵器|jmdict-common
化学物質|jmdict-common
化学肥料|jmdict-common
化學|jmdict-variant
化成|jmdict-common
化物|jmdict-variant
化石|jmdict-common
化粧|jmdict-common
化繊|jmdict-common
北々東|jmdict-variant
北アイルランド|jmdict-common
北上|jmdict-common
北九州|jmdict-common
北京|jmdict-common
北側|jmdict-common
北北東|jmdict-common
北口|jmdict-common
北国|jmdict-common
北方|jmdict-common
北朝鮮|jmdict-common
北東|jmdict-common
北極|jmdict-common
北極圏|jmdict-common
北欧|jmdict-common
北海|jmdict-common
北海道|jmdict-common
北海道開発庁長官|jmdict-common
北端|jmdict-common
北米|jmdict-common
北緯|jmdict-common
北西|jmdict-common
北部|jmdict-common
北陸|jmdict-common
北風|jmdict-common
匡体|jmdict-variant
匹敵|jmdict-common
区々|jmdict-variant
区内|jmdict-common
区分|jmdict-common
区切|jmdict-variant
区切り|jmdict-common
区切る|jmdict-common
区別|jmdict-common
区劃|jmdict-variant
区区|jmdict-variant
区域|jmdict-common
区役所|jmdict-common
区民|jmdict-common
区画|jmdict-common
区立|jmdict-common
区議|jmdict-common
区長|jmdict-common
区間|jmdict-common
医大|jmdict-common
医学|jmdict-common
医学部|jmdict-common
医局|jmdict-common
医師|jmdict-common
医師会|jmdict-common
医療|jmdict-common
医科|jmdict-common
医科学|jmdict-common
医者|jmdict-common
医薬|jmdict-common
医薬品|jmdict-common
医長|jmdict-common
医院|jmdict-common
匿す|jmdict-variant
匿れる|jmdict-variant
匿名|jmdict-common
區別|jmdict-variant
區劃|jmdict-variant
區畫|jmdict-variant
十一|jmdict-common
十一日|jmdict-common
十一月|jmdict-common
十七|jmdict-common
十七日|jmdict-common
十万|jmdict-common
十三|jmdict-common
十三日|jmdict-common
十両|jmdict-common
十九|jmdict-common
十九日|jmdict-common
十二|jmdict-common
十二分|jmdict-common
十二日|jmdict-common
十二月|jmdict-common
十五|jmdict-common
十五日|jmdict-common
十代|jmdict-common
十億|jmdict-common
十八|jmdict-common
十八日|jmdict-common
十八番|jmdict-common
十六|jmdict-common
十六日|jmdict-common
十分|jmdict-common
十四|jmdict-common
十四日|jmdict-common
十字|jmdict-common
十字架|jmdict-common
十字路|jmdict-common
十日|jmdict-common
十月|jmdict-common
十萬|jmdict-variant
十露盤|jmdict-variant
千世|jmdict-variant
千九百年代|jmdict-common
千代|jmdict-common
千円|jmdict-variant
千円札|jmdict-common
千切る|jmdict-common
千切れる|jmdict-common
千島|jmdict-common
千島列島|jmdict-common
千秋楽|jmdict-common
千秋樂|jmdict-variant
千穐楽|jmdict-variant
千穐樂|jmdict-variant
千葉|jmdict-common
千里|jmdict-common
千鳥|jmdict-common
千龝楽|jmdict-variant
千龝樂|jmdict-variant
午すぎ|jmdict-variant
午前|jmdict-common
午前中|jmdict-common
午后|jmdict-variant
午後|jmdict-common
午過ぎ|jmdict-variant
半々|jmdict-common
半そで|jmdict-variant
半ば|jmdict-common
半値|jmdict-common
半分|jmdict-common
半半|jmdict-variant
半周|jmdict-common
半官半民|jmdict-common
半導体|jmdict-common
半島|jmdict-common
半年|jmdict-common
半径|jmdict-common
半数|jmdict-common
半日|jmdict-common
半月|jmdict-common
半期|jmdict-common
半減|jmdict-common
半熟|jmdict-common
半生|jmdict-common
半端|jmdict-common
半袖|jmdict-common
半身|jmdict-common
半面|jmdict-common
半額|jmdict-common
卑しい|jmdict-common
卑劣|jmdict-common
卑屈|jmdict-common
卑怯|jmdict-common
卒える|jmdict-variant
卒る|jmdict-variant
卒先|jmdict-variant
卒業|jmdict-common
卒業式|jmdict-common
卒業後|jmdict-common
卒業生|jmdict-common
卒直|jmdict-variant
卓上|jmdict-common
卓球|jmdict-common
卓越|jmdict-common
協会|jmdict-common
協力|jmdict-common
協同|jmdict-common
協同体|jmdict-variant
協同組合|jmdict-common
協和|jmdict-common
協奏曲|jmdict-common
協定|jmdict-common
協調|jmdict-common
協議|jmdict-common
協賛|jmdict-common
南がわ|jmdict-variant
南アフリカ|jmdict-common
南側|jmdict-common
南北|jmdict-common
南北問題|jmdict-common
南口|jmdict-common
南方|jmdict-common
南東|jmdict-common
南極|jmdict-common
南氷洋|jmdict-common
南海|jmdict-common
南瓜|jmdict-common
南米|jmdict-common
南緯|jmdict-common
南蛮|jmdict-common
南西|jmdict-common
南部|jmdict-common
単なる|jmdict-common
単に|jmdict-common
単一|jmdict-common
単位|jmdict-common
単価|jmdict-common
単数|jmdict-common
単独|jmdict-common
単産|jmdict-common
単皮|jmdict-variant
単純|jmdict-common
単行本|jmdict-common
単語|jmdict-common
単調|jmdict-common
単身|jmdict-common
単身赴任|jmdict-common
博士|jmdict-common
博多|jmdict-common
博学|jmdict-common
博愛|jmdict-common
博物|jmdict-common
博物館|jmdict-common
博覧会|jmdict-common
卜い|jmdict-variant
卜う|jmdict-variant
占い|jmdict-common
占い師|jmdict-common
占う|jmdict-common
占める|jmdict-common
占師|jmdict-variant
占拠|jmdict-common
占有|jmdict-common
占領|jmdict-common
印刷|jmdict-common
印度|jmdict-variant
印度尼西亜|jmdict-variant
印度支那|jmdict-variant
印税|jmdict-common
印紙|jmdict-common
印象|jmdict-common
印象づける|jmdict-variant
印象付ける|jmdict-common
印象的|jmdict-common
印鑑|jmdict-common
危うい|jmdict-common
危うく|jmdict-common
危ぐ|jmdict-variant
危ない|jmdict-common
危ぶむ|jmdict-common
危害|jmdict-common
危急|jmdict-common
危惧|jmdict-common
危機|jmdict-common
危篤|jmdict-common
危虞|jmdict-variant
危険|jmdict-common
危険性|jmdict-common
即く|jmdict-variant
即する|jmdict-common
即ち|jmdict-common
即位|jmdict-common
即刻|jmdict-common
即功|jmdict-variant
即効|jmdict-common
即売|jmdict-common
即席|jmdict-common
即座|jmdict-common
即座に|jmdict-common
即戦力|jmdict-common
即日|jmdict-common
即時|jmdict-common
即死|jmdict-common
即興|jmdict-common
却々|jmdict-variant
却って|jmdict-common
却下|jmdict-common
却却|jmdict-variant
卵型|jmdict-variant
卵子|jmdict-common
卵巣|jmdict-common
卵形|jmdict-common
卵管|jmdict-common
卸し|jmdict-variant
卸し値|jmdict-variant
卸し売り|jmdict-variant
卸し売り物価|jmdict-variant
卸す|jmdict-common
卸値|jmdict-common
卸売|jmdict-common
卸売り|jmdict-common
卸売市場|jmdict-common
卸売物価|jmdict-common
厄介|jmdict-common
厄年|jmdict-common
厄瓜多|jmdict-variant
厖大|jmdict-variant
厚い|jmdict-common
厚かましい|jmdict-common
厚さ|jmdict-common
厚み|jmdict-common
厚味|jmdict-variant
厚意|jmdict-common
厚生|jmdict-common
厚生年金|jmdict-common
厚生省|jmdict-common
厚相|jmdict-common
厚着|jmdict-common
厚紙|jmdict-common
原っぱ|jmdict-common
原人|jmdict-common
原住民|jmdict-common
原作|jmdict-common
原価|jmdict-common
原則|jmdict-common
原動力|jmdict-common
原告|jmdict-common
原因|jmdict-common
原型|jmdict-common
原始|jmdict-common
原子|jmdict-common
原子力|jmdict-common
原子核|jmdict-common
原子炉|jmdict-common
原形|jmdict-common
原文|jmdict-common
原料|jmdict-common
原書|jmdict-common
原本|jmdict-common
原材料|jmdict-common
原案|jmdict-common
原水爆|jmdict-common
原油|jmdict-common
原泉|jmdict-variant
原潜|jmdict-common
原点|jmdict-common
原爆|jmdict-common
原理|jmdict-common
原生|jmdict-common
原産|jmdict-common
原産地|jmdict-common
原画|jmdict-common
原発|jmdict-common
原稿|jmdict-common
原稿用紙|jmdict-common
原素|jmdict-variant
原義|jmdict-common
原色|jmdict-common
原資|jmdict-common
原野|jmdict-common
厨坊|jmdict-variant
厨房|jmdict-common
厭がらせ|jmdict-variant
厭がる|jmdict-variant
厭き|jmdict-variant
厭きる|jmdict-variant
厭らしい|jmdict-common
厳か|jmdict-common
厳しい|jmdict-common
厳しさ|jmdict-common
厳守|jmdict-common
厳密|jmdict-common
厳戒|jmdict-common
厳格|jmdict-common
厳禁|jmdict-common
厳粛|jmdict-common
厳罰|jmdict-common
厳重|jmdict-common
厶います|jmdict-variant
去る|jmdict-common
去就|jmdict-common
去年|jmdict-common
去来|jmdict-common
参る|jmdict-common
参与|jmdict-common
参事|jmdict-common
参事官|jmdict-common
参入|jmdict-common
参列|jmdict-common
参加|jmdict-common
参加者|jmdict-common
参戦|jmdict-common
参拝|jmdict-common
参拾|jmdict-variant
参政権|jmdict-common
参照|jmdict-common
参画|jmdict-common
参考|jmdict-common
参考書|jmdict-common
参観|jmdict-common
参謀|jmdict-common
参議院|jmdict-common
参道|jmdict-common
参院|jmdict-common
參考|jmdict-variant
又ね|jmdict-variant
又は|jmdict-common
及び|jmdict-common
及ぶ|jmdict-common
及ぼす|jmdict-common
友だち|jmdict-common
友人|jmdict-common
友好|jmdict-common
友情|jmdict-common
友愛|jmdict-common
友達|jmdict-common
双つ|jmdict-variant
双ぶ|jmdict-variant
双べる|jmdict-variant
双子|jmdict-common
双対|jmdict-variant
双方|jmdict-common
双生児|jmdict-common
双眼鏡|jmdict-common
双葉|jmdict-common
反す|jmdict-common
反する|jmdict-common
反って|jmdict-variant
反る|jmdict-common
反乱|jmdict-common
反体制|jmdict-common
反作用|jmdict-common
反共|jmdict-common
反則|jmdict-common
反動|jmdict-common
反対|jmdict-common
反対側|jmdict-common
反射|jmdict-common
反射的|jmdict-common
反影|jmdict-variant
反復|jmdict-common
反応|jmdict-common
反感|jmdict-common
反戦|jmdict-common
反抗|jmdict-common
反撃|jmdict-common
反撥|jmdict-variant
反旗|jmdict-common
反日|jmdict-common
反映|jmdict-common
反発|jmdict-common
反省|jmdict-common
反米|jmdict-common
反落|jmdict-common
反証|jmdict-common
反論|jmdict-common
反転|jmdict-common
反逆|jmdict-common
反面|jmdict-common
反響|jmdict-common
収まり|jmdict-common
収まる|jmdict-common
収める|jmdict-common
収る|jmdict-variant
収入|jmdict-common
収容|jmdict-common
収容所|jmdict-common
収拾|jmdict-common
収支|jmdict-common
収用|jmdict-common
収益|jmdict-common
収穫|jmdict-common
収納|jmdict-common
収縮|jmdict-common
収賄|jmdict-common
収量|jmdict-common
収録|jmdict-common
収集|jmdict-common
叔母|jmdict-common
叔父|jmdict-common
取っ手|jmdict-common
取りあえず|jmdict-variant
取りあげる|jmdict-variant
取りあつかう|jmdict-variant
取りいれる|jmdict-variant
取りえ|jmdict-variant
取りかえる|jmdict-variant
取りかかる|jmdict-variant
取りかこむ|jmdict-variant
取りこみ|jmdict-variant
取りこむ|jmdict-variant
取りそろえる|jmdict-variant
取りたて|jmdict-variant
取りだす|jmdict-variant
取りつぐ|jmdict-variant
取りのぞく|jmdict-variant
取りはずす|jmdict-variant
取りまく|jmdict-variant
取りまとめる|jmdict-common
取りもどす|jmdict-variant
取りわけ|jmdict-variant
取り上げる|jmdict-common
取り下げ|jmdict-common
取り入れる|jmdict-common
取り出す|jmdict-common
取り分け|jmdict-common
取り口|jmdict-common
取り合えず|jmdict-variant
取り囲む|jmdict-common
取り壊し|jmdict-common
取り外す|jmdict-common
取り寄せる|jmdict-common
取り巻く|jmdict-common
取り引き|jmdict-common
取り引き先|jmdict-variant
取り得|jmdict-variant
取り戻す|jmdict-common
取り扱|jmdict-variant
取り扱い|jmdict-common
取り扱い注意|jmdict-variant
取り扱う|jmdict-common
取り掛かる|jmdict-common
取り掛る|jmdict-variant
取り揃える|jmdict-common
取り換える|jmdict-variant
取り敢えず|jmdict-variant
取り方|jmdict-common
取り替える|jmdict-common
取り柄|jmdict-common
取り極め|jmdict-variant
取り極める|jmdict-variant
取り次ぎ|jmdict-common
取り次ぐ|jmdict-common
取り残す|jmdict-common
取り毀し|jmdict-variant
取り決め|jmdict-common
取り決める|jmdict-common
取り消し|jmdict-common
取り消す|jmdict-common
取り立て|jmdict-common
取り組|jmdict-variant
取り組み|jmdict-common
取り組む|jmdict-common
取り継ぐ|jmdict-variant
取り締まり|jmdict-common
取り締まり役|jmdict-variant
取り締まる|jmdict-common
取り締り|jmdict-variant
取り纏める|jmdict-variant
取り計らい|jmdict-common
取り調べ|jmdict-common
取り込み|jmdict-common
取り込む|jmdict-common
取り返す|jmdict-common
取り除く|jmdict-common
取る|jmdict-common
取れる|jmdict-common
取上げる|jmdict-variant
取下|jmdict-variant
取下げ|jmdict-variant
取入れる|jmdict-variant
取出す|jmdict-variant
取分け|jmdict-variant
取口|jmdict-variant
取合えず|jmdict-variant
取囲む|jmdict-variant
取壊し|jmdict-variant
取外す|jmdict-variant
取寄せる|jmdict-variant
取巻く|jmdict-variant
取引|jmdict-common
取引き|jmdict-variant
取引先|jmdict-common
取得|jmdict-common
取戻す|jmdict-variant
取手|jmdict-variant
取扱|jmdict-common
取扱い|jmdict-common
取扱う|jmdict-variant
取扱注意|jmdict-common
取捨|jmdict-common
取掛る|jmdict-variant
取揃える|jmdict-variant
取換える|jmdict-variant
取換る|jmdict-variant
取敢えず|jmdict-variant
取方|jmdict-variant
取替える|jmdict-variant
取材|jmdict-common
取柄|jmdict-variant
取極め|jmdict-variant
取極める|jmdict-variant
取次|jmdict-variant
取次ぎ|jmdict-common
取次ぐ|jmdict-variant
取残す|jmdict-variant
取毀し|jmdict-variant
取水|jmdict-common
取決|jmdict-variant
取決め|jmdict-common
取決める|jmdict-variant
取消|jmdict-variant
取消し|jmdict-common
取消す|jmdict-variant
取立て|jmdict-variant
取組|jmdict-variant
取組み|jmdict-variant
取組む|jmdict-variant
取継ぐ|jmdict-variant
取締|jmdict-variant
取締まり|jmdict-variant
取締まる|jmdict-variant
取締り|jmdict-common
取締り役|jmdict-variant
取締る|jmdict-variant
取締役|jmdict-common
取締役会|jmdict-common
取締法|jmdict-common
取纏める|jmdict-variant
取計らい|jmdict-variant
取調|jmdict-variant
取調べ|jmdict-common
取込|jmdict-variant
取込み|jmdict-variant
取込む|jmdict-variant
取返す|jmdict-variant
取除く|jmdict-variant
受かる|jmdict-common
受け|jmdict-common
受けいれる|jmdict-variant
受けたまわる|jmdict-variant
受けつぐ|jmdict-variant
受けつけ|jmdict-variant
受けつける|jmdict-variant
受けとめる|jmdict-variant
受けとる|jmdict-variant
受ける|jmdict-common
受け付|jmdict-variant
受け付け|jmdict-common
受け付ける|jmdict-common
受け付け中|jmdict-variant
受け入れ|jmdict-common
受け入れる|jmdict-common
受け取|jmdict-variant
受け取り|jmdict-common
受け取り人|jmdict-variant
受け取る|jmdict-common
受け取人|jmdict-variant
受け容れる|jmdict-variant
受け持ち|jmdict-common
受け持つ|jmdict-common
受け止める|jmdict-common
受け渡し|jmdict-common
受け皿|jmdict-common
受け継ぐ|jmdict-common
受け賜る|jmdict-variant
受け賜わる|jmdict-variant
受け身|jmdict-common
受付|jmdict-common
受付け|jmdict-variant
受付ける|jmdict-variant
受付け中|jmdict-variant
受付中|jmdict-common
受信|jmdict-common
受信器|jmdict-variant
受信機|jmdict-common
受像|jmdict-common
受入|jmdict-variant
受入れ|jmdict-variant
受入れる|jmdict-variant
受刑|jmdict-common
受動|jmdict-common
受動的|jmdict-common
受取|jmdict-common
受取り|jmdict-common
受取り人|jmdict-variant
受取る|jmdict-variant
受取人|jmdict-common
受容|jmdict-common
受容れる|jmdict-variant
受持|jmdict-variant
受持ち|jmdict-variant
受授|jmdict-variant
受注|jmdict-common
受渡|jmdict-variant
受渡し|jmdict-variant
受理|jmdict-common
受皿|jmdict-variant
受益|jmdict-common
受章|jmdict-common
受精|jmdict-common
受精卵|jmdict-common
受給|jmdict-common
受胎|jmdict-common
受託|jmdict-common
受診|jmdict-common
受註|jmdict-variant
受話器|jmdict-common
受話機|jmdict-variant
受諾|jmdict-common
受講|jmdict-common
受講料|jmdict-common
受賞|jmdict-common
受賞式|jmdict-variant
受身|jmdict-common
受附|jmdict-variant
受難|jmdict-common
受領|jmdict-common
受験|jmdict-common
叙事詩|jmdict-common
叙利亜|jmdict-variant
叙勲|jmdict-common
叙情|jmdict-common
叙文|jmdict-variant
叙述|jmdict-common
叛く|jmdict-variant
叛する|jmdict-variant
叛乱|jmdict-variant
叛旗|jmdict-variant
叛逆|jmdict-variant
叡智|jmdict-variant
叡知|jmdict-variant
叢がる|jmdict-variant
口々|jmdict-common
口々に|jmdict-common
口きき|jmdict-variant
口ぐせ|jmdict-variant
口げんか|jmdict-variant
口ごたえ|jmdict-variant
口ごもる|jmdict-common
口さき|jmdict-variant
口だし|jmdict-variant
口どめ|jmdict-variant
口ぶえ|jmdict-variant
口ぶり|jmdict-common
口ケンカ|jmdict-variant
口ゲンカ|jmdict-variant
口コミ|jmdict-common
口上|jmdict-common
口先|jmdict-common
口出し|jmdict-common
口利き|jmdict-common
口口|jmdict-variant
口口に|jmdict-variant
口喧嘩|jmdict-common
口嘴|jmdict-variant
口実|jmdict-common
口座|jmdict-common
口座番号|jmdict-common
口径|jmdict-common
口応え|jmdict-variant
口惜しい|jmdict-variant
口振り|jmdict-variant
口数|jmdict-common
口止め|jmdict-common
口火|jmdict-common
口癖|jmdict-common
口笛|jmdict-common
口答え|jmdict-common
口篭もる|jmdict-variant
口篭る|jmdict-variant
口籠もる|jmdict-variant
口籠る|jmdict-variant
口紅|jmdict-common
口語|jmdict-common
口調|jmdict-common
口論|jmdict-common
口走る|jmdict-common
口述|jmdict-common
口頭|jmdict-common
口頭弁論|jmdict-common
古い|jmdict-common
古え|jmdict-variant
古くさい|jmdict-variant
古事|jmdict-variant
古今|jmdict-common
古代|jmdict-common
古典|jmdict-common
古典的|jmdict-common
古加涅|jmdict-variant
古参|jmdict-common
古城|jmdict-common
古墳|jmdict-common
古巣|jmdict-common
古文|jmdict-common
古文書|jmdict-common
古書|jmdict-common
古本|jmdict-common
古本屋|jmdict-common
古来|jmdict-common
古着|jmdict-common
古紙|jmdict-common
古臭い|jmdict-common
古語|jmdict-common
古都|jmdict-common
古里|jmdict-common
古風|jmdict-common
句切|jmdict-variant
句切り|jmdict-variant
句切る|jmdict-variant
句読点|jmdict-common
句集|jmdict-common
叩き|jmdict-common
叩く|jmdict-common
只今|jmdict-common
只管|jmdict-variant
叫く|jmdict-variant
叫び|jmdict-common
叫び声|jmdict-common
叫ぶ|jmdict-common
召しあがる|jmdict-variant
召し上がる|jmdict-common
召し上る|jmdict-variant
召す|jmdict-common
召上がる|jmdict-variant
召喚|jmdict-common
召請|jmdict-variant
召集|jmdict-common
叮嚀|jmdict-variant
可き|jmdict-variant
可きではない|jmdict-variant
可なり|jmdict-variant
可也|jmdict-variant
可否|jmdict-common
可哀そう|jmdict-variant
可哀想|jmdict-common
可哀相|jmdict-common
可怪しい|jmdict-variant
可愛い|jmdict-common
可愛がる|jmdict-common
可愛そう|jmdict-variant
可愛らしい|jmdict-common
可憐|jmdict-common
可成|jmdict-variant
可成り|jmdict-variant
可決|jmdict-common
可燃性|jmdict-common
可燃物|jmdict-common
可笑しい|jmdict-variant
可笑しな|jmdict-variant
可能|jmdict-common
可能にする|jmdict-common
可能性|jmdict-common
可能性が高い|jmdict-common
台なし|jmdict-variant
台地|jmdict-common
台帳|jmdict-common
台所|jmdict-common
台本|jmdict-common
台湾|jmdict-common
台灣|jmdict-variant
台無し|jmdict-common
台車|jmdict-common
台頭|jmdict-common
台風|jmdict-common
叱る|jmdict-common
叱言|jmdict-variant
史上|jmdict-common
史学|jmdict-common
史実|jmdict-common
史家|jmdict-common
史料|jmdict-common
史跡|jmdict-common
史蹟|jmdict-variant
右がわ|jmdict-variant
右っかわ|jmdict-variant
右クリック|jmdict-common
右上|jmdict-common
右下|jmdict-common
右中間|jmdict-common
右側|jmdict-common
右往左往|jmdict-common
右手|jmdict-common
右折|jmdict-common
右方|jmdict-common
右派|jmdict-common
右翼|jmdict-common
右脚|jmdict-variant
右腕|jmdict-common
右足|jmdict-common
叶う|jmdict-common
叶える|jmdict-common
号令|jmdict-common
号外|jmdict-common
号泣|jmdict-common
号車|jmdict-common
司どる|jmdict-variant
司る|jmdict-common
司令|jmdict-common
司令官|jmdict-common
司令部|jmdict-common
司会|jmdict-common
司会者|jmdict-common
司書|jmdict-common
司法|jmdict-common
司法裁判|jmdict-common
吃る|jmdict-common
吃逆|jmdict-variant
吃驚|jmdict-variant
各々|jmdict-common
各位|jmdict-common
各別|jmdict-variant
各各|jmdict-common
各国|jmdict-common
各地|jmdict-common
各種|jmdict-common
各自|jmdict-common
合いことば|jmdict-variant
合い乗り|jmdict-variant
合い性|jmdict-variant
合い言葉|jmdict-variant
合い詞|jmdict-variant
合い間|jmdict-variant
合う|jmdict-common
合す|jmdict-variant
合せる|jmdict-variant
合づち|jmdict-variant
合わす|jmdict-common
合わせる|jmdict-common
合乗り|jmdict-variant
合作|jmdict-common
合併|jmdict-common
合併症|jmdict-common
合力|jmdict-common
合同|jmdict-common
合否|jmdict-common
合唱|jmdict-common
合唱団|jmdict-common
合図|jmdict-common
合奏|jmdict-common
合宿|jmdict-common
合弁|jmdict-common
合性|jmdict-variant
合意|jmdict-common
合憎|jmdict-variant
合憲|jmdict-common
合成|jmdict-common
合成洗剤|jmdict-common
合成繊維|jmdict-common
合戦|jmdict-common
合掌|jmdict-common
合板|jmdict-common
合格|jmdict-common
合棒|jmdict-variant
合槌|jmdict-variant
合法|jmdict-common
合法的|jmdict-common
合流|jmdict-common
合点|jmdict-common
合理|jmdict-common
合理化|jmdict-common
合理的|jmdict-common
合瓣|jmdict-variant
合繊|jmdict-common
合羽|jmdict-variant
合致|jmdict-common
合言葉|jmdict-common
合計|jmdict-common
合議|jmdict-common
合辦|jmdict-variant
合金|jmdict-common
合鎚|jmdict-variant
合間|jmdict-common
吉い|jmdict-variant
吉兆|jmdict-common
吉利支丹|jmdict-variant
吉報|jmdict-common
吉徴|jmdict-variant
吊す|jmdict-variant
吊る|jmdict-common
吊るす|jmdict-common
同じ|jmdict-common
同じく|jmdict-common
同じみ|jmdict-variant
同せい|jmdict-variant
同一|jmdict-common
同上|jmdict-common
同乗|jmdict-common
同人|jmdict-common
同伴|jmdict-common
同僚|jmdict-common
同党|jmdict-common
同列|jmdict-common
同化|jmdict-common
同名|jmdict-common
同国|jmdict-common
同地|jmdict-common
同士|jmdict-common
同夜|jmdict-common
同好|jmdict-common
同姓|jmdict-common
同室|jmdict-common
同封|jmdict-common
同局|jmdict-common
同居|jmdict-common
同市|jmdict-common
同席|jmdict-common
同年|jmdict-common
同店|jmdict-common
同志|jmdict-common
同性|jmdict-common
同性愛|jmdict-common
同情|jmdict-common
同意|jmdict-common
同感|jmdict-common
同数|jmdict-common
同日|jmdict-common
同時|jmdict-common
同時に|jmdict-common
同時代|jmdict-common
同時期|jmdict-common
同月|jmdict-common
同期|jmdict-common
同校|jmdict-common
同棲|jmdict-common
同業|jmdict-common
同様|jmdict-common
同氏|jmdict-common
同点|jmdict-common
同然|jmdict-common
同率|jmdict-common
同町|jmdict-common
同病|jmdict-common
同盟|jmdict-common
同省|jmdict-common
同県|jmdict-common
同社|jmdict-common
同種|jmdict-common
同窓|jmdict-common
同窓会|jmdict-common
同等|jmdict-common
同級|jmdict-common
同級生|jmdict-common
同義語|jmdict-common
同胞|jmdict-common
同船|jmdict-common
同行|jmdict-common
同調|jmdict-common
同郷|jmdict-common
同音|jmdict-common
同類|jmdict-common
名づける|jmdict-variant
名のり|jmdict-variant
名のる|jmdict-variant
名まえ|jmdict-variant
名乗り|jmdict-common
名乗り出る|jmdict-common
名乗る|jmdict-common
名人|jmdict-common
名付ける|jmdict-common
名作|jmdict-common
名儀|jmdict-variant
名優|jmdict-common
名刺|jmdict-common
名前|jmdict-common
名古屋|jmdict-common
名告り|jmdict-variant
名告る|jmdict-variant
名声|jmdict-common
名字|jmdict-common
名実|jmdict-common
名所|jmdict-common
名手|jmdict-common
名指し|jmdict-common
名曲|jmdict-common
名月|jmdict-common
名札|jmdict-common
名案|jmdict-common
名残|jmdict-common
名残り|jmdict-variant
名残り惜しい|jmdict-variant
名残惜しい|jmdict-common
名物|jmdict-common
名画|jmdict-common
名目|jmdict-common
名称|jmdict-common
名簿|jmdict-common
名義|jmdict-common
名著|jmdict-common
名詞|jmdict-common
名誉|jmdict-common
名誉職|jmdict-common
名門|jmdict-common
名高い|jmdict-common
吐かす|jmdict-variant
吐きけ|jmdict-variant
吐きだす|jmdict-variant
吐き出す|jmdict-common
吐き気|jmdict-common
吐く|jmdict-common
吐出す|jmdict-variant
吐気|jmdict-variant
吐露|jmdict-common
向い|jmdict-common
向う|jmdict-variant
向う側|jmdict-variant
向かい|jmdict-common
向かう|jmdict-common
向かって左|jmdict-common
向き|jmdict-common
向く|jmdict-common
向け|jmdict-common
向ける|jmdict-common
向こう|jmdict-common
向こうがわ|jmdict-variant
向こう側|jmdict-common
向上|jmdict-common
向側|jmdict-variant
君が世|jmdict-variant
君が代|jmdict-common
君たち|jmdict-common
君主|jmdict-common
君子|jmdict-common
君臨|jmdict-common
君達|jmdict-variant
吝しむ|jmdict-variant
吞む|jmdict-variant
吟味|jmdict-common
吠える|jmdict-common
否々|jmdict-common
否否|jmdict-variant
否定|jmdict-common
否決|jmdict-common
否認|jmdict-common
含み|jmdict-common
含む|jmdict-common
含める|jmdict-common
含有|jmdict-common
含蓄|jmdict-common
吸いがら|jmdict-variant
吸いこむ|jmdict-variant
吸い殻|jmdict-common
吸い込む|jmdict-common
吸う|jmdict-common
吸がら|jmdict-variant
吸入|jmdict-common
吸収|jmdict-common
吸引|jmdict-common
吸殻|jmdict-variant
吸血鬼|jmdict-common
吸込む|jmdict-variant
吹きこむ|jmdict-variant
吹きだす|jmdict-variant
吹きだまり|jmdict-variant
吹きでもの|jmdict-variant
吹きとぶ|jmdict-variant
吹き出す|jmdict-common
吹き出もの|jmdict-variant
吹き出物|jmdict-common
吹き溜まり|jmdict-common
吹き溜り|jmdict-variant
吹き込む|jmdict-common
吹き飛ぶ|jmdict-common
吹く|jmdict-common
吹出す|jmdict-variant
吹出物|jmdict-variant
吹込む|jmdict-variant
吹雪|jmdict-common
吹飛ぶ|jmdict-variant
吼える|jmdict-variant
吾々|jmdict-variant
吾が|jmdict-variant
吾ら|jmdict-variant
吾れ|jmdict-variant
吾吾|jmdict-variant
吾等|jmdict-variant
呆け|jmdict-common
呆ける|jmdict-common
呆れる|jmdict-common
呆気|jmdict-common
呉々も|jmdict-variant
呉れる|jmdict-variant
呉れ呉れも|jmdict-variant
呉呉も|jmdict-variant
呉服|jmdict-common
呉蓙|jmdict-variant
呉越同舟|jmdict-common
告げる|jmdict-common
告別|jmdict-common
告天子|jmdict-variant
告愬|jmdict-variant
告発|jmdict-common
告白|jmdict-common
告知|jmdict-common
告示|jmdict-common
告訴|jmdict-common
呑みこむ|jmdict-variant
呑み会|jmdict-variant
呑み込む|jmdict-variant
呑む|jmdict-common
呑気|jmdict-common
呑込む|jmdict-variant
呟く|jmdict-common
周り|jmdict-common
周到|jmdict-common
周囲|jmdict-common
周年|jmdict-common
周期|jmdict-common
周波数|jmdict-common
周知|jmdict-common
周章てる|jmdict-variant
周辺|jmdict-common
周遊|jmdict-common
呪い|jmdict-common
呪う|jmdict-common
味けない|jmdict-variant
味つけ|jmdict-variant
味の素|jmdict-common
味わい|jmdict-common
味わう|jmdict-common
味付け|jmdict-common
味噌|jmdict-common
味噌汁|jmdict-common
味方|jmdict-common
味気ない|jmdict-common
味気無い|jmdict-variant
味着け|jmdict-variant
味覚|jmdict-common
呵る|jmdict-variant
呶鳴り込む|jmdict-variant
呶鳴る|jmdict-variant
呻る|jmdict-variant
呼びかけ|jmdict-common
呼びかける|jmdict-common
呼びすて|jmdict-variant
呼びだす|jmdict-variant
呼びもどす|jmdict-variant
呼び出し|jmdict-common
呼び出す|jmdict-common
呼び名|jmdict-common
呼び声|jmdict-common
呼び戻す|jmdict-common
呼び捨|jmdict-variant
呼び捨て|jmdict-common
呼び掛け|jmdict-common
呼び掛ける|jmdict-common
呼び水|jmdict-common
呼ぶ|jmdict-common
呼出|jmdict-variant
呼出し|jmdict-variant
呼出す|jmdict-variant
呼名|jmdict-variant
呼吸|jmdict-common
呼吸器|jmdict-common
呼声|jmdict-variant
呼応|jmdict-common
呼戻す|jmdict-variant
呼捨て|jmdict-variant
呼掛ける|jmdict-variant
呼水|jmdict-variant
呼称|jmdict-common
命じる|jmdict-common
命ずる|jmdict-common
命中|jmdict-common
命令|jmdict-common
命名|jmdict-common
命日|jmdict-common
命運|jmdict-common
命題|jmdict-common
咄す|jmdict-variant
咄嗟に|jmdict-common
咆える|jmdict-variant
和む|jmdict-common
和やか|jmdict-common
和らぐ|jmdict-common
和らげる|jmdict-common
和上|jmdict-variant
和佐比|jmdict-variant
和地関|jmdict-variant
和室|jmdict-common
和尚|jmdict-common
和布|jmdict-variant
和平|jmdict-common
和式|jmdict-common
和文|jmdict-common
和服|jmdict-common
和歌|jmdict-common
和洋折衷|jmdict-common
和牛|jmdict-common
和紙|jmdict-common
和英|jmdict-common
和菓子|jmdict-common
和蘭|jmdict-variant
和蘭陀|jmdict-variant
和解|jmdict-common
和語|jmdict-common
和議|jmdict-common
和風|jmdict-common
和食|jmdict-common
咎める|jmdict-common
咒い|jmdict-variant
咖哩|jmdict-variant
咖喱|jmdict-variant
咨る|jmdict-variant
咬む|jmdict-common
咲い|jmdict-variant
咲う|jmdict-variant
咲き乱れる|jmdict-common
咲く|jmdict-common
咲乱れる|jmdict-variant
哀しい|jmdict-variant
哀しみ|jmdict-variant
哀しむ|jmdict-variant
哀れ|jmdict-common
哀れむ|jmdict-common
哀悼|jmdict-common
哀愁|jmdict-common
品もの|jmdict-variant
品位|jmdict-common
品切れ|jmdict-common
品名|jmdict-common
品性|jmdict-common
品格|jmdict-common
品物|jmdict-common
品目|jmdict-common
品種|jmdict-common
品詞|jmdict-common
品質|jmdict-common
哂う|jmdict-variant
員数|jmdict-common
員數|jmdict-variant
哥留多|jmdict-variant
哲人|jmdict-common
哲学|jmdict-common
唄う|jmdict-variant
唆かす|jmdict-variant
唆す|jmdict-common
唐手|jmdict-variant
唐突|jmdict-common
唐芥子|jmdict-variant
唐辛子|jmdict-common
唯一|jmdict-common
唯今|jmdict-variant
唯物論|jmdict-common
唱う|jmdict-variant
唱える|jmdict-common
唱歌|jmdict-common
唸る|jmdict-common
商い|jmdict-common
商事|jmdict-common
商人|jmdict-common
商会|jmdict-common
商務|jmdict-common
商品|jmdict-common
商品券|jmdict-common
商品名|jmdict-common
商売|jmdict-common
商学|jmdict-common
商工|jmdict-common
商工会議所|jmdict-common
商店|jmdict-common
商店街|jmdict-common
商戦|jmdict-common
商業|jmdict-common
商標|jmdict-common
商法|jmdict-common
商用|jmdict-common
商社|jmdict-common
商談|jmdict-common
商魂|jmdict-common
問い|jmdict-common
問い合せ|jmdict-variant
問い合せる|jmdict-variant
問い合わせ|jmdict-common
問い合わせる|jmdict-common
問う|jmdict-common
問合|jmdict-variant
問合せ|jmdict-variant
問合せる|jmdict-variant
問合わせ|jmdict-variant
問合わせる|jmdict-variant
問屋|jmdict-common
問答|jmdict-common
問責|jmdict-common
問題|jmdict-common
問題ない|jmdict-common
問題意識|jmdict-common
問題点|jmdict-common
問題無い|jmdict-variant
啓もう|jmdict-variant
啓発|jmdict-common
啓示|jmdict-common
啓蒙|jmdict-common
啖う|jmdict-variant
啼き声|jmdict-variant
啼く|jmdict-variant
善い|jmdict-variant
善き|jmdict-variant
善く|jmdict-variant
善くも|jmdict-variant
善さ|jmdict-variant
善しあし|jmdict-variant
善し悪し|jmdict-common
善悪|jmdict-common
善意|jmdict-common
善戦|jmdict-common
善良|jmdict-common
善隣|jmdict-common
喋る|jmdict-common
喘息|jmdict-common
喚く|jmdict-common
喚び出す|jmdict-variant
喚ぶ|jmdict-variant
喚問|jmdict-common
喚起|jmdict-common
喜ばしい|jmdict-common
喜ばす|jmdict-common
喜び|jmdict-common
喜ぶ|jmdict-common
喜んで|jmdict-common
喜劇|jmdict-common
喜寿|jmdict-common
喜怒哀楽|jmdict-common
喝破|jmdict-common
喧しい|jmdict-common
喧嘩|jmdict-common
喩え|jmdict-variant
喩える|jmdict-variant
喪う|jmdict-variant
喪主|jmdict-common
喪失|jmdict-common
喪服|jmdict-common
喪章|jmdict-common
喫う|jmdict-variant
喫する|jmdict-common
喫烟|jmdict-variant
喫煙|jmdict-common
喫茶|jmdict-common
喫茶店|jmdict-common
喫驚|jmdict-variant
喰いさがる|jmdict-variant
喰いとめる|jmdict-variant
喰い下がる|jmdict-variant
喰い止める|jmdict-variant
喰う|jmdict-common
喰べる|jmdict-variant
喰らう|jmdict-variant
喰止める|jmdict-variant
営み|jmdict-common
営む|jmdict-common
営利|jmdict-common
営団|jmdict-common
営業|jmdict-common
営業マン|jmdict-common
営業所|jmdict-common
営業時間|jmdict-common
営繕|jmdict-common
営農|jmdict-common
営養|jmdict-variant
嗅ぐ|jmdict-common
嗚呼|jmdict-variant
嗚呼嗚呼|jmdict-variant
嗜好|jmdict-common
嗟乎|jmdict-variant
嗣ぐ|jmdict-variant
嗤い|jmdict-variant
嗤う|jmdict-variant
嗾す|jmdict-variant
嘆かわしい|jmdict-common
嘆き|jmdict-common
嘆く|jmdict-common
嘆息|jmdict-common
嘆願|jmdict-common
嘉留太|jmdict-variant
嘔き気|jmdict-variant
嘔吐|jmdict-common
嘗て|jmdict-variant
嘗める|jmdict-variant
嘘つき|jmdict-common
嘘付き|jmdict-variant
嘘吐き|jmdict-variant
嘱望|jmdict-common
嘱託|jmdict-common
嘲ける|jmdict-variant
嘲る|jmdict-common
噓吐き|jmdict-variant
噛みつく|jmdict-variant
噛み付く|jmdict-common
噛む|jmdict-common
噛付く|jmdict-variant
器具|jmdict-common
器官|jmdict-common
器材|jmdict-common
器械|jmdict-common
器楽|jmdict-common
器機|jmdict-variant
器物|jmdict-common
器用|jmdict-common
器管|jmdict-variant
噴きだす|jmdict-variant
噴き出す|jmdict-common
噴出|jmdict-common
噴出す|jmdict-variant
噴射|jmdict-common
噴水|jmdict-common
噴火|jmdict-common
噴煙|jmdict-common
嚇かす|jmdict-variant
嚇し|jmdict-variant
嚇す|jmdict-variant
嚙む|jmdict-variant
嚼む|jmdict-variant
囁く|jmdict-common
囑託|jmdict-variant
囚われる|jmdict-variant
囚人|jmdict-common
四〇|jmdict-variant
四〇〇|jmdict-variant
四〇〇〇|jmdict-variant
四たり|jmdict-variant
四つ|jmdict-common
四つ角|jmdict-common
四人|jmdict-common
四十|jmdict-common
四千|jmdict-common
四半期|jmdict-common
四国|jmdict-common
四季|jmdict-common
四拾|jmdict-variant
四捨五入|jmdict-common
四方|jmdict-common
四日|jmdict-common
四時|jmdict-common
四月|jmdict-common
四本|jmdict-common
四死球|jmdict-common
四球|jmdict-common
四畳半|jmdict-common
四百|jmdict-common
四肢|jmdict-common
四角|jmdict-common
四角い|jmdict-common
四輪車|jmdict-common
四重奏|jmdict-common
四隅|jmdict-common
回し|jmdict-common
回す|jmdict-common
回り|jmdict-common
回り合う|jmdict-variant
回り路|jmdict-variant
回り道|jmdict-common
回る|jmdict-common
回収|jmdict-common
回帰|jmdict-common
回廊|jmdict-common
回復|jmdict-common
回忌|jmdict-common
回想|jmdict-common
回戦|jmdict-common
回数|jmdict-common
回数券|jmdict-common
回生|jmdict-common
回目|jmdict-common
回答|jmdict-common
回線|jmdict-common
回覧|jmdict-common
回路|jmdict-common
回転|jmdict-common
回送|jmdict-common
回避|jmdict-common
回顧|jmdict-common
回顧録|jmdict-common
因に|jmdict-variant
因みに|jmdict-common
因る|jmdict-variant
因子|jmdict-common
因果|jmdict-common
因縁|jmdict-common
団体|jmdict-common
団員|jmdict-common
団地|jmdict-common
団塊|jmdict-common
団扇|jmdict-common
団栗|jmdict-variant
団結|jmdict-common
団長|jmdict-common
困りはてる|jmdict-variant
困り果てる|jmdict-common
困る|jmdict-common
困惑|jmdict-common
困窮|jmdict-common
困難|jmdict-common
囲い|jmdict-common
囲う|jmdict-common
囲み|jmdict-common
囲む|jmdict-common
囲碁|jmdict-common
図々しい|jmdict-common
図る|jmdict-common
図図しい|jmdict-variant
図式|jmdict-common
図形|jmdict-common
図書|jmdict-common
図書室|jmdict-common
図書館|jmdict-common
図柄|jmdict-common
図版|jmdict-common
図示|jmdict-common
図表|jmdict-common
図解|jmdict-common
図鑑|jmdict-common
図面|jmdict-common
固い|jmdict-common
固さ|jmdict-common
固まり|jmdict-variant
固まる|jmdict-common
固め|jmdict-common
固める|jmdict-common
固より|jmdict-variant
固体|jmdict-common
固型|jmdict-variant
固執|jmdict-common
固定|jmdict-common
固定費|jmdict-common
固定資産|jmdict-common
固形|jmdict-common
固有|jmdict-common
国々|jmdict-common
国ざかい|jmdict-variant
国交|jmdict-common
国人|jmdict-common
国会|jmdict-common
国会議事堂|jmdict-common
国会議員|jmdict-common
国体|jmdict-common
国債|jmdict-common
国内|jmdict-common
国内旅行|jmdict-common
国分寺|jmdict-common
国力|jmdict-common
国務|jmdict-common
国務大臣|jmdict-common
国務省|jmdict-common
国務長官|jmdict-common
国勢|jmdict-common
国勢調査|jmdict-common
国名|jmdict-common
国営|jmdict-common
国国|jmdict-variant
国土|jmdict-common
国土庁|jmdict-common
国境|jmdict-common
国士|jmdict-common
国外|jmdict-common
国学|jmdict-common
国宝|jmdict-common
国家|jmdict-common
国家公務員|jmdict-common
国家試験|jmdict-common
国富|jmdict-common
国対|jmdict-common
国庫|jmdict-common
国情|jmdict-common
国慶節|jmdict-common
国技|jmdict-common
国政|jmdict-common
国文学|jmdict-common
国旗|jmdict-common
国是|jmdict-common
国有|jmdict-common
国柄|jmdict-common
国権|jmdict-common
国歌|jmdict-common
国民|jmdict-common
国民健康保険|jmdict-common
国民宿舎|jmdict-common
国民年金|jmdict-common
国民性|jmdict-common
国民投票|jmdict-common
国民的|jmdict-common
国民総生産|jmdict-common
国状|jmdict-variant
国王|jmdict-common
国産|jmdict-common
国界|jmdict-variant
国益|jmdict-common
国税|jmdict-common
国税局|jmdict-common
国税庁|jmdict-common
国立|jmdict-common
国立劇場|jmdict-common
国立博物館|jmdict-common
国策|jmdict-common
国籍|jmdict-common
国語|jmdict-common
国語辞典|jmdict-common
国論|jmdict-common
国費|jmdict-common
国賓|jmdict-common
国軍|jmdict-common
国連|jmdict-common
国道|jmdict-common
国鉄|jmdict-common
国防|jmdict-common
国際|jmdict-common
国際人|jmdict-common
国際化|jmdict-common
国際協力事業団|jmdict-common
国際法|jmdict-common
国際的|jmdict-common
国際連合|jmdict-common
國家|jmdict-variant
國語|jmdict-variant
國際|jmdict-variant
圏内|jmdict-common
圏外|jmdict-common
園児|jmdict-common
園内|jmdict-common
園芸|jmdict-common
園長|jmdict-common
圖解|jmdict-variant
土人|jmdict-common
土俵|jmdict-common
土俵際|jmdict-common
土台|jmdict-common
土器|jmdict-common
土圭|jmdict-variant
土地|jmdict-common
土地柄|jmdict-common
土塀|jmdict-common
土壇場|jmdict-common
土壌|jmdict-common
土建屋|jmdict-common
土手|jmdict-common
土日|jmdict-common
土星|jmdict-common
土曜|jmdict-common
土曜日|jmdict-common
土木|jmdict-common
土産|jmdict-common
土石|jmdict-common
土砂|jmdict-common
土砂降り|jmdict-common
土耳其|jmdict-variant
土耳古|jmdict-variant
土足|jmdict-common
土間|jmdict-common
圧さえる|jmdict-variant
圧し|jmdict-variant
圧す|jmdict-variant
圧倒|jmdict-common
圧倒的|jmdict-common
圧力|jmdict-common
圧勝|jmdict-common
圧巻|jmdict-common
圧縮|jmdict-common
圧観|jmdict-variant
圧迫|jmdict-common
在りし日|jmdict-common
在りのまま|jmdict-variant
在りの儘|jmdict-variant
在る|jmdict-common
在京|jmdict-common
在任|jmdict-common
在住|jmdict-common
在外|jmdict-common
在外公館|jmdict-common
在学|jmdict-common
在宅|jmdict-common
在庫|jmdict-common
在日|jmdict-common
在来|jmdict-common
在留|jmdict-common
在籍|jmdict-common
在米|jmdict-common
在職|jmdict-common
在野|jmdict-common
地上|jmdict-common
地下|jmdict-common
地下室|jmdict-common
地下水|jmdict-common
地下道|jmdict-common
地下鉄|jmdict-common
地中|jmdict-common
地中海|jmdict-common
地主|jmdict-common
地位|jmdict-common
地価|jmdict-common
地元|jmdict-common
地力|jmdict-common
地区|jmdict-common
地合|jmdict-variant
地合い|jmdict-common
地名|jmdict-common
地味|jmdict-common
地図|jmdict-common
地域|jmdict-common
地域社会|jmdict-common
地層|jmdict-common
地帯|jmdict-common
地平線|jmdict-common
地形|jmdict-common
地方|jmdict-common
地方公共団体|jmdict-common
地方公務員|jmdict-common
地方分権|jmdict-common
地方税|jmdict-common
地方自治|jmdict-common
地方自治体|jmdict-common
地方行政|jmdict-common
地方議会|jmdict-common
地検|jmdict-common
地殻|jmdict-common
地殻変動|jmdict-common
地点|jmdict-common
地獄|jmdict-common
地球|jmdict-common
地球上|jmdict-common
地球儀|jmdict-common
地球温暖化|jmdict-common
地理|jmdict-common
地理情報システム|jmdict-common
地盤|jmdict-common
地肌|jmdict-common
地膚|jmdict-variant
地蔵|jmdict-common
地表|jmdict-common
地裁|jmdict-common
地誌|jmdict-common
地質|jmdict-common
地道|jmdict-common
地雷|jmdict-common
地震|jmdict-common
地面|jmdict-common
坂道|jmdict-common
均しい|jmdict-variant
均一|jmdict-common
均整|jmdict-common
均斉|jmdict-variant
均等|jmdict-common
均衡|jmdict-common
均質|jmdict-common
坊さん|jmdict-common
坊ちゃん|jmdict-common
坊っちゃん|jmdict-common
坊主|jmdict-common
坐り|jmdict-variant
坐る|jmdict-variant
坐わる|jmdict-variant
坐席|jmdict-variant
坐敷|jmdict-variant
坐禅|jmdict-variant
坐蒲団|jmdict-variant
坑道|jmdict-common
垂らす|jmdict-common
垂れ|jmdict-variant
垂れる|jmdict-common
垂れ幕|jmdict-common
垂幕|jmdict-variant
垂直|jmdict-common
型式|jmdict-common
型録|jmdict-variant
垣根|jmdict-common
垣間見る|jmdict-common
埃及|jmdict-variant
埋まる|jmdict-common
埋める|jmdict-common
埋め立て|jmdict-common
埋め立て地|jmdict-common
埋もれる|jmdict-common
埋没|jmdict-common
埋立|jmdict-variant
埋立て|jmdict-variant
埋立て地|jmdict-variant
埋立地|jmdict-variant
埋葬|jmdict-common
埋蔵|jmdict-common
城下町|jmdict-common
城主|jmdict-common
城内|jmdict-common
城廓|jmdict-variant
城郭|jmdict-common
域内|jmdict-common
域外|jmdict-common
埴土|jmdict-variant
執る|jmdict-common
執務|jmdict-common
執念|jmdict-common
執拗い|jmdict-variant
執着|jmdict-common
執筆|jmdict-common
執著|jmdict-variant
執行|jmdict-common
執行委員|jmdict-common
執行猶予|jmdict-common
執行部|jmdict-common
培う|jmdict-common
培養|jmdict-common
基く|jmdict-variant
基ずく|jmdict-variant
基づく|jmdict-common
基付く|jmdict-variant
基因|jmdict-variant
基地|jmdict-common
基地外|jmdict-variant
基幹|jmdict-common
基本|jmdict-common
基本料金|jmdict-common
基本的|jmdict-common
基準|jmdict-common
基準法|jmdict-common
基盤|jmdict-common
基督|jmdict-variant
基督教|jmdict-variant
基礎|jmdict-common
基調|jmdict-common
基軸|jmdict-common
基金|jmdict-common
埼玉|jmdict-common
堀川|jmdict-common
堀江|jmdict-common
堂々|jmdict-common
堂堂|jmdict-variant
堅い|jmdict-common
堅さ|jmdict-common
堅める|jmdict-variant
堅固|jmdict-common
堅実|jmdict-common
堅持|jmdict-common
堅調|jmdict-common
堆積|jmdict-common
堆肥|jmdict-common
堕とす|jmdict-variant
堕性|jmdict-variant
堕胎|jmdict-common
堕落|jmdict-common
堙滅|jmdict-variant
堤出|jmdict-variant
堤防|jmdict-common
堪える|jmdict-common
堪らない|jmdict-common
堪能|jmdict-common
報いる|jmdict-common
報え|jmdict-variant
報える|jmdict-variant
報じる|jmdict-common
報せ|jmdict-variant
報せる|jmdict-variant
報われる|jmdict-common
報告|jmdict-common
報告書|jmdict-common
報奨金|jmdict-common
報導|jmdict-variant
報復|jmdict-common
報知|jmdict-common
報道|jmdict-common
報道機関|jmdict-common
報道陣|jmdict-common
報酬|jmdict-common
場ちがい|jmdict-variant
場内|jmdict-common
場合|jmdict-common
場外|jmdict-common
場所|jmdict-common
場違い|jmdict-common
場面|jmdict-common
塁審|jmdict-common
塊まり|jmdict-variant
塊り|jmdict-variant
塗りかえる|jmdict-variant
塗り変える|jmdict-variant
塗り替える|jmdict-common
塗る|jmdict-common
塗布|jmdict-common
塗料|jmdict-common
塗替える|jmdict-variant
塗装|jmdict-common
塞がる|jmdict-common
塞ぐ|jmdict-common
塞爾維|jmdict-variant
塡まる|jmdict-variant
塡める|jmdict-variant
塩分|jmdict-common
塩化|jmdict-common
塩味|jmdict-common
塩基|jmdict-common
塩梅|jmdict-common
塩水|jmdict-common
塩田|jmdict-common
塩素|jmdict-common
塩辛い|jmdict-common
塩酸|jmdict-common
填まる|jmdict-variant
填める|jmdict-variant
塵取|jmdict-variant
塵取り|jmdict-variant
塵箱|jmdict-variant
塵紙|jmdict-variant
塾生|jmdict-common
塾長|jmdict-common
境内|jmdict-common
境地|jmdict-common
境界|jmdict-common
境目|jmdict-common
境遇|jmdict-common
墓参|jmdict-common
墓参り|jmdict-common
墓地|jmdict-common
墓石|jmdict-common
墓穴|jmdict-common
増々|jmdict-variant
増える|jmdict-common
増し|jmdict-common
増して|jmdict-variant
増す|jmdict-common
増す増す|jmdict-variant
増やす|jmdict-common
増刷|jmdict-common
増加|jmdict-common
増化|jmdict-variant
増収|jmdict-common
増員|jmdict-common
増増|jmdict-variant
増大|jmdict-common
増強|jmdict-common
増殖|jmdict-common
増水|jmdict-common
増減|jmdict-common
増産|jmdict-common
増発|jmdict-common
増益|jmdict-common
増税|jmdict-common
増設|jmdict-common
増資|jmdict-common
増進|jmdict-common
増額|jmdict-common
墜ちる|jmdict-variant
墜とす|jmdict-variant
墜落|jmdict-common
墨絵|jmdict-common
墨西哥|jmdict-variant
墳墓|jmdict-common
墻壁|jmdict-variant
壁画|jmdict-common
壁紙|jmdict-common
壁面|jmdict-common
壇上|jmdict-common
壊す|jmdict-common
壊れる|jmdict-common
壊滅|jmdict-common
壜詰|jmdict-variant
壜詰め|jmdict-variant
士官|jmdict-common
士気|jmdict-common
士篤恒|jmdict-variant
壮ん|jmdict-variant
壮大|jmdict-common
壮年|jmdict-common
壮烈|jmdict-common
壮行|jmdict-common
声援|jmdict-common
声明|jmdict-common
声楽|jmdict-common
声色|jmdict-common
声高|jmdict-common
壱拾萬|jmdict-variant
壱百萬|jmdict-variant
売り|jmdict-common
売りもの|jmdict-variant
売り上|jmdict-variant
売り上げ|jmdict-common
売り上げ金|jmdict-variant
売り上げ高|jmdict-variant
売り出し|jmdict-common
売り出す|jmdict-common
売り切れ|jmdict-common
売り切れる|jmdict-common
売り場|jmdict-common
売り手|jmdict-common
売り物|jmdict-common
売り込み|jmdict-common
売り込む|jmdict-common
売る|jmdict-common
売れゆき|jmdict-variant
売れる|jmdict-common
売れ筋|jmdict-common
売れ筋ランキング|jmdict-common
売れ行き|jmdict-common
売上|jmdict-common
売上げ|jmdict-variant
売上金|jmdict-common
売上高|jmdict-common
売出|jmdict-variant
売出し|jmdict-variant
売出す|jmdict-variant
売切|jmdict-variant
売切れ|jmdict-variant
売切れる|jmdict-variant
売却|jmdict-common
売国奴|jmdict-common
売場|jmdict-variant
売店|jmdict-common
売手|jmdict-variant
売春|jmdict-common
売春婦|jmdict-common
売物|jmdict-variant
売行|jmdict-variant
売行き|jmdict-variant
売買|jmdict-common
売込み|jmdict-variant
壽し|jmdict-variant
壽司|jmdict-variant
変える|jmdict-common
変ぼう|jmdict-variant
変り|jmdict-variant
変る|jmdict-variant
変わった|jmdict-common
変わらない|jmdict-common
変わり|jmdict-common
変わる|jmdict-common
変人|jmdict-common
変則|jmdict-common
変動|jmdict-common
変化|jmdict-common
変化球|jmdict-common
変容|jmdict-common
変形|jmdict-common
変態|jmdict-common
変換|jmdict-common
変更|jmdict-common
変更届|jmdict-common
変更届け|jmdict-variant
変移|jmdict-common
変貌|jmdict-common
変質|jmdict-common
変身|jmdict-common
変造|jmdict-common
変遷|jmdict-common
変革|jmdict-common
夏ばて|jmdict-common
夏もの|jmdict-variant
夏バテ|jmdict-common
夏休み|jmdict-common
夏場|jmdict-common
夏場所|jmdict-common
夏季|jmdict-common
夏時間|jmdict-common
夏期|jmdict-common
夏物|jmdict-common
夏至|jmdict-common
夕がた|jmdict-variant
夕ぐれ|jmdict-variant
夕めし|jmdict-variant
夕やけ|jmdict-variant
夕メシ|jmdict-variant
夕刊|jmdict-common
夕刻|jmdict-common
夕方|jmdict-common
夕日|jmdict-common
夕暮|jmdict-variant
夕暮れ|jmdict-common
夕焼|jmdict-variant
夕焼け|jmdict-common
夕立|jmdict-common
夕立ち|jmdict-variant
夕陽|jmdict-variant
夕霧|jmdict-common
夕食|jmdict-common
夕飯|jmdict-common
外がわ|jmdict-variant
外す|jmdict-common
外づら|jmdict-variant
外に|jmdict-variant
外れ|jmdict-common
外れる|jmdict-common
外交|jmdict-common
外交官|jmdict-common
外人|jmdict-common
外付|jmdict-common
外付け|jmdict-common
外信|jmdict-common
外側|jmdict-common
外傷|jmdict-common
外出|jmdict-common
外務|jmdict-common
外務省|jmdict-common
外国|jmdict-common
外国人|jmdict-common
外国語|jmdict-common
外圧|jmdict-common
外堀|jmdict-common
外壁|jmdict-common
外壕|jmdict-variant
外廓|jmdict-variant
外来|jmdict-common
外来語|jmdict-common
外気|jmdict-common
外洋|jmdict-common
外濠|jmdict-variant
外界|jmdict-common
外相|jmdict-common
外科|jmdict-common
外科医|jmdict-common
外米|jmdict-common
外苑|jmdict-common
外見|jmdict-common
外観|jmdict-common
外角|jmdict-common
外貨|jmdict-common
外資|jmdict-common
外車|jmdict-common
外遊|jmdict-common
外部|jmdict-common
外郭|jmdict-common
外郭団体|jmdict-common
外野|jmdict-common
外野手|jmdict-common
外電|jmdict-common
外需|jmdict-common
外面|jmdict-common
外食|jmdict-common
多い|jmdict-common
多いに|jmdict-variant
多く|jmdict-common
多し|jmdict-common
多め|jmdict-common
多元的|jmdict-common
多分|jmdict-common
多大|jmdict-common
多寡|jmdict-common
多少|jmdict-common
多岐|jmdict-common
多彩|jmdict-common
多忙|jmdict-common
多才|jmdict-common
多数|jmdict-common
多数決|jmdict-common
多様|jmdict-common
多様化|jmdict-common
多様性|jmdict-common
多湿|jmdict-common
多用|jmdict-common
多発|jmdict-common
多目|jmdict-variant
多目的|jmdict-common
多角|jmdict-common
多角的|jmdict-common
多重|jmdict-common
多量|jmdict-common
多難|jmdict-common
多面|jmdict-common
多額|jmdict-common
夜ごはん|jmdict-variant
夜ご飯|jmdict-common
夜なか|jmdict-variant
夜ふかし|jmdict-variant
夜ふけ|jmdict-variant
夜中|jmdict-common
夜具|jmdict-common
夜勤|jmdict-common
夜学|jmdict-common
夜御飯|jmdict-variant
夜明|jmdict-variant
夜明け|jmdict-common
夜景|jmdict-common
夜更かし|jmdict-common
夜更け|jmdict-common
夜更し|jmdict-variant
夜深け|jmdict-variant
夜空|jmdict-common
夜行|jmdict-common
夜間|jmdict-common
夢にも|jmdict-common
夢中|jmdict-common
夢幻|jmdict-common
夢想|jmdict-common
夥しい|jmdict-common
大々的|jmdict-common
大あたり|jmdict-variant
大いそぎ|jmdict-variant
大いに|jmdict-common
大がかり|jmdict-variant
大きい|jmdict-common
大きくなる|jmdict-common
大きさ|jmdict-common
大きな|jmdict-common
大げさ|jmdict-common
大さじ|jmdict-common
大ざっぱ|jmdict-common
大した|jmdict-common
大して|jmdict-common
大ぜい|jmdict-variant
大そう|jmdict-variant
大ちゅき|jmdict-variant
大っきい|jmdict-common
大てい|jmdict-variant
大へん|jmdict-variant
大まか|jmdict-common
大みそか|jmdict-variant
大むかし|jmdict-variant
大もの|jmdict-variant
大丈夫|jmdict-common
大事|jmdict-common
大事件|jmdict-common
大人|jmdict-common
大人しい|jmdict-common
大人っぽい|jmdict-common
大人になる|jmdict-common
大仏|jmdict-common
大企業|jmdict-common
大会|jmdict-common
大佐|jmdict-common
大体|jmdict-common
大作|jmdict-common
大使|jmdict-common
大使館|jmdict-common
大便|jmdict-common
大刀|jmdict-common
大分|jmdict-common
大切|jmdict-common
大別|jmdict-common
大前提|jmdict-common
大動脈|jmdict-common
大勝|jmdict-common
大募集|jmdict-common
大勢|jmdict-common
大匙|jmdict-variant
大半|jmdict-common
大卒|jmdict-common
大口|jmdict-common
大台|jmdict-common
大同|jmdict-common
大名|jmdict-common
大和|jmdict-common
大商い|jmdict-common
大喜|jmdict-variant
大喜び|jmdict-common
大回転|jmdict-common
大国|jmdict-common
大地|jmdict-common
大坂|jmdict-variant
大型|jmdict-common
大声|jmdict-common
大変|jmdict-common
大多数|jmdict-common
大大的|jmdict-variant
大好き|jmdict-common
大好評|jmdict-common
大嫌い|jmdict-common
大学|jmdict-common
大学生|jmdict-common
大学進学|jmdict-common
大学院|jmdict-common
大学院生|jmdict-common
大學|jmdict-variant
大宇宙|jmdict-common
大家|jmdict-common
大家族|jmdict-common
大将|jmdict-common
大將|jmdict-variant
大尉|jmdict-common
大小|jmdict-common
大屋|jmdict-common
大層|jmdict-common
大山|jmdict-common
大工|jmdict-common
大差|jmdict-common
大巾|jmdict-variant
大師|jmdict-common
大幅|jmdict-common
大平洋|jmdict-variant
大店|jmdict-common
大当たり|jmdict-common
大当り|jmdict-variant
大形|jmdict-variant
大役|jmdict-common
大急ぎ|jmdict-common
大悦び|jmdict-variant
大成|jmdict-common
大成功|jmdict-common
大戦|jmdict-common
大手|jmdict-common
大手企業|jmdict-common
大抵|jmdict-common
大捷|jmdict-variant
大掃除|jmdict-common
大掛かり|jmdict-common
大掛り|jmdict-variant
大敗|jmdict-common
大文字|jmdict-common
大方|jmdict-common
大昔|jmdict-common
大時代|jmdict-common
大晦日|jmdict-common
大木|jmdict-common
大枝|jmdict-common
大根|jmdict-common
大概|jmdict-common
大歓迎|jmdict-common
大正|jmdict-common
大気|jmdict-common
大氣|jmdict-variant
大水|jmdict-common
大河|jmdict-common
大注目|jmdict-common
大洋|jmdict-common
大海|jmdict-common
大火|jmdict-common
大物|jmdict-common
大理石|jmdict-common
大男|jmdict-common
大病|jmdict-common
大盛|jmdict-variant
大盛り|jmdict-common
大相撲|jmdict-common
大砲|jmdict-common
大破|jmdict-common
大社|jmdict-common
大空|jmdict-common
大笑い|jmdict-common
大筋|jmdict-common
大粒|jmdict-common
大統領|jmdict-common
大綱|jmdict-common
大義|jmdict-common
大義名分|jmdict-common
大胆|jmdict-common
大脳|jmdict-common
大腸|jmdict-common
大腸菌|jmdict-common
大臣|jmdict-common
大自然|jmdict-common
大船|jmdict-common
大蒜|jmdict-variant
大蔵|jmdict-common
大蔵省|jmdict-common
大衆|jmdict-common
大衆文学|jmdict-common
大袈裟|jmdict-common
大西洋|jmdict-common
大規模|jmdict-common
大詰|jmdict-variant
大詰め|jmdict-common
大豆|jmdict-common
大賞|jmdict-common
大通|jmdict-variant
大通り|jmdict-common
大道|jmdict-common
大部分|jmdict-common
大都市|jmdict-common
大野|jmdict-common
大量|jmdict-common
大金|jmdict-common
大関|jmdict-common
大阪|jmdict-common
大陸|jmdict-common
大陸棚|jmdict-common
大隊|jmdict-common
大集合|jmdict-common
大雑把|jmdict-common
大雨|jmdict-common
大雪|jmdict-common
大震災|jmdict-common
大騒ぎ|jmdict-common
大麦|jmdict-common
大麻|jmdict-common
大黒柱|jmdict-common
天の川|jmdict-common
天の河|jmdict-common
天ぷら|jmdict-common
天プラ|jmdict-variant
天下|jmdict-common
天下り|jmdict-common
天井|jmdict-common
天体|jmdict-common
天使|jmdict-common
天候|jmdict-common
天国|jmdict-common
天地|jmdict-common
天婦羅|jmdict-variant
天寿|jmdict-common
天性|jmdict-common
天才|jmdict-common
天文|jmdict-common
天文台|jmdict-common
天文学|jmdict-common
天気|jmdict-common
天気予報|jmdict-common
天満宮|jmdict-common
天災|jmdict-common
天然|jmdict-common
天然ガス|jmdict-common
天然温泉|jmdict-common
天然痘|jmdict-common
天然記念物|jmdict-common
天狗|jmdict-common
天王星|jmdict-common
天理|jmdict-common
天皇|jmdict-common
天皇制|jmdict-common
天皇陛下|jmdict-common
天神|jmdict-common
天辺|jmdict-common
天降り|jmdict-variant
天麩羅|jmdict-variant
天麸羅|jmdict-variant
太い|jmdict-common
太っぱら|jmdict-variant
太っ腹|jmdict-common
太もも|jmdict-common
太りじし|jmdict-variant
太り肉|jmdict-common
太る|jmdict-common
太刀|jmdict-common
太古|jmdict-common
太子|jmdict-common
太字|jmdict-common
太山|jmdict-variant
太平洋|jmdict-common
太平洋戦争|jmdict-common
太股|jmdict-variant
太腿|jmdict-variant
太西洋|jmdict-variant
太陽|jmdict-common
太陽系|jmdict-common
太陽電池|jmdict-common
太鼓|jmdict-common
夫々|jmdict-variant
夫れ夫れ|jmdict-variant
夫人|jmdict-common
夫夫|jmdict-variant
夫妻|jmdict-common
夫婦|jmdict-common
失う|jmdict-common
失くす|jmdict-variant
失くなる|jmdict-variant
失そう|jmdict-variant
失なう|jmdict-variant
失体|jmdict-variant
失墜|jmdict-common
失心|jmdict-variant
失恋|jmdict-common
失意|jmdict-common
失態|jmdict-common
失敗|jmdict-common
失敗談|jmdict-common
失敬|jmdict-common
失明|jmdict-common
失望|jmdict-common
失格|jmdict-common
失業|jmdict-common
失点|jmdict-common
失礼|jmdict-common
失礼しました|jmdict-common
失礼します|jmdict-common
失神|jmdict-common
失策|jmdict-common
失脚|jmdict-common
失跡|jmdict-common
失踪|jmdict-common
失速|jmdict-common
失錯|jmdict-variant
奇っ怪|jmdict-variant
奇妙|jmdict-common
奇怪|jmdict-common
奇怪しい|jmdict-variant
奇抜|jmdict-common
奇数|jmdict-common
奇異|jmdict-common
奇病|jmdict-common
奇術|jmdict-common
奇襲|jmdict-common
奇跡|jmdict-common
奇蹟|jmdict-variant
奇麗|jmdict-variant
奈良|jmdict-common
奉げる|jmdict-variant
奉仕|jmdict-common
奉公|jmdict-common
奉納|jmdict-common
奉行|jmdict-common
奏でる|jmdict-common
奏功|jmdict-common
奏者|jmdict-common
契機|jmdict-common
契約|jmdict-common
契約書|jmdict-common
奔る|jmdict-variant
奔放|jmdict-common
奔走|jmdict-common
奢る|jmdict-common
奥さま|jmdict-variant
奥さん|jmdict-common
奥地|jmdict-common
奥山|jmdict-common
奥様|jmdict-common
奥行|jmdict-common
奥行き|jmdict-common
奨め|jmdict-variant
奨める|jmdict-variant
奨励|jmdict-common
奨学|jmdict-common
奨学金|jmdict-common
奪う|jmdict-common
奪三振|jmdict-common
奪取|jmdict-common
奪回|jmdict-common
奪還|jmdict-common
奮う|jmdict-common
奮って|jmdict-common
奮発|jmdict-common
奮起|jmdict-common
奮闘|jmdict-common
女のこ|jmdict-variant
女のコ|jmdict-variant
女の人|jmdict-common
女の子|jmdict-common
女らしい|jmdict-common
女中|jmdict-common
女優|jmdict-common
女児|jmdict-common
女医|jmdict-common
女史|jmdict-common
女子|jmdict-common
女子大|jmdict-common
女子高|jmdict-common
女子高生|jmdict-common
女学校|jmdict-common
女形|jmdict-common
女性|jmdict-common
女性的|jmdict-common
女房|jmdict-common
女方|jmdict-variant
女流|jmdict-common
女王|jmdict-common
女神|jmdict-common
奴ら|jmdict-common
奴等|jmdict-variant
奴隷|jmdict-common
好い|jmdict-variant
好い加減|jmdict-variant
好き|jmdict-common
好ききらい|jmdict-variant
好きずき|jmdict-variant
好き好き|jmdict-common
好き嫌い|jmdict-common
好く|jmdict-variant
好さ|jmdict-variant
好ましい|jmdict-common
好み|jmdict-common
好む|jmdict-common
好んで|jmdict-common
好加減|jmdict-variant
好天|jmdict-common
好奇心|jmdict-common
好嫌|jmdict-variant
好嫌い|jmdict-variant
好守|jmdict-common
好意|jmdict-common
好感|jmdict-common
好感度|jmdict-common
好成績|jmdict-common
好投|jmdict-common
好景気|jmdict-common
好機|jmdict-common
好況|jmdict-common
好物|jmdict-common
好色|jmdict-common
好評|jmdict-common
好調|jmdict-common
好転|jmdict-common
好運|jmdict-variant
好都合|jmdict-common
如し|jmdict-common
如何|jmdict-common
如何いう|jmdict-variant
如何か|jmdict-variant
如何して|jmdict-variant
如何しても|jmdict-variant
如何しようもない|jmdict-variant
如何しようも無い|jmdict-variant
如何に|jmdict-common
如何にも|jmdict-common
如何にもならない|jmdict-variant
如何仕様も無い|jmdict-variant
如何致しまして|jmdict-variant
如何言う|jmdict-variant
如実|jmdict-common
妃殿下|jmdict-common
妄想|jmdict-common
妊む|jmdict-variant
妊娠|jmdict-common
妊婦|jmdict-common
妊産婦|jmdict-common
妖怪|jmdict-common
妖精|jmdict-common
妙手|jmdict-common
妙技|jmdict-common
妙案|jmdict-common
妥協|jmdict-common
妥当|jmdict-common
妥結|jmdict-common
妨げ|jmdict-common
妨げる|jmdict-common
妨害|jmdict-common
妨碍|jmdict-variant
妨礙|jmdict-variant
妬ける|jmdict-variant
妬む|jmdict-common
妻子|jmdict-common
妻楊枝|jmdict-variant
妻神|jmdict-variant
姉さん|jmdict-common
姉妹|jmdict-common
始まり|jmdict-common
始まる|jmdict-common
始め|jmdict-common
始めて|jmdict-common
始めに|jmdict-common
始めまして|jmdict-common
始める|jmdict-common
始動|jmdict-common
始末|jmdict-common
始業|jmdict-common
始発|jmdict-common
始終|jmdict-common
姐さん|jmdict-variant
姑く|jmdict-variant
姓名|jmdict-common
委しい|jmdict-variant
委す|jmdict-variant
委せる|jmdict-variant
委ねる|jmdict-common
委任|jmdict-common
委員|jmdict-common
委員会|jmdict-common
委員長|jmdict-common
委嘱|jmdict-common
委托|jmdict-variant
委縮|jmdict-variant
委託|jmdict-common
姫君|jmdict-common
姿勢|jmdict-common
威かす|jmdict-variant
威し|jmdict-variant
威す|jmdict-variant
威信|jmdict-common
威力|jmdict-common
威勢|jmdict-common
威厳|jmdict-common
威嚇|jmdict-common
威張る|jmdict-common
娘婿|jmdict-common
娯しい|jmdict-variant
娯楽|jmdict-common
娵入り|jmdict-variant
娼婦|jmdict-common
婆さん|jmdict-common
婆ちゃん|jmdict-variant
婉曲|jmdict-common
婚姻|jmdict-common
婚約|jmdict-common
婚約者|jmdict-common
婦人|jmdict-common
婦人科|jmdict-common
婦女|jmdict-common
婦女子|jmdict-common
婦女暴行|jmdict-common
婦長|jmdict-common
媒人|jmdict-variant
媒介|jmdict-common
媒体|jmdict-common
媒妁|jmdict-variant
媒酌|jmdict-common
媾和|jmdict-variant
嫁ぐ|jmdict-common
嫁ける|jmdict-variant
嫁入|jmdict-variant
嫁入り|jmdict-common
嫉ける|jmdict-variant
嫉む|jmdict-variant
嫉妬|jmdict-common
嫌い|jmdict-common
嫌う|jmdict-common
嫌がらせ|jmdict-common
嫌がる|jmdict-common
嫌らしい|jmdict-common
嫌悪|jmdict-common
嫌悪感|jmdict-common
嫌気|jmdict-common
嫌疑|jmdict-common
嫡出|jmdict-common
嫡子|jmdict-common
嫩葉|jmdict-variant
嬉しい|jmdict-common
子いぬ|jmdict-variant
子ども|jmdict-common
子どもたち|jmdict-common
子どものころ|jmdict-variant
子どもの頃|jmdict-variant
子ども用|jmdict-variant
子ども達|jmdict-common
子ねこ|jmdict-variant
子イヌ|jmdict-variant
子ネコ|jmdict-variant
子会社|jmdict-common
子供|jmdict-common
子供たち|jmdict-common
子供のころ|jmdict-variant
子供の頃|jmdict-common
子供用|jmdict-common
子供達|jmdict-common
子共|jmdict-variant
子女|jmdict-common
子孫|jmdict-common
子守|jmdict-common
子守り|jmdict-variant
子守り唄|jmdict-variant
子守り歌|jmdict-variant
子守唄|jmdict-variant
子守歌|jmdict-common
子宮|jmdict-common
子弟|jmdict-common
子役|jmdict-common
子息|jmdict-common
子牛|jmdict-common
子犬|jmdict-common
子猫|jmdict-common
子羊|jmdict-common
子育て|jmdict-common
孕む|jmdict-common
字体|jmdict-common
字幕|jmdict-common
字引|jmdict-common
字引き|jmdict-variant
字形|jmdict-common
字数|jmdict-common
字画|jmdict-common
字詰|jmdict-variant
字詰め|jmdict-common
存じ|jmdict-common
存じる|jmdict-common
存亡|jmdict-common
存分|jmdict-common
存在|jmdict-common
存廃|jmdict-common
存知|jmdict-common
存立|jmdict-common
存続|jmdict-common
孝行|jmdict-common
季刊|jmdict-common
季節|jmdict-common
季節風|jmdict-common
季語|jmdict-common
孤児|jmdict-common
孤児院|jmdict-common
孤島|jmdict-common
孤悲|jmdict-variant
孤独|jmdict-common
孤立|jmdict-common
学ぶ|jmdict-common
学会|jmdict-common
学会誌|jmdict-common
学位|jmdict-common
学内|jmdict-common
学割|jmdict-common
学割り|jmdict-common
学力|jmdict-common
学区|jmdict-common
学卒|jmdict-common
学友|jmdict-common
学問|jmdict-common
学園|jmdict-common
学士|jmdict-common
学年|jmdict-common
学徒|jmdict-common
学文|jmdict-variant
学期|jmdict-common
学校|jmdict-common
学校名|jmdict-common
学校法人|jmdict-common
学業|jmdict-common
学歴|jmdict-common
学生|jmdict-common
学生時代|jmdict-common
学界|jmdict-common
学科|jmdict-common
学究|jmdict-common
学童|jmdict-common
学級|jmdict-common
学習|jmdict-common
学習指導要領|jmdict-common
学者|jmdict-common
学芸|jmdict-common
学術|jmdict-common
学説|jmdict-common
学識|jmdict-common
学費|jmdict-common
学部|jmdict-common
学長|jmdict-common
学門|jmdict-variant
学院|jmdict-common
学際|jmdict-common
学齢|jmdict-common
孫むすめ|jmdict-variant
孫娘|jmdict-common
孰か|jmdict-variant
孰れ|jmdict-variant
孰れか|jmdict-variant
學ぶ|jmdict-variant
學園|jmdict-variant
學校|jmdict-variant
學生|jmdict-variant
學習|jmdict-variant
學院|jmdict-variant
宅地|jmdict-common
宅急便|jmdict-common
宅配|jmdict-common
宅配便|jmdict-common
宇克蘭|jmdict-variant
宇宙|jmdict-common
宇宙空間|jmdict-common
宇宙開発|jmdict-common
宇宙開発事業団|jmdict-common
宇宙飛行士|jmdict-common
宇柳具|jmdict-variant
宇柳貝|jmdict-variant
宇頂天|jmdict-variant
守り|jmdict-common
守る|jmdict-common
守備|jmdict-common
守勢|jmdict-common
守衛|jmdict-common
守護る|jmdict-variant
安い|jmdict-common
安っぽい|jmdict-common
安まる|jmdict-variant
安もの|jmdict-variant
安もん|jmdict-variant
安らか|jmdict-common
安らぎ|jmdict-common
安らぐ|jmdict-common
安上がり|jmdict-common
安上り|jmdict-variant
安住|jmdict-common
安価|jmdict-common
安保|jmdict-common
安値|jmdict-common
安全|jmdict-common
安全保障|jmdict-common
安否|jmdict-common
安売り|jmdict-common
安定|jmdict-common
安心|jmdict-common
安心感|jmdict-common
安打|jmdict-common
安排|jmdict-variant
安易|jmdict-common
安楽死|jmdict-common
安母尼亜|jmdict-variant
安泰|jmdict-common
安物|jmdict-common
安眠|jmdict-common
安神|jmdict-variant
安芸|jmdict-common
安静|jmdict-common
完ぺき|jmdict-variant
完了|jmdict-common
完全|jmdict-common
完全試合|jmdict-common
完壁|jmdict-variant
完売|jmdict-common
完封|jmdict-common
完工|jmdict-common
完成|jmdict-common
完投|jmdict-common
完敗|jmdict-common
完治|jmdict-common
完璧|jmdict-common
完結|jmdict-common
完走|jmdict-common
完遂|jmdict-common
宏い|jmdict-variant
宏大|jmdict-variant
宗家|jmdict-common
宗教|jmdict-common
宗派|jmdict-common
宗祖|jmdict-common
宗門|jmdict-common
官僚|jmdict-common
官公庁|jmdict-common
官吏|jmdict-common
官報|jmdict-common
官庁|jmdict-common
官憲|jmdict-common
官房|jmdict-common
官房長官|jmdict-common
官民|jmdict-common
官界|jmdict-common
官邸|jmdict-common
宙返り|jmdict-common
定か|jmdict-common
定まる|jmdict-common
定める|jmdict-common
定休|jmdict-common
定休日|jmdict-common
定住|jmdict-common
定例|jmdict-common
定価|jmdict-common
定刻|jmdict-common
定員|jmdict-common
定型|jmdict-common
定年|jmdict-common
定形|jmdict-common
定数|jmdict-common
定時|jmdict-common
定時制|jmdict-common
定期|jmdict-common
定期便|jmdict-common
定期券|jmdict-common
定期的|jmdict-common
定期購読|jmdict-common
定期預金|jmdict-common
定木|jmdict-variant
定款|jmdict-common
定率|jmdict-common
定番|jmdict-common
定着|jmdict-common
定義|jmdict-common
定規|jmdict-common
定評|jmdict-common
定説|jmdict-common
定連|jmdict-variant
定量|jmdict-common
定額|jmdict-common
定食|jmdict-common
宛て|jmdict-variant
宛て先|jmdict-variant
宛て名|jmdict-variant
宛も|jmdict-variant
宛先|jmdict-common
宛名|jmdict-common
宜い|jmdict-variant
宜しい|jmdict-common
宜しく|jmdict-common
宜しくお願いします|jmdict-variant
宜しくお願い致します|jmdict-variant
宜敷く|jmdict-variant
宝くじ|jmdict-common
宝もの|jmdict-variant
宝クジ|jmdict-variant
宝庫|jmdict-common
宝物|jmdict-common
宝石|jmdict-common
宝籤|jmdict-variant
宝飾|jmdict-common
実に|jmdict-common
実は|jmdict-common
実り|jmdict-common
実る|jmdict-common
実体|jmdict-common
実例|jmdict-common
実像|jmdict-common
実兄|jmdict-common
実刑|jmdict-common
実利|jmdict-common
実力|jmdict-common
実力行使|jmdict-common
実効|jmdict-common
実務|jmdict-common
実勢|jmdict-common
実名|jmdict-common
実在|jmdict-common
実地|jmdict-common
実子|jmdict-common
実家|jmdict-common
実弟|jmdict-common
実弾|jmdict-common
実情|jmdict-common
実感|jmdict-common
実態|jmdict-common
実態調査|jmdict-common
実戦|jmdict-common
実技|jmdict-common
実数|jmdict-common
実施|jmdict-common
実業|jmdict-common
実業家|jmdict-common
実権|jmdict-common
実況|jmdict-common
実演|jmdict-common
実物|jmdict-common
実状|jmdict-variant
実現|jmdict-common
実用|jmdict-common
実用的|jmdict-common
実相|jmdict-common
実績|jmdict-common
実習|jmdict-common
実行|jmdict-common
実証|jmdict-common
実話|jmdict-common
実費|jmdict-common
実質|jmdict-common
実質的|jmdict-common
実践|jmdict-common
実際|jmdict-common
実際は|jmdict-common
実験|jmdict-common
実験室|jmdict-common
客員|jmdict-common
客室|jmdict-common
客席|jmdict-common
客船|jmdict-common
客観|jmdict-common
客観的|jmdict-common
客足|jmdict-common
客車|jmdict-common
客間|jmdict-common
宣しく|jmdict-variant
宣べる|jmdict-variant
宣伝|jmdict-common
宣告|jmdict-common
宣戦|jmdict-common
宣教師|jmdict-common
宣言|jmdict-common
宣誓|jmdict-common
室内|jmdict-common
室内楽|jmdict-common
室町|jmdict-common
室長|jmdict-common
宥める|jmdict-common
宮中|jmdict-common
宮内庁|jmdict-common
宮廷|jmdict-common
宮殿|jmdict-common
宰相|jmdict-common
害う|jmdict-variant
害する|jmdict-common
害虫|jmdict-common
宴会|jmdict-common
宴席|jmdict-common
家づくり|jmdict-common
家主|jmdict-common
家事|jmdict-common
家人|jmdict-common
家作り|jmdict-variant
家元|jmdict-common
家具|jmdict-common
家内|jmdict-common
家出|jmdict-common
家台|jmdict-variant
家宅|jmdict-common
家屋|jmdict-common
家庭|jmdict-common
家庭内|jmdict-common
家庭教師|jmdict-common
家庭科|jmdict-common
家政|jmdict-common
家政婦|jmdict-common
家族|jmdict-common
家族計画|jmdict-common
家来|jmdict-common
家柄|jmdict-common
家根|jmdict-variant
家業|jmdict-common
家畜|jmdict-common
家礼|jmdict-variant
家系|jmdict-common
家裁|jmdict-common
家計|jmdict-common
家計簿|jmdict-common
家財|jmdict-common
家賃|jmdict-common
家造り|jmdict-variant
家電|jmdict-common
家頼|jmdict-variant
家鴨|jmdict-variant
容れる|jmdict-variant
容れ物|jmdict-variant
容器|jmdict-common
容姿|jmdict-common
容子|jmdict-variant
容易|jmdict-common
容易い|jmdict-common
容気|jmdict-variant
容物|jmdict-variant
容疑|jmdict-common
容疑者|jmdict-common
容積|jmdict-common
容認|jmdict-common
容赦|jmdict-common
容赦なく|jmdict-common
容赦無く|jmdict-variant
容量|jmdict-common
宿す|jmdict-common
宿る|jmdict-common
宿命|jmdict-common
宿屋|jmdict-common
宿敵|jmdict-common
宿泊|jmdict-common
宿舎|jmdict-common
宿題|jmdict-common
宿駅|jmdict-common
寂しい|jmdict-common
寂然|jmdict-common
寄こす|jmdict-variant
寄せ|jmdict-common
寄せる|jmdict-common
寄せ席|jmdict-variant
寄せ集め|jmdict-common
寄り道|jmdict-common
寄り集まる|jmdict-common
寄る|jmdict-common
寄与|jmdict-common
寄付|jmdict-common
寄宿舎|jmdict-common
寄席|jmdict-common
寄港|jmdict-common
寄生|jmdict-common
寄生虫|jmdict-common
寄航|jmdict-variant
寄贈|jmdict-common
寄越す|jmdict-variant
寄道|jmdict-variant
寄金|jmdict-common
寄附|jmdict-variant
寄集め|jmdict-variant
密か|jmdict-common
密入国|jmdict-common
密売|jmdict-common
密室|jmdict-common
密度|jmdict-common
密接|jmdict-common
密林|jmdict-common
密猟|jmdict-common
密着|jmdict-common
密約|jmdict-common
密航|jmdict-common
密輸|jmdict-common
密集|jmdict-common
富み|jmdict-variant
富む|jmdict-common
富士山|jmdict-common
富有|jmdict-variant
富祐|jmdict-variant
富者|jmdict-common
富裕|jmdict-common
富豪|jmdict-common
富貴|jmdict-common
寐る|jmdict-variant
寐坊|jmdict-variant
寒い|jmdict-common
寒け|jmdict-variant
寒さ|jmdict-common
寒中|jmdict-common
寒冷|jmdict-common
寒暖計|jmdict-common
寒村|jmdict-common
寒気|jmdict-common
寒波|jmdict-common
寔に|jmdict-variant
寛ぐ|jmdict-common
寛大|jmdict-common
寛容|jmdict-common
寝かす|jmdict-common
寝かせる|jmdict-common
寝ころぶ|jmdict-variant
寝すごす|jmdict-variant
寝つく|jmdict-variant
寝とぼける|jmdict-variant
寝どこ|jmdict-variant
寝ぼける|jmdict-common
寝まき|jmdict-variant
寝る|jmdict-common
寝不足|jmdict-common
寝付く|jmdict-common
寝具|jmdict-common
寝冷え|jmdict-common
寝台|jmdict-common
寝坊|jmdict-common
寝室|jmdict-common
寝巻|jmdict-common
寝巻き|jmdict-common
寝床|jmdict-common
寝息|jmdict-common
寝惚ける|jmdict-variant
寝泊まり|jmdict-common
寝泊り|jmdict-variant
寝相|jmdict-common
寝苦しい|jmdict-common
寝衣|jmdict-variant
寝言|jmdict-common
寝転ぶ|jmdict-common
寝返り|jmdict-common
寝返る|jmdict-common
寝過ごす|jmdict-common
寝間着|jmdict-common
寝顔|jmdict-common
察する|jmdict-common
察知|jmdict-common
寡い|jmdict-variant
寡し|jmdict-variant
寡ない|jmdict-variant
寡占|jmdict-common
寡婦|jmdict-common
寡黙|jmdict-common
實に|jmdict-variant
寧ろ|jmdict-common
審判|jmdict-common
審問|jmdict-common
審査|jmdict-common
審理|jmdict-common
審議|jmdict-common
寫眞|jmdict-variant
寫真|jmdict-variant
寮生|jmdict-common
寸前|jmdict-common
寸断|jmdict-common
寸暇|jmdict-common
寸法|jmdict-common
寺院|jmdict-common
対い|jmdict-variant
対う|jmdict-variant
対する|jmdict-common
対中|jmdict-common
対価|jmdict-common
対処|jmdict-common
対向|jmdict-common
対地|jmdict-common
対外|jmdict-common
対局|jmdict-common
対岸|jmdict-common
対峙|jmdict-common
対応|jmdict-common
対戦|jmdict-common
対抗|jmdict-common
対日|jmdict-common
対案|jmdict-common
対極|jmdict-common
対比|jmdict-common
対決|jmdict-common
対治|jmdict-variant
対照|jmdict-common
対照的|jmdict-common
対症療法|jmdict-common
対称|jmdict-common
対立|jmdict-common
対等|jmdict-common
対策|jmdict-common
対米|jmdict-common
対話|jmdict-common
対談|jmdict-common
対論|jmdict-common
対象|jmdict-common
対象療法|jmdict-variant
対面|jmdict-common
寿し|jmdict-variant
寿司|jmdict-common
寿命|jmdict-common
寿喜焼|jmdict-variant
寿府|jmdict-variant
封じる|jmdict-common
封じ手|jmdict-common
封度|jmdict-variant
封建主義|jmdict-common
封建的|jmdict-common
封書|jmdict-common
封筒|jmdict-common
封鎖|jmdict-common
専ら|jmdict-common
専任|jmdict-common
専修|jmdict-common
専制|jmdict-common
専務|jmdict-common
専問|jmdict-variant
専売|jmdict-common
専守防衛|jmdict-common
専属|jmdict-common
専従|jmdict-common
専念|jmdict-common
専攻|jmdict-common
専業|jmdict-common
専横|jmdict-common
専用|jmdict-common
専門|jmdict-common
専門医|jmdict-common
専門学校|jmdict-common
専門家|jmdict-common
専門店|jmdict-common
専門的|jmdict-common
射す|jmdict-common
射つ|jmdict-variant
射る|jmdict-common
射撃|jmdict-common
射止める|jmdict-common
射殺|jmdict-common
射程|jmdict-common
射精|jmdict-common
将兵|jmdict-common
将来|jmdict-common
将来像|jmdict-common
将来性|jmdict-common
将来的|jmdict-common
将校|jmdict-common
将棊|jmdict-variant
将棋|jmdict-common
将棋倒し|jmdict-common
将軍|jmdict-common
將來|jmdict-variant
將校|jmdict-variant
將棋|jmdict-variant
專問|jmdict-variant
專門|jmdict-variant
尊い|jmdict-common
尊ぶ|jmdict-common
尊厳|jmdict-common
尊敬|jmdict-common
尊称|jmdict-common
尊重|jmdict-common
尋ねる|jmdict-common
尋ね人|jmdict-common
尋問|jmdict-common
尋常|jmdict-common
導く|jmdict-common
導入|jmdict-common
導火線|jmdict-common
小々|jmdict-variant
小がら|jmdict-variant
小さい|jmdict-common
小さいころ|jmdict-variant
小さい頃|jmdict-common
小さじ|jmdict-common
小さな|jmdict-common
小もの|jmdict-variant
小ネタ|jmdict-common
小中学生|jmdict-common
小人|jmdict-common
小供|jmdict-variant
小便|jmdict-common
小僧|jmdict-common
小児|jmdict-common
小児病|jmdict-common
小児科|jmdict-common
小冊子|jmdict-common
小刀|jmdict-common
小切手|jmdict-common
小刻み|jmdict-common
小包|jmdict-common
小包み|jmdict-variant
小匙|jmdict-variant
小口|jmdict-common
小品|jmdict-common
小国|jmdict-common
小型|jmdict-common
小声|jmdict-common
小売|jmdict-common
小売り|jmdict-common
小売り店|jmdict-common
小売価格|jmdict-common
小売店|jmdict-common
小女|jmdict-variant
小学|jmdict-common
小学校|jmdict-common
小学生|jmdict-common
小小|jmdict-variant
小屋|jmdict-common
小山|jmdict-common
小島|jmdict-common
小川|jmdict-common
小差|jmdict-common
小幅|jmdict-common
小康|jmdict-common
小形|jmdict-variant
小惑星|jmdict-common
小手先|jmdict-common
小指|jmdict-common
小数|jmdict-common
小数点|jmdict-common
小文字|jmdict-common
小枝|jmdict-common
小柄|jmdict-common
小火|jmdict-common
小牛|jmdict-variant
小物|jmdict-common
小犬|jmdict-variant
小猫|jmdict-variant
小皿|jmdict-common
小石|jmdict-common
小竹|jmdict-variant
小結|jmdict-common
小結び|jmdict-variant
小羊|jmdict-common
小舟|jmdict-common
小船|jmdict-variant
小規模|jmdict-common
小言|jmdict-common
小説|jmdict-common
小説家|jmdict-common
小豆|jmdict-common
小道具|jmdict-common
小遣|jmdict-variant
小遣い|jmdict-common
小選挙区|jmdict-common
小量|jmdict-common
小銃|jmdict-common
小銭|jmdict-common
小雨|jmdict-common
小額|jmdict-variant
小鳥|jmdict-common
小麦|jmdict-common
小麦粉|jmdict-common
少々|jmdict-common
少い|jmdict-variant
少くとも|jmdict-variant
少し|jmdict-common
少しずつ|jmdict-common
少しづつ|jmdict-variant
少しも|jmdict-common
少し宛|jmdict-variant
少ない|jmdict-common
少なからず|jmdict-common
少なくとも|jmdict-common
少佐|jmdict-common
少女|jmdict-common
少将|jmdict-common
少尉|jmdict-common
少少|jmdict-variant
少年|jmdict-common
少数|jmdict-common
少数意見|jmdict-common
少数点|jmdict-variant
少量|jmdict-common
少額|jmdict-common
尖い|jmdict-variant
尖がる|jmdict-variant
尖る|jmdict-common
尖んがる|jmdict-variant
尖端|jmdict-variant
尚お|jmdict-variant
尚かつ|jmdict-variant
尚さら|jmdict-variant
尚ぶ|jmdict-variant
尚且つ|jmdict-common
尚更|jmdict-common
尠い|jmdict-variant
尠からず|jmdict-variant
尠くとも|jmdict-variant
尠ない|jmdict-variant
尤める|jmdict-variant
尤も|jmdict-variant
尤もらしい|jmdict-common
尨大|jmdict-variant
就いて|jmdict-common
就く|jmdict-common
就任|jmdict-common
就労|jmdict-common
就学|jmdict-common
就寝|jmdict-common
就業|jmdict-common
就活|jmdict-common
就職|jmdict-common
就航|jmdict-common
尺八|jmdict-common
尺度|jmdict-common
尻尾|jmdict-common
尼僧|jmdict-common
尼加拉瓦|jmdict-variant
尼羅|jmdict-variant
尽きる|jmdict-common
尽く|jmdict-variant
尽くす|jmdict-common
尽す|jmdict-variant
尽力|jmdict-common
尾根|jmdict-common
尾行|jmdict-common
尿酸|jmdict-common
局員|jmdict-common
局地|jmdict-common
局留|jmdict-variant
局留め|jmdict-common
局番|jmdict-common
局長|jmdict-common
局面|jmdict-common
居あわせる|jmdict-variant
居らっしゃる|jmdict-variant
居る|jmdict-common
居住|jmdict-common
居住者|jmdict-common
居候|jmdict-common
居合せる|jmdict-variant
居合わせる|jmdict-common
居場所|jmdict-common
居室|jmdict-common
居心地|jmdict-common
居眠り|jmdict-common
居睡り|jmdict-variant
居酒や|jmdict-variant
居酒屋|jmdict-common
居間|jmdict-common
屆ける|jmdict-variant
屈托|jmdict-variant
屈折|jmdict-common
屈指|jmdict-common
屈託|jmdict-common
屈辱|jmdict-common
届く|jmdict-common
届け|jmdict-common
届ける|jmdict-common
届け出|jmdict-common
届出|jmdict-variant
屋上|jmdict-common
屋体|jmdict-variant
屋内|jmdict-common
屋台|jmdict-common
屋外|jmdict-common
屋敷|jmdict-common
屋根|jmdict-common
屋造り|jmdict-variant
屍体|jmdict-variant
屏風|jmdict-common
展げる|jmdict-variant
展望|jmdict-common
展示|jmdict-common
展示会|jmdict-common
展覧会|jmdict-common
展開|jmdict-common
屛風|jmdict-variant
属する|jmdict-common
属望|jmdict-variant
属託|jmdict-variant
屡々|jmdict-common
屡屡|jmdict-variant
履きもの|jmdict-variant
履き古し|jmdict-common
履き物|jmdict-variant
履く|jmdict-common
履む|jmdict-variant
履歴|jmdict-common
履歴書|jmdict-common
履物|jmdict-common
履行|jmdict-common
山々|jmdict-common
山地|jmdict-common
山型|jmdict-variant
山奥|jmdict-common
山寺|jmdict-common
山小屋|jmdict-common
山山|jmdict-variant
山岳|jmdict-common
山崩れ|jmdict-common
山嶽|jmdict-variant
山川|jmdict-common
山形|jmdict-common
山影|jmdict-variant
山手|jmdict-common
山村|jmdict-common
山林|jmdict-common
山火事|jmdict-common
山猫|jmdict-common
山登り|jmdict-common
山積|jmdict-common
山系|jmdict-common
山脈|jmdict-common
山茶|jmdict-variant
山荘|jmdict-common
山菜|jmdict-common
山葵|jmdict-common
山賊|jmdict-common
山道|jmdict-common
山野|jmdict-common
山間|jmdict-common
山陰|jmdict-common
山陽|jmdict-common
山頂|jmdict-common
屹度|jmdict-variant
岐れる|jmdict-variant
岐路|jmdict-common
岐阜|jmdict-common
岩乗|jmdict-variant
岩塩|jmdict-common
岩屋|jmdict-common
岩山|jmdict-common
岩盤|jmdict-common
岩石|jmdict-common
岩礁|jmdict-common
岩間|jmdict-common
岱山|jmdict-variant
岸べ|jmdict-variant
岸壁|jmdict-common
岸辺|jmdict-common
峡谷|jmdict-common
島々|jmdict-common
島じま|jmdict-variant
島内|jmdict-common
島国|jmdict-common
島島|jmdict-variant
島根|jmdict-common
峻しい|jmdict-variant
崇拝|jmdict-common
崇高|jmdict-common
崩す|jmdict-common
崩れ|jmdict-common
崩れる|jmdict-common
崩壊|jmdict-common
崩潰|jmdict-variant
崩落|jmdict-common
嵌まる|jmdict-variant
嵌める|jmdict-variant
嵌る|jmdict-variant
嶄新|jmdict-variant
嶮しい|jmdict-variant
川ばた|jmdict-variant
川上|jmdict-common
川下|jmdict-common
川原|jmdict-common
川口|jmdict-common
川岸|jmdict-common
川崎|jmdict-common
川柳|jmdict-common
川沿い|jmdict-common
川端|jmdict-common
州政府|jmdict-common
州都|jmdict-common
巡りあう|jmdict-variant
巡り会う|jmdict-common
巡り合う|jmdict-variant
巡り逢う|jmdict-variant
巡る|jmdict-common
巡回|jmdict-common
巡廻|jmdict-variant
巡査|jmdict-common
巡業|jmdict-common
巡礼|jmdict-common
巡航|jmdict-common
巡視|jmdict-common
巣立ち|jmdict-common
工事|jmdict-common
工事中|jmdict-common
工作|jmdict-common
工作員|jmdict-common
工作機械|jmdict-common
工兵|jmdict-common
工務|jmdict-common
工合|jmdict-variant
工合い|jmdict-variant
工員|jmdict-common
工場|jmdict-common
工夫|jmdict-common
工学|jmdict-common
工学部|jmdict-common
工房|jmdict-common
工業|jmdict-common
工法|jmdict-common
工科|jmdict-common
工程|jmdict-common
工芸|jmdict-common
工費|jmdict-common
左きき|jmdict-variant
左上|jmdict-common
左側|jmdict-common
左利|jmdict-variant
左利き|jmdict-common
左前|jmdict-common
左右|jmdict-common
左手|jmdict-common
左折|jmdict-common
左様なら|jmdict-variant
左様奈良|jmdict-variant
左派|jmdict-common
左翼|jmdict-common
左脚|jmdict-variant
左腕|jmdict-common
左記|jmdict-common
左足|jmdict-common
左遷|jmdict-common
巧い|jmdict-variant
巧み|jmdict-common
巧妙|jmdict-common
巧拙|jmdict-common
巧者|jmdict-common
巨きい|jmdict-variant
巨人|jmdict-common
巨体|jmdict-common
巨匠|jmdict-common
巨大|jmdict-common
巨星|jmdict-common
巨漢|jmdict-common
巨視的|jmdict-common
巨額|jmdict-common
巫女|jmdict-common
巫子|jmdict-variant
巫山戯る|jmdict-variant
差しあげる|jmdict-variant
差しあたり|jmdict-variant
差しかかる|jmdict-variant
差しこむ|jmdict-variant
差しだす|jmdict-variant
差し上げる|jmdict-common
差し伸べる|jmdict-common
差し出し人|jmdict-variant
差し出す|jmdict-common
差し延べる|jmdict-variant
差し引き|jmdict-common
差し当たり|jmdict-common
差し戻す|jmdict-common
差し掛かる|jmdict-common
差し掛る|jmdict-variant
差し控える|jmdict-common
差し支え|jmdict-common
差し支える|jmdict-common
差し止め|jmdict-common
差し込む|jmdict-common
差す|jmdict-common
差上げる|jmdict-variant
差伸べる|jmdict-variant
差出し人|jmdict-variant
差出す|jmdict-variant
差出人|jmdict-common
差別|jmdict-common
差延べる|jmdict-variant
差引|jmdict-variant
差引き|jmdict-variant
差当たり|jmdict-variant
差当り|jmdict-variant
差戻す|jmdict-variant
差控える|jmdict-variant
差支え|jmdict-variant
差支える|jmdict-variant
差止|jmdict-variant
差止め|jmdict-variant
差異|jmdict-common
差益|jmdict-common
差込む|jmdict-variant
差違|jmdict-variant
差閊|jmdict-variant
差閊え|jmdict-variant
差額|jmdict-common
己れ|jmdict-variant
己惚れ|jmdict-variant
己惚れる|jmdict-variant
已に|jmdict-variant
已む|jmdict-variant
已むを得ない|jmdict-variant
已める|jmdict-variant
已上|jmdict-variant
已下|jmdict-variant
已前|jmdict-variant
已後|jmdict-variant
已来|jmdict-variant
已降|jmdict-variant
巴基斯担|jmdict-variant
巴奈馬|jmdict-variant
巴格達|jmdict-variant
巴里|jmdict-variant
巻き|jmdict-variant
巻きこむ|jmdict-variant
巻きじゃく|jmdict-variant
巻き尺|jmdict-variant
巻き添え|jmdict-common
巻き込む|jmdict-common
巻き返し|jmdict-common
巻く|jmdict-common
巻尺|jmdict-common
巻末|jmdict-common
巻添え|jmdict-common
巻込む|jmdict-variant
巻返し|jmdict-variant
市中|jmdict-common
市会|jmdict-common
市内|jmdict-common
市営|jmdict-common
市営地下鉄|jmdict-common
市場|jmdict-common
市場調査|jmdict-common
市外|jmdict-common
市庭|jmdict-variant
市役所|jmdict-common
市政|jmdict-common
市民|jmdict-common
市民権|jmdict-common
市民社会|jmdict-common
市況|jmdict-common
市町村|jmdict-common
市立|jmdict-common
市街|jmdict-common
市街地|jmdict-common
市議|jmdict-common
市議会|jmdict-common
市販|jmdict-common
市道|jmdict-common
市部|jmdict-common
市長|jmdict-common
布く|jmdict-variant
布告|jmdict-common
布哇|jmdict-variant
布団|jmdict-common
布地|jmdict-common
布巾|jmdict-common
布教|jmdict-common
布施|jmdict-common
布石|jmdict-common
布設|jmdict-variant
布陣|jmdict-common
帆船|jmdict-common
帆走|jmdict-common
希わくは|jmdict-variant
希少|jmdict-common
希望|jmdict-common
希臘|jmdict-variant
希薄|jmdict-common
帝制|jmdict-variant
帝国|jmdict-common
帝国主義|jmdict-common
帝國|jmdict-variant
帝政|jmdict-common
帥先|jmdict-variant
師事|jmdict-common
師匠|jmdict-common
師団|jmdict-common
師子|jmdict-variant
師弟|jmdict-common
師範|jmdict-common
師走|jmdict-common
席上|jmdict-common
席巻|jmdict-common
席捲|jmdict-variant
帯く|jmdict-variant
帯びる|jmdict-common
帰す|jmdict-common
帰り|jmdict-common
帰り路|jmdict-variant
帰り道|jmdict-common
帰る|jmdict-common
帰京|jmdict-common
帰休|jmdict-common
帰依|jmdict-common
帰化|jmdict-common
帰国|jmdict-common
帰宅|jmdict-common
帰属|jmdict-common
帰省|jmdict-common
帰路|jmdict-common
帰途|jmdict-common
帰還|jmdict-common
帳本人|jmdict-variant
帳消し|jmdict-common
帳簿|jmdict-common
常に|jmdict-common
常任|jmdict-common
常任委員会|jmdict-common
常務|jmdict-common
常勤|jmdict-common
常時|jmdict-common
常用|jmdict-common
常用漢字|jmdict-common
常習|jmdict-common
常設|jmdict-common
常識|jmdict-common
常識的|jmdict-common
常軌|jmdict-common
常連|jmdict-common
常駐|jmdict-common
帽子|jmdict-common
幅広い|jmdict-common
幕下|jmdict-common
幕僚|jmdict-common
幕内|jmdict-common
幕切れ|jmdict-common
幕府|jmdict-common
幕明け|jmdict-variant
幕末|jmdict-common
幕開け|jmdict-common
幣害|jmdict-variant
干す|jmdict-common
干る|jmdict-common
干与|jmdict-variant
干拓|jmdict-common
干渉|jmdict-common
干満|jmdict-common
干潟|jmdict-common
干物|jmdict-variant
平たい|jmdict-common
平ら|jmdict-common
平仮名|jmdict-common
平凡|jmdict-common
平和|jmdict-common
平地|jmdict-common
平均|jmdict-common
平均点|jmdict-common
平均的|jmdict-common
平壌|jmdict-common
平安|jmdict-common
平常|jmdict-common
平幕|jmdict-common
平年|jmdict-common
平年並|jmdict-variant
平年並み|jmdict-common
平成|jmdict-common
平方|jmdict-common
平方キロメートル|jmdict-common
平方メートル|jmdict-common
平日|jmdict-common
平時|jmdict-common
平気|jmdict-common
平泳ぎ|jmdict-common
平穏|jmdict-common
平等|jmdict-common
平行|jmdict-common
平行線|jmdict-common
平衡|jmdict-common
平野|jmdict-common
平静|jmdict-common
平面|jmdict-common
年々|jmdict-common
年ごろ|jmdict-variant
年じゅう|jmdict-variant
年とった|jmdict-variant
年より|jmdict-variant
年をとる|jmdict-common
年を取る|jmdict-variant
年上|jmdict-common
年下|jmdict-common
年中|jmdict-common
年中無休|jmdict-common
年代|jmdict-common
年令|jmdict-variant
年会|jmdict-common
年俸|jmdict-common
年内|jmdict-common
年刊|jmdict-common
年初|jmdict-common
年功|jmdict-common
年功序列|jmdict-common
年収|jmdict-common
年取った|jmdict-common
年号|jmdict-common
年商|jmdict-common
年始|jmdict-common
年寄|jmdict-variant
年寄り|jmdict-common
年年|jmdict-variant
年度|jmdict-common
年後|jmdict-common
年数|jmdict-common
年明け|jmdict-common
年月|jmdict-common
年月日|jmdict-common
年末|jmdict-common
年来|jmdict-common
年棒|jmdict-variant
年次|jmdict-common
年率|jmdict-common
年生|jmdict-common
年産|jmdict-common
年男|jmdict-common
年表|jmdict-common
年譜|jmdict-common
年賀|jmdict-common
年賀状|jmdict-common
年輩|jmdict-common
年輪|jmdict-common
年配|jmdict-common
年金|jmdict-common
年鑑|jmdict-common
年長|jmdict-common
年間|jmdict-common
年頃|jmdict-common
年頭|jmdict-common
年額|jmdict-common
年魚|jmdict-variant
年齢|jmdict-common
年齢層|jmdict-common
幸い|jmdict-common
幸せ|jmdict-common
幸福|jmdict-common
幸運|jmdict-common
幹事|jmdict-common
幹理|jmdict-variant
幹線|jmdict-common
幹部|jmdict-common
幻影|jmdict-common
幻想|jmdict-common
幻滅|jmdict-common
幻覚|jmdict-common
幼い|jmdict-common
幼なじみ|jmdict-common
幼ななじみ|jmdict-variant
幼な児|jmdict-variant
幼な子|jmdict-variant
幼な馴染み|jmdict-variant
幼児|jmdict-common
幼子|jmdict-common
幼少|jmdict-common
幼少期|jmdict-common
幼稚|jmdict-common
幼稚園|jmdict-common
幼虫|jmdict-common
幼馴染|jmdict-variant
幼馴染み|jmdict-variant
幽か|jmdict-variant
幽欝|jmdict-variant
幽閉|jmdict-common
幽霊|jmdict-common
幽鬱|jmdict-variant
幾たび|jmdict-variant
幾つ|jmdict-common
幾つか|jmdict-common
幾ど|jmdict-variant
幾ら|jmdict-common
幾何|jmdict-common
幾何学|jmdict-common
幾分|jmdict-common
幾度|jmdict-common
幾日|jmdict-common
庁舎|jmdict-common
広々|jmdict-common
広い|jmdict-common
広がり|jmdict-common
広がる|jmdict-common
広げる|jmdict-common
広さ|jmdict-common
広びろ|jmdict-variant
広まり|jmdict-common
広まる|jmdict-common
広める|jmdict-common
広告|jmdict-common
広域|jmdict-common
広報|jmdict-common
広場|jmdict-common
広大|jmdict-common
広島|jmdict-common
広州|jmdict-common
広広|jmdict-variant
広東|jmdict-common
広汎|jmdict-variant
広範|jmdict-common
広範囲|jmdict-common
広葉樹|jmdict-common
庇う|jmdict-common
床の間|jmdict-common
床下|jmdict-common
床屋|jmdict-common
序で|jmdict-common
序でに|jmdict-variant
序に|jmdict-variant
序列|jmdict-common
序幕|jmdict-common
序文|jmdict-common
序曲|jmdict-common
序盤|jmdict-common
序説|jmdict-common
底値|jmdict-common
底入れ|jmdict-common
底力|jmdict-common
底打ち|jmdict-common
底流|jmdict-common
底辺|jmdict-common
庖丁|jmdict-variant
店さき|jmdict-variant
店主|jmdict-common
店先|jmdict-common
店内|jmdict-common
店名|jmdict-common
店員|jmdict-common
店舗|jmdict-common
店鋪|jmdict-variant
店長|jmdict-common
店開き|jmdict-common
店頭|jmdict-common
府庁|jmdict-common
府県|jmdict-common
府知事|jmdict-common
府立|jmdict-common
府警|jmdict-common
度々|jmdict-common
度に|jmdict-common
度合|jmdict-common
度合い|jmdict-common
度度|jmdict-variant
度数|jmdict-common
度胸|jmdict-common
座ぶとん|jmdict-variant
座り|jmdict-common
座り込み|jmdict-common
座る|jmdict-common
座わる|jmdict-variant
座布団|jmdict-common
座席|jmdict-common
座敷|jmdict-common
座禅|jmdict-common
座蒲団|jmdict-variant
座談会|jmdict-common
座長|jmdict-common
庭園|jmdict-common
庭木|jmdict-common
庭球|jmdict-common
庶務|jmdict-common
庶民|jmdict-common
庶民的|jmdict-common
廃める|jmdict-variant
廃坑|jmdict-common
廃墟|jmdict-common
廃材|jmdict-common
廃案|jmdict-common
廃棄|jmdict-common
廃棄物|jmdict-common
廃業|jmdict-common
廃止|jmdict-common
廃絶|jmdict-common
廃虚|jmdict-variant
廃鉱|jmdict-variant
廉い|jmdict-variant
廉価|jmdict-common
廉売|jmdict-common
廊下|jmdict-common
廚房|jmdict-variant
廣い|jmdict-variant
廣告|jmdict-variant
廣報|jmdict-variant
廣島|jmdict-variant
廣州|jmdict-variant
廣東|jmdict-variant
廣汎|jmdict-variant
延々|jmdict-common
延う|jmdict-variant
延ばす|jmdict-common
延び|jmdict-variant
延びる|jmdict-common
延び率|jmdict-variant
延べ|jmdict-common
延命|jmdict-common
延延|jmdict-variant
延期|jmdict-common
延滞|jmdict-common
延長|jmdict-common
建つ|jmdict-common
建てもの|jmdict-variant
建てる|jmdict-common
建て前|jmdict-common
建て物|jmdict-variant
建もの|jmdict-variant
建前|jmdict-common
建国|jmdict-common
建材|jmdict-common
建物|jmdict-common
建立|jmdict-common
建築|jmdict-common
建築士|jmdict-common
建築学|jmdict-common
建築家|jmdict-common
建築物|jmdict-common
建設|jmdict-common
建設的|jmdict-common
建設省|jmdict-common
建議|jmdict-common
建造|jmdict-common
建造物|jmdict-common
廻し|jmdict-variant
廻す|jmdict-variant
廻り|jmdict-variant
廻り合う|jmdict-variant
廻り路|jmdict-variant
廻り道|jmdict-variant
廻る|jmdict-common
廻廊|jmdict-variant
廻覧|jmdict-variant
廻転|jmdict-variant
廻送|jmdict-variant
廿日|jmdict-variant
弁える|jmdict-common
弁償|jmdict-common
弁務官|jmdict-common
弁当|jmdict-common
弁慶|jmdict-common
弁明|jmdict-common
弁済|jmdict-common
弁當|jmdict-variant
弁舌|jmdict-common
弁解|jmdict-common
弁論|jmdict-common
弁護|jmdict-common
弁護人|jmdict-common
弁護士|jmdict-common
弄る|jmdict-common
弊害|jmdict-common
弊社|jmdict-common
式典|jmdict-common
式場|jmdict-common
式辞|jmdict-common
式部|jmdict-common
弐拾|jmdict-variant
弓矢|jmdict-common
弓箭|jmdict-variant
弓道|jmdict-common
弔う|jmdict-common
弔問|jmdict-common
弔意|jmdict-common
弔辞|jmdict-common
弔電|jmdict-common
引かれる|jmdict-common
引きあげる|jmdict-variant
引きうける|jmdict-variant
引きおこす|jmdict-variant
引きかえす|jmdict-variant
引きがね|jmdict-variant
引きこもり|jmdict-common
引きさく|jmdict-variant
引きしまる|jmdict-variant
引きしめる|jmdict-variant
引きずる|jmdict-common
引きだす|jmdict-variant
引きつぐ|jmdict-variant
引きつける|jmdict-common
引きつる|jmdict-common
引きとめる|jmdict-variant
引きとる|jmdict-variant
引きどき|jmdict-variant
引きぬく|jmdict-variant
引きのばし|jmdict-variant
引きのばす|jmdict-variant
引きはなす|jmdict-variant
引きもどす|jmdict-variant
引きわたす|jmdict-variant
引き上げ|jmdict-common
引き上げる|jmdict-common
引き下げ|jmdict-common
引き下げる|jmdict-common
引き付ける|jmdict-common
引き伸し|jmdict-variant
引き伸す|jmdict-variant
引き伸ばし|jmdict-variant
引き伸ばす|jmdict-common
引き出し|jmdict-common
引き出す|jmdict-common
引き分け|jmdict-common
引き取り|jmdict-common
引き取る|jmdict-common
引き受け|jmdict-common
引き受ける|jmdict-common
引き合い|jmdict-common
引き延し|jmdict-variant
引き延す|jmdict-variant
引き延ばし|jmdict-common
引き延ばす|jmdict-common
引き戻す|jmdict-common
引き抜く|jmdict-common
引き揚げ|jmdict-variant
引き揚げる|jmdict-variant
引き揚げ者|jmdict-variant
引き換え|jmdict-common
引き摺る|jmdict-variant
引き攣る|jmdict-variant
引き時|jmdict-common
引き替え|jmdict-common
引き止める|jmdict-common
引き渡し|jmdict-common
引き渡す|jmdict-common
引き留める|jmdict-variant
引き算|jmdict-common
引き篭もり|jmdict-variant
引き篭り|jmdict-variant
引き籠もり|jmdict-variant
引き籠り|jmdict-variant
引き継ぎ|jmdict-common
引き継ぐ|jmdict-common
引き続き|jmdict-common
引き締まる|jmdict-common
引き締め|jmdict-common
引き締める|jmdict-common
引き締る|jmdict-variant
引き裂く|jmdict-common
引き起こす|jmdict-common
引き起す|jmdict-variant
引き返す|jmdict-common
引き金|jmdict-common
引き鉄|jmdict-variant
引き離す|jmdict-common
引く|jmdict-common
引け目|jmdict-common
引っかかる|jmdict-common
引っかける|jmdict-variant
引っくり返る|jmdict-variant
引っこし|jmdict-variant
引っこす|jmdict-variant
引っこむ|jmdict-variant
引っつく|jmdict-variant
引っぱる|jmdict-variant
引っ付く|jmdict-common
引っ張る|jmdict-common
引っ懸ける|jmdict-variant
引っ掛かる|jmdict-common
引っ掛ける|jmdict-common
引っ掛る|jmdict-common
引っ繰り返る|jmdict-variant
引っ越し|jmdict-common
引っ越す|jmdict-common
引っ込む|jmdict-common
引上げ|jmdict-variant
引上げる|jmdict-variant
引下げ|jmdict-variant
引下げる|jmdict-variant
引付ける|jmdict-common
引伸す|jmdict-variant
引伸ばし|jmdict-variant
引伸ばす|jmdict-variant
引出し|jmdict-common
引出す|jmdict-common
引分け|jmdict-common
引力|jmdict-common
引取|jmdict-variant
引取り|jmdict-variant
引取る|jmdict-variant
引受|jmdict-variant
引受け|jmdict-variant
引受ける|jmdict-common
引受る|jmdict-variant
引合|jmdict-variant
引合い|jmdict-variant
引延す|jmdict-variant
引延ばし|jmdict-variant
引延ばす|jmdict-variant
引張る|jmdict-variant
引戻す|jmdict-variant
引抜く|jmdict-variant
引揚|jmdict-variant
引揚げ|jmdict-variant
引揚げる|jmdict-variant
引揚げ者|jmdict-variant
引揚者|jmdict-common
引換|jmdict-variant
引換え|jmdict-common
引摺る|jmdict-variant
引時|jmdict-variant
引替|jmdict-variant
引替え|jmdict-common
引止める|jmdict-common
引渡|jmdict-variant
引渡し|jmdict-variant
引渡す|jmdict-variant
引用|jmdict-common
引留める|jmdict-variant
引算|jmdict-variant
引篭もり|jmdict-variant
引篭り|jmdict-variant
引籠もり|jmdict-variant
引籠り|jmdict-variant
引継|jmdict-variant
引継ぎ|jmdict-common
引継ぐ|jmdict-variant
引続き|jmdict-common
引締まる|jmdict-variant
引締め|jmdict-common
引締める|jmdict-variant
引繰り返る|jmdict-variant
引裂く|jmdict-variant
引責|jmdict-common
引起こす|jmdict-variant
引起す|jmdict-variant
引越|jmdict-variant
引越し|jmdict-variant
引越す|jmdict-variant
引返す|jmdict-variant
引退|jmdict-common
引金|jmdict-common
引鉄|jmdict-variant
引離す|jmdict-variant
弘い|jmdict-variant
弘まる|jmdict-variant
弘める|jmdict-variant
弘報|jmdict-variant
弘大|jmdict-variant
弛む|jmdict-common
弛める|jmdict-variant
弟妹|jmdict-common
弟子|jmdict-common
弟子入り|jmdict-common
弥々|jmdict-variant
弥る|jmdict-variant
弥弥|jmdict-variant
弥撒|jmdict-variant
弥生|jmdict-common
弦楽|jmdict-common
弦楽器|jmdict-common
弯曲|jmdict-variant
弱い|jmdict-common
弱まる|jmdict-common
弱み|jmdict-common
弱める|jmdict-common
弱る|jmdict-common
弱体|jmdict-common
弱冠|jmdict-common
弱味|jmdict-variant
弱年|jmdict-variant
弱気|jmdict-common
弱点|jmdict-common
弱者|jmdict-common
弱腰|jmdict-common
弱虫|jmdict-common
弱音|jmdict-common
張り|jmdict-common
張りだす|jmdict-variant
張りつける|jmdict-variant
張り付ける|jmdict-variant
張り出す|jmdict-common
張り切る|jmdict-common
張り紙|jmdict-common
張る|jmdict-common
張付ける|jmdict-variant
張出す|jmdict-variant
張本人|jmdict-common
張紙|jmdict-variant
強い|jmdict-common
強いて|jmdict-common
強いる|jmdict-common
強き|jmdict-variant
強さ|jmdict-common
強ち|jmdict-variant
強まる|jmdict-common
強み|jmdict-common
強める|jmdict-common
強制|jmdict-common
強制的|jmdict-common
強剛|jmdict-variant
強力|jmdict-common
強化|jmdict-common
強味|jmdict-variant
強固|jmdict-common
強国|jmdict-common
強壮|jmdict-common
強大|jmdict-common
強奪|jmdict-common
強度|jmdict-common
強引|jmdict-common
強弱|jmdict-common
強情|jmdict-common
強慢|jmdict-variant
強打|jmdict-common
強敵|jmdict-common
強権|jmdict-common
強気|jmdict-common
強烈|jmdict-common
強盗|jmdict-common
強硬|jmdict-common
強者|jmdict-common
強行|jmdict-common
強行採決|jmdict-common
強要|jmdict-common
強調|jmdict-common
強請る|jmdict-common
強豪|jmdict-common
強風|jmdict-common
弾く|jmdict-common
弾み|jmdict-common
弾む|jmdict-common
弾丸|jmdict-common
弾力|jmdict-common
弾劾|jmdict-common
弾圧|jmdict-common
弾機|jmdict-variant
弾薬|jmdict-common
弾道|jmdict-common
弾頭|jmdict-common
彎曲|jmdict-variant
当たり|jmdict-common
当たりめー|jmdict-variant
当たり前|jmdict-common
当たり役|jmdict-common
当たる|jmdict-common
当て|jmdict-common
当てはまる|jmdict-common
当てはめる|jmdict-common
当てる|jmdict-common
当て嵌まる|jmdict-variant
当て嵌める|jmdict-variant
当の|jmdict-common
当り|jmdict-common
当りまえ|jmdict-variant
当り前|jmdict-variant
当る|jmdict-variant
当事|jmdict-common
当事者|jmdict-common
当人|jmdict-common
当分|jmdict-common
当初|jmdict-common
当前|jmdict-variant
当地|jmdict-common
当局|jmdict-common
当店|jmdict-common
当惑|jmdict-common
当方|jmdict-common
当日|jmdict-common
当時|jmdict-common
当期|jmdict-common
当然|jmdict-common
当番|jmdict-common
当直|jmdict-common
当確|jmdict-common
当社|jmdict-common
当落|jmdict-common
当選|jmdict-common
当面|jmdict-common
彗星|jmdict-common
形体|jmdict-variant
形勝|jmdict-variant
形勢|jmdict-common
形容|jmdict-common
形容詞|jmdict-common
形式|jmdict-common
形式的|jmdict-common
形態|jmdict-common
形成|jmdict-common
形気|jmdict-variant
形状|jmdict-common
形見|jmdict-common
形跡|jmdict-common
彩やか|jmdict-variant
彩り|jmdict-common
彩る|jmdict-common
彩色|jmdict-common
彫る|jmdict-common
彫像|jmdict-common
彫刻|jmdict-common
彫塑|jmdict-common
彫金|jmdict-common
影の内閣|jmdict-common
影口|jmdict-variant
影画|jmdict-variant
影絵|jmdict-common
影響|jmdict-common
影響力|jmdict-common
彳む|jmdict-variant
彷徨う|jmdict-common
彷徨く|jmdict-variant
役だつ|jmdict-variant
役にたたない|jmdict-variant
役にたつ|jmdict-variant
役に立たない|jmdict-common
役に立た無い|jmdict-variant
役に立つ|jmdict-common
役まわり|jmdict-variant
役人|jmdict-common
役割|jmdict-common
役割り|jmdict-variant
役員|jmdict-common
役回り|jmdict-common
役場|jmdict-common
役廻り|jmdict-variant
役所|jmdict-common
役柄|jmdict-common
役目|jmdict-common
役立つ|jmdict-common
役者|jmdict-common
役職|jmdict-common
彼の|jmdict-variant
彼の世|jmdict-variant
彼の人|jmdict-variant
彼の方|jmdict-variant
彼ら|jmdict-common
彼れ|jmdict-variant
彼処|jmdict-variant
彼女|jmdict-common
彼奴|jmdict-variant
彼奴ら|jmdict-variant
彼奴等|jmdict-variant
彼岸|jmdict-common
彼所|jmdict-variant
彼方|jmdict-common
彼方此方|jmdict-variant
彼是|jmdict-variant
彼此|jmdict-variant
彼氏|jmdict-common
彼程|jmdict-variant
彼等|jmdict-variant
往き|jmdict-variant
往き来|jmdict-variant
往く|jmdict-variant
往古|jmdict-variant
往年|jmdict-common
往復|jmdict-common
往来|jmdict-common
往生|jmdict-common
往診|jmdict-common
征服|jmdict-common
径路|jmdict-variant
待たす|jmdict-common
待たせる|jmdict-common
待ち|jmdict-common
待ちあわせ|jmdict-variant
待ちあわせる|jmdict-variant
待ちかねる|jmdict-variant
待ちかまえる|jmdict-variant
待ちどうしい|jmdict-variant
待ちのぞむ|jmdict-variant
待ちぶせ|jmdict-variant
待ち伏せ|jmdict-common
待ち兼ねる|jmdict-common
待ち受ける|jmdict-common
待ち合い|jmdict-variant
待ち合い室|jmdict-variant
待ち合せ|jmdict-variant
待ち合せる|jmdict-variant
待ち合わせ|jmdict-common
待ち合わせる|jmdict-common
待ち合わせ場所|jmdict-common
待ち望む|jmdict-common
待ち構える|jmdict-common
待ち遠しい|jmdict-common
待つ|jmdict-common
待伏せ|jmdict-variant
待受ける|jmdict-variant
待合|jmdict-common
待合い|jmdict-variant
待合い室|jmdict-variant
待合せ|jmdict-variant
待合わせ|jmdict-variant
待合室|jmdict-common
待望|jmdict-common
待望む|jmdict-variant
待構える|jmdict-variant
待機|jmdict-common
待遇|jmdict-common
待遠しい|jmdict-variant
後々|jmdict-common
後かたづけ|jmdict-variant
後から|jmdict-common
後の祭|jmdict-variant
後の祭り|jmdict-common
後らす|jmdict-variant
後れ|jmdict-variant
後れる|jmdict-variant
後ろ|jmdict-common
後ろだて|jmdict-variant
後ろ向き|jmdict-common
後ろ姿|jmdict-common
後ろ楯|jmdict-variant
後ろ盾|jmdict-common
後世|jmdict-common
後任|jmdict-common
後列|jmdict-common
後半|jmdict-common
後半戦|jmdict-common
後向き|jmdict-variant
後回し|jmdict-common
後天的|jmdict-common
後妻|jmdict-common
後始末|jmdict-common
後姿|jmdict-variant
後後|jmdict-variant
後悔|jmdict-common
後戻り|jmdict-common
後手|jmdict-common
後押し|jmdict-common
後援|jmdict-common
後方|jmdict-common
後日|jmdict-common
後書|jmdict-common
後書き|jmdict-common
後期|jmdict-common
後片づけ|jmdict-variant
後片付け|jmdict-common
後発|jmdict-common
後継|jmdict-common
後継ぎ|jmdict-variant
後続|jmdict-common
後者|jmdict-common
後見|jmdict-common
後輩|jmdict-common
後退|jmdict-common
後進|jmdict-common
後遺症|jmdict-common
後部|jmdict-common
徐々に|jmdict-common
徐徐に|jmdict-variant
徐航|jmdict-variant
徐行|jmdict-common
徒労|jmdict-common
徒歩|jmdict-common
徒遣い|jmdict-variant
従う|jmdict-common
従える|jmdict-common
従って|jmdict-common
従事|jmdict-common
従兄弟|jmdict-common
従姉妹|jmdict-common
従属|jmdict-common
従来|jmdict-common
従業員|jmdict-common
従軍|jmdict-common
得々|jmdict-common
得する|jmdict-common
得る|jmdict-common
得失|jmdict-common
得得|jmdict-variant
得意|jmdict-common
得意先|jmdict-common
得撒|jmdict-variant
得点|jmdict-common
得票|jmdict-common
得策|jmdict-common
從う|jmdict-variant
御かわり|jmdict-variant
御一人様|jmdict-variant
御不沙汰|jmdict-variant
御世話になる|jmdict-variant
御世辞|jmdict-variant
御中|jmdict-common
御中元|jmdict-variant
御主人|jmdict-variant
御久しぶり|jmdict-variant
御久し振り|jmdict-variant
御了承ください|jmdict-variant
御了承下さい|jmdict-variant
御互いに|jmdict-variant
御仕舞|jmdict-variant
御仕舞い|jmdict-variant
御代り|jmdict-variant
御代わり|jmdict-variant
御休み|jmdict-variant
御休みなさい|jmdict-variant
御会計|jmdict-variant
御使|jmdict-variant
御使い|jmdict-variant
御兄さん|jmdict-variant
御免|jmdict-common
御免ください|jmdict-variant
御免下さい|jmdict-variant
御八つ|jmdict-variant
御内|jmdict-variant
御凸|jmdict-variant
御出掛け|jmdict-variant
御前|jmdict-variant
御化け|jmdict-variant
御医者さん|jmdict-variant
御協力|jmdict-variant
御参り|jmdict-variant
御名前|jmdict-variant
御喋り|jmdict-variant
御土産|jmdict-variant
御坊さん|jmdict-variant
御墨付き|jmdict-variant
御天気|jmdict-variant
御好み焼|jmdict-variant
御好み焼き|jmdict-variant
御姉さん|jmdict-variant
御姐さん|jmdict-variant
御婆さん|jmdict-variant
御婆ちゃん|jmdict-variant
御嬢さん|jmdict-variant
御子さま|jmdict-variant
御子様|jmdict-variant
御存じ|jmdict-variant
御存知|jmdict-variant
御宅|jmdict-variant
御守|jmdict-variant
御守り|jmdict-variant
御客さま|jmdict-variant
御客様|jmdict-variant
御家|jmdict-variant
御山|jmdict-variant
御巡りさん|jmdict-variant
御帰り|jmdict-variant
御帰りなさい|jmdict-variant
御年寄り|jmdict-variant
御年玉|jmdict-variant
御店|jmdict-variant
御座います|jmdict-variant
御座居ます|jmdict-variant
御弁当|jmdict-variant
御待ち兼ね|jmdict-variant
御待兼ね|jmdict-variant
御所|jmdict-common
御手上げ|jmdict-variant
御手伝い|jmdict-variant
御手伝いさん|jmdict-variant
御手数|jmdict-variant
御手数ですが|jmdict-variant
御手洗|jmdict-variant
御手洗い|jmdict-variant
御握り|jmdict-variant
御数|jmdict-variant
御方|jmdict-variant
御早う|jmdict-variant
御昼|jmdict-variant
御時間|jmdict-variant
御替り|jmdict-variant
御替わり|jmdict-variant
御歳暮|jmdict-variant
御殿|jmdict-common
御母さん|jmdict-variant
御気に入り|jmdict-variant
御洒落|jmdict-variant
御無沙汰|jmdict-common
御父さん|jmdict-variant
御爺さん|jmdict-variant
御産|jmdict-variant
御用邸|jmdict-common
御田|jmdict-variant
御疲れ様|jmdict-variant
御目出度う|jmdict-variant
御目出度う御座います|jmdict-variant
御礼|jmdict-variant
御社|jmdict-common
御祖母さん|jmdict-variant
御祖母ちゃん|jmdict-variant
御祖父さん|jmdict-variant
御祝|jmdict-variant
御祝い|jmdict-variant
御神輿|jmdict-variant
御箱|jmdict-variant
御節|jmdict-variant
御節介|jmdict-variant
御節料理|jmdict-variant
御終い|jmdict-variant
御絞り|jmdict-variant
御腹|jmdict-variant
御芽出度う|jmdict-variant
御苑|jmdict-common
御苦労さま|jmdict-variant
御苦労様|jmdict-variant
御茶|jmdict-variant
御菓子|jmdict-variant
御菓子屋|jmdict-variant
御菜|jmdict-variant
御葬式|jmdict-variant
御蔭で|jmdict-variant
御蔭様で|jmdict-variant
御袋|jmdict-variant
御褒美|jmdict-variant
御襁褓|jmdict-variant
御見積|jmdict-variant
御見積もり|jmdict-variant
御見積り|jmdict-variant
御覧|jmdict-variant
御覧になる|jmdict-variant
御言宣|jmdict-variant
御試しあれ|jmdict-variant
御詫び|jmdict-variant
御話|jmdict-variant
御話し|jmdict-variant
御話し中|jmdict-variant
御話中|jmdict-variant
御誕生日|jmdict-variant
御誕生日おめでとうございます|jmdict-variant
御負け|jmdict-variant
御負けに|jmdict-variant
御買い得|jmdict-variant
御買得|jmdict-variant
御輿|jmdict-common
御辞儀|jmdict-variant
御返し|jmdict-variant
御連絡|jmdict-variant
御遠慮ください|jmdict-variant
御遠慮下さい|jmdict-variant
御遣い|jmdict-variant
御邪魔します|jmdict-variant
御金|jmdict-variant
御金持ち|jmdict-variant
御釣|jmdict-variant
御釣り|jmdict-variant
御門|jmdict-variant
御陰で|jmdict-variant
御陰様で|jmdict-variant
御願い|jmdict-variant
御願いいたします|jmdict-variant
御願いします|jmdict-variant
御願い致します|jmdict-variant
御風呂|jmdict-variant
御飯|jmdict-common
御馳走|jmdict-variant
御馳走様|jmdict-variant
御馳走様でした|jmdict-variant
御馴染み|jmdict-variant
復しゅう|jmdict-variant
復る|jmdict-variant
復元|jmdict-common
復党|jmdict-common
復刻|jmdict-common
復原|jmdict-variant
復員|jmdict-common
復帰|jmdict-common
復数|jmdict-variant
復旧|jmdict-common
復権|jmdict-common
復活|jmdict-common
復習|jmdict-common
復興|jmdict-common
復製|jmdict-variant
復調|jmdict-common
復讎|jmdict-variant
復讐|jmdict-common
循守|jmdict-variant
循環|jmdict-common
循環器|jmdict-common
循還|jmdict-variant
微か|jmdict-common
微候|jmdict-variant
微動|jmdict-common
微塵|jmdict-common
微塵切り|jmdict-variant
微妙|jmdict-common
微小|jmdict-common
微温い|jmdict-variant
微熱|jmdict-common
微生物|jmdict-common
微笑|jmdict-common
微笑む|jmdict-common
微細|jmdict-common
微量|jmdict-common
微震|jmdict-common
微風|jmdict-variant
徳撒|jmdict-variant
徴候|jmdict-common
徴兵|jmdict-common
徴収|jmdict-common
徴税|jmdict-common
徹える|jmdict-variant
徹す|jmdict-common
徹する|jmdict-common
徹る|jmdict-variant
徹収|jmdict-variant
徹夜|jmdict-common
徹底|jmdict-common
徹底的|jmdict-common
徹廃|jmdict-variant
徹退|jmdict-variant
徽章|jmdict-variant
心あたり|jmdict-variant
心から|jmdict-common
心がけ|jmdict-common
心がける|jmdict-common
心がまえ|jmdict-variant
心づかい|jmdict-variant
心ぼそい|jmdict-variant
心みる|jmdict-variant
心をこめて|jmdict-common
心を籠めて|jmdict-variant
心を込めて|jmdict-common
心不全|jmdict-common
心中|jmdict-common
心使い|jmdict-variant
心労|jmdict-common
心地|jmdict-common
心地いい|jmdict-variant
心地よい|jmdict-common
心地好い|jmdict-variant
心地良い|jmdict-variant
心境|jmdict-common
心外|jmdict-common
心強い|jmdict-common
心当たり|jmdict-common
心当り|jmdict-variant
心待ち|jmdict-common
心得|jmdict-common
心得る|jmdict-common
心情|jmdict-common
心意気|jmdict-common
心懸け|jmdict-variant
心懸ける|jmdict-variant
心掛け|jmdict-common
心掛ける|jmdict-common
心構え|jmdict-common
心理|jmdict-common
心理学|jmdict-common
心理的|jmdict-common
心神耗弱|jmdict-common
心筋|jmdict-common
心細い|jmdict-common
心臓|jmdict-common
心臓病|jmdict-common
心良い|jmdict-variant
心見る|jmdict-variant
心身|jmdict-common
心辺り|jmdict-variant
心遣い|jmdict-common
心遺い|jmdict-variant
心配|jmdict-common
心酔|jmdict-common
必ず|jmdict-common
必ずしも|jmdict-common
必修|jmdict-common
必勝|jmdict-common
必捷|jmdict-variant
必携|jmdict-common
必死|jmdict-common
必死になって|jmdict-common
必然|jmdict-common
必然的|jmdict-common
必用|jmdict-variant
必着|jmdict-common
必至|jmdict-common
必要|jmdict-common
必要性|jmdict-common
必見|jmdict-common
必読|jmdict-common
必需|jmdict-common
必需品|jmdict-common
必須|jmdict-common
必須条件|jmdict-common
忌まわしい|jmdict-common
忌避|jmdict-common
忍ぶ|jmdict-common
忍者|jmdict-common
忍耐|jmdict-common
忖度|jmdict-common
志す|jmdict-common
志向|jmdict-common
志望|jmdict-common
志願|jmdict-common
忘れもの|jmdict-variant
忘れもん|jmdict-variant
忘れる|jmdict-common
忘れ物|jmdict-common
忘却|jmdict-common
忘年会|jmdict-common
忙がしい|jmdict-variant
忙しい|jmdict-common
応え|jmdict-variant
応える|jmdict-common
応じる|jmdict-common
応ずる|jmdict-common
応分|jmdict-common
応募|jmdict-common
応募者|jmdict-common
応召|jmdict-common
応対|jmdict-common
応待|jmdict-variant
応急|jmdict-common
応接|jmdict-common
応援|jmdict-common
応札|jmdict-common
応用|jmdict-common
応答|jmdict-common
応酬|jmdict-common
忠告|jmdict-common
忠実|jmdict-common
忠義|jmdict-common
忠臣|jmdict-common
忠誠|jmdict-common
快い|jmdict-common
快勝|jmdict-common
快復|jmdict-variant
快感|jmdict-common
快挙|jmdict-common
快晴|jmdict-common
快楽|jmdict-common
快活|jmdict-common
快濶|jmdict-variant
快調|jmdict-common
快豁|jmdict-variant
快速|jmdict-common
快適|jmdict-common
快闊|jmdict-variant
快霽|jmdict-variant
念い|jmdict-variant
念う|jmdict-variant
念のため|jmdict-common
念の為|jmdict-variant
念仏|jmdict-common
念入り|jmdict-common
念力|jmdict-common
念書|jmdict-common
念頭|jmdict-common
念願|jmdict-common
忽ち|jmdict-variant
怒らせる|jmdict-common
怒り|jmdict-common
怒る|jmdict-common
怒号|jmdict-common
怒気|jmdict-common
怒涛|jmdict-common
怒濤|jmdict-variant
怒鳴り込む|jmdict-common
怒鳴る|jmdict-common
怖い|jmdict-common
怖がる|jmdict-common
怖れ|jmdict-variant
怖れる|jmdict-variant
怖ろしい|jmdict-variant
思い|jmdict-common
思いあがる|jmdict-variant
思いあたる|jmdict-variant
思いがけない|jmdict-common
思いきって|jmdict-variant
思いきり|jmdict-variant
思いきる|jmdict-variant
思いこむ|jmdict-variant
思いだす|jmdict-variant
思いっきり|jmdict-common
思いっ切り|jmdict-variant
思いつき|jmdict-common
思いつく|jmdict-variant
思いで|jmdict-variant
思いとどまる|jmdict-common
思いなおす|jmdict-variant
思いやり|jmdict-common
思いやる|jmdict-common
思い上がる|jmdict-common
思い付き|jmdict-common
思い付く|jmdict-common
思い出|jmdict-common
思い出す|jmdict-common
思い切って|jmdict-common
思い切り|jmdict-common
思い切る|jmdict-common
思い当たる|jmdict-common
思い当る|jmdict-variant
思い思い|jmdict-common
思い掛けない|jmdict-variant
思い掛け無い|jmdict-variant
思い描く|jmdict-common
思い止どまる|jmdict-variant
思い止まる|jmdict-variant
思い留まる|jmdict-variant
思い直す|jmdict-common
思い起こす|jmdict-common
思い起す|jmdict-variant
思い込む|jmdict-common
思い遣り|jmdict-variant
思い遣る|jmdict-variant
思う|jmdict-common
思うぞんぶん|jmdict-variant
思う存分|jmdict-common
思わく|jmdict-common
思わず|jmdict-common
思われる|jmdict-common
思出|jmdict-variant
思出す|jmdict-variant
思惑|jmdict-common
思想|jmdict-common
思慕|jmdict-common
思春期|jmdict-common
思案|jmdict-common
思索|jmdict-common
思考|jmdict-common
思起す|jmdict-variant
怠い|jmdict-common
怠けもの|jmdict-variant
怠ける|jmdict-common
怠け者|jmdict-common
怠る|jmdict-common
怠堕|jmdict-variant
怠情|jmdict-variant
怠惰|jmdict-common
怠慢|jmdict-common
怠納|jmdict-variant
急いで|jmdict-common
急かす|jmdict-common
急きょ|jmdict-common
急ぎ|jmdict-common
急ぐ|jmdict-common
急に|jmdict-common
急ピッチ|jmdict-common
急伸|jmdict-common
急劇|jmdict-variant
急務|jmdict-common
急増|jmdict-common
急変|jmdict-common
急度|jmdict-variant
急性|jmdict-common
急患|jmdict-common
急成長|jmdict-common
急所|jmdict-common
急拠|jmdict-variant
急死|jmdict-common
急激|jmdict-common
急用|jmdict-common
急病|jmdict-common
急落|jmdict-common
急行|jmdict-common
急逝|jmdict-common
急速|jmdict-common
急進|jmdict-common
急遽|jmdict-common
急騰|jmdict-common
性交|jmdict-common
性分|jmdict-common
性別|jmdict-common
性向|jmdict-common
性壁|jmdict-variant
性急|jmdict-common
性感帯|jmdict-common
性慾|jmdict-variant
性教育|jmdict-common
性格|jmdict-common
性欲|jmdict-common
性病|jmdict-common
性癖|jmdict-common
性的|jmdict-common
性能|jmdict-common
性行|jmdict-common
性質|jmdict-common
怨み|jmdict-variant
怨む|jmdict-variant
怪しい|jmdict-common
怪しむ|jmdict-common
怪奇|jmdict-common
怪我|jmdict-common
怪我人|jmdict-common
怪物|jmdict-common
怪獣|jmdict-common
怪談|jmdict-common
怯える|jmdict-common
恃み|jmdict-variant
恃む|jmdict-variant
恋いしい|jmdict-variant
恋しい|jmdict-common
恋する|jmdict-common
恋人|jmdict-common
恋心|jmdict-common
恋愛|jmdict-common
恋文|jmdict-common
恍ける|jmdict-variant
恍れる|jmdict-variant
恐い|jmdict-variant
恐がる|jmdict-variant
恐らく|jmdict-common
恐るべき|jmdict-common
恐る恐る|jmdict-common
恐れ|jmdict-common
恐れる|jmdict-common
恐ろしい|jmdict-common
恐喝|jmdict-common
恐怖|jmdict-common
恐怖症|jmdict-common
恐慌|jmdict-common
恐竜|jmdict-common
恐縮|jmdict-common
恐龍|jmdict-variant
恒久|jmdict-common
恒例|jmdict-common
恒常|jmdict-common
恒星|jmdict-common
恢復|jmdict-variant
恤む|jmdict-variant
恥かしい|jmdict-variant
恥さらし|jmdict-common
恥しい|jmdict-variant
恥じ|jmdict-variant
恥じらう|jmdict-common
恥じる|jmdict-common
恥ずかしい|jmdict-common
恥らう|jmdict-variant
恥晒し|jmdict-variant
恥曝し|jmdict-variant
恥知らず|jmdict-common
恥辱|jmdict-common
恨み|jmdict-common
恨む|jmdict-common
恩がえし|jmdict-variant
恩人|jmdict-common
恩師|jmdict-common
恩恵|jmdict-common
恩知らず|jmdict-common
恩給|jmdict-common
恩賜|jmdict-common
恩赦|jmdict-common
恩返し|jmdict-common
息う|jmdict-variant
息切れ|jmdict-common
息吹|jmdict-common
息吹き|jmdict-variant
息子|jmdict-common
恰も|jmdict-common
恰好|jmdict-variant
恰度|jmdict-variant
恵まれる|jmdict-common
恵み|jmdict-common
恵む|jmdict-common
恵比寿|jmdict-common
恵比須|jmdict-variant
悃願|jmdict-variant
悄れる|jmdict-variant
悉く|jmdict-common
悒欝|jmdict-variant
悒鬱|jmdict-variant
悔い|jmdict-common
悔いる|jmdict-common
悔しい|jmdict-common
悔し泣き|jmdict-common
悔む|jmdict-variant
悔やしい|jmdict-variant
悔やむ|jmdict-common
悔泣|jmdict-variant
悟り|jmdict-common
悟る|jmdict-common
悠々|jmdict-common
悠久|jmdict-common
悠悠|jmdict-variant
悠長|jmdict-common
患い|jmdict-variant
患う|jmdict-common
患える|jmdict-variant
患者|jmdict-common
患部|jmdict-common
悦ばしい|jmdict-variant
悦ばす|jmdict-variant
悦び|jmdict-variant
悦ぶ|jmdict-variant
悦んで|jmdict-variant
悧口|jmdict-variant
悧巧|jmdict-variant
悩ます|jmdict-common
悩み|jmdict-common
悩む|jmdict-common
悪い|jmdict-common
悪がしこい|jmdict-variant
悪さ|jmdict-common
悪しからず|jmdict-common
悪む|jmdict-variant
悪事|jmdict-common
悪人|jmdict-common
悪化|jmdict-common
悪口|jmdict-common
悪夢|jmdict-common
悪天候|jmdict-common
悪女|jmdict-common
悪寒|jmdict-common
悪影響|jmdict-common
悪役|jmdict-common
悪循環|jmdict-common
悪徳|jmdict-common
悪性|jmdict-common
悪意|jmdict-common
悪戯|jmdict-common
悪気|jmdict-common
悪用|jmdict-common
悪者|jmdict-common
悪臭|jmdict-common
悪賢い|jmdict-common
悪質|jmdict-common
悪阻|jmdict-variant
悪魔|jmdict-common
悲しい|jmdict-common
悲しみ|jmdict-common
悲しむ|jmdict-common
悲劇|jmdict-common
悲哀|jmdict-common
悲嘆|jmdict-common
悲壮|jmdict-common
悲恋|jmdict-common
悲惨|jmdict-common
悲歎|jmdict-variant
悲痛|jmdict-common
悲観|jmdict-common
悲観的|jmdict-common
悲酸|jmdict-variant
悲願|jmdict-common
悲鳴|jmdict-common
悸える|jmdict-variant
悼む|jmdict-common
情け|jmdict-common
情けない|jmdict-common
情け深い|jmdict-common
情け無い|jmdict-variant
情ない|jmdict-variant
情勢|jmdict-common
情報|jmdict-common
情報処理|jmdict-common
情報化社会|jmdict-common
情報産業|jmdict-common
情報部|jmdict-common
情感|jmdict-common
情態|jmdict-variant
情景|jmdict-common
情況|jmdict-variant
情深い|jmdict-variant
情無い|jmdict-variant
情熱|jmdict-common
情緒|jmdict-common
惑わす|jmdict-common
惑星|jmdict-common
惘れる|jmdict-variant
惚け|jmdict-common
惚ける|jmdict-common
惚れる|jmdict-common
惜しい|jmdict-common
惜しむ|jmdict-common
惜敗|jmdict-common
惟う|jmdict-variant
惡い|jmdict-variant
惡口|jmdict-variant
惡戲|jmdict-variant
惣て|jmdict-variant
惣菜|jmdict-common
惧れる|jmdict-variant
惨め|jmdict-common
惨事|jmdict-common
惨刻|jmdict-variant
惨忍|jmdict-variant
惨敗|jmdict-common
惨状|jmdict-common
惨虐|jmdict-variant
惨酷|jmdict-variant
惰性|jmdict-common
想い|jmdict-variant
想いで|jmdict-variant
想い出|jmdict-variant
想い描く|jmdict-variant
想う|jmdict-variant
想像|jmdict-common
想像力|jmdict-common
想出|jmdict-variant
想定|jmdict-common
惹かれる|jmdict-common
惹き起こす|jmdict-variant
惹き起す|jmdict-variant
愁い|jmdict-variant
愁える|jmdict-variant
愈々|jmdict-variant
愈愈|jmdict-variant
愉しい|jmdict-variant
愉しみ|jmdict-variant
愉しむ|jmdict-variant
愉快|jmdict-common
愍れむ|jmdict-variant
意う|jmdict-variant
意久地|jmdict-variant
意匠|jmdict-common
意向|jmdict-common
意味|jmdict-common
意味あい|jmdict-variant
意味不明|jmdict-common
意味合|jmdict-variant
意味合い|jmdict-common
意嚮|jmdict-variant
意図|jmdict-common
意図的|jmdict-common
意地|jmdict-common
意地悪|jmdict-common
意外|jmdict-common
意張る|jmdict-variant
意志|jmdict-common
意志決定|jmdict-variant
意志疎通|jmdict-variant
意志表示|jmdict-variant
意思|jmdict-common
意思決定|jmdict-common
意思疎通|jmdict-common
意思表示|jmdict-common
意慾|jmdict-variant
意欲|jmdict-common
意気|jmdict-common
意気ごみ|jmdict-variant
意気ごむ|jmdict-variant
意気地|jmdict-common
意気盛ん|jmdict-common
意気込み|jmdict-common
意気込む|jmdict-common
意氣|jmdict-variant
意氣地|jmdict-variant
意義|jmdict-common
意表|jmdict-common
意見|jmdict-common
意識|jmdict-common
意識的|jmdict-common
意識調査|jmdict-common
愕く|jmdict-variant
愚か|jmdict-common
愚図愚図|jmdict-variant
愚痴|jmdict-common
愚癡|jmdict-variant
愚連隊|jmdict-common
愛きょう|jmdict-variant
愛しい|jmdict-common
愛しみ|jmdict-variant
愛しむ|jmdict-variant
愛す|jmdict-common
愛する|jmdict-common
愛でたい|jmdict-variant
愛人|jmdict-common
愛国|jmdict-common
愛好|jmdict-common
愛嬌|jmdict-common
愛情|jmdict-common
愛想|jmdict-common
愛憎|jmdict-common
愛敬|jmdict-variant
愛犬|jmdict-common
愛用|jmdict-common
愛着|jmdict-common
愛称|jmdict-common
愛読|jmdict-common
愛護|jmdict-common
感じ|jmdict-common
感じとる|jmdict-variant
感じる|jmdict-common
感じ取る|jmdict-common
感ずる|jmdict-common
感動|jmdict-common
感化|jmdict-common
感受性|jmdict-common
感嘆|jmdict-common
感度|jmdict-common
感心|jmdict-common
感性|jmdict-common
感情|jmdict-common
感情的|jmdict-common
感想|jmdict-common
感慨|jmdict-common
感慨無量|jmdict-common
感染|jmdict-common
感染症|jmdict-common
感概|jmdict-variant
感歎|jmdict-variant
感涙|jmdict-common
感激|jmdict-common
感覚|jmdict-common
感触|jmdict-common
感謝|jmdict-common
感銘|jmdict-common
愧じる|jmdict-variant
慈善|jmdict-common
慈悲|jmdict-common
慈愛|jmdict-common
態々|jmdict-variant
態と|jmdict-variant
態勢|jmdict-common
態度|jmdict-common
態態|jmdict-variant
慌しい|jmdict-variant
慌ただしい|jmdict-common
慌てる|jmdict-common
慎む|jmdict-common
慎重|jmdict-common
慕う|jmdict-common
慙じる|jmdict-variant
慢性|jmdict-common
慢性的|jmdict-common
慣々しい|jmdict-variant
慣らう|jmdict-variant
慣らす|jmdict-common
慣れ|jmdict-common
慣れる|jmdict-common
慣例|jmdict-common
慣慣しい|jmdict-variant
慣用句|jmdict-common
慣習|jmdict-common
慣行|jmdict-common
慥か|jmdict-variant
慥かめる|jmdict-variant
慰める|jmdict-common
慰問|jmdict-common
慰安|jmdict-common
慰藉|jmdict-variant
慰謝|jmdict-common
慰霊|jmdict-common
慰霊祭|jmdict-common
慶び|jmdict-variant
慶ぶ|jmdict-variant
慶事|jmdict-common
慶弔|jmdict-common
慶祝|jmdict-common
慾望|jmdict-variant
憂い|jmdict-common
憂うつ|jmdict-variant
憂える|jmdict-common
憂き目|jmdict-common
憂国|jmdict-common
憂慮|jmdict-common
憂欝|jmdict-variant
憂目|jmdict-variant
憂鬱|jmdict-common
憎い|jmdict-common
憎しみ|jmdict-common
憎む|jmdict-common
憎らしい|jmdict-common
憎悪|jmdict-common
憐れ|jmdict-variant
憐れむ|jmdict-variant
憑み|jmdict-variant
憑む|jmdict-variant
憤り|jmdict-common
憤慨|jmdict-common
憧れ|jmdict-common
憧れの的|jmdict-common
憧れる|jmdict-common
憧憬れる|jmdict-variant
憩い|jmdict-common
憩う|jmdict-common
憫れ|jmdict-variant
憫れむ|jmdict-variant
憬れ|jmdict-variant
憬れる|jmdict-variant
憲政|jmdict-common
憲法|jmdict-common
憲章|jmdict-common
憶う|jmdict-variant
憶える|jmdict-variant
憶測|jmdict-common
憶病|jmdict-variant
憾み|jmdict-variant
懇切|jmdict-common
懇意|jmdict-common
懇親|jmdict-common
懇話|jmdict-common
懇談|jmdict-common
懇願|jmdict-common
懈い|jmdict-variant
懐う|jmdict-variant
懐かしい|jmdict-common
懐かしむ|jmdict-common
懐く|jmdict-variant
懐中電灯|jmdict-common
懐中電燈|jmdict-variant
懐柔|jmdict-common
懐疑|jmdict-common
懲りる|jmdict-common
懲役|jmdict-common
懲戒|jmdict-common
懲罰|jmdict-common
懶ける|jmdict-variant
懶け者|jmdict-variant
懸かる|jmdict-variant
懸け|jmdict-variant
懸ける|jmdict-variant
懸け引き|jmdict-variant
懸け離れる|jmdict-variant
懸る|jmdict-variant
懸命|jmdict-common
懸垂|jmdict-common
懸念|jmdict-common
懸案|jmdict-common
懸賞|jmdict-common
懸離れる|jmdict-variant
懼れる|jmdict-variant
戍る|jmdict-variant
成しとげる|jmdict-variant
成し遂げる|jmdict-common
成す|jmdict-common
成りゆき|jmdict-variant
成り立つ|jmdict-common
成り行き|jmdict-common
成り金|jmdict-variant
成る|jmdict-common
成るべく|jmdict-common
成るほど|jmdict-variant
成る可く|jmdict-variant
成る程|jmdict-variant
成人|jmdict-common
成人病|jmdict-common
成分|jmdict-common
成功|jmdict-common
成吉思汗|jmdict-variant
成否|jmdict-common
成就|jmdict-common
成層圏|jmdict-common
成年|jmdict-common
成果|jmdict-common
成案|jmdict-common
成熟|jmdict-common
成程|jmdict-variant
成立|jmdict-common
成立つ|jmdict-variant
成算|jmdict-common
成約|jmdict-common
成績|jmdict-common
成行|jmdict-variant
成行き|jmdict-variant
成遂げる|jmdict-variant
成金|jmdict-common
成長|jmdict-common
我々|jmdict-common
我が|jmdict-common
我がまま|jmdict-variant
我が侭|jmdict-variant
我が儘|jmdict-common
我が国|jmdict-common
我が家|jmdict-common
我ら|jmdict-common
我れ|jmdict-variant
我侭|jmdict-variant
我儘|jmdict-common
我国|jmdict-variant
我家|jmdict-variant
我慢|jmdict-common
我我|jmdict-variant
我等|jmdict-variant
戒め|jmdict-common
戒める|jmdict-common
戒厳令|jmdict-common
戒告|jmdict-common
戒律|jmdict-common
或いは|jmdict-common
或る|jmdict-variant
或るいは|jmdict-variant
戦い|jmdict-common
戦う|jmdict-common
戦中|jmdict-common
戦争|jmdict-common
戦列|jmdict-common
戦前|jmdict-common
戦力|jmdict-common
戦勝|jmdict-common
戦友|jmdict-common
戦国|jmdict-common
戦地|jmdict-common
戦域|jmdict-common
戦場|jmdict-common
戦士|jmdict-common
戦後|jmdict-common
戦捷|jmdict-variant
戦時|jmdict-common
戦死|jmdict-common
戦歿|jmdict-variant
戦没|jmdict-common
戦況|jmdict-common
戦法|jmdict-common
戦火|jmdict-common
戦災|jmdict-common
戦犯|jmdict-common
戦略|jmdict-common
戦禍|jmdict-common
戦線|jmdict-common
戦績|jmdict-common
戦艦|jmdict-common
戦術|jmdict-common
戦費|jmdict-common
戦車|jmdict-common
戦闘|jmdict-common
戦闘機|jmdict-common
截つ|jmdict-variant
截り口|jmdict-variant
截断|jmdict-variant
戯れ|jmdict-common
戯れる|jmdict-common
戯曲|jmdict-common
戯画|jmdict-common
戯談|jmdict-variant
戰い|jmdict-variant
戰う|jmdict-variant
戰鬪|jmdict-variant
戴き|jmdict-variant
戴きます|jmdict-variant
戴く|jmdict-variant
戴ける|jmdict-variant
戸じまり|jmdict-variant
戸だな|jmdict-variant
戸別訪問|jmdict-common
戸口|jmdict-common
戸外|jmdict-common
戸惑い|jmdict-common
戸惑う|jmdict-common
戸数|jmdict-common
戸棚|jmdict-common
戸籍|jmdict-common
戸籍謄本|jmdict-common
戸締まり|jmdict-common
戸締り|jmdict-variant
戻し|jmdict-common
戻す|jmdict-common
戻り|jmdict-common
戻る|jmdict-common
房主|jmdict-variant
所々|jmdict-common
所が|jmdict-common
所せん|jmdict-variant
所で|jmdict-variant
所信|jmdict-common
所員|jmdict-variant
所在|jmdict-common
所在地|jmdict-common
所定|jmdict-common
所属|jmdict-common
所得|jmdict-common
所得税|jmdict-common
所所|jmdict-variant
所持|jmdict-common
所有|jmdict-common
所有権|jmdict-common
所有者|jmdict-common
所為|jmdict-variant
所管|jmdict-common
所蔵|jmdict-common
所要|jmdict-common
所見|jmdict-common
所詮|jmdict-common
所謂|jmdict-common
所轄|jmdict-common
所長|jmdict-common
扁たい|jmdict-variant
扇ぐ|jmdict-common
扇動|jmdict-common
扇子|jmdict-common
扇形|jmdict-common
扇風器|jmdict-variant
扇風機|jmdict-common
手あたりしだい|jmdict-variant
手あたり次第|jmdict-variant
手おくれ|jmdict-variant
手おち|jmdict-variant
手がかり|jmdict-common
手がき|jmdict-variant
手がける|jmdict-common
手がら|jmdict-variant
手ぎわ|jmdict-variant
手ぎわよく|jmdict-variant
手ごたえ|jmdict-variant
手ごろ|jmdict-common
手ごわい|jmdict-common
手さぐり|jmdict-variant
手さげ|jmdict-variant
手すり|jmdict-common
手だて|jmdict-variant
手つだい|jmdict-variant
手つだう|jmdict-variant
手づくり|jmdict-variant
手にいれる|jmdict-variant
手にはいる|jmdict-variant
手に入る|jmdict-common
手に入れる|jmdict-common
手ぬぐい|jmdict-common
手のひら|jmdict-common
手の平|jmdict-variant
手ばやい|jmdict-variant
手びき|jmdict-variant
手ぶくろ|jmdict-variant
手ぶり|jmdict-variant
手まねき|jmdict-variant
手もと|jmdict-variant
手わたす|jmdict-variant
手中|jmdict-common
手伝い|jmdict-common
手伝う|jmdict-common
手作り|jmdict-common
手元|jmdict-common
手入れ|jmdict-common
手分け|jmdict-common
手前|jmdict-common
手助け|jmdict-common
手動|jmdict-common
手取り|jmdict-common
手口|jmdict-common
手品|jmdict-common
手堅い|jmdict-common
手堤|jmdict-variant
手始め|jmdict-common
手帖|jmdict-variant
手帳|jmdict-common
手引|jmdict-common
手引き|jmdict-common
手引き書|jmdict-variant
手引書|jmdict-common
手強い|jmdict-variant
手当|jmdict-common
手当たりしだい|jmdict-variant
手当たり次第|jmdict-common
手当て|jmdict-common
手当りしだい|jmdict-variant
手当り次第|jmdict-variant
手形|jmdict-common
手後れ|jmdict-variant
手応え|jmdict-common
手懸かり|jmdict-variant
手懸ける|jmdict-variant
手懸り|jmdict-variant
手抜|jmdict-variant
手抜き|jmdict-common
手招き|jmdict-common
手拭|jmdict-variant
手拭い|jmdict-common
手持|jmdict-variant
手持ち|jmdict-common
手振り|jmdict-common
手掛かり|jmdict-common
手掛ける|jmdict-variant
手掛り|jmdict-variant
手探り|jmdict-common
手控え|jmdict-common
手描|jmdict-variant
手描き|jmdict-common
手提|jmdict-variant
手提げ|jmdict-common
手摺|jmdict-variant
手摺り|jmdict-common
手放し|jmdict-common
手数|jmdict-common
手数料|jmdict-common
手早い|jmdict-common
手書|jmdict-variant
手書き|jmdict-common
手本|jmdict-common
手柄|jmdict-common
手段|jmdict-common
手法|jmdict-common
手洗|jmdict-variant
手洗い|jmdict-common
手渡す|jmdict-common
手痛い|jmdict-common
手直し|jmdict-common
手立て|jmdict-common
手答え|jmdict-variant
手紙|jmdict-common
手続|jmdict-common
手続き|jmdict-common
手綱|jmdict-common
手腕|jmdict-common
手荷物|jmdict-common
手落ち|jmdict-common
手薄|jmdict-common
手術|jmdict-common
手袋|jmdict-common
手製|jmdict-common
手記|jmdict-common
手許|jmdict-variant
手話|jmdict-common
手足|jmdict-common
手軽|jmdict-common
手造り|jmdict-common
手遅れ|jmdict-common
手配|jmdict-common
手錠|jmdict-common
手鎖|jmdict-variant
手間|jmdict-common
手際|jmdict-common
手際よく|jmdict-variant
手際良く|jmdict-common
手離し|jmdict-variant
手頃|jmdict-variant
手順|jmdict-common
手頚|jmdict-variant
手頸|jmdict-variant
手首|jmdict-common
才能|jmdict-common
打ちあわせ|jmdict-variant
打ちこむ|jmdict-variant
打ちだす|jmdict-variant
打ち上げ|jmdict-common
打ち上げる|jmdict-common
打ち出す|jmdict-common
打ち切り|jmdict-common
打ち切る|jmdict-common
打ち合い|jmdict-common
打ち合せ|jmdict-variant
打ち合せる|jmdict-variant
打ち合わせ|jmdict-common
打ち合わせる|jmdict-common
打ち揚げ|jmdict-variant
打ち揚げる|jmdict-variant
打ち明ける|jmdict-common
打ち消し|jmdict-common
打ち消す|jmdict-common
打ち込み|jmdict-common
打ち込む|jmdict-common
打つ|jmdict-common
打つける|jmdict-variant
打上げ|jmdict-variant
打上げる|jmdict-variant
打付ける|jmdict-variant
打倒|jmdict-common
打出す|jmdict-variant
打切り|jmdict-variant
打切る|jmdict-variant
打力|jmdict-common
打合せ|jmdict-common
打合せる|jmdict-variant
打合わせ|jmdict-variant
打合わせる|jmdict-variant
打席|jmdict-common
打揚げ|jmdict-variant
打揚げる|jmdict-variant
打撃|jmdict-common
打撲|jmdict-common
打数|jmdict-common
打明ける|jmdict-variant
打楽器|jmdict-common
打消|jmdict-variant
打消し|jmdict-common
打消す|jmdict-common
打点|jmdict-common
打率|jmdict-common
打球|jmdict-common
打破|jmdict-common
打算的|jmdict-common
打線|jmdict-common
打者|jmdict-common
打診|jmdict-common
打込む|jmdict-variant
打開|jmdict-common
打順|jmdict-common
払い|jmdict-common
払いもどし|jmdict-variant
払いもどす|jmdict-variant
払い戻し|jmdict-common
払い戻す|jmdict-common
払い込む|jmdict-common
払う|jmdict-common
払しょく|jmdict-variant
払戻|jmdict-variant
払戻し|jmdict-variant
払戻す|jmdict-variant
払拭|jmdict-common
托す|jmdict-variant
扣え|jmdict-variant
扣える|jmdict-variant
扣除|jmdict-variant
扮飾|jmdict-variant
扱い|jmdict-common
扱う|jmdict-common
扶ける|jmdict-variant
扶助|jmdict-common
扶養|jmdict-common
批准|jmdict-common
批判|jmdict-common
批判的|jmdict-common
批評|jmdict-common
批難|jmdict-variant
承け|jmdict-variant
承ける|jmdict-variant
承る|jmdict-common
承伏|jmdict-variant
承服|jmdict-common
承知|jmdict-common
承認|jmdict-common
承諾|jmdict-common
技巧|jmdict-common
技師|jmdict-common
技法|jmdict-common
技能|jmdict-common
技術|jmdict-common
技術力|jmdict-common
技術的|jmdict-common
技術者|jmdict-common
抄う|jmdict-variant
抄本|jmdict-common
抄録|jmdict-common
把っ手|jmdict-variant
把む|jmdict-variant
把手|jmdict-variant
把握|jmdict-common
抑々|jmdict-variant
抑え|jmdict-common
抑える|jmdict-common
抑も|jmdict-variant
抑制|jmdict-common
抑圧|jmdict-common
抑抑|jmdict-variant
抑揚|jmdict-common
抑止|jmdict-common
抑留|jmdict-common
抒情|jmdict-variant
抓み|jmdict-variant
抓む|jmdict-variant
投かん|jmdict-variant
投げ|jmdict-common
投げこむ|jmdict-variant
投げる|jmdict-common
投げ出す|jmdict-common
投げ込む|jmdict-common
投じる|jmdict-common
投る|jmdict-variant
投下|jmdict-common
投与|jmdict-common
投信|jmdict-common
投入|jmdict-common
投函|jmdict-common
投射|jmdict-common
投影|jmdict-common
投手|jmdict-common
投手戦|jmdict-common
投書|jmdict-common
投棄|jmdict-common
投機|jmdict-common
投球|jmdict-common
投石|jmdict-common
投票|jmdict-common
投票所|jmdict-common
投票箱|jmdict-common
投稿|jmdict-common
投薬|jmdict-common
投融資|jmdict-common
投資|jmdict-common
投資信託|jmdict-common
投降|jmdict-common
抗争|jmdict-common
抗体|jmdict-common
抗元|jmdict-variant
抗原|jmdict-common
抗告|jmdict-common
抗戦|jmdict-common
抗日|jmdict-common
抗生物質|jmdict-common
抗菌|jmdict-common
抗議|jmdict-common
折々|jmdict-common
折から|jmdict-common
折ぐ|jmdict-variant
折にふれて|jmdict-common
折に触れて|jmdict-common
折り|jmdict-variant
折りかえす|jmdict-variant
折りから|jmdict-variant
折りたたみ|jmdict-common
折りにふれて|jmdict-variant
折りに触れて|jmdict-variant
折り合い|jmdict-common
折り畳み|jmdict-common
折り紙|jmdict-common
折り返し|jmdict-common
折り返す|jmdict-common
折る|jmdict-common
折れる|jmdict-common
折中|jmdict-variant
折半|jmdict-common
折合い|jmdict-variant
折折|jmdict-variant
折柄|jmdict-variant
折畳み|jmdict-variant
折紙|jmdict-common
折衝|jmdict-common
折衷|jmdict-common
折角|jmdict-common
折返|jmdict-variant
折返し|jmdict-variant
折返す|jmdict-variant
抛る|jmdict-variant
抛棄|jmdict-variant
抜かす|jmdict-common
抜かる|jmdict-common
抜き|jmdict-common
抜く|jmdict-common
抜けだす|jmdict-variant
抜ける|jmdict-common
抜け出す|jmdict-common
抜出す|jmdict-variant
抜本的|jmdict-common
抜枠|jmdict-variant
抜粋|jmdict-common
抜群|jmdict-common
抜萃|jmdict-variant
択ぶ|jmdict-variant
択る|jmdict-variant
択一|jmdict-common
披歴|jmdict-variant
披瀝|jmdict-common
披露|jmdict-common
披露宴|jmdict-common
抱え|jmdict-common
抱える|jmdict-common
抱きあう|jmdict-variant
抱き合う|jmdict-common
抱く|jmdict-common
抱っこ|jmdict-common
抱合う|jmdict-variant
抱擁|jmdict-common
抱負|jmdict-common
抵当|jmdict-common
抵当権|jmdict-common
抵抗|jmdict-common
抵触|jmdict-common
抹殺|jmdict-common
抹消|jmdict-common
抹茶|jmdict-common
押え|jmdict-variant
押える|jmdict-variant
押さえ|jmdict-variant
押さえる|jmdict-common
押し|jmdict-common
押しいる|jmdict-variant
押しきる|jmdict-variant
押しこむ|jmdict-variant
押しつける|jmdict-variant
押し付ける|jmdict-common
押し入り|jmdict-common
押し入る|jmdict-common
押し入れ|jmdict-common
押し出し|jmdict-common
押し切る|jmdict-common
押し問答|jmdict-common
押し売り|jmdict-common
押し込む|jmdict-common
押す|jmdict-common
押付ける|jmdict-variant
押入|jmdict-common
押入り|jmdict-variant
押入る|jmdict-variant
押入れ|jmdict-common
押出し|jmdict-variant
押切る|jmdict-variant
押収|jmdict-common
押問答|jmdict-variant
押売|jmdict-variant
押売り|jmdict-variant
押柄|jmdict-variant
抽き出し|jmdict-variant
抽せん|jmdict-variant
抽出|jmdict-common
抽出し|jmdict-variant
抽匣|jmdict-variant
抽斗|jmdict-variant
抽籤|jmdict-variant
抽象|jmdict-common
抽象的|jmdict-common
抽選|jmdict-common
担い手|jmdict-common
担う|jmdict-common
担ぎ|jmdict-common
担ぐ|jmdict-common
担任|jmdict-common
担保|jmdict-common
担当|jmdict-common
担当者|jmdict-common
担架|jmdict-common
拈る|jmdict-variant
拉丁|jmdict-variant
拉丁語|jmdict-variant
拉致|jmdict-common
拉致問題|jmdict-common
拉麺|jmdict-variant
拍つ|jmdict-variant
拍子|jmdict-common
拍手|jmdict-common
拍車|jmdict-common
拒ぐ|jmdict-variant
拒む|jmdict-common
拒否|jmdict-common
拒否権|jmdict-common
拒絶|jmdict-common
拒絶反応|jmdict-common
拓本|jmdict-common
拓植|jmdict-variant
拓殖|jmdict-common
拘らず|jmdict-variant
拘る|jmdict-variant
拘わらず|jmdict-variant
拘わる|jmdict-variant
拘束|jmdict-common
拘留|jmdict-common
拘禁|jmdict-common
拘置|jmdict-common
拘置所|jmdict-common
拙劣|jmdict-common
拙速|jmdict-common
招き|jmdict-common
招く|jmdict-common
招喚|jmdict-variant
招待|jmdict-common
招致|jmdict-common
招請|jmdict-common
招集|jmdict-common
拜見|jmdict-variant
拝む|jmdict-common
拝借|jmdict-common
拝啓|jmdict-common
拝見|jmdict-common
拠る|jmdict-variant
拠出|jmdict-common
拠点|jmdict-common
拡がり|jmdict-variant
拡がる|jmdict-variant
拡げる|jmdict-variant
拡充|jmdict-common
拡大|jmdict-common
拡大均衡|jmdict-common
拡張|jmdict-common
拡張子|jmdict-common
拡散|jmdict-common
括る|jmdict-common
括弧|jmdict-common
拭う|jmdict-common
拭く|jmdict-common
拯う|jmdict-variant
拯われる|jmdict-variant
拳銃|jmdict-common
拳骨|jmdict-common
拵える|jmdict-common
拷問|jmdict-common
拾いもの|jmdict-variant
拾い物|jmdict-common
拾う|jmdict-common
拾万|jmdict-variant
拾壱|jmdict-variant
拾得|jmdict-common
拾萬|jmdict-variant
拾集|jmdict-variant
持たらす|jmdict-variant
持ち|jmdict-common
持ちあげる|jmdict-variant
持ちこす|jmdict-variant
持ちこたえる|jmdict-common
持ちこむ|jmdict-variant
持ちなおす|jmdict-variant
持ちまえ|jmdict-variant
持ちもの|jmdict-variant
持ち上げる|jmdict-common
持ち主|jmdict-common
持ち出し|jmdict-common
持ち出す|jmdict-common
持ち前|jmdict-common
持ち合い|jmdict-common
持ち味|jmdict-common
持ち回り|jmdict-common
持ち堪える|jmdict-variant
持ち家|jmdict-common
持ち帰り|jmdict-common
持ち帰る|jmdict-common
持ち株|jmdict-common
持ち物|jmdict-common
持ち直す|jmdict-common
持ち越す|jmdict-common
持ち込み|jmdict-common
持ち込む|jmdict-common
持っていく|jmdict-common
持ってくる|jmdict-common
持ってゆく|jmdict-variant
持って来る|jmdict-variant
持って行く|jmdict-common
持つ|jmdict-common
持てなし|jmdict-variant
持てなす|jmdict-variant
持てる|jmdict-common
持て成し|jmdict-variant
持て成す|jmdict-variant
持上げる|jmdict-variant
持主|jmdict-variant
持久|jmdict-common
持出|jmdict-variant
持出し|jmdict-variant
持出す|jmdict-variant
持前|jmdict-variant
持参|jmdict-common
持合|jmdict-variant
持味|jmdict-variant
持回り|jmdict-variant
持堪える|jmdict-variant
持家|jmdict-variant
持帰り|jmdict-variant
持帰る|jmdict-variant
持株|jmdict-variant
持物|jmdict-variant
持病|jmdict-common
持直す|jmdict-variant
持続|jmdict-common
持続的|jmdict-common
持論|jmdict-common
持越す|jmdict-variant
持込|jmdict-variant
持込み|jmdict-variant
持込む|jmdict-variant
指きり|jmdict-variant
指さす|jmdict-variant
指し示す|jmdict-common
指す|jmdict-common
指令|jmdict-common
指先|jmdict-common
指切り|jmdict-common
指名|jmdict-common
指名手配|jmdict-common
指図|jmdict-common
指定|jmdict-common
指導|jmdict-common
指導者|jmdict-common
指差す|jmdict-common
指指す|jmdict-variant
指揮|jmdict-common
指揮者|jmdict-common
指摘|jmdict-common
指数|jmdict-common
指標|jmdict-common
指環|jmdict-variant
指示|jmdict-common
指示す|jmdict-variant
指紋|jmdict-common
指輪|jmdict-common
指針|jmdict-common
指麾|jmdict-variant
按排|jmdict-variant
按摩|jmdict-variant
按配|jmdict-variant
挌闘|jmdict-variant
挑む|jmdict-common
挑戦|jmdict-common
挑撥|jmdict-variant
挑発|jmdict-common
挑発的|jmdict-common
挙げ句|jmdict-variant
挙党|jmdict-common
挙句|jmdict-common
挙式|jmdict-common
挟まる|jmdict-common
挟み打ち|jmdict-variant
挟み撃ち|jmdict-common
挟む|jmdict-common
挨拶|jmdict-common
挫折|jmdict-common
振り|jmdict-common
振りかえる|jmdict-variant
振りがな|jmdict-variant
振りきる|jmdict-variant
振りつけ|jmdict-variant
振りまわす|jmdict-variant
振り付け|jmdict-common
振り仮名|jmdict-common
振り出|jmdict-variant
振り出し|jmdict-common
振り切る|jmdict-common
振り向く|jmdict-common
振り回す|jmdict-common
振り子|jmdict-common
振り幅|jmdict-variant
振り替|jmdict-variant
振り替え|jmdict-variant
振り込み|jmdict-common
振り込む|jmdict-common
振り返る|jmdict-common
振る|jmdict-common
振るまい|jmdict-variant
振る舞い|jmdict-common
振る舞う|jmdict-common
振付|jmdict-variant
振付け|jmdict-variant
振仮名|jmdict-variant
振出|jmdict-variant
振出し|jmdict-variant
振切る|jmdict-variant
振動|jmdict-common
振向く|jmdict-variant
振回す|jmdict-variant
振子|jmdict-variant
振幅|jmdict-common
振替|jmdict-common
振替え|jmdict-variant
振興|jmdict-common
振舞|jmdict-variant
振舞い|jmdict-variant
振舞う|jmdict-variant
振込|jmdict-common
振込み|jmdict-common
振込む|jmdict-variant
振返る|jmdict-variant
挽き肉|jmdict-variant
挽肉|jmdict-common
挾む|jmdict-variant
挿し絵|jmdict-variant
挿む|jmdict-variant
挿入|jmdict-common
挿絵|jmdict-common
挿話|jmdict-common
捉える|jmdict-common
捉まえる|jmdict-variant
捉まる|jmdict-variant
捉む|jmdict-variant
捉われる|jmdict-variant
捏造|jmdict-common
捕える|jmdict-common
捕まえる|jmdict-common
捕まる|jmdict-common
捕らえる|jmdict-common
捕らわれる|jmdict-common
捕る|jmdict-common
捕われる|jmdict-common
捕手|jmdict-common
捕獲|jmdict-common
捕穫|jmdict-variant
捕虜|jmdict-common
捕鯨|jmdict-common
捗る|jmdict-common
捜しもの|jmdict-variant
捜し回る|jmdict-variant
捜し廻る|jmdict-variant
捜し物|jmdict-common
捜す|jmdict-common
捜査|jmdict-common
捜査官|jmdict-common
捜索|jmdict-common
捥ぐ|jmdict-variant
捧げる|jmdict-common
捨てる|jmdict-common
捨て子|jmdict-common
捨子|jmdict-variant
捩子|jmdict-variant
据えつける|jmdict-variant
据える|jmdict-common
据え付ける|jmdict-common
据え置き|jmdict-common
据付ける|jmdict-variant
据置き|jmdict-variant
捲き込む|jmdict-variant
捲く|jmdict-variant
捲る|jmdict-common
捷い|jmdict-variant
捷利|jmdict-variant
捺く|jmdict-variant
捺す|jmdict-variant
捻る|jmdict-common
捻子|jmdict-variant
捻挫|jmdict-common
掃う|jmdict-variant
掃く|jmdict-common
掃とう|jmdict-variant
掃海|jmdict-common
掃盪|jmdict-variant
掃蕩|jmdict-variant
掃討|jmdict-common
掃除|jmdict-common
掃除器|jmdict-variant
掃除機|jmdict-common
授かる|jmdict-common
授ける|jmdict-common
授与|jmdict-common
授受|jmdict-common
授業|jmdict-common
授業中|jmdict-common
授業参観|jmdict-common
授業料|jmdict-common
授精|jmdict-variant
授賞|jmdict-common
授賞式|jmdict-common
掌る|jmdict-variant
掌中|jmdict-common
掌握|jmdict-common
掏児|jmdict-variant
掏摸|jmdict-variant
排他|jmdict-common
排他主義|jmdict-common
排出|jmdict-common
排列|jmdict-variant
排斥|jmdict-common
排日|jmdict-common
排気|jmdict-common
排気ガス|jmdict-common
排水|jmdict-common
排除|jmdict-common
掘さく|jmdict-variant
掘る|jmdict-common
掘削|jmdict-common
掘鑿|jmdict-variant
掛かる|jmdict-common
掛け|jmdict-common
掛ける|jmdict-common
掛け声|jmdict-common
掛け引き|jmdict-variant
掛け算|jmdict-common
掛け軸|jmdict-common
掛け金|jmdict-common
掛け離れる|jmdict-variant
掛る|jmdict-variant
掛員|jmdict-variant
掛声|jmdict-variant
掛引|jmdict-variant
掛算|jmdict-variant
掛軸|jmdict-common
掛金|jmdict-variant
掛長|jmdict-variant
掛離れる|jmdict-variant
掠奪|jmdict-variant
採りあげる|jmdict-variant
採りいれる|jmdict-variant
採り上げる|jmdict-variant
採り入れる|jmdict-variant
採り方|jmdict-variant
採る|jmdict-common
採上げる|jmdict-variant
採入れる|jmdict-variant
採取|jmdict-common
採択|jmdict-common
採掘|jmdict-common
採決|jmdict-common
採炭|jmdict-common
採点|jmdict-common
採用|jmdict-common
採算|jmdict-common
採録|jmdict-common
採集|jmdict-common
探しまわる|jmdict-variant
探しもの|jmdict-variant
探しモノ|jmdict-variant
探し回る|jmdict-common
探し廻る|jmdict-variant
探し物|jmdict-common
探す|jmdict-common
探る|jmdict-common
探偵|jmdict-common
探査|jmdict-common
探検|jmdict-common
探検隊|jmdict-common
探求|jmdict-common
探知|jmdict-common
探究|jmdict-common
探索|jmdict-common
探訪|jmdict-common
探険|jmdict-variant
探険隊|jmdict-variant
接する|jmdict-common
接取|jmdict-variant
接待|jmdict-common
接戦|jmdict-common
接断|jmdict-variant
接点|jmdict-common
接着|jmdict-common
接種|jmdict-common
接続|jmdict-common
接続る|jmdict-variant
接衝|jmdict-variant
接見|jmdict-common
接触|jmdict-common
接近|jmdict-common
控え|jmdict-common
控えめ|jmdict-common
控える|jmdict-common
控え室|jmdict-common
控え目|jmdict-variant
控室|jmdict-common
控目|jmdict-variant
控訴|jmdict-common
控除|jmdict-common
推す|jmdict-common
推奨|jmdict-common
推奨環境|jmdict-common
推定|jmdict-common
推敲|jmdict-common
推測|jmdict-common
推理|jmdict-common
推理小説|jmdict-common
推移|jmdict-common
推薦|jmdict-common
推計|jmdict-common
推論|jmdict-common
推進|jmdict-common
推量|jmdict-common
掩う|jmdict-variant
掩護|jmdict-variant
措置|jmdict-common
掬う|jmdict-common
掲げる|jmdict-common
掲揚|jmdict-common
掲示|jmdict-common
掲示板|jmdict-common
掲載|jmdict-common
掴まえる|jmdict-variant
掴まる|jmdict-common
掴む|jmdict-common
掻き氷|jmdict-variant
掻く|jmdict-common
揃う|jmdict-common
揃える|jmdict-common
揉む|jmdict-common
揉める|jmdict-common
描き上げる|jmdict-variant
描く|jmdict-common
描写|jmdict-common
描寫|jmdict-variant
提げる|jmdict-common
提供|jmdict-common
提供者|jmdict-common
提出|jmdict-common
提唱|jmdict-common
提挈|jmdict-variant
提携|jmdict-common
提案|jmdict-common
提示|jmdict-common
提言|jmdict-common
提訴|jmdict-common
提起|jmdict-common
插入|jmdict-variant
揚がり|jmdict-variant
揚げ|jmdict-common
揚げ句|jmdict-variant
揚句|jmdict-variant
換え|jmdict-variant
換える|jmdict-common
換る|jmdict-variant
換わる|jmdict-variant
換気|jmdict-common
換気扇|jmdict-common
換算|jmdict-common
換金|jmdict-common
握らす|jmdict-common
握り|jmdict-common
握りしめる|jmdict-variant
握りずし|jmdict-variant
握り寿司|jmdict-common
握り緊める|jmdict-variant
握り締める|jmdict-common
握り飯|jmdict-common
握り鮨|jmdict-variant
握る|jmdict-common
握力|jmdict-common
握寿司|jmdict-variant
握手|jmdict-common
握飯|jmdict-variant
握鮨|jmdict-variant
揮発|jmdict-common
援ける|jmdict-variant
援助|jmdict-common
援助交際|jmdict-common
援護|jmdict-common
援軍|jmdict-common
揶揄う|jmdict-variant
揺がす|jmdict-variant
揺さぶり|jmdict-common
揺さぶる|jmdict-common
揺さ振り|jmdict-variant
揺さ振る|jmdict-variant
揺する|jmdict-common
揺らぎ|jmdict-common
揺らぐ|jmdict-common
揺ら揺ら|jmdict-common
揺りかご|jmdict-variant
揺り篭|jmdict-variant
揺り籃|jmdict-variant
揺り籠|jmdict-variant
揺る|jmdict-common
揺るがす|jmdict-common
揺るぐ|jmdict-common
揺れる|jmdict-common
揺篭|jmdict-variant
揺籃|jmdict-variant
揺籠|jmdict-variant
損う|jmdict-variant
損する|jmdict-common
損なう|jmdict-common
損ねる|jmdict-common
損傷|jmdict-common
損壊|jmdict-common
損失|jmdict-common
損害|jmdict-common
損害保険|jmdict-common
損害賠償|jmdict-common
損得|jmdict-common
損益|jmdict-common
搏つ|jmdict-variant
搔く|jmdict-variant
搦み|jmdict-variant
搦む|jmdict-variant
搬入|jmdict-common
搬出|jmdict-common
搬送|jmdict-common
搭乗|jmdict-common
搭乘|jmdict-variant
搭載|jmdict-common
携える|jmdict-common
携る|jmdict-variant
携わる|jmdict-common
携帯|jmdict-common
携帯ストラップ|jmdict-common
携帯電話|jmdict-common
搾り|jmdict-variant
搾りこむ|jmdict-variant
搾り込む|jmdict-variant
搾る|jmdict-common
搾乳|jmdict-common
搾取|jmdict-common
搾込む|jmdict-variant
摂りいれる|jmdict-variant
摂り入れる|jmdict-variant
摂る|jmdict-common
摂取|jmdict-common
摂待|jmdict-variant
摂氏|jmdict-common
摂理|jmdict-common
摑まる|jmdict-variant
摑む|jmdict-variant
摘まみ|jmdict-variant
摘まむ|jmdict-variant
摘み|jmdict-common
摘む|jmdict-common
摘出|jmdict-common
摘発|jmdict-common
摧く|jmdict-variant
摧ける|jmdict-variant
摩る|jmdict-common
摩れ摩れ|jmdict-variant
摩天楼|jmdict-common
摩擦|jmdict-common
摩洛哥|jmdict-variant
摸倣|jmdict-variant
摸擬|jmdict-variant
摸索|jmdict-variant
摸造|jmdict-variant
摺る|jmdict-variant
撃つ|jmdict-common
撃墜|jmdict-common
撃沈|jmdict-common
撒く|jmdict-common
撒収|jmdict-variant
撒哈拉|jmdict-variant
撒布|jmdict-variant
撚る|jmdict-variant
撞く|jmdict-variant
撤兵|jmdict-common
撤去|jmdict-common
撤収|jmdict-common
撤回|jmdict-common
撤廃|jmdict-common
撤退|jmdict-common
撥ねる|jmdict-common
撥条|jmdict-variant
撫でる|jmdict-common
播く|jmdict-variant
撮す|jmdict-variant
撮み|jmdict-variant
撮む|jmdict-variant
撮り方|jmdict-variant
撮る|jmdict-common
撮影|jmdict-common
撮方|jmdict-variant
撰ぶ|jmdict-variant
撰る|jmdict-variant
撲つ|jmdict-variant
撲る|jmdict-variant
撲滅|jmdict-common
擁く|jmdict-variant
擁する|jmdict-common
擁立|jmdict-common
擁護|jmdict-common
擂る|jmdict-variant
擅制|jmdict-variant
擅横|jmdict-variant
操る|jmdict-common
操作|jmdict-common
操業|jmdict-common
操縦|jmdict-common
擡頭|jmdict-variant
擣つ|jmdict-variant
擤む|jmdict-variant
擦り傷|jmdict-common
擦り疵|jmdict-variant
擦る|jmdict-common
擦れ擦れ|jmdict-variant
擦傷|jmdict-variant
擦疵|jmdict-variant
擬える|jmdict-variant
擬似|jmdict-variant
擬装|jmdict-variant
擲り込み|jmdict-variant
擲る|jmdict-variant
擽ぐったい|jmdict-variant
擽ぐる|jmdict-variant
擽ったい|jmdict-variant
擽る|jmdict-variant
攫む|jmdict-variant
支える|jmdict-common
支体|jmdict-variant
支出|jmdict-common
支局|jmdict-common
支店|jmdict-common
支店長|jmdict-common
支度|jmdict-common
支所|jmdict-common
支払|jmdict-common
支払い|jmdict-common
支払い方法|jmdict-common
支払う|jmdict-common
支払方法|jmdict-common
支持|jmdict-common
支援|jmdict-common
支柱|jmdict-common
支流|jmdict-common
支社|jmdict-common
支給|jmdict-common
支部|jmdict-common
支配|jmdict-common
支配人|jmdict-common
支配的|jmdict-common
支障|jmdict-common
收錄|jmdict-variant
改ざん|jmdict-common
改まる|jmdict-common
改めて|jmdict-common
改める|jmdict-common
改修|jmdict-common
改名|jmdict-common
改善|jmdict-common
改宗|jmdict-common
改定|jmdict-common
改定版|jmdict-variant
改憲|jmdict-common
改新|jmdict-common
改札|jmdict-common
改札口|jmdict-common
改正|jmdict-common
改竄|jmdict-variant
改築|jmdict-common
改組|jmdict-common
改編|jmdict-common
改良|jmdict-common
改装|jmdict-common
改訂|jmdict-common
改訂版|jmdict-common
改造|jmdict-common
改選|jmdict-common
改革|jmdict-common
攻め|jmdict-common
攻める|jmdict-common
攻勢|jmdict-common
攻守|jmdict-common
攻撃|jmdict-common
攻略|jmdict-common
攻防|jmdict-common
放す|jmdict-common
放つ|jmdict-common
放る|jmdict-common
放れる|jmdict-common
放任|jmdict-common
放出|jmdict-common
放射|jmdict-common
放射性|jmdict-common
放射線|jmdict-common
放射能|jmdict-common
放映|jmdict-common
放棄|jmdict-common
放水|jmdict-common
放流|jmdict-common
放浪|jmdict-common
放火|jmdict-common
放牧|jmdict-common
放置|jmdict-common
放課後|jmdict-common
放送|jmdict-common
放逐|jmdict-common
放題|jmdict-common
政争|jmdict-common
政令|jmdict-common
政党|jmdict-common
政党政治|jmdict-common
政務|jmdict-common
政務次官|jmdict-common
政変|jmdict-common
政局|jmdict-common
政庁|jmdict-common
政府|jmdict-common
政情|jmdict-common
政教|jmdict-common
政敵|jmdict-common
政権|jmdict-common
政治|jmdict-common
政治力|jmdict-common
政治家|jmdict-common
政治犯|jmdict-common
政治的|jmdict-common
政界|jmdict-common
政策|jmdict-common
政経|jmdict-common
政見|jmdict-common
故い|jmdict-variant
故に|jmdict-common
故事|jmdict-common
故人|jmdict-common
故国|jmdict-common
故意|jmdict-common
故紙|jmdict-variant
故郷|jmdict-common
故里|jmdict-variant
故障|jmdict-common
敏感|jmdict-common
敏腕|jmdict-common
敏速|jmdict-common
救い|jmdict-common
救う|jmdict-common
救ける|jmdict-variant
救われる|jmdict-common
救世主|jmdict-common
救世軍|jmdict-common
救出|jmdict-common
救助|jmdict-common
救命|jmdict-common
救国|jmdict-common
救急|jmdict-common
救急医療|jmdict-common
救急箱|jmdict-common
救急車|jmdict-common
救援|jmdict-common
救済|jmdict-common
敗ける|jmdict-variant
敗れる|jmdict-common
敗北|jmdict-common
敗北る|jmdict-variant
敗因|jmdict-common
敗戦|jmdict-common
敗者|jmdict-common
敗訴|jmdict-common
敗退|jmdict-common
教え|jmdict-common
教える|jmdict-common
教え子|jmdict-common
教わる|jmdict-common
教会|jmdict-common
教務|jmdict-common
教員|jmdict-common
教唆|jmdict-common
教喩|jmdict-variant
教団|jmdict-common
教壇|jmdict-common
教官|jmdict-common
教室|jmdict-common
教師|jmdict-common
教徒|jmdict-common
教授|jmdict-common
教料書|jmdict-variant
教書|jmdict-common
教材|jmdict-common
教示|jmdict-common
教祖|jmdict-common
教科|jmdict-common
教科書|jmdict-common
教習|jmdict-common
教職員|jmdict-common
教育|jmdict-common
教育委員会|jmdict-common
教育的|jmdict-common
教育者|jmdict-common
教訓|jmdict-common
教諭|jmdict-common
教頭|jmdict-common
教養|jmdict-common
敢えて|jmdict-common
敢て|jmdict-variant
敢然|jmdict-common
敢行|jmdict-common
敢闘|jmdict-common
散々|jmdict-common
散らかす|jmdict-common
散らかる|jmdict-common
散らし|jmdict-common
散らす|jmdict-common
散らばる|jmdict-common
散る|jmdict-common
散会|jmdict-common
散布|jmdict-common
散播く|jmdict-variant
散散|jmdict-variant
散文|jmdict-common
散步|jmdict-variant
散歩|jmdict-common
散漫|jmdict-common
散発|jmdict-common
散策|jmdict-common
散蒔く|jmdict-variant
散骨|jmdict-common
散髪|jmdict-common
敬う|jmdict-common
敬具|jmdict-common
敬意|jmdict-common
敬称|jmdict-common
敬老|jmdict-common
敬語|jmdict-common
敬遠|jmdict-common
数々|jmdict-common
数える|jmdict-common
数か月|jmdict-variant
数カ月|jmdict-variant
数ケ月|jmdict-variant
数ヵ月|jmdict-variant
数ヶ月|jmdict-common
数万|jmdict-common
数人|jmdict-common
数個|jmdict-common
数値|jmdict-common
数億年|jmdict-common
数分|jmdict-common
数十|jmdict-common
数千|jmdict-common
数回|jmdict-common
数多く|jmdict-common
数字|jmdict-common
数学|jmdict-common
数少ない|jmdict-common
数年|jmdict-common
数年前|jmdict-common
数数|jmdict-variant
数日|jmdict-common
数時間|jmdict-common
数次|jmdict-common
数珠|jmdict-common
数百|jmdict-common
数箇月|jmdict-variant
数量|jmdict-common
敲き|jmdict-variant
敲く|jmdict-variant
整う|jmdict-common
整える|jmdict-common
整った|jmdict-common
整備|jmdict-common
整列|jmdict-common
整合|jmdict-common
整形外科|jmdict-common
整数|jmdict-common
整理|jmdict-common
整頓|jmdict-common
敵わない|jmdict-common
敵国|jmdict-common
敵失|jmdict-common
敵対|jmdict-common
敵意|jmdict-common
敷きぶとん|jmdict-variant
敷き布団|jmdict-common
敷き蒲団|jmdict-variant
敷く|jmdict-common
敷ぶとん|jmdict-variant
敷地|jmdict-common
敷居|jmdict-common
敷布団|jmdict-common
敷蒲団|jmdict-variant
敷設|jmdict-common
敷金|jmdict-common
斃す|jmdict-variant
斃れる|jmdict-variant
文中|jmdict-common
文体|jmdict-common
文具|jmdict-common
文化|jmdict-common
文化人|jmdict-common
文化勲章|jmdict-common
文化庁|jmdict-common
文化的|jmdict-common
文化財|jmdict-common
文化遺産|jmdict-common
文句|jmdict-common
文句なし|jmdict-common
文句無し|jmdict-variant
文壇|jmdict-common
文字|jmdict-common
文字どうり|jmdict-variant
文字どおり|jmdict-variant
文字通り|jmdict-common
文学|jmdict-common
文学者|jmdict-common
文庫|jmdict-common
文房具|jmdict-common
文教|jmdict-common
文明|jmdict-common
文書|jmdict-common
文楽|jmdict-common
文様|jmdict-common
文民|jmdict-common
文法|jmdict-common
文献|jmdict-common
文相|jmdict-common
文科|jmdict-common
文章|jmdict-common
文筆|jmdict-common
文系|jmdict-common
文脈|jmdict-common
文芸|jmdict-common
文藝|jmdict-variant
文語|jmdict-common
文通|jmdict-common
文部|jmdict-common
文部省|jmdict-common
文部科学省|jmdict-common
文面|jmdict-common
斉う|jmdict-variant
斉える|jmdict-variant
斉しい|jmdict-variant
斉唱|jmdict-common
斎う|jmdict-variant
斎場|jmdict-common
斗い|jmdict-variant
斗う|jmdict-variant
斗争|jmdict-variant
料亭|jmdict-common
料理|jmdict-common
料理人|jmdict-common
料理屋|jmdict-common
料金|jmdict-common
斜め|jmdict-common
斜体|jmdict-common
斜陽|jmdict-common
斜面|jmdict-common
斡旋|jmdict-common
斥く|jmdict-variant
斬り捨て|jmdict-variant
斬り捨てる|jmdict-variant
斬る|jmdict-common
斬れ味|jmdict-variant
斬味|jmdict-variant
斬捨て|jmdict-variant
斬新|jmdict-common
断える|jmdict-variant
断じて|jmdict-common
断つ|jmdict-common
断やす|jmdict-variant
断らず|jmdict-common
断り|jmdict-common
断る|jmdict-common
断わり|jmdict-variant
断わる|jmdict-variant
断トツ|jmdict-variant
断乎|jmdict-variant
断固|jmdict-common
断定|jmdict-common
断層|jmdict-common
断念|jmdict-common
断水|jmdict-common
断然|jmdict-common
断熱|jmdict-common
断片|jmdict-common
断絶|jmdict-common
断続|jmdict-common
断行|jmdict-common
断言|jmdict-common
断面|jmdict-common
断食|jmdict-common
斯う|jmdict-variant
斯の|jmdict-variant
新しい|jmdict-common
新た|jmdict-common
新ためて|jmdict-variant
新らしい|jmdict-variant
新世界|jmdict-common
新人|jmdict-common
新任|jmdict-common
新体|jmdict-common
新作|jmdict-common
新党|jmdict-common
新入|jmdict-common
新刊|jmdict-common
新制|jmdict-common
新劇|jmdict-common
新加坡|jmdict-variant
新卒|jmdict-common
新品|jmdict-common
新商品|jmdict-common
新嘉坡|jmdict-variant
新型|jmdict-common
新型コロナウイルス感染症|jmdict-common
新婚|jmdict-common
新婦|jmdict-common
新学期|jmdict-common
新居|jmdict-common
新年|jmdict-common
新幹線|jmdict-common
新式|jmdict-common
新形|jmdict-variant
新成人|jmdict-common
新手|jmdict-common
新政|jmdict-common
新旧|jmdict-common
新星|jmdict-common
新春|jmdict-common
新曲|jmdict-common
新書|jmdict-common
新木|jmdict-variant
新株|jmdict-common
新概念|jmdict-common
新橋|jmdict-common
新法|jmdict-common
新派|jmdict-common
新潟|jmdict-common
新生|jmdict-common
新生児|jmdict-common
新生活|jmdict-common
新田|jmdict-common
新発売|jmdict-common
新着|jmdict-common
新築|jmdict-common
新築マンション|jmdict-common
新米|jmdict-common
新約克|jmdict-variant
新緑|jmdict-common
新聞|jmdict-common
新聞社|jmdict-common
新聞紙|jmdict-common
新聞記事|jmdict-common
新興|jmdict-common
新芽|jmdict-common
新薬|jmdict-common
新装|jmdict-common
新製品|jmdict-common
新西蘭|jmdict-variant
新規|jmdict-common
新設|jmdict-common
新語|jmdict-common
新車|jmdict-common
新進|jmdict-common
新郎|jmdict-common
新鋭|jmdict-common
新陳代謝|jmdict-common
新雪|jmdict-common
新顔|jmdict-common
新風|jmdict-common
新鮮|jmdict-common
斷つ|jmdict-variant
方々|jmdict-common
方がいい|jmdict-common
方がた|jmdict-variant
方がよい|jmdict-common
方が良い|jmdict-common
方位|jmdict-common
方則|jmdict-variant
方向|jmdict-common
方向音痴|jmdict-common
方式|jmdict-common
方方|jmdict-variant
方法|jmdict-common
方法論|jmdict-common
方程式|jmdict-common
方策|jmdict-common
方角|jmdict-common
方言|jmdict-common
方針|jmdict-common
方面|jmdict-common
於乎|jmdict-variant
於戯|jmdict-variant
施す|jmdict-common
施工|jmdict-common
施政|jmdict-common
施策|jmdict-common
施行|jmdict-common
施設|jmdict-common
旅だつ|jmdict-variant
旅人|jmdict-common
旅先|jmdict-common
旅券|jmdict-common
旅団|jmdict-common
旅客|jmdict-common
旅客機|jmdict-common
旅立つ|jmdict-common
旅行|jmdict-common
旅行会社|jmdict-common
旅行券|jmdict-common
旅行者|jmdict-common
旅費|jmdict-common
旅館|jmdict-common
旋回|jmdict-common
旋廻|jmdict-variant
旋律|jmdict-common
旋風|jmdict-common
旗じるし|jmdict-variant
旗印|jmdict-common
旗手|jmdict-common
旗挙|jmdict-variant
旗挙げ|jmdict-variant
旗揚|jmdict-variant
旗揚げ|jmdict-common
旗標|jmdict-variant
旗色|jmdict-common
既に|jmdict-common
既婚|jmdict-common
既存|jmdict-common
既定|jmdict-common
既往症|jmdict-common
既得権|jmdict-common
既成|jmdict-common
既成事実|jmdict-common
既知外|jmdict-variant
既製|jmdict-common
既製服|jmdict-common
日々|jmdict-common
日あたり|jmdict-variant
日かげ|jmdict-variant
日ぐれ|jmdict-variant
日ごろ|jmdict-variant
日ざし|jmdict-variant
日どり|jmdict-variant
日なた|jmdict-variant
日にち|jmdict-common
日に日に|jmdict-common
日の丸|jmdict-common
日の入り|jmdict-common
日の出|jmdict-common
日の目|jmdict-common
日やけ|jmdict-variant
日やけ止め|jmdict-variant
日中|jmdict-common
日付|jmdict-common
日付け|jmdict-variant
日傘|jmdict-common
日光|jmdict-common
日光浴|jmdict-common
日刊|jmdict-common
日南|jmdict-variant
日取|jmdict-variant
日取り|jmdict-common
日向|jmdict-common
日和|jmdict-common
日報|jmdict-common
日増しに|jmdict-common
日変り|jmdict-variant
日変わり|jmdict-variant
日夜|jmdict-common
日射し|jmdict-variant
日差|jmdict-variant
日差し|jmdict-common
日帰り|jmdict-common
日常|jmdict-common
日常生活|jmdict-common
日当|jmdict-variant
日当たり|jmdict-common
日当り|jmdict-variant
日影|jmdict-variant
日数|jmdict-common
日日|jmdict-variant
日時|jmdict-common
日暮|jmdict-variant
日暮れ|jmdict-common
日曜|jmdict-common
日曜日|jmdict-common
日替り|jmdict-common
日替わり|jmdict-common
日本|jmdict-common
日本じゅう|jmdict-variant
日本一|jmdict-common
日本中|jmdict-common
日本人|jmdict-common
日本企業|jmdict-common
日本全国|jmdict-common
日本刀|jmdict-common
日本初|jmdict-common
日本史|jmdict-common
日本国民|jmdict-common
日本学術会議|jmdict-common
日本式|jmdict-common
日本政府|jmdict-common
日本料理|jmdict-common
日本海|jmdict-common
日本画|jmdict-common
日本社会|jmdict-common
日本紙|jmdict-common
日本経済|jmdict-common
日本製|jmdict-common
日本語|jmdict-common
日本酒|jmdict-common
日本銀行|jmdict-common
日没|jmdict-common
日焼|jmdict-variant
日焼け|jmdict-common
日焼けどめ|jmdict-variant
日焼け止め|jmdict-common
日焼止め|jmdict-variant
日照|jmdict-common
日産|jmdict-common
日用品|jmdict-common
日程|jmdict-common
日米|jmdict-common
日系|jmdict-common
日経|jmdict-common
日給|jmdict-common
日耳曼|jmdict-variant
日蔭|jmdict-variant
日蝕|jmdict-variant
日記|jmdict-common
日誌|jmdict-common
日課|jmdict-common
日附|jmdict-variant
日陰|jmdict-common
日韓|jmdict-common
日頃|jmdict-common
日食|jmdict-common
旦那|jmdict-common
旧い|jmdict-variant
旧制|jmdict-common
旧姓|jmdict-common
旧式|jmdict-common
旧態|jmdict-common
旧暦|jmdict-common
旧来|jmdict-common
旧正月|jmdict-common
旧派|jmdict-common
旧約|jmdict-common
旨い|jmdict-common
旨くいく|jmdict-variant
旨く行く|jmdict-variant
旨味しい|jmdict-variant
早々|jmdict-common
早い|jmdict-common
早おき|jmdict-variant
早く|jmdict-common
早さ|jmdict-variant
早まる|jmdict-common
早める|jmdict-common
早乙女|jmdict-common
早口|jmdict-common
早寝|jmdict-common
早少女|jmdict-variant
早引|jmdict-variant
早引け|jmdict-common
早急|jmdict-common
早手|jmdict-variant
早早|jmdict-variant
早春|jmdict-common
早朝|jmdict-common
早期|jmdict-common
早期治療|jmdict-common
早瀬|jmdict-common
早熟|jmdict-common
早起|jmdict-variant
早起き|jmdict-common
早退|jmdict-common
早退け|jmdict-variant
早速|jmdict-common
旺ん|jmdict-variant
旺盛|jmdict-common
昂奮|jmdict-variant
昂揚|jmdict-variant
昂騰|jmdict-variant
昆布|jmdict-common
昆虫|jmdict-common
昇り|jmdict-variant
昇り下り|jmdict-variant
昇り坂|jmdict-variant
昇り降り|jmdict-variant
昇る|jmdict-common
昇格|jmdict-common
昇級|jmdict-common
昇給|jmdict-common
昇進|jmdict-common
明々後日|jmdict-common
明い|jmdict-variant
明かす|jmdict-common
明かり|jmdict-common
明き|jmdict-variant
明き地|jmdict-variant
明き家|jmdict-variant
明き巣|jmdict-variant
明く|jmdict-variant
明くる|jmdict-common
明くる日|jmdict-common
明けがた|jmdict-variant
明けましておめでとうございます|jmdict-variant
明けましておめでとう御座います|jmdict-variant
明けましてお目出度うございます|jmdict-variant
明けまして御目出度う御座います|jmdict-variant
明ける|jmdict-common
明け方|jmdict-common
明け暮れ|jmdict-common
明らか|jmdict-common
明り|jmdict-variant
明りょう|jmdict-variant
明るい|jmdict-common
明了|jmdict-variant
明亮|jmdict-variant
明家|jmdict-variant
明屋|jmdict-variant
明年|jmdict-common
明後日|jmdict-common
明快|jmdict-common
明文化|jmdict-common
明方|jmdict-variant
明日|jmdict-common
明明後日|jmdict-variant
明星|jmdict-common
明晩|jmdict-common
明暗|jmdict-common
明月|jmdict-variant
明朗|jmdict-common
明朝|jmdict-common
明治|jmdict-common
明白|jmdict-common
明瞭|jmdict-common
明確|jmdict-common
明示|jmdict-common
明細|jmdict-common
明言|jmdict-common
明記|jmdict-common
昏い|jmdict-variant
昏れる|jmdict-variant
昏睡|jmdict-common
易い|jmdict-common
易しい|jmdict-common
昔のまま|jmdict-common
昔ばなし|jmdict-variant
昔話|jmdict-common
星ぞら|jmdict-variant
星占い|jmdict-common
星嘉坡|jmdict-variant
星座|jmdict-common
星条旗|jmdict-common
星空|jmdict-common
映え|jmdict-variant
映える|jmdict-common
映しだす|jmdict-variant
映し出す|jmdict-common
映す|jmdict-common
映る|jmdict-common
映像|jmdict-common
映画|jmdict-common
映画館|jmdict-common
映畫|jmdict-variant
映畵|jmdict-variant
春休|jmdict-variant
春休み|jmdict-common
春先|jmdict-common
春分|jmdict-common
春場所|jmdict-common
春夏秋冬|jmdict-common
春季|jmdict-common
春宮|jmdict-variant
春秋|jmdict-common
春闘|jmdict-common
昨今|jmdict-common
昨夕|jmdict-variant
昨夜|jmdict-common
昨年|jmdict-common
昨年度|jmdict-common
昨年来|jmdict-common
昨日|jmdict-common
昨春|jmdict-common
昨晩|jmdict-common
昨秋|jmdict-common
昭和|jmdict-common
是から|jmdict-variant
是れ|jmdict-variant
是否|jmdict-variant
是正|jmdict-common
是等|jmdict-variant
是認|jmdict-common
是迄|jmdict-variant
是非|jmdict-common
是非とも|jmdict-common
是非共|jmdict-variant
是非是非|jmdict-common
昼ごはん|jmdict-common
昼ご飯|jmdict-common
昼すぎ|jmdict-variant
昼めし|jmdict-variant
昼メシ|jmdict-variant
昼下がり|jmdict-common
昼下り|jmdict-variant
昼休み|jmdict-common
昼前|jmdict-common
昼夜|jmdict-common
昼寐|jmdict-variant
昼寝|jmdict-common
昼御飯|jmdict-variant
昼過ぎ|jmdict-common
昼間|jmdict-common
昼食|jmdict-common
昼飯|jmdict-common
時々|jmdict-common
時おり|jmdict-variant
時として|jmdict-common
時どき|jmdict-variant
時には|jmdict-common
時は金なり|jmdict-common
時は金也|jmdict-variant
時は金成り|jmdict-variant
時事|jmdict-common
時代|jmdict-common
時代劇|jmdict-common
時代錯誤|jmdict-common
時価|jmdict-common
時刻|jmdict-common
時刻表|jmdict-common
時剋|jmdict-variant
時効|jmdict-common
時半|jmdict-common
時報|jmdict-common
時宜|jmdict-common
時局|jmdict-common
時差|jmdict-common
時折|jmdict-common
時折り|jmdict-variant
時時|jmdict-variant
時期|jmdict-common
時期尚早|jmdict-common
時機|jmdict-common
時機尚早|jmdict-variant
時流|jmdict-common
時点|jmdict-common
時節|jmdict-common
時給|jmdict-common
時計|jmdict-common
時速|jmdict-common
時間|jmdict-common
時間切れ|jmdict-common
時間割|jmdict-common
時間割り|jmdict-common
時間帯|jmdict-common
時限|jmdict-common
時雨|jmdict-common
晒す|jmdict-common
晦日|jmdict-variant
晩い|jmdict-variant
晩ごはん|jmdict-variant
晩ご飯|jmdict-common
晩婚|jmdict-common
晩年|jmdict-common
晩御飯|jmdict-common
晩酌|jmdict-common
晩香坡|jmdict-variant
晩香波|jmdict-variant
普偏|jmdict-variant
普及|jmdict-common
普段|jmdict-common
普段着|jmdict-common
普賢|jmdict-common
普辺|jmdict-variant
普通|jmdict-common
普通選挙|jmdict-common
普通預金|jmdict-common
普遍|jmdict-common
普遍的|jmdict-common
景勝|jmdict-common
景品|jmdict-common
景気|jmdict-common
景色|jmdict-common
景観|jmdict-common
晴らす|jmdict-common
晴れ|jmdict-common
晴れる|jmdict-common
晴天|jmdict-common
智利|jmdict-variant
智恵|jmdict-variant
智慧|jmdict-variant
智能|jmdict-variant
智覚|jmdict-variant
智識|jmdict-variant
暁星|jmdict-common
暇がない|jmdict-common
暇が無い|jmdict-variant
暇つぶし|jmdict-common
暇潰し|jmdict-common
暈かす|jmdict-variant
暈ける|jmdict-common
暈す|jmdict-variant
暉麗|jmdict-variant
暑い|jmdict-common
暑さ|jmdict-common
暑中|jmdict-common
暑中見舞|jmdict-common
暑中見舞い|jmdict-common
暖い|jmdict-variant
暖かい|jmdict-common
暖まる|jmdict-common
暖める|jmdict-common
暖冬|jmdict-common
暖房|jmdict-common
暖気|jmdict-variant
暖流|jmdict-common
暖炉|jmdict-common
暖簾|jmdict-common
暗い|jmdict-common
暗に|jmdict-common
暗やみ|jmdict-variant
暗れる|jmdict-variant
暗号|jmdict-common
暗殺|jmdict-common
暗礁|jmdict-common
暗示|jmdict-common
暗記|jmdict-common
暗闇|jmdict-common
暗雲|jmdict-common
暗黒|jmdict-common
暗黙|jmdict-common
暢気|jmdict-variant
暫く|jmdict-common
暫らく|jmdict-variant
暫定|jmdict-common
暮し|jmdict-variant
暮す|jmdict-variant
暮らし|jmdict-common
暮らす|jmdict-common
暮れ|jmdict-common
暮れる|jmdict-common
暴れる|jmdict-common
暴力|jmdict-common
暴力団|jmdict-common
暴動|jmdict-common
暴徒|jmdict-common
暴挙|jmdict-common
暴落|jmdict-common
暴虐|jmdict-common
暴行|jmdict-common
暴走|jmdict-common
暴露|jmdict-common
暴風|jmdict-common
暴風雨|jmdict-common
暴騰|jmdict-common
曇り|jmdict-common
曇る|jmdict-common
曖昧|jmdict-common
曜日|jmdict-common
曝す|jmdict-common
曝露|jmdict-variant
曠野|jmdict-variant
曩に|jmdict-variant
曰く|jmdict-common
曲がり|jmdict-common
曲がりかど|jmdict-variant
曲がり角|jmdict-common
曲がる|jmdict-common
曲げる|jmdict-common
曲り|jmdict-variant
曲り角|jmdict-variant
曲る|jmdict-variant
曲折|jmdict-common
曲目|jmdict-common
曲線|jmdict-common
曳く|jmdict-variant
更ける|jmdict-common
更に|jmdict-common
更年期|jmdict-common
更改|jmdict-common
更新|jmdict-common
更正|jmdict-common
更生|jmdict-common
更衣|jmdict-variant
更衣室|jmdict-common
更迭|jmdict-common
書きあげる|jmdict-variant
書きかえる|jmdict-variant
書きかた|jmdict-variant
書きことば|jmdict-variant
書きこむ|jmdict-variant
書きなおす|jmdict-variant
書き上げる|jmdict-common
書き初め|jmdict-common
書き取り|jmdict-common
書き取る|jmdict-common
書き変える|jmdict-variant
書き換える|jmdict-common
書き方|jmdict-common
書き替える|jmdict-variant
書き留め|jmdict-variant
書き直す|jmdict-common
書き言葉|jmdict-common
書き込み|jmdict-common
書き込む|jmdict-common
書く|jmdict-common
書体|jmdict-common
書初|jmdict-variant
書初め|jmdict-variant
書取|jmdict-common
書取る|jmdict-variant
書名|jmdict-common
書家|jmdict-common
書店|jmdict-common
書式|jmdict-common
書房|jmdict-common
書換える|jmdict-variant
書斉|jmdict-variant
書斎|jmdict-common
書替える|jmdict-variant
書架|jmdict-common
書物|jmdict-common
書留|jmdict-common
書留め|jmdict-variant
書簡|jmdict-common
書籍|jmdict-common
書翰|jmdict-variant
書記|jmdict-common
書記官|jmdict-common
書記局|jmdict-common
書評|jmdict-common
書誌学|jmdict-common
書込み|jmdict-variant
書道|jmdict-common
書院|jmdict-common
書面|jmdict-common
書類|jmdict-common
曼谷|jmdict-variant
曽て|jmdict-variant
曾て|jmdict-variant
替え|jmdict-common
替える|jmdict-common
替え玉|jmdict-common
替り|jmdict-variant
替る|jmdict-variant
替わり|jmdict-common
替わる|jmdict-common
替玉|jmdict-variant
最も|jmdict-common
最上|jmdict-common
最下|jmdict-common
最中|jmdict-common
最低|jmdict-common
最低限|jmdict-common
最優遇|jmdict-common
最先端|jmdict-common
最初|jmdict-common
最前列|jmdict-common
最前線|jmdict-common
最古|jmdict-common
最善|jmdict-common
最多|jmdict-common
最大|jmdict-common
最大限|jmdict-common
最寄|jmdict-variant
最寄り|jmdict-common
最小|jmdict-common
最小限|jmdict-common
最少|jmdict-common
最少限|jmdict-variant
最尖端|jmdict-variant
最年少|jmdict-common
最強|jmdict-common
最後|jmdict-common
最後の舞台|jmdict-common
最後尾|jmdict-common
最恵国|jmdict-common
最悪|jmdict-common
最愛|jmdict-common
最新|jmdict-common
最新ニュース|jmdict-common
最新情報|jmdict-common
最新研究|jmdict-common
最新鋭|jmdict-common
最早|jmdict-common
最期|jmdict-common
最盛期|jmdict-common
最短|jmdict-common
最終|jmdict-common
最終的|jmdict-common
最良|jmdict-common
最近|jmdict-common
最適|jmdict-common
最重点|jmdict-common
最長|jmdict-common
最高|jmdict-common
最高峰|jmdict-common
最高検|jmdict-common
最高級|jmdict-common
最高裁|jmdict-common
會社|jmdict-variant
月々|jmdict-common
月の兎|jmdict-common
月並|jmdict-common
月並み|jmdict-common
月例|jmdict-common
月光|jmdict-common
月内|jmdict-common
月刊|jmdict-common
月初|jmdict-variant
月初め|jmdict-common
月収|jmdict-common
月夜|jmdict-common
月始|jmdict-variant
月始め|jmdict-variant
月日|jmdict-common
月曜|jmdict-common
月曜日|jmdict-common
月月|jmdict-variant
月末|jmdict-common
月次|jmdict-variant
月産|jmdict-common
月経|jmdict-common
月給|jmdict-common
月蝕|jmdict-variant
月見|jmdict-common
月謝|jmdict-common
月賦|jmdict-common
月間|jmdict-common
月面|jmdict-common
月額|jmdict-common
月食|jmdict-common
有する|jmdict-common
有って無い|jmdict-common
有らゆる|jmdict-variant
有りあわせ|jmdict-variant
有りえない|jmdict-variant
有りがち|jmdict-variant
有りがとう|jmdict-variant
有りさま|jmdict-variant
有りそう|jmdict-common
有りとあらゆる|jmdict-common
有りと有らゆる|jmdict-variant
有りのまま|jmdict-variant
有りの侭|jmdict-variant
有りの儘|jmdict-variant
有りふれた|jmdict-variant
有り勝ち|jmdict-variant
有り合せ|jmdict-variant
有り合わせ|jmdict-variant
有り得ない|jmdict-variant
有り様|jmdict-common
有り触れた|jmdict-variant
有り難い|jmdict-common
有り難う|jmdict-variant
有り難うございました|jmdict-variant
有り難うございます|jmdict-common
有り難う御座います|jmdict-variant
有る|jmdict-common
有事|jmdict-common
有人|jmdict-common
有価証券|jmdict-common
有償|jmdict-common
有利|jmdict-common
有力|jmdict-common
有力者|jmdict-common
有効|jmdict-common
有名|jmdict-common
有名人|jmdict-common
有害|jmdict-common
有得ない|jmdict-variant
有志|jmdict-common
有意義|jmdict-common
有数|jmdict-common
有料|jmdict-common
有望|jmdict-common
有様|jmdict-common
有権者|jmdict-common
有機|jmdict-common
有機物|jmdict-common
有毒|jmdict-common
有無|jmdict-common
有用|jmdict-common
有益|jmdict-common
有給|jmdict-common
有線|jmdict-common
有繋|jmdict-variant
有罪|jmdict-common
有耶無耶|jmdict-variant
有能|jmdict-common
有識者|jmdict-common
有限|jmdict-common
有難い|jmdict-common
有難う|jmdict-variant
有難うございました|jmdict-common
有難うございます|jmdict-common
有難う御座います|jmdict-variant
有頂天|jmdict-common
有頂点|jmdict-variant
服役|jmdict-common
服従|jmdict-common
服用|jmdict-common
服装|jmdict-common
服飾|jmdict-common
朔日|jmdict-variant
朗らか|jmdict-common
朗報|jmdict-common
朗詠|jmdict-common
朗読|jmdict-common
望ましい|jmdict-common
望み|jmdict-common
望む|jmdict-common
望月|jmdict-common
望遠鏡|jmdict-common
朝いちばん|jmdict-variant
朝ごはん|jmdict-common
朝ご飯|jmdict-common
朝めし|jmdict-variant
朝メシ|jmdict-variant
朝一番|jmdict-common
朝刊|jmdict-common
朝夕|jmdict-common
朝寝坊|jmdict-common
朝御飯|jmdict-variant
朝方|jmdict-common
朝日|jmdict-common
朝晩|jmdict-common
朝礼|jmdict-common
朝霧|jmdict-common
朝顔|jmdict-common
朝食|jmdict-common
朝飯|jmdict-common
朝鮮|jmdict-common
朝鮮半島|jmdict-common
朝鮮民主主義人民共和国|jmdict-common
朝１番|jmdict-variant
期待|jmdict-common
期待感|jmdict-common
期日|jmdict-common
期末|jmdict-common
期間|jmdict-common
期間限定|jmdict-common
期限|jmdict-common
木々|jmdict-common
木かげ|jmdict-variant
木のみ|jmdict-variant
木の実|jmdict-common
木の芽|jmdict-common
木の葉|jmdict-common
木乃伊|jmdict-variant
木場|jmdict-common
木工|jmdict-common
木彫|jmdict-common
木彫り|jmdict-common
木戸|jmdict-common
木星|jmdict-common
木曜|jmdict-common
木曜日|jmdict-common
木木|jmdict-variant
木材|jmdict-common
木枯|jmdict-variant
木枯し|jmdict-common
木枯らし|jmdict-common
木棉|jmdict-variant
木炭|jmdict-common
木片|jmdict-common
木綿|jmdict-common
木蔭|jmdict-variant
木製|jmdict-common
木造|jmdict-common
木陰|jmdict-common
未だ|jmdict-common
未だしも|jmdict-common
未だ未だ|jmdict-variant
未亡人|jmdict-common
未婚|jmdict-common
未完成|jmdict-common
未定|jmdict-common
未成年|jmdict-common
未成年者|jmdict-common
未払|jmdict-variant
未払い|jmdict-common
未明|jmdict-common
未来|jmdict-common
未決|jmdict-common
未満|jmdict-common
未然|jmdict-common
未熟|jmdict-common
未熟児|jmdict-common
未発表|jmdict-common
未知|jmdict-common
未知数|jmdict-common
未納|jmdict-common
未練|jmdict-common
未解決|jmdict-common
未遂|jmdict-common
未醤|jmdict-variant
未開|jmdict-common
未青年|jmdict-variant
末っ子|jmdict-common
末に|jmdict-common
末尾|jmdict-common
末広|jmdict-common
末日|jmdict-common
末期|jmdict-common
末期的|jmdict-common
末端|jmdict-common
末茶|jmdict-variant
本々|jmdict-variant
本の|jmdict-variant
本の少し|jmdict-variant
本もの|jmdict-variant
本予算|jmdict-common
本人|jmdict-common
本件|jmdict-common
本会議|jmdict-common
本位|jmdict-common
本体|jmdict-common
本名|jmdict-common
本命|jmdict-common
本因坊|jmdict-common
本国|jmdict-common
本土|jmdict-common
本堂|jmdict-common
本場|jmdict-common
本塁|jmdict-common
本塁打|jmdict-common
本家|jmdict-common
本尊|jmdict-common
本屋|jmdict-common
本山|jmdict-common
本島|jmdict-common
本年|jmdict-common
本店|jmdict-common
本当|jmdict-common
本当に|jmdict-common
本心|jmdict-common
本性|jmdict-common
本拠|jmdict-common
本数|jmdict-common
本文|jmdict-common
本日|jmdict-common
本旨|jmdict-common
本書|jmdict-common
本朝|jmdict-common
本木|jmdict-common
本本|jmdict-variant
本来|jmdict-common
本校|jmdict-common
本格|jmdict-common
本格化|jmdict-common
本格的|jmdict-common
本棚|jmdict-common
本業|jmdict-common
本欄|jmdict-common
本気|jmdict-common
本流|jmdict-common
本物|jmdict-common
本番|jmdict-common
本當|jmdict-variant
本當に|jmdict-variant
本省|jmdict-common
本社|jmdict-common
本箱|jmdict-common
本籍|jmdict-common
本紙|jmdict-common
本線|jmdict-common
本職|jmdict-common
本能|jmdict-common
本腰|jmdict-common
本調子|jmdict-common
本質|jmdict-common
本質的|jmdict-common
本部|jmdict-common
本隊|jmdict-common
本音|jmdict-common
本領|jmdict-common
本題|jmdict-common
本願|jmdict-common
本館|jmdict-common
札幌|jmdict-common
札束|jmdict-common
朱い|jmdict-variant
朱印|jmdict-common
机上|jmdict-common
杏子|jmdict-variant
材料|jmdict-common
材木|jmdict-common
材質|jmdict-common
村人|jmdict-common
村民|jmdict-common
村議会|jmdict-common
村長|jmdict-common
杜撰|jmdict-common
杜絶える|jmdict-variant
束ねる|jmdict-common
束の間|jmdict-common
束縛|jmdict-common
条令|jmdict-variant
条件|jmdict-common
条件つき|jmdict-variant
条件付|jmdict-variant
条件付き|jmdict-common
条例|jmdict-common
条文|jmdict-common
条理|jmdict-common
条約|jmdict-common
条項|jmdict-common
来る|jmdict-common
来客|jmdict-common
来年|jmdict-common
来店|jmdict-common
来日|jmdict-common
来春|jmdict-common
来月|jmdict-common
来襲|jmdict-common
来訪|jmdict-common
来賓|jmdict-common
来週|jmdict-common
東亜|jmdict-common
東亞|jmdict-variant
東京|jmdict-common
東京証券取引所|jmdict-common
東亰|jmdict-variant
東側|jmdict-common
東北|jmdict-common
東南|jmdict-common
東口|jmdict-common
東宮|jmdict-common
東方|jmdict-common
東欧|jmdict-common
東洋|jmdict-common
東海|jmdict-common
東経|jmdict-common
東西|jmdict-common
東邦|jmdict-common
東部|jmdict-common
東都|jmdict-common
松林|jmdict-common
板ガラス|jmdict-common
板画|jmdict-variant
板門店|jmdict-common
枉げる|jmdict-variant
林学|jmdict-common
林業|jmdict-common
林檎|jmdict-common
林立|jmdict-common
林道|jmdict-common
林野|jmdict-common
林野庁|jmdict-common
枚挙|jmdict-common
枚数|jmdict-common
果して|jmdict-variant
果す|jmdict-variant
果たして|jmdict-common
果たす|jmdict-common
果て|jmdict-common
果てしない|jmdict-common
果てし無い|jmdict-variant
果てる|jmdict-common
果ない|jmdict-variant
果実|jmdict-common
果敢|jmdict-common
果敢ない|jmdict-variant
果敢無い|jmdict-variant
果樹|jmdict-common
果汁|jmdict-common
果無い|jmdict-variant
果物|jmdict-common
枝葉|jmdict-common
枝豆|jmdict-common
枠内|jmdict-common
枠外|jmdict-common
枠組|jmdict-variant
枠組み|jmdict-common
枢軸|jmdict-common
枯れる|jmdict-common
枯れ木|jmdict-common
枯れ葉|jmdict-common
枯木|jmdict-common
枯死|jmdict-common
枯渇|jmdict-common
枯葉|jmdict-common
架橋|jmdict-common
架空|jmdict-common
架設|jmdict-common
柏木|jmdict-common
染まる|jmdict-common
染み|jmdict-common
染みる|jmdict-common
染み染み|jmdict-variant
染め|jmdict-common
染める|jmdict-common
染る|jmdict-variant
染色|jmdict-common
染色体|jmdict-common
柔かい|jmdict-variant
柔やか|jmdict-variant
柔らか|jmdict-common
柔らかい|jmdict-common
柔らぐ|jmdict-variant
柔和|jmdict-common
柔軟|jmdict-common
柔道|jmdict-common
柔魚|jmdict-variant
柚子|jmdict-common
査問|jmdict-common
査定|jmdict-common
査察|jmdict-common
査証|jmdict-common
栄え|jmdict-common
栄える|jmdict-common
栄光|jmdict-common
栄冠|jmdict-common
栄枯|jmdict-common
栄誉|jmdict-common
栄養|jmdict-common
栄養士|jmdict-common
栄養失調|jmdict-common
栄養学|jmdict-common
栄養素|jmdict-common
栓抜|jmdict-variant
栓抜き|jmdict-common
栖む|jmdict-variant
栖息|jmdict-variant
栖息地|jmdict-variant
校しゃ|jmdict-variant
校内|jmdict-common
校則|jmdict-common
校売|jmdict-variant
校庭|jmdict-common
校旗|jmdict-common
校歌|jmdict-common
校正|jmdict-common
校舎|jmdict-common
校長|jmdict-common
校門|jmdict-common
校閲|jmdict-common
株主|jmdict-common
株価|jmdict-common
株券|jmdict-common
株式|jmdict-common
株式会社|jmdict-common
株式市場|jmdict-common
核兵器|jmdict-common
核分裂|jmdict-common
核実験|jmdict-common
核家族|jmdict-common
核弾頭|jmdict-common
核心|jmdict-common
核武装|jmdict-common
核燃料|jmdict-common
核融合|jmdict-common
核酸|jmdict-common
根ざす|jmdict-common
根っこ|jmdict-common
根っ子|jmdict-common
根ほり葉ほり|jmdict-variant
根まわし|jmdict-variant
根元|jmdict-variant
根原|jmdict-variant
根回し|jmdict-common
根堀り葉堀り|jmdict-variant
根差す|jmdict-variant
根幹|jmdict-common
根底|jmdict-common
根強い|jmdict-common
根性|jmdict-common
根情|jmdict-variant
根拠|jmdict-common
根掘り葉掘り|jmdict-common
根本|jmdict-common
根本的|jmdict-common
根柢|jmdict-variant
根気|jmdict-common
根源|jmdict-common
根絶|jmdict-common
格づけ|jmdict-variant
格上げ|jmdict-common
格付|jmdict-variant
格付け|jmdict-common
格別|jmdict-common
格好|jmdict-common
格好いい|jmdict-common
格好よい|jmdict-variant
格好良い|jmdict-variant
格子|jmdict-common
格安|jmdict-common
格安航空券|jmdict-common
格差|jmdict-common
格段|jmdict-common
格闘|jmdict-common
格鬪|jmdict-variant
栽培|jmdict-common
桃色|jmdict-common
案の上|jmdict-variant
案の定|jmdict-common
案の条|jmdict-variant
案件|jmdict-common
案内|jmdict-common
案外|jmdict-common
案配|jmdict-variant
桑原|jmdict-common
桑田|jmdict-common
桑畑|jmdict-common
桑畠|jmdict-variant
桜花|jmdict-common
桟橋|jmdict-common
梅干|jmdict-common
梅干し|jmdict-common
梅酒|jmdict-common
梅雨|jmdict-common
梅雨入り|jmdict-common
梅雨明け|jmdict-common
梗塞|jmdict-common
梨子|jmdict-variant
梯子|jmdict-common
梱包|jmdict-common
梳かす|jmdict-common
梳く|jmdict-variant
棄す|jmdict-variant
棄てる|jmdict-variant
棄て児|jmdict-variant
棄て子|jmdict-variant
棄児|jmdict-variant
棄却|jmdict-common
棄子|jmdict-variant
棄損|jmdict-variant
棄権|jmdict-common
棋士|jmdict-common
棋聖|jmdict-common
棋譜|jmdict-common
棋院|jmdict-common
棒立ち|jmdict-common
棚上げ|jmdict-common
棚幡|jmdict-variant
棚機|jmdict-variant
棧橋|jmdict-variant
森林|jmdict-common
棲まう|jmdict-variant
棲む|jmdict-common
棲息|jmdict-variant
棲息地|jmdict-variant
椅子|jmdict-common
植える|jmdict-common
植え木|jmdict-variant
植木|jmdict-common
植木鉢|jmdict-common
植林|jmdict-common
植樹|jmdict-common
植民地|jmdict-common
植物|jmdict-common
植物園|jmdict-common
椎茸|jmdict-common
検める|jmdict-variant
検事|jmdict-common
検事正|jmdict-common
検出|jmdict-common
検問|jmdict-common
検定|jmdict-common
検察|jmdict-common
検察官|jmdict-common
検察庁|jmdict-common
検挙|jmdict-common
検査|jmdict-common
検疫|jmdict-common
検索|jmdict-common
検索条件|jmdict-common
検視|jmdict-common
検討|jmdict-common
検診|jmdict-common
検証|jmdict-common
検閲|jmdict-common
椽側|jmdict-variant
楊柳|jmdict-variant
楕円|jmdict-common
楕円形|jmdict-common
業務|jmdict-common
業界|jmdict-common
業種|jmdict-common
業績|jmdict-common
業者|jmdict-common
楯つく|jmdict-variant
楯突く|jmdict-common
極く|jmdict-variant
極まって|jmdict-variant
極まり|jmdict-variant
極まる|jmdict-common
極み|jmdict-common
極め|jmdict-variant
極めて|jmdict-common
極める|jmdict-common
極め手|jmdict-variant
極り|jmdict-variant
極る|jmdict-variant
極上|jmdict-common
極力|jmdict-common
極右|jmdict-common
極寒|jmdict-common
極度|jmdict-common
極東|jmdict-common
極楽|jmdict-common
極秘|jmdict-common
極端|jmdict-common
極限|jmdict-common
楷書|jmdict-common
楼閣|jmdict-common
楽しい|jmdict-common
楽しみ|jmdict-common
楽しむ|jmdict-common
楽む|jmdict-variant
楽器|jmdict-common
楽団|jmdict-common
楽園|jmdict-common
楽天家|jmdict-common
楽天的|jmdict-common
楽屋|jmdict-common
楽曲|jmdict-common
楽書|jmdict-variant
楽書き|jmdict-variant
楽章|jmdict-common
楽観|jmdict-common
楽観的|jmdict-common
楽譜|jmdict-common
楽隊|jmdict-common
概念|jmdict-common
概況|jmdict-common
概略|jmdict-common
概算|jmdict-common
概要|jmdict-common
概論|jmdict-common
構う|jmdict-common
構える|jmdict-common
構内|jmdict-common
構図|jmdict-common
構想|jmdict-common
構成|jmdict-common
構築|jmdict-common
構造|jmdict-common
構造物|jmdict-common
様々|jmdict-common
様な気がする|jmdict-variant
様に|jmdict-common
様にする|jmdict-variant
様になる|jmdict-common
様変り|jmdict-variant
様変わり|jmdict-common
様子|jmdict-common
様子を見る|jmdict-common
様式|jmdict-common
様様|jmdict-variant
様相|jmdict-common
樂しい|jmdict-variant
樂園|jmdict-variant
標本|jmdict-common
標札|jmdict-variant
標準|jmdict-common
標準的|jmdict-common
標準語|jmdict-common
標的|jmdict-common
標示|jmdict-variant
標語|jmdict-common
標識|jmdict-common
標題|jmdict-common
標高|jmdict-common
模倣|jmdict-common
模型|jmdict-common
模擬|jmdict-common
模擬試験|jmdict-common
模様|jmdict-common
模範|jmdict-common
模索|jmdict-common
模造|jmdict-common
権利|jmdict-common
権力|jmdict-common
権威|jmdict-common
権益|jmdict-common
権限|jmdict-common
横ぎる|jmdict-variant
横しま|jmdict-variant
横たわる|jmdict-common
横どり|jmdict-variant
横ばい|jmdict-common
横刀|jmdict-variant
横切る|jmdict-common
横取り|jmdict-common
横幅|jmdict-common
横手|jmdict-common
横文字|jmdict-common
横断|jmdict-common
横断幕|jmdict-common
横断歩道|jmdict-common
横暴|jmdict-common
横書|jmdict-variant
横書き|jmdict-common
横柄|jmdict-common
横浜|jmdict-common
横目|jmdict-common
横着|jmdict-common
横綱|jmdict-common
横線|jmdict-common
横行|jmdict-common
横転|jmdict-common
横這い|jmdict-variant
横道|jmdict-common
横領|jmdict-common
横顔|jmdict-common
樹々|jmdict-variant
樹木|jmdict-common
樹樹|jmdict-variant
樹皮|jmdict-common
樹立|jmdict-common
樹脂|jmdict-common
樹蔭|jmdict-variant
樹陰|jmdict-variant
樹齢|jmdict-common
橋わたし|jmdict-variant
橋渡し|jmdict-common
橋脚|jmdict-common
橙色|jmdict-common
機会|jmdict-common
機体|jmdict-common
機内|jmdict-common
機動|jmdict-common
機動隊|jmdict-common
機器|jmdict-common
機嫌|jmdict-common
機密|jmdict-common
機敏|jmdict-common
機材|jmdict-common
機械|jmdict-common
機械化|jmdict-common
機構|jmdict-common
機種|jmdict-common
機能|jmdict-common
機運|jmdict-common
機長|jmdict-common
機関|jmdict-common
機関紙|jmdict-common
機関誌|jmdict-variant
機関車|jmdict-common
機関銃|jmdict-common
機雷|jmdict-common
機首|jmdict-common
橢円|jmdict-variant
檀那|jmdict-variant
檢事|jmdict-variant
檢察|jmdict-variant
檬果|jmdict-variant
檸檬|jmdict-variant
櫻花|jmdict-variant
欄外|jmdict-common
欄干|jmdict-common
欄杆|jmdict-variant
欄檻|jmdict-variant
欝病|jmdict-variant
欠かす|jmdict-common
欠き氷|jmdict-variant
欠く|jmdict-common
欠けら|jmdict-variant
欠ける|jmdict-common
欠乏|jmdict-common
欠伸|jmdict-common
欠員|jmdict-common
欠場|jmdict-common
欠如|jmdict-common
欠席|jmdict-common
欠損|jmdict-common
欠氷|jmdict-variant
欠点|jmdict-common
欠片|jmdict-common
欠陥|jmdict-common
次々|jmdict-common
次々に|jmdict-common
次いで|jmdict-common
次ぐ|jmdict-common
次のように|jmdict-common
次代|jmdict-common
次元|jmdict-common
次回|jmdict-common
次女|jmdict-common
次官|jmdict-common
次席|jmdict-common
次期|jmdict-common
次次|jmdict-variant
次次に|jmdict-variant
次点|jmdict-common
次男|jmdict-common
次第|jmdict-common
次第に|jmdict-common
次長|jmdict-common
欣しい|jmdict-variant
欣ぶ|jmdict-variant
欧州|jmdict-common
欧洲|jmdict-variant
欧米|jmdict-common
欧羅巴|jmdict-variant
欲しい|jmdict-common
欲しがる|jmdict-common
欲する|jmdict-common
欲ばり|jmdict-variant
欲ばる|jmdict-variant
欲張り|jmdict-common
欲張る|jmdict-common
欲望|jmdict-common
欲求|jmdict-common
欺く|jmdict-common
欺す|jmdict-variant
款待|jmdict-variant
款談|jmdict-variant
歇む|jmdict-variant
歌う|jmdict-common
歌人|jmdict-common
歌劇|jmdict-common
歌合|jmdict-common
歌合せ|jmdict-variant
歌合わせ|jmdict-variant
歌唱|jmdict-common
歌声|jmdict-common
歌姫|jmdict-common
歌手|jmdict-common
歌曲|jmdict-common
歌留多|jmdict-common
歌舞伎|jmdict-common
歌舞妓|jmdict-variant
歌詞|jmdict-common
歌謡|jmdict-common
歌謡曲|jmdict-common
歌集|jmdict-common
歎き|jmdict-variant
歎く|jmdict-variant
歎息|jmdict-variant
歎願|jmdict-variant
歓ばす|jmdict-variant
歓び|jmdict-variant
歓ぶ|jmdict-variant
歓喜|jmdict-common
歓声|jmdict-common
歓待|jmdict-common
歓楽街|jmdict-common
歓談|jmdict-common
歓迎|jmdict-common
止す|jmdict-common
止まる|jmdict-common
止む|jmdict-common
止むをえない|jmdict-variant
止むを得ない|jmdict-variant
止めがね|jmdict-variant
止めどなく|jmdict-common
止めど無く|jmdict-variant
止める|jmdict-common
止め処なく|jmdict-variant
止め処無く|jmdict-variant
止め金|jmdict-variant
止る|jmdict-variant
止金|jmdict-variant
正しい|jmdict-common
正す|jmdict-common
正に|jmdict-common
正体|jmdict-common
正則|jmdict-common
正午|jmdict-common
正反対|jmdict-common
正味|jmdict-common
正坐|jmdict-variant
正常|jmdict-common
正常化|jmdict-common
正座|jmdict-common
正式|jmdict-common
正式名称|jmdict-common
正当|jmdict-common
正当防衛|jmdict-common
正念場|jmdict-common
正教|jmdict-common
正方形|jmdict-common
正月|jmdict-common
正油|jmdict-variant
正直|jmdict-common
正確|jmdict-common
正統|jmdict-common
正義|jmdict-common
正装|jmdict-common
正規|jmdict-common
正解|jmdict-common
正論|jmdict-common
正道|jmdict-common
正門|jmdict-common
正面|jmdict-common
此から|jmdict-variant
此の|jmdict-variant
此の前|jmdict-variant
此の辺|jmdict-variant
此の間|jmdict-variant
此の頃|jmdict-variant
此れ|jmdict-variant
此れから|jmdict-variant
此れこそ|jmdict-variant
此れまで|jmdict-variant
此れ等|jmdict-variant
此れ迄|jmdict-variant
此処|jmdict-variant
此処ら|jmdict-variant
此処等|jmdict-variant
此奴|jmdict-variant
此奴ら|jmdict-variant
此奴等|jmdict-variant
此所|jmdict-variant
此所ら|jmdict-variant
此方|jmdict-variant
此等|jmdict-variant
步く|jmdict-variant
武力|jmdict-common
武勇|jmdict-common
武器|jmdict-common
武士|jmdict-common
武将|jmdict-common
武者|jmdict-common
武装|jmdict-common
武道|jmdict-common
歩きまわる|jmdict-variant
歩き回る|jmdict-common
歩き廻る|jmdict-variant
歩く|jmdict-common
歩み|jmdict-common
歩みよる|jmdict-variant
歩み寄り|jmdict-common
歩み寄る|jmdict-common
歩む|jmdict-common
歩兵|jmdict-common
歩合|jmdict-common
歩行|jmdict-common
歩行者|jmdict-common
歩行者天国|jmdict-common
歩調|jmdict-common
歩道|jmdict-common
歩道橋|jmdict-common
歪む|jmdict-common
歯がゆい|jmdict-variant
歯ごたえ|jmdict-common
歯みがき|jmdict-variant
歯ブラシ|jmdict-common
歯切れ|jmdict-common
歯刷子|jmdict-variant
歯医者|jmdict-common
歯向う|jmdict-common
歯向かう|jmdict-common
歯応え|jmdict-variant
歯止め|jmdict-common
歯痒い|jmdict-common
歯磨|jmdict-variant
歯磨き|jmdict-common
歯科|jmdict-common
歯科医|jmdict-common
歯科医師|jmdict-common
歯科衛生士|jmdict-common
歯車|jmdict-common
歳とった|jmdict-variant
歳をとる|jmdict-variant
歳を取る|jmdict-variant
歳入|jmdict-common
歳出|jmdict-common
歳取った|jmdict-variant
歳暮|jmdict-common
歳月|jmdict-common
歳末|jmdict-common
歴る|jmdict-variant
歴代|jmdict-common
歴任|jmdict-common
歴史|jmdict-common
歴史的|jmdict-common
歴然|jmdict-common
歴訪|jmdict-common
歷史|jmdict-variant
歸る|jmdict-variant
死に体|jmdict-common
死ぬ|jmdict-common
死亡|jmdict-common
死亡率|jmdict-common
死亡者|jmdict-common
死人|jmdict-common
死体|jmdict-common
死傷者|jmdict-common
死刑|jmdict-common
死刑囚|jmdict-common
死去|jmdict-common
死因|jmdict-common
死後|jmdict-common
死活|jmdict-common
死球|jmdict-common
死者|jmdict-common
死語|jmdict-common
歿後|jmdict-variant
殆ど|jmdict-common
殆んど|jmdict-variant
殉職|jmdict-common
殉難|jmdict-common
殊に|jmdict-common
殊勝|jmdict-common
殊勲|jmdict-common
残す|jmdict-common
残った分|jmdict-common
残らず|jmdict-common
残り|jmdict-common
残る|jmdict-common
残刻|jmdict-variant
残塁|jmdict-common
残存|jmdict-common
残忍|jmdict-common
残念|jmdict-common
残暑|jmdict-common
残業|jmdict-common
残留|jmdict-common
残虐|jmdict-common
残酷|jmdict-common
残高|jmdict-common
殖える|jmdict-common
殖やす|jmdict-variant
殖民地|jmdict-variant
殪す|jmdict-variant
殪れる|jmdict-variant
殴りこみ|jmdict-variant
殴り込み|jmdict-common
殴る|jmdict-common
殴打|jmdict-common
段々|jmdict-common
段どり|jmdict-variant
段ボール|jmdict-common
段取り|jmdict-common
段段|jmdict-variant
段落|jmdict-common
段袋|jmdict-variant
段階|jmdict-common
殺し|jmdict-common
殺す|jmdict-common
殺人|jmdict-common
殺人事件|jmdict-common
殺倒|jmdict-variant
殺傷|jmdict-common
殺到|jmdict-common
殺害|jmdict-common
殺意|jmdict-common
殺気|jmdict-common
殺菌|jmdict-common
殺虫剤|jmdict-common
殺那|jmdict-variant
殿下|jmdict-common
殿堂|jmdict-common
殿様|jmdict-common
毀す|jmdict-variant
毀れる|jmdict-variant
毀損|jmdict-common
母さん|jmdict-common
母乳|jmdict-common
母体|jmdict-common
母国|jmdict-common
母国語|jmdict-common
母子|jmdict-common
母性|jmdict-common
母方|jmdict-common
母校|jmdict-common
母胎|jmdict-common
母親|jmdict-common
母音|jmdict-common
毎に|jmdict-common
毎回|jmdict-common
毎年|jmdict-common
毎度|jmdict-common
毎日|jmdict-common
毎日のように|jmdict-common
毎時|jmdict-common
毎晩|jmdict-common
毎月|jmdict-common
毎朝|jmdict-common
毎週|jmdict-common
毒ガス|jmdict-common
毒性|jmdict-common
毒殺|jmdict-common
毒舌|jmdict-common
毒薬|jmdict-common
比べ|jmdict-common
比べる|jmdict-common
比ゆ|jmdict-variant
比例|jmdict-common
比喩|jmdict-common
比律賓|jmdict-variant
比率|jmdict-common
比諭|jmdict-variant
比較|jmdict-common
比較的|jmdict-common
比重|jmdict-common
毛布|jmdict-common
毛皮|jmdict-common
毛筆|jmdict-common
毛糸|jmdict-common
毛虫|jmdict-common
毛革|jmdict-variant
氏名|jmdict-common
氏族|jmdict-common
氏神|jmdict-common
民主|jmdict-common
民主主義|jmdict-common
民主党|jmdict-common
民主国|jmdict-common
民主的|jmdict-common
民事|jmdict-common
民俗|jmdict-common
民兵|jmdict-common
民営|jmdict-common
民営化|jmdict-common
民家|jmdict-common
民宿|jmdict-common
民意|jmdict-common
民放|jmdict-common
民政|jmdict-common
民族|jmdict-common
民族主義|jmdict-common
民族自決|jmdict-common
民法|jmdict-common
民生|jmdict-common
民社党|jmdict-common
民芸|jmdict-common
民衆|jmdict-common
民話|jmdict-common
民謡|jmdict-common
民間|jmdict-common
民間放送|jmdict-common
民需|jmdict-common
気がかり|jmdict-common
気がつく|jmdict-common
気がね|jmdict-variant
気が付く|jmdict-common
気ずく|jmdict-variant
気ちがい|jmdict-variant
気づかい|jmdict-variant
気づかれ|jmdict-common
気づく|jmdict-common
気どる|jmdict-variant
気にいる|jmdict-variant
気に入り|jmdict-common
気に入る|jmdict-common
気のせい|jmdict-common
気のどく|jmdict-variant
気の向くままに|jmdict-common
気の向く侭に|jmdict-variant
気の所為|jmdict-variant
気の毒|jmdict-common
気ばらし|jmdict-variant
気まえ|jmdict-variant
気まぐれ|jmdict-common
気まま|jmdict-common
気むずかしい|jmdict-variant
気をつける|jmdict-common
気を付ける|jmdict-common
気丈|jmdict-common
気付く|jmdict-common
気体|jmdict-common
気侭|jmdict-variant
気候|jmdict-common
気儘|jmdict-variant
気兼ね|jmdict-common
気分|jmdict-common
気分転換|jmdict-common
気前|jmdict-common
気力|jmdict-common
気勢|jmdict-common
気取る|jmdict-common
気合|jmdict-common
気合い|jmdict-variant
気吹|jmdict-variant
気味|jmdict-common
気圧|jmdict-common
気嫌|jmdict-variant
気心|jmdict-common
気性|jmdict-common
気慨|jmdict-variant
気懸かり|jmdict-variant
気懸り|jmdict-variant
気持|jmdict-variant
気持ち|jmdict-common
気持ちわるい|jmdict-variant
気持ち悪い|jmdict-common
気持悪い|jmdict-variant
気掛かり|jmdict-variant
気掛り|jmdict-variant
気晴し|jmdict-variant
気晴らし|jmdict-common
気楽|jmdict-common
気概|jmdict-common
気泡|jmdict-common
気温|jmdict-common
気狂い|jmdict-variant
気球|jmdict-common
気疲れ|jmdict-variant
気筒|jmdict-common
気管|jmdict-common
気管支|jmdict-common
気紛れ|jmdict-variant
気絶|jmdict-common
気触れ|jmdict-common
気象|jmdict-common
気象予報士|jmdict-common
気象台|jmdict-common
気象学|jmdict-common
気象庁|jmdict-common
気負い|jmdict-common
気質|jmdict-common
気軽|jmdict-common
気迫|jmdict-common
気違い|jmdict-common
気遣い|jmdict-common
気配|jmdict-common
気配り|jmdict-common
気鋭|jmdict-common
気附く|jmdict-variant
気障|jmdict-common
気難しい|jmdict-common
気魄|jmdict-variant
氣儘|jmdict-variant
氣持ち|jmdict-variant
氣象|jmdict-variant
水々しい|jmdict-variant
水あげ|jmdict-variant
水いらず|jmdict-variant
水ぎわ|jmdict-variant
水くさい|jmdict-variant
水け|jmdict-variant
水びたし|jmdict-variant
水べ|jmdict-variant
水上|jmdict-common
水中|jmdict-common
水仙|jmdict-common
水位|jmdict-common
水俣病|jmdict-common
水入らず|jmdict-common
水分|jmdict-common
水利|jmdict-common
水割り|jmdict-common
水力|jmdict-common
水口|jmdict-common
水域|jmdict-common
水増し|jmdict-common
水墨画|jmdict-common
水害|jmdict-common
水平|jmdict-common
水平線|jmdict-common
水彩画|jmdict-common
水揚げ|jmdict-common
水族館|jmdict-common
水星|jmdict-common
水晶|jmdict-common
水曜|jmdict-common
水曜日|jmdict-common
水槽|jmdict-common
水死|jmdict-common
水母|jmdict-variant
水気|jmdict-common
水水しい|jmdict-variant
水沫|jmdict-variant
水泡|jmdict-common
水泳|jmdict-common
水洗|jmdict-common
水浸し|jmdict-common
水深|jmdict-common
水温|jmdict-common
水源|jmdict-common
水準|jmdict-common
水溶性|jmdict-common
水滴|jmdict-common
水爆|jmdict-common
水牛|jmdict-common
水玉|jmdict-common
水瓜|jmdict-variant
水産|jmdict-common
水産庁|jmdict-common
水産業|jmdict-common
水産物|jmdict-common
水田|jmdict-common
水着|jmdict-common
水稲|jmdict-common
水筒|jmdict-common
水精|jmdict-variant
水系|jmdict-common
水素|jmdict-common
水臭い|jmdict-common
水色|jmdict-common
水蒸気|jmdict-common
水蛭子|jmdict-variant
水質|jmdict-common
水路|jmdict-common
水車|jmdict-common
水辺|jmdict-common
水道|jmdict-common
水道水|jmdict-common
水量|jmdict-common
水銀|jmdict-common
水際|jmdict-common
水面|jmdict-common
水鳥|jmdict-common
氷る|jmdict-variant
氷山|jmdict-common
氷河|jmdict-common
氷点下|jmdict-common
永い|jmdict-variant
永らく|jmdict-variant
永久|jmdict-common
永代|jmdict-common
永住|jmdict-common
永年|jmdict-variant
永続|jmdict-common
永続き|jmdict-variant
永遠|jmdict-common
氾濫|jmdict-common
求める|jmdict-common
求人|jmdict-common
求刑|jmdict-common
求心力|jmdict-common
求職|jmdict-common
汎ゆる|jmdict-variant
汎濫|jmdict-variant
汎用|jmdict-common
汐時|jmdict-variant
汚い|jmdict-common
汚す|jmdict-common
汚ない|jmdict-variant
汚れ|jmdict-common
汚れる|jmdict-common
汚名|jmdict-common
汚染|jmdict-common
汚水|jmdict-common
汚濁|jmdict-common
汚点|jmdict-common
汚物|jmdict-common
汚職|jmdict-common
江戸|jmdict-common
江戸っこ|jmdict-variant
江戸っ児|jmdict-variant
江戸っ子|jmdict-common
江戸時代|jmdict-common
汰る|jmdict-variant
汲みとる|jmdict-variant
汲み取る|jmdict-common
汲む|jmdict-common
汲取る|jmdict-variant
決して|jmdict-common
決する|jmdict-common
決って|jmdict-variant
決まって|jmdict-common
決まり|jmdict-common
決まる|jmdict-common
決め|jmdict-common
決めつける|jmdict-variant
決める|jmdict-common
決め付ける|jmdict-common
決め手|jmdict-common
決め球|jmdict-common
決り|jmdict-variant
決る|jmdict-variant
決別|jmdict-common
決勝|jmdict-common
決勝トーナメント|jmdict-common
決勝戦|jmdict-common
決勝点|jmdict-common
決定|jmdict-common
決定的|jmdict-common
決心|jmdict-common
決意|jmdict-common
決戦|jmdict-common
決戦投票|jmdict-variant
決断|jmdict-common
決済|jmdict-common
決済方法|jmdict-common
決着|jmdict-common
決算|jmdict-common
決裁|jmdict-common
決裂|jmdict-common
決議|jmdict-common
決起|jmdict-common
決選投票|jmdict-common
汽笛|jmdict-common
汽船|jmdict-common
汽車|jmdict-common
沁みる|jmdict-variant
沁み沁み|jmdict-variant
沁沁|jmdict-variant
沈む|jmdict-common
沈める|jmdict-common
沈下|jmdict-common
沈没|jmdict-common
沈滞|jmdict-common
沈着|jmdict-common
沈菜|jmdict-variant
沈静|jmdict-common
沈黙|jmdict-common
沒落|jmdict-variant
沓下|jmdict-variant
沖合|jmdict-common
沖合い|jmdict-common
沖縄|jmdict-common
沖繩|jmdict-variant
沙丘|jmdict-variant
沙漠|jmdict-variant
没収|jmdict-common
没後|jmdict-common
没落|jmdict-common
没頭|jmdict-common
沢山|jmdict-common
沮む|jmdict-variant
沮止|jmdict-variant
河原|jmdict-common
河口|jmdict-common
河岸|jmdict-common
河川|jmdict-common
河川敷|jmdict-common
河沿い|jmdict-variant
河畔|jmdict-common
沸かす|jmdict-common
沸く|jmdict-common
沸す|jmdict-variant
沸騰|jmdict-common
油井|jmdict-common
油彩|jmdict-common
油断|jmdict-common
油田|jmdict-common
油画|jmdict-variant
油絵|jmdict-common
油脂|jmdict-common
治す|jmdict-common
治まり|jmdict-variant
治まる|jmdict-common
治める|jmdict-common
治る|jmdict-common
治安|jmdict-common
治水|jmdict-common
治療|jmdict-common
治療法|jmdict-common
治癒|jmdict-common
治験|jmdict-common
沼地|jmdict-common
沼沢|jmdict-common
沼田|jmdict-common
沿い|jmdict-common
沿う|jmdict-common
沿って|jmdict-common
沿岸|jmdict-common
沿海|jmdict-common
沿海州|jmdict-common
沿線|jmdict-common
沿道|jmdict-common
沿革|jmdict-common
況して|jmdict-variant
泉水|jmdict-common
泊まり|jmdict-common
泊まる|jmdict-common
泊める|jmdict-common
泊り|jmdict-variant
泊る|jmdict-variant
泌みる|jmdict-variant
泌尿器|jmdict-common
法人|jmdict-common
法令|jmdict-common
法制|jmdict-common
法制局|jmdict-common
法則|jmdict-common
法務|jmdict-common
法務省|jmdict-common
法医学|jmdict-common
法外|jmdict-common
法学|jmdict-common
法学部|jmdict-common
法定|jmdict-common
法師|jmdict-common
法廷|jmdict-common
法律|jmdict-common
法律事務所|jmdict-common
法文|jmdict-common
法曹|jmdict-common
法曹界|jmdict-common
法案|jmdict-common
法治国|jmdict-common
法王|jmdict-common
法的|jmdict-common
法相|jmdict-common
法蓮草|jmdict-variant
法要|jmdict-common
法規|jmdict-common
法連草|jmdict-variant
泛かぶ|jmdict-variant
泛かべる|jmdict-variant
泛ぶ|jmdict-variant
泛べる|jmdict-variant
泛子|jmdict-variant
泝る|jmdict-variant
波乱|jmdict-common
波乱バンジョー|jmdict-variant
波乱万丈|jmdict-common
波及|jmdict-common
波戸場|jmdict-variant
波止場|jmdict-common
波浪|jmdict-common
波瀾|jmdict-variant
波瀾万丈|jmdict-common
波紋|jmdict-common
波長|jmdict-common
泣き|jmdict-common
泣き声|jmdict-common
泣き顔|jmdict-common
泣く|jmdict-common
泣声|jmdict-variant
泥々|jmdict-variant
泥坊|jmdict-variant
泥棒|jmdict-common
泥沼|jmdict-common
泥泥|jmdict-variant
泥炭|jmdict-common
泥酔|jmdict-common
注ぎこむ|jmdict-variant
注ぎ込む|jmdict-common
注ぐ|jmdict-common
注す|jmdict-common
注入|jmdict-common
注告|jmdict-variant
注射|jmdict-common
注意|jmdict-common
注意報|jmdict-common
注意深い|jmdict-common
注文|jmdict-common
注目|jmdict-common
注釈|jmdict-common
泰山|jmdict-variant
泳ぎ|jmdict-common
泳ぐ|jmdict-common
洋上|jmdict-common
洋室|jmdict-common
洋式|jmdict-common
洋書|jmdict-common
洋服|jmdict-common
洋杯|jmdict-variant
洋楽|jmdict-common
洋画|jmdict-common
洋盃|jmdict-variant
洋袴|jmdict-variant
洋裁|jmdict-common
洋酒|jmdict-common
洋間|jmdict-common
洋風|jmdict-common
洋食|jmdict-common
洒落|jmdict-common
洒落る|jmdict-common
洗いもの|jmdict-variant
洗いもん|jmdict-variant
洗い上げる|jmdict-common
洗い物|jmdict-common
洗う|jmdict-common
洗たく|jmdict-variant
洗たく機|jmdict-variant
洗剤|jmdict-common
洗浄|jmdict-common
洗浄剤|jmdict-common
洗湯|jmdict-variant
洗濯|jmdict-common
洗濯もの|jmdict-variant
洗濯もん|jmdict-variant
洗濯機|jmdict-common
洗濯物|jmdict-common
洗煉|jmdict-variant
洗物|jmdict-variant
洗礼|jmdict-common
洗練|jmdict-common
洗脳|jmdict-common
洗錬|jmdict-variant
洗面|jmdict-common
洗面器|jmdict-common
洗面所|jmdict-common
洗髪|jmdict-common
洞くつ|jmdict-variant
洞察|jmdict-common
洞穴|jmdict-common
洞窟|jmdict-common
洟水|jmdict-variant
津波|jmdict-common
津浪|jmdict-variant
洩らす|jmdict-variant
洩る|jmdict-variant
洩れる|jmdict-variant
洪水|jmdict-common
洵に|jmdict-variant
活かす|jmdict-variant
活き|jmdict-variant
活きいき|jmdict-variant
活きる|jmdict-variant
活き活き|jmdict-variant
活ける|jmdict-variant
活け花|jmdict-variant
活力|jmdict-common
活動|jmdict-common
活動家|jmdict-common
活字|jmdict-common
活性|jmdict-common
活気|jmdict-common
活況|jmdict-common
活溌|jmdict-variant
活潑|jmdict-variant
活用|jmdict-common
活発|jmdict-common
活花|jmdict-variant
活路|jmdict-common
活躍|jmdict-common
派兵|jmdict-common
派出所|jmdict-common
派手|jmdict-common
派生|jmdict-common
派遣|jmdict-common
派閥|jmdict-common
流し|jmdict-common
流す|jmdict-common
流ちょう|jmdict-variant
流れ|jmdict-common
流れる|jmdict-common
流れ星|jmdict-common
流れ込む|jmdict-common
流入|jmdict-common
流出|jmdict-common
流動|jmdict-common
流動的|jmdict-common
流域|jmdict-common
流暢|jmdict-common
流氷|jmdict-common
流派|jmdict-common
流浪|jmdict-common
流用|jmdict-common
流石|jmdict-common
流血|jmdict-common
流行|jmdict-common
流行る|jmdict-common
流行歌|jmdict-common
流通|jmdict-common
浄い|jmdict-variant
浄化|jmdict-common
浄化槽|jmdict-common
浄土|jmdict-common
浄土真宗|jmdict-common
浄水|jmdict-common
浅い|jmdict-common
浅はか|jmdict-common
浅墓|jmdict-variant
浅瀬|jmdict-common
浅見|jmdict-common
浅黒い|jmdict-common
浚う|jmdict-common
浜べ|jmdict-variant
浜松|jmdict-common
浜辺|jmdict-common
浪人|jmdict-common
浪曼|jmdict-variant
浪漫|jmdict-variant
浪花|jmdict-variant
浪華|jmdict-variant
浪費|jmdict-common
浪速|jmdict-variant
浮かびあがる|jmdict-variant
浮かび上がる|jmdict-common
浮かび上る|jmdict-variant
浮かぶ|jmdict-common
浮かべる|jmdict-common
浮かれる|jmdict-common
浮き|jmdict-common
浮き彫|jmdict-variant
浮き彫り|jmdict-common
浮き浮き|jmdict-variant
浮く|jmdict-common
浮びあがる|jmdict-variant
浮び上がる|jmdict-variant
浮び上る|jmdict-variant
浮ぶ|jmdict-variant
浮べる|jmdict-variant
浮上|jmdict-common
浮世絵|jmdict-common
浮動票|jmdict-common
浮子|jmdict-variant
浮彫|jmdict-variant
浮彫り|jmdict-variant
浮揚|jmdict-common
浮気|jmdict-common
浮氣|jmdict-variant
浮沈|jmdict-common
浮浪者|jmdict-common
浮游|jmdict-variant
浮腫|jmdict-variant
浮腫み|jmdict-variant
浮遊|jmdict-common
浴びせる|jmdict-common
浴びる|jmdict-common
浴場|jmdict-common
浴室|jmdict-common
浴槽|jmdict-common
浴衣|jmdict-common
海べ|jmdict-variant
海上|jmdict-common
海上保安庁|jmdict-common
海上自衛隊|jmdict-common
海中|jmdict-common
海兵隊|jmdict-common
海嘯|jmdict-variant
海域|jmdict-common
海外|jmdict-common
海外出張|jmdict-common
海外旅行|jmdict-common
海岸|jmdict-common
海岸線|jmdict-common
海峡|jmdict-common
海底|jmdict-common
海戦|jmdict-common
海抜|jmdict-common
海月|jmdict-variant
海水|jmdict-common
海水浴|jmdict-common
海水浴場|jmdict-common
海洋|jmdict-common
海流|jmdict-common
海浜|jmdict-common
海溝|jmdict-common
海王星|jmdict-common
海産物|jmdict-common
海石榴|jmdict-variant
海老|jmdict-common
海苔|jmdict-common
海藻|jmdict-common
海豚|jmdict-variant
海賊|jmdict-common
海路|jmdict-common
海軍|jmdict-common
海辺|jmdict-common
海運|jmdict-common
海道|jmdict-common
海邊|jmdict-variant
海難|jmdict-common
海面|jmdict-common
浸かる|jmdict-common
浸ける|jmdict-variant
浸す|jmdict-common
浸みる|jmdict-variant
浸る|jmdict-common
浸水|jmdict-common
浸蝕|jmdict-variant
浸透|jmdict-common
浸食|jmdict-common
消える|jmdict-common
消しごむ|jmdict-variant
消しゴム|jmdict-common
消し印|jmdict-variant
消す|jmdict-common
消ゴム|jmdict-variant
消化|jmdict-common
消化器|jmdict-common
消印|jmdict-common
消去|jmdict-common
消息|jmdict-common
消息筋|jmdict-common
消極|jmdict-common
消極的|jmdict-common
消毒|jmdict-common
消滅|jmdict-common
消火|jmdict-common
消火器|jmdict-common
消灯|jmdict-common
消燈|jmdict-variant
消耗|jmdict-common
消耗品|jmdict-common
消費|jmdict-common
消費材|jmdict-variant
消費税|jmdict-common
消費者|jmdict-common
消費財|jmdict-common
消防|jmdict-common
消防庁|jmdict-common
消防署|jmdict-common
消防車|jmdict-common
涌く|jmdict-variant
涌水|jmdict-variant
涙ぐましい|jmdict-common
涙声|jmdict-common
涯て|jmdict-variant
液体|jmdict-common
液化|jmdict-common
液晶|jmdict-common
涸渇|jmdict-variant
涼しい|jmdict-common
涼む|jmdict-common
涼風|jmdict-common
淀む|jmdict-variant
淋しい|jmdict-common
淋巴|jmdict-variant
淑やか|jmdict-common
淑女|jmdict-common
淑徳|jmdict-common
淘る|jmdict-variant
淡々|jmdict-common
淡い|jmdict-common
淡水|jmdict-common
淡泊|jmdict-variant
淡淡|jmdict-variant
淡白|jmdict-common
淡薄|jmdict-variant
深い|jmdict-common
深ける|jmdict-variant
深さ|jmdict-common
深まる|jmdict-common
深み|jmdict-common
深める|jmdict-common
深切|jmdict-variant
深刻|jmdict-common
深刻化|jmdict-common
深味|jmdict-variant
深夜|jmdict-common
深層|jmdict-common
深山|jmdict-common
深度|jmdict-common
深海|jmdict-common
混える|jmdict-variant
混ざる|jmdict-common
混じり|jmdict-variant
混じる|jmdict-common
混ぜもの|jmdict-variant
混ぜる|jmdict-common
混ぜ合わす|jmdict-common
混ぜ物|jmdict-common
混む|jmdict-common
混る|jmdict-variant
混乱|jmdict-common
混入|jmdict-common
混凝土|jmdict-variant
混合|jmdict-common
混同|jmdict-common
混成|jmdict-common
混戦|jmdict-common
混紡|jmdict-common
混血|jmdict-common
混迷|jmdict-common
混雑|jmdict-common
淺見|jmdict-variant
添い|jmdict-variant
添う|jmdict-common
添える|jmdict-common
添乗|jmdict-common
添付|jmdict-common
添削|jmdict-common
添加|jmdict-common
添加物|jmdict-common
添附|jmdict-variant
清々しい|jmdict-common
清い|jmdict-common
清ます|jmdict-variant
清む|jmdict-variant
清らか|jmdict-common
清廉|jmdict-common
清掃|jmdict-common
清新|jmdict-common
清書|jmdict-common
清流|jmdict-common
清浄|jmdict-common
清涼|jmdict-common
清清しい|jmdict-variant
清潔|jmdict-common
清澄|jmdict-common
清算|jmdict-common
清貧|jmdict-common
清酒|jmdict-common
渇き|jmdict-common
渇く|jmdict-common
渇望|jmdict-common
渇水|jmdict-common
済う|jmdict-variant
済す|jmdict-variant
済ます|jmdict-common
済ませる|jmdict-common
済まない|jmdict-common
済みません|jmdict-common
済む|jmdict-common
済われる|jmdict-variant
渉る|jmdict-variant
渉外|jmdict-common
渋い|jmdict-common
渋る|jmdict-common
渋滞|jmdict-common
渋谷|jmdict-common
渋面|jmdict-common
渓流|jmdict-common
渓谷|jmdict-common
減らす|jmdict-common
減る|jmdict-common
減価償却|jmdict-common
減俸|jmdict-common
減免|jmdict-common
減反|jmdict-common
減収|jmdict-common
減員|jmdict-common
減少|jmdict-common
減段|jmdict-variant
減点|jmdict-common
減産|jmdict-common
減益|jmdict-common
減税|jmdict-common
減給|jmdict-common
減退|jmdict-common
減速|jmdict-common
減量|jmdict-common
減額|jmdict-common
渡し|jmdict-common
渡し舟|jmdict-variant
渡し船|jmdict-common
渡す|jmdict-common
渡り|jmdict-common
渡り鳥|jmdict-common
渡る|jmdict-common
渡来|jmdict-common
渡航|jmdict-common
渦中|jmdict-common
渦巻|jmdict-variant
渦巻き|jmdict-common
温い|jmdict-common
温かい|jmdict-common
温まる|jmdict-common
温める|jmdict-common
温もり|jmdict-common
温健|jmdict-variant
温厚|jmdict-common
温和|jmdict-common
温和しい|jmdict-variant
温存|jmdict-common
温室|jmdict-common
温帯|jmdict-common
温床|jmdict-common
温度|jmdict-common
温度計|jmdict-common
温暖|jmdict-common
温柔しい|jmdict-variant
温泉|jmdict-common
渫う|jmdict-variant
測りしれない|jmdict-variant
測り知れない|jmdict-variant
測る|jmdict-common
測候所|jmdict-common
測定|jmdict-common
測量|jmdict-common
港内|jmdict-common
港湾|jmdict-common
游ぎ|jmdict-variant
游ぐ|jmdict-variant
游撃|jmdict-variant
渾て|jmdict-variant
渾名|jmdict-variant
湖水|jmdict-common
湖沼|jmdict-common
湖畔|jmdict-common
湧く|jmdict-common
湧水|jmdict-common
湮滅|jmdict-variant
湯のみ|jmdict-common
湯呑|jmdict-variant
湯呑み|jmdict-variant
湯気|jmdict-common
湯沸かし器|jmdict-common
湯沸かし機|jmdict-variant
湯沸し器|jmdict-variant
湯沸し機|jmdict-variant
湯沸器|jmdict-variant
湯治|jmdict-common
湯飲|jmdict-variant
湯飲み|jmdict-common
湾岸|jmdict-common
湾曲|jmdict-common
湿しん|jmdict-variant
湿っぽい|jmdict-common
湿る|jmdict-common
湿原|jmdict-common
湿地|jmdict-common
湿度|jmdict-common
湿気|jmdict-common
湿疹|jmdict-common
満々|jmdict-common
満たす|jmdict-common
満ちる|jmdict-common
満ち潮|jmdict-variant
満了|jmdict-common
満俺|jmdict-variant
満員|jmdict-common
満員電車|jmdict-common
満喫|jmdict-common
満場|jmdict-common
満場一致|jmdict-common
満塁|jmdict-common
満席|jmdict-common
満悦|jmdict-common
満更|jmdict-common
満月|jmdict-common
満期|jmdict-common
満杯|jmdict-common
満満|jmdict-variant
満潮|jmdict-common
満点|jmdict-common
満腹|jmdict-common
満足|jmdict-common
満足感|jmdict-common
満載|jmdict-common
満開|jmdict-common
満面|jmdict-common
源氏|jmdict-common
源泉|jmdict-common
源流|jmdict-common
準える|jmdict-common
準じる|jmdict-common
準ずる|jmdict-common
準備|jmdict-common
準急|jmdict-common
準拠|jmdict-common
準決勝|jmdict-common
溜まる|jmdict-common
溜める|jmdict-common
溜め息|jmdict-common
溜る|jmdict-variant
溜息|jmdict-variant
溢す|jmdict-variant
溢れる|jmdict-common
溪谷|jmdict-variant
溯る|jmdict-variant
溶かす|jmdict-common
溶く|jmdict-common
溶けこむ|jmdict-variant
溶ける|jmdict-common
溶け込む|jmdict-common
溶岩|jmdict-common
溶接|jmdict-common
溶液|jmdict-common
溶解|jmdict-common
溶込む|jmdict-variant
溶鉱炉|jmdict-common
溺れる|jmdict-common
滅す|jmdict-variant
滅びる|jmdict-common
滅ぼす|jmdict-common
滅亡|jmdict-common
滅多|jmdict-common
滅多に|jmdict-common
滅茶滅茶|jmdict-variant
滅茶苦茶|jmdict-common
滋る|jmdict-variant
滋養|jmdict-common
滑か|jmdict-variant
滑らか|jmdict-common
滑り|jmdict-common
滑り台|jmdict-common
滑る|jmdict-common
滑台|jmdict-variant
滑稽|jmdict-common
滑走|jmdict-common
滑走路|jmdict-common
滑降|jmdict-common
滝口|jmdict-common
滝川|jmdict-common
滞在|jmdict-common
滞在中|jmdict-common
滞納|jmdict-common
滲みる|jmdict-variant
滲む|jmdict-common
滲透|jmdict-variant
滿足|jmdict-variant
漁る|jmdict-common
漁場|jmdict-common
漁師|jmdict-common
漁村|jmdict-common
漁業|jmdict-common
漁民|jmdict-common
漁港|jmdict-common
漁獲|jmdict-common
漁船|jmdict-common
漂う|jmdict-common
漂流|jmdict-common
漂白|jmdict-common
漂白剤|jmdict-common
漂着|jmdict-common
漆器|jmdict-common
漆塗り|jmdict-common
漆黒|jmdict-common
漏えい|jmdict-variant
漏らす|jmdict-common
漏る|jmdict-common
漏れる|jmdict-common
漏泄|jmdict-variant
漏洩|jmdict-common
漑ぐ|jmdict-variant
演じる|jmdict-common
演ずる|jmdict-common
演出|jmdict-common
演出家|jmdict-common
演劇|jmdict-common
演壇|jmdict-common
演奏|jmdict-common
演奏会|jmdict-common
演技|jmdict-common
演技力|jmdict-common
演歌|jmdict-common
演目|jmdict-common
演算|jmdict-common
演習|jmdict-common
演舌|jmdict-variant
演舞|jmdict-common
演芸|jmdict-common
演説|jmdict-common
漕ぐ|jmdict-common
漠然|jmdict-common
漢和|jmdict-common
漢字|jmdict-common
漢文|jmdict-common
漢方|jmdict-common
漢方薬|jmdict-common
漢法|jmdict-variant
漢詩|jmdict-common
漢語|jmdict-common
漫才|jmdict-common
漫画|jmdict-common
漫画家|jmdict-common
漫談|jmdict-common
漬かる|jmdict-variant
漬けもの|jmdict-variant
漬ける|jmdict-common
漬け物|jmdict-common
漬す|jmdict-variant
漬る|jmdict-variant
漬物|jmdict-common
漸く|jmdict-variant
漸て|jmdict-variant
漸と|jmdict-variant
漸時|jmdict-variant
漸次|jmdict-common
漸減|jmdict-common
漸進|jmdict-common
潅ぐ|jmdict-variant
潅漑|jmdict-variant
潔い|jmdict-common
潔よい|jmdict-variant
潔癖|jmdict-common
潔白|jmdict-common
潔良い|jmdict-variant
潛む|jmdict-variant
潜か|jmdict-variant
潜む|jmdict-common
潜る|jmdict-common
潜伏|jmdict-common
潜入|jmdict-common
潜在|jmdict-common
潜水|jmdict-common
潜水艦|jmdict-common
潤い|jmdict-common
潤う|jmdict-common
潤す|jmdict-common
潤む|jmdict-common
潤滑油|jmdict-common
潤色|jmdict-common
潤飾|jmdict-variant
潮どき|jmdict-variant
潮時|jmdict-common
潮流|jmdict-common
潰す|jmdict-common
潰れる|jmdict-common
潰滅|jmdict-variant
澁い|jmdict-variant
澁谷|jmdict-variant
澄まし顔|jmdict-variant
澄ます|jmdict-common
澄みきる|jmdict-variant
澄み切る|jmdict-common
澄む|jmdict-common
澱む|jmdict-common
澹々|jmdict-variant
澹泊|jmdict-variant
澹澹|jmdict-variant
激しい|jmdict-common
激励|jmdict-common
激動|jmdict-common
激化|jmdict-common
激変|jmdict-common
激怒|jmdict-common
激情|jmdict-common
激戦|jmdict-common
激流|jmdict-common
激減|jmdict-common
激甚|jmdict-common
激的|jmdict-variant
激突|jmdict-common
激論|jmdict-common
濁す|jmdict-common
濁る|jmdict-common
濁流|jmdict-common
濃い|jmdict-common
濃厚|jmdict-common
濃度|jmdict-common
濃淡|jmdict-common
濃紺|jmdict-common
濃縮|jmdict-common
濃霧|jmdict-common
濟む|jmdict-variant
濠太剌利|jmdict-variant
濡す|jmdict-variant
濡らす|jmdict-common
濡る|jmdict-variant
濡れる|jmdict-common
濫獲|jmdict-variant
濫用|jmdict-variant
濫発|jmdict-variant
濫立|jmdict-variant
濳む|jmdict-variant
濺ぐ|jmdict-variant
瀬戸|jmdict-common
瀬戸もの|jmdict-variant
瀬戸物|jmdict-common
瀬戸際|jmdict-common
灌ぐ|jmdict-variant
灌漑|jmdict-common
火つけ役|jmdict-variant
火ばち|jmdict-variant
火事|jmdict-common
火付け役|jmdict-common
火傷|jmdict-common
火力|jmdict-common
火口|jmdict-common
火器|jmdict-common
火山|jmdict-common
火山灰|jmdict-common
火星|jmdict-common
火曜|jmdict-common
火曜日|jmdict-common
火災|jmdict-common
火災保険|jmdict-common
火災流|jmdict-variant
火炎瓶|jmdict-common
火燵|jmdict-variant
火砕流|jmdict-common
火種|jmdict-common
火花|jmdict-common
火葬|jmdict-common
火薬|jmdict-common
火鉢|jmdict-common
灯かり|jmdict-variant
灯す|jmdict-common
灯り|jmdict-common
灯台|jmdict-common
灯油|jmdict-common
灯火|jmdict-common
灰皿|jmdict-common
灰色|jmdict-common
灼ける|jmdict-variant
災い|jmdict-common
災害|jmdict-common
災難|jmdict-common
炉心|jmdict-common
炊き出し|jmdict-common
炊く|jmdict-common
炊事|jmdict-common
炊出し|jmdict-common
炊飯器|jmdict-common
炊飯機|jmdict-variant
炎上|jmdict-common
炎天|jmdict-common
炎症|jmdict-common
炒める|jmdict-common
炒る|jmdict-common
炒飯|jmdict-variant
炬燵|jmdict-common
炭坑|jmdict-variant
炭田|jmdict-common
炭礦|jmdict-variant
炭素|jmdict-common
炭酸|jmdict-common
炭鉱|jmdict-common
炸裂|jmdict-common
点く|jmdict-common
点ける|jmdict-common
点す|jmdict-variant
点呼|jmdict-common
点在|jmdict-common
点字|jmdict-common
点差|jmdict-common
点数|jmdict-common
点検|jmdict-common
点滅|jmdict-common
点滴|jmdict-common
点火|jmdict-common
点訳|jmdict-common
点頭く|jmdict-variant
為さい|jmdict-variant
為さる|jmdict-variant
為し遂げる|jmdict-variant
為す|jmdict-common
為に|jmdict-common
為め|jmdict-variant
為る|jmdict-variant
為れる|jmdict-variant
為手|jmdict-variant
為政者|jmdict-common
為替|jmdict-common
為替相場|jmdict-common
為業|jmdict-variant
為種|jmdict-variant
為続ける|jmdict-variant
為送り|jmdict-variant
為過ぎる|jmdict-variant
烈しい|jmdict-variant
烈震|jmdict-common
烏克蘭|jmdict-variant
烏賊|jmdict-variant
烟い|jmdict-variant
烟たい|jmdict-variant
烟る|jmdict-variant
烟突|jmdict-variant
烟草|jmdict-variant
烹る|jmdict-variant
焚き出し|jmdict-variant
焚き木|jmdict-variant
焚く|jmdict-common
焚出し|jmdict-variant
焜炉|jmdict-variant
無い|jmdict-common
無いといけない|jmdict-variant
無いといけません|jmdict-variant
無いと行けない|jmdict-variant
無いと行けません|jmdict-variant
無きゃいけない|jmdict-common
無くす|jmdict-common
無くちゃいけない|jmdict-common
無くてはいけない|jmdict-common
無くてはいけません|jmdict-common
無くてはならない|jmdict-common
無くなる|jmdict-common
無さそう|jmdict-common
無し|jmdict-common
無しには|jmdict-common
無事|jmdict-common
無人|jmdict-common
無休|jmdict-common
無修正|jmdict-common
無傷|jmdict-common
無償|jmdict-common
無免許|jmdict-common
無党派層|jmdict-common
無利子|jmdict-common
無制限|jmdict-common
無力|jmdict-common
無力感|jmdict-common
無効|jmdict-common
無口|jmdict-common
無名|jmdict-common
無器用|jmdict-variant
無地|jmdict-common
無報酬|jmdict-common
無実|jmdict-common
無害|jmdict-common
無尽蔵|jmdict-common
無届|jmdict-variant
無届け|jmdict-common
無差別|jmdict-common
無形|jmdict-common
無形文化財|jmdict-common
無得点|jmdict-common
無心|jmdict-common
無念|jmdict-common
無性に|jmdict-common
無恥|jmdict-common
無情|jmdict-common
無惨|jmdict-variant
無意味|jmdict-common
無意識|jmdict-common
無慙|jmdict-variant
無慚|jmdict-variant
無慾|jmdict-variant
無我|jmdict-common
無所属|jmdict-common
無投票|jmdict-common
無政府|jmdict-common
無数|jmdict-common
無敵|jmdict-common
無料|jmdict-common
無断|jmdict-common
無智|jmdict-variant
無暗に|jmdict-variant
無暴|jmdict-variant
無期|jmdict-common
無期限|jmdict-common
無条件|jmdict-common
無機物|jmdict-common
無欲|jmdict-common
無死|jmdict-common
無残|jmdict-common
無気力|jmdict-common
無気味|jmdict-variant
無法|jmdict-common
無洗米|jmdict-common
無為|jmdict-common
無理|jmdict-common
無理やり|jmdict-common
無理矢理|jmdict-common
無理遣り|jmdict-variant
無生物|jmdict-common
無用|jmdict-common
無疵|jmdict-variant
無益|jmdict-common
無知|jmdict-common
無礼|jmdict-common
無礼る|jmdict-variant
無神経|jmdict-common
無秩序|jmdict-common
無税|jmdict-common
無策|jmdict-common
無精|jmdict-common
無給|jmdict-common
無線|jmdict-common
無線ラン|jmdict-variant
無線ＬＡＮ|jmdict-common
無縁|jmdict-common
無罪|jmdict-common
無職|jmdict-common
無能|jmdict-common
無色|jmdict-common
無茶|jmdict-common
無茶苦茶|jmdict-common
無菌|jmdict-common
無視|jmdict-common
無言|jmdict-common
無記名|jmdict-common
無論|jmdict-common
無謀|jmdict-common
無責任|jmdict-common
無資格|jmdict-common
無造作|jmdict-common
無邪気|jmdict-common
無配|jmdict-common
無重量|jmdict-common
無量|jmdict-common
無関係|jmdict-common
無関心|jmdict-common
無闇に|jmdict-common
無限|jmdict-common
無雑作|jmdict-variant
無難|jmdict-common
無風|jmdict-common
無駄|jmdict-common
無駄づかい|jmdict-variant
無駄使い|jmdict-variant
無駄遣い|jmdict-common
焦がす|jmdict-common
焦げる|jmdict-common
焦り|jmdict-common
焦る|jmdict-common
焦点|jmdict-common
焦燥|jmdict-common
焦躁|jmdict-variant
然う|jmdict-variant
然うした|jmdict-variant
然うしたら|jmdict-variant
然うして|jmdict-variant
然うすれば|jmdict-variant
然う言う|jmdict-variant
然し|jmdict-variant
然して|jmdict-variant
然も|jmdict-variant
然らば|jmdict-variant
然様なら|jmdict-variant
焼きいも|jmdict-variant
焼きそば|jmdict-common
焼きもち|jmdict-common
焼き肉|jmdict-common
焼き芋|jmdict-common
焼き蕎麦|jmdict-variant
焼き餅|jmdict-variant
焼き餠|jmdict-variant
焼き鳥|jmdict-common
焼き鶏|jmdict-variant
焼く|jmdict-common
焼け|jmdict-variant
焼ける|jmdict-common
焼け跡|jmdict-common
焼そば|jmdict-variant
焼もち|jmdict-variant
焼却|jmdict-common
焼死|jmdict-common
焼肉|jmdict-common
焼芋|jmdict-common
焼蕎麦|jmdict-variant
焼藷|jmdict-variant
焼跡|jmdict-variant
焼酎|jmdict-common
焼餅|jmdict-variant
焼鳥|jmdict-common
焼鶏|jmdict-variant
煉り|jmdict-variant
煉る|jmdict-variant
煉瓦|jmdict-common
煌びやか|jmdict-common
煎る|jmdict-variant
煎餅|jmdict-common
煎餠|jmdict-variant
煖房|jmdict-variant
煖炉|jmdict-variant
煙い|jmdict-common
煙たい|jmdict-common
煙る|jmdict-common
煙火|jmdict-variant
煙突|jmdict-common
煙草|jmdict-common
煠でる|jmdict-variant
煠める|jmdict-variant
照らす|jmdict-common
照る|jmdict-common
照れる|jmdict-common
照会|jmdict-common
照射|jmdict-common
照明|jmdict-common
照準|jmdict-common
煩い|jmdict-common
煩う|jmdict-common
煩さい|jmdict-variant
煩わしい|jmdict-common
煩悩|jmdict-common
煩惱|jmdict-variant
煩雑|jmdict-common
煮える|jmdict-common
煮こむ|jmdict-variant
煮つめる|jmdict-variant
煮もの|jmdict-variant
煮やす|jmdict-common
煮る|jmdict-common
煮物|jmdict-common
煮詰める|jmdict-common
煮込む|jmdict-common
煽ぐ|jmdict-variant
煽る|jmdict-common
煽動|jmdict-variant
熄む|jmdict-variant
熔く|jmdict-variant
熔岩|jmdict-variant
熔接|jmdict-variant
熔解|jmdict-variant
熔鉱炉|jmdict-variant
熟々|jmdict-variant
熟す|jmdict-common
熟熟|jmdict-variant
熟睡|jmdict-common
熟知|jmdict-common
熟練|jmdict-common
熟語|jmdict-common
熬る|jmdict-variant
熱々|jmdict-common
熱い|jmdict-common
熱する|jmdict-common
熱中|jmdict-common
熱傷|jmdict-variant
熱帯|jmdict-common
熱帯魚|jmdict-common
熱弁|jmdict-common
熱心|jmdict-common
熱意|jmdict-common
熱戦|jmdict-common
熱気|jmdict-common
熱湯|jmdict-common
熱烈|jmdict-common
熱熱|jmdict-variant
熱狂|jmdict-common
熱病|jmdict-common
熱辯|jmdict-variant
燃えあがる|jmdict-variant
燃える|jmdict-common
燃え上がる|jmdict-common
燃す|jmdict-variant
燃やす|jmdict-common
燃料|jmdict-common
燃焼|jmdict-common
燃費|jmdict-common
燈す|jmdict-variant
燈台|jmdict-variant
燈火|jmdict-variant
燐寸|jmdict-variant
燥ぐ|jmdict-variant
燬く|jmdict-variant
爆弾|jmdict-common
爆撃|jmdict-common
爆発|jmdict-common
爆破|jmdict-common
爆竹|jmdict-common
爆笑|jmdict-common
爆薬|jmdict-common
爆音|jmdict-common
爪ようじ|jmdict-variant
爪先|jmdict-variant
爪切|jmdict-variant
爪切り|jmdict-common
爪楊枝|jmdict-common
爬虫類|jmdict-common
爲さる|jmdict-variant
爲す|jmdict-variant
爲に|jmdict-variant
父さん|jmdict-common
父兄|jmdict-common
父子|jmdict-common
父方|jmdict-common
父母|jmdict-common
父親|jmdict-common
爺さん|jmdict-common
爽やか|jmdict-common
爽快|jmdict-common
牆壁|jmdict-variant
片かな|jmdict-variant
片すみ|jmdict-variant
片づく|jmdict-variant
片づける|jmdict-variant
片付く|jmdict-common
片付ける|jmdict-common
片仮名|jmdict-variant
片側|jmdict-common
片寄り|jmdict-variant
片寄る|jmdict-common
片思い|jmdict-common
片想い|jmdict-variant
片手|jmdict-common
片方|jmdict-common
片目|jmdict-common
片眼|jmdict-variant
片道|jmdict-common
片隅|jmdict-common
版権|jmdict-common
版画|jmdict-common
牙買加|jmdict-variant
牛丼|jmdict-common
牛乳|jmdict-common
牛歩|jmdict-common
牛津|jmdict-variant
牛肉|jmdict-common
牛舎|jmdict-common
牛角|jmdict-variant
牡蛎|jmdict-variant
牡蠣|jmdict-common
牢人|jmdict-variant
牧場|jmdict-common
牧師|jmdict-common
牧畜|jmdict-common
牧草|jmdict-common
牧野|jmdict-common
物ごと|jmdict-variant
物さし|jmdict-variant
物すごい|jmdict-variant
物たりない|jmdict-variant
物事|jmdict-common
物件|jmdict-common
物体|jmdict-common
物体ない|jmdict-variant
物体無い|jmdict-variant
物価|jmdict-common
物価指数|jmdict-common
物凄い|jmdict-common
物別れ|jmdict-common
物品|jmdict-common
物好き|jmdict-common
物差|jmdict-variant
物差し|jmdict-common
物干|jmdict-variant
物干し|jmdict-common
物心|jmdict-common
物指|jmdict-variant
物指し|jmdict-variant
物数奇|jmdict-variant
物流|jmdict-common
物理|jmdict-common
物理学|jmdict-common
物理的|jmdict-common
物産|jmdict-common
物的|jmdict-common
物置|jmdict-common
物置き|jmdict-variant
物腰|jmdict-common
物蔭|jmdict-variant
物覚え|jmdict-common
物言い|jmdict-common
物証|jmdict-common
物語|jmdict-common
物語り|jmdict-variant
物語る|jmdict-common
物議|jmdict-common
物販|jmdict-common
物資|jmdict-common
物質|jmdict-common
物質的|jmdict-common
物足りない|jmdict-common
物足り無い|jmdict-variant
物陰|jmdict-common
物音|jmdict-common
物騒|jmdict-common
牴触|jmdict-variant
特に|jmdict-common
特使|jmdict-common
特例|jmdict-common
特典|jmdict-common
特別|jmdict-common
特別価格|jmdict-common
特別区|jmdict-common
特効薬|jmdict-common
特売|jmdict-common
特大|jmdict-common
特定|jmdict-common
特徴|jmdict-common
特志家|jmdict-variant
特急|jmdict-common
特性|jmdict-common
特技|jmdict-common
特捜|jmdict-common
特撰|jmdict-variant
特攻隊|jmdict-common
特有|jmdict-common
特権|jmdict-common
特殊|jmdict-common
特殊法人|jmdict-common
特段|jmdict-common
特派員|jmdict-common
特産|jmdict-common
特異|jmdict-common
特筆|jmdict-common
特約|jmdict-common
特色|jmdict-common
特製|jmdict-common
特訓|jmdict-common
特設|jmdict-common
特許|jmdict-common
特許庁|jmdict-common
特質|jmdict-common
特赦|jmdict-common
特輯|jmdict-variant
特選|jmdict-common
特長|jmdict-common
特集|jmdict-common
特需|jmdict-common
牽く|jmdict-variant
犇々|jmdict-variant
犇犇|jmdict-variant
犠打|jmdict-common
犠牲|jmdict-common
犠牲者|jmdict-common
犠飛|jmdict-common
犬猿の仲|jmdict-common
犯す|jmdict-common
犯人|jmdict-common
犯則|jmdict-variant
犯罪|jmdict-common
犯罪者|jmdict-common
犯行|jmdict-common
状勢|jmdict-variant
状態|jmdict-common
状景|jmdict-variant
状況|jmdict-common
状況報告|jmdict-common
狂う|jmdict-common
狂乱|jmdict-common
狂奔|jmdict-common
狂気|jmdict-common
狂言|jmdict-common
狎れ狎れしい|jmdict-variant
狙い|jmdict-common
狙う|jmdict-common
狡い|jmdict-variant
狩り|jmdict-common
狩り場|jmdict-variant
狩人|jmdict-common
狩場|jmdict-common
狩猟|jmdict-common
独り|jmdict-common
独りごと|jmdict-variant
独りっ子|jmdict-variant
独りで|jmdict-common
独りでに|jmdict-common
独り占め|jmdict-common
独り旅|jmdict-variant
独り暮し|jmdict-variant
独り暮らし|jmdict-variant
独り歩き|jmdict-common
独り言|jmdict-common
独乙|jmdict-variant
独乙語|jmdict-variant
独創|jmdict-common
独創的|jmdict-common
独占|jmdict-common
独唱|jmdict-common
独奏|jmdict-common
独学|jmdict-common
独得|jmdict-variant
独房|jmdict-common
独断|jmdict-common
独楽|jmdict-common
独演|jmdict-common
独特|jmdict-common
独禁法|jmdict-common
独立|jmdict-common
独立国|jmdict-common
独自|jmdict-common
独裁|jmdict-common
独走|jmdict-common
独身|jmdict-common
独逸|jmdict-variant
独逸語|jmdict-variant
狭い|jmdict-common
狭まる|jmdict-common
狭める|jmdict-common
狭心症|jmdict-common
狭間|jmdict-common
猛威|jmdict-common
猛打|jmdict-common
猛攻|jmdict-common
猛暑|jmdict-common
猛烈|jmdict-common
猛獣|jmdict-common
猟人|jmdict-variant
猟師|jmdict-common
猟犬|jmdict-common
猟銃|jmdict-common
猫背|jmdict-common
猫舌|jmdict-common
献げる|jmdict-variant
献上|jmdict-common
献立|jmdict-common
献花|jmdict-common
献華|jmdict-variant
献血|jmdict-common
献金|jmdict-common
猶お|jmdict-variant
猶さら|jmdict-variant
猶与|jmdict-variant
猶予|jmdict-common
猶余|jmdict-variant
猶太|jmdict-variant
猶更|jmdict-variant
獄中|jmdict-common
獅子|jmdict-common
獅子女|jmdict-variant
獣医|jmdict-common
獲る|jmdict-variant
獲得|jmdict-common
獲物|jmdict-common
玄人|jmdict-common
玄米|jmdict-common
玄関|jmdict-common
玄關|jmdict-variant
率いる|jmdict-common
率先|jmdict-common
率直|jmdict-common
玉ねぎ|jmdict-common
玉ネギ|jmdict-variant
玉子|jmdict-common
玉摧|jmdict-variant
玉砕|jmdict-common
玉算|jmdict-variant
玉葱|jmdict-variant
玉虫色|jmdict-common
玉蜀黍|jmdict-variant
王さま|jmdict-variant
王位|jmdict-common
王侯|jmdict-common
王冠|jmdict-common
王国|jmdict-common
王女|jmdict-common
王妃|jmdict-common
王子|jmdict-common
王室|jmdict-common
王宮|jmdict-common
王将|jmdict-common
王將|jmdict-variant
王座|jmdict-common
王手|jmdict-common
王族|jmdict-common
王朝|jmdict-common
王様|jmdict-common
王立|jmdict-common
王者|jmdict-common
玖馬|jmdict-variant
玩具|jmdict-common
珈琲|jmdict-variant
珊瑚|jmdict-common
珍しい|jmdict-common
珍らしい|jmdict-variant
珍味|jmdict-common
珍品|jmdict-common
珍粉漢粉|jmdict-variant
珍糞漢糞|jmdict-variant
珍紛漢紛|jmdict-variant
珍重|jmdict-common
珠数|jmdict-variant
珠玉|jmdict-common
珠盤|jmdict-variant
珠算|jmdict-common
班長|jmdict-common
現す|jmdict-common
現に|jmdict-common
現れ|jmdict-common
現れる|jmdict-common
現わす|jmdict-common
現われ|jmdict-common
現われる|jmdict-common
現代|jmdict-common
現代的|jmdict-common
現代社会|jmdict-common
現住所|jmdict-common
現像|jmdict-common
現在|jmdict-common
現地|jmdict-common
現場|jmdict-common
現実|jmdict-common
現実的|jmdict-common
現役|jmdict-common
現時点|jmdict-common
現有|jmdict-common
現段階|jmdict-common
現況|jmdict-common
現物|jmdict-common
現状|jmdict-common
現職|jmdict-common
現行|jmdict-common
現行犯|jmdict-common
現象|jmdict-common
現金|jmdict-common
球団|jmdict-common
球場|jmdict-common
球威|jmdict-common
球戯|jmdict-variant
球技|jmdict-common
球界|jmdict-common
球菌|jmdict-common
理不尽|jmdict-common
理事|jmdict-common
理学|jmdict-common
理学部|jmdict-common
理屈|jmdict-common
理工|jmdict-common
理工学部|jmdict-common
理念|jmdict-common
理性|jmdict-common
理想|jmdict-common
理想的|jmdict-common
理由|jmdict-common
理科|jmdict-common
理窟|jmdict-variant
理系|jmdict-common
理解|jmdict-common
理解る|jmdict-variant
理論|jmdict-common
理髪|jmdict-common
琉球|jmdict-common
琉璃|jmdict-variant
琢く|jmdict-variant
琢磨|jmdict-common
琥珀|jmdict-common
琵琶|jmdict-common
琵琶湖|jmdict-common
瑞々しい|jmdict-common
瑞典|jmdict-variant
瑞瑞しい|jmdict-variant
瑞西|jmdict-variant
瑠璃|jmdict-common
瑣細|jmdict-variant
環境|jmdict-common
環境保護|jmdict-common
環境問題|jmdict-common
環境庁|jmdict-common
環状|jmdict-common
環礁|jmdict-common
瓜姆|jmdict-variant
瓦斯|jmdict-variant
瓦無|jmdict-variant
瓦礫|jmdict-common
瓶詰|jmdict-common
瓶詰め|jmdict-common
甘い|jmdict-common
甘え|jmdict-common
甘える|jmdict-common
甘み|jmdict-common
甘やかす|jmdict-common
甘味|jmdict-common
甘味料|jmdict-common
甘美|jmdict-common
甘薯|jmdict-variant
甘藷|jmdict-variant
甘言|jmdict-common
甘酢|jmdict-common
甚い|jmdict-variant
甚しい|jmdict-variant
甚だ|jmdict-common
甚だしい|jmdict-common
甚大|jmdict-common
甞める|jmdict-variant
生々しい|jmdict-common
生いたち|jmdict-variant
生い立ち|jmdict-common
生える|jmdict-common
生え抜き|jmdict-common
生かす|jmdict-common
生き|jmdict-common
生きいき|jmdict-variant
生きかえる|jmdict-variant
生きがい|jmdict-common
生きのこり|jmdict-variant
生きもの|jmdict-variant
生きる|jmdict-common
生き埋め|jmdict-common
生き方|jmdict-common
生き残り|jmdict-common
生き残る|jmdict-common
生き物|jmdict-common
生き生き|jmdict-common
生き甲斐|jmdict-common
生き返る|jmdict-common
生ぐさい|jmdict-variant
生ける|jmdict-common
生け垣|jmdict-variant
生け籬|jmdict-variant
生け花|jmdict-common
生じる|jmdict-common
生ずる|jmdict-common
生ぬるい|jmdict-common
生まれ|jmdict-common
生まれつき|jmdict-common
生まれる|jmdict-common
生まれ付き|jmdict-variant
生まれ育つ|jmdict-common
生み|jmdict-common
生みだす|jmdict-variant
生みの親|jmdict-common
生み出す|jmdict-common
生む|jmdict-common
生やす|jmdict-common
生る|jmdict-common
生れ|jmdict-variant
生れつき|jmdict-variant
生れる|jmdict-variant
生れ付き|jmdict-variant
生れ育つ|jmdict-variant
生中継|jmdict-common
生体|jmdict-common
生保|jmdict-common
生出す|jmdict-variant
生前|jmdict-common
生化学|jmdict-common
生協|jmdict-common
生命|jmdict-common
生命保険|jmdict-common
生命力|jmdict-common
生地|jmdict-common
生垣|jmdict-common
生埋め|jmdict-variant
生姜|jmdict-common
生存|jmdict-common
生家|jmdict-common
生年月日|jmdict-common
生彩|jmdict-variant
生後|jmdict-common
生徒|jmdict-common
生息|jmdict-common
生息地|jmdict-common
生意気|jmdict-common
生態|jmdict-common
生態学|jmdict-common
生態系|jmdict-common
生憎|jmdict-common
生成|jmdict-common
生新|jmdict-variant
生死|jmdict-common
生残り|jmdict-variant
生殖|jmdict-common
生活|jmdict-common
生活費|jmdict-common
生涯|jmdict-common
生涯教育|jmdict-common
生温い|jmdict-variant
生物|jmdict-common
生物学|jmdict-common
生理|jmdict-common
生理学|jmdict-common
生生しい|jmdict-variant
生産|jmdict-common
生産性|jmdict-common
生産者|jmdict-common
生甲斐|jmdict-variant
生立ち|jmdict-variant
生糸|jmdict-common
生育|jmdict-common
生臭い|jmdict-common
生花|jmdict-common
生薑|jmdict-variant
生計|jmdict-common
生誕|jmdict-common
生返る|jmdict-common
生還|jmdict-common
生長|jmdict-common
生鮮|jmdict-common
産まれる|jmdict-variant
産み|jmdict-variant
産みだす|jmdict-variant
産みの親|jmdict-variant
産み出す|jmdict-variant
産む|jmdict-common
産れる|jmdict-variant
産児制限|jmdict-common
産出す|jmdict-variant
産別|jmdict-common
産卵|jmdict-common
産品|jmdict-common
産地|jmdict-common
産婦人科|jmdict-common
産業|jmdict-common
産業界|jmdict-common
産油国|jmdict-common
産物|jmdict-common
産科|jmdict-common
産量|jmdict-common
甦える|jmdict-variant
甦る|jmdict-common
甦生|jmdict-variant
用いる|jmdict-common
用事|jmdict-common
用件|jmdict-common
用例|jmdict-common
用具|jmdict-common
用品|jmdict-common
用地|jmdict-common
用心|jmdict-common
用心棒|jmdict-common
用心深い|jmdict-common
用意|jmdict-common
用水|jmdict-common
用紙|jmdict-common
用語|jmdict-common
用途|jmdict-common
甫めて|jmdict-variant
田ぼ|jmdict-variant
田んぼ|jmdict-common
田圃|jmdict-variant
田園|jmdict-common
田植|jmdict-variant
田植え|jmdict-common
田畑|jmdict-common
田畝|jmdict-variant
田畠|jmdict-variant
田舍|jmdict-variant
田舎|jmdict-common
田苑|jmdict-variant
由る|jmdict-variant
由来|jmdict-common
由緒|jmdict-common
甲乙|jmdict-common
甲子園|jmdict-common
甲斐|jmdict-common
甲板|jmdict-common
甲状せん|jmdict-variant
甲状腺|jmdict-common
甲種|jmdict-common
甲高い|jmdict-common
申しあげる|jmdict-variant
申しこむ|jmdict-variant
申しわけ|jmdict-variant
申しわけありません|jmdict-variant
申しわけない|jmdict-variant
申し上げる|jmdict-common
申し入れ|jmdict-common
申し入れる|jmdict-common
申し出|jmdict-common
申し出る|jmdict-common
申し分け|jmdict-variant
申し分ない|jmdict-common
申し分無い|jmdict-variant
申し合わせ|jmdict-common
申し立て|jmdict-common
申し訳|jmdict-common
申し訳ありません|jmdict-common
申し訳け|jmdict-variant
申し訳ない|jmdict-common
申し訳無い|jmdict-variant
申し込み|jmdict-common
申し込み書|jmdict-variant
申し込む|jmdict-common
申す|jmdict-common
申上げる|jmdict-variant
申入|jmdict-variant
申出|jmdict-variant
申出る|jmdict-variant
申分|jmdict-variant
申分け|jmdict-variant
申合せ|jmdict-variant
申告|jmdict-common
申立|jmdict-variant
申立て|jmdict-variant
申訳|jmdict-variant
申請|jmdict-common
申込|jmdict-common
申込み|jmdict-common
申込む|jmdict-variant
申込書|jmdict-common
男たち|jmdict-common
男のコ|jmdict-variant
男の人|jmdict-common
男の子|jmdict-common
男まえ|jmdict-variant
男らしい|jmdict-common
男優|jmdict-common
男児|jmdict-common
男前|jmdict-common
男女|jmdict-common
男子|jmdict-common
男尊女卑|jmdict-common
男性|jmdict-common
男性的|jmdict-common
男爵|jmdict-common
男達|jmdict-variant
町づくり|jmdict-variant
町なか|jmdict-variant
町はずれ|jmdict-variant
町並|jmdict-common
町並み|jmdict-common
町中|jmdict-common
町人|jmdict-common
町作り|jmdict-variant
町内|jmdict-common
町外れ|jmdict-common
町役場|jmdict-common
町村|jmdict-common
町民|jmdict-common
町角|jmdict-common
町議会|jmdict-common
町造り|jmdict-variant
町長|jmdict-common
画く|jmdict-variant
画する|jmdict-common
画一|jmdict-common
画伯|jmdict-common
画像|jmdict-common
画商|jmdict-common
画家|jmdict-common
画廊|jmdict-common
画数|jmdict-common
画期的|jmdict-common
画用紙|jmdict-common
画面|jmdict-common
界わい|jmdict-variant
界隈|jmdict-common
畏い|jmdict-variant
畏まりました|jmdict-common
畏るべき|jmdict-variant
畏れ|jmdict-variant
畏れる|jmdict-variant
畏ろしい|jmdict-variant
留まる|jmdict-common
留めがね|jmdict-variant
留める|jmdict-common
留め金|jmdict-common
留る|jmdict-variant
留主|jmdict-variant
留任|jmdict-common
留保|jmdict-common
留学|jmdict-common
留学生|jmdict-common
留守|jmdict-common
留守ばん|jmdict-variant
留守番|jmdict-common
留年|jmdict-common
留置|jmdict-common
留置場|jmdict-common
留金|jmdict-variant
畜生|jmdict-common
畜産|jmdict-common
畝り|jmdict-variant
畝る|jmdict-variant
畢る|jmdict-variant
略す|jmdict-common
略奪|jmdict-common
略式|jmdict-common
略歴|jmdict-common
略称|jmdict-common
略語|jmdict-common
番め|jmdict-variant
番付|jmdict-common
番付け|jmdict-variant
番号|jmdict-common
番地|jmdict-common
番手|jmdict-common
番瀝青|jmdict-variant
番犬|jmdict-common
番目|jmdict-common
番組|jmdict-common
番附|jmdict-variant
畫一|jmdict-variant
異なる|jmdict-common
異に|jmdict-variant
異る|jmdict-variant
異例|jmdict-common
異動|jmdict-common
異口同音|jmdict-common
異句同音|jmdict-variant
異名|jmdict-common
異和感|jmdict-variant
異国|jmdict-common
異変|jmdict-common
異常|jmdict-common
異性|jmdict-common
異文|jmdict-common
異様|jmdict-common
異物|jmdict-common
異状|jmdict-common
異端|jmdict-common
異色|jmdict-common
異論|jmdict-common
異議|jmdict-common
異質|jmdict-common
畳む|jmdict-common
疆界|jmdict-variant
疎か|jmdict-common
疎ら|jmdict-variant
疎外|jmdict-common
疎通|jmdict-common
疎遠|jmdict-common
疎開|jmdict-common
疏ら|jmdict-variant
疏外|jmdict-variant
疏通|jmdict-variant
疑い|jmdict-common
疑う|jmdict-common
疑わしい|jmdict-common
疑似|jmdict-common
疑問|jmdict-common
疑問点|jmdict-common
疑問符|jmdict-common
疑心|jmdict-common
疑念|jmdict-common
疑惑|jmdict-common
疑獄|jmdict-common
疑義|jmdict-common
疫病|jmdict-common
疲れ|jmdict-common
疲れる|jmdict-common
疲れ果てる|jmdict-common
疲労|jmdict-common
疲弊|jmdict-common
疳高い|jmdict-variant
疵つく|jmdict-variant
疵つける|jmdict-variant
疵付く|jmdict-variant
疵付ける|jmdict-variant
疵口|jmdict-variant
疵痕|jmdict-variant
疵跡|jmdict-variant
疾い|jmdict-variant
疾っくに|jmdict-variant
疾る|jmdict-variant
疾患|jmdict-common
疾病|jmdict-common
疾走|jmdict-common
疾風|jmdict-common
病む|jmdict-common
病人|jmdict-common
病名|jmdict-common
病室|jmdict-common
病床|jmdict-common
病弱|jmdict-common
病棟|jmdict-common
病死|jmdict-common
病気|jmdict-common
病氣|jmdict-variant
病牀|jmdict-variant
病状|jmdict-common
病理|jmdict-common
病苦|jmdict-common
病院|jmdict-common
症例|jmdict-common
症候|jmdict-common
症候群|jmdict-common
症状|jmdict-common
痒い|jmdict-common
痕跡|jmdict-common
痕蹟|jmdict-variant
痕迹|jmdict-variant
痛い|jmdict-common
痛ましい|jmdict-common
痛み|jmdict-common
痛む|jmdict-common
痛める|jmdict-common
痛恨|jmdict-common
痛感|jmdict-common
痛手|jmdict-common
痛烈|jmdict-common
痩せる|jmdict-common
痩る|jmdict-variant
痩身|jmdict-common
痲痺|jmdict-variant
痲薬|jmdict-variant
痲酔|jmdict-variant
痴ほう|jmdict-variant
痴呆|jmdict-common
痴漢|jmdict-common
痺れる|jmdict-common
瘠せる|jmdict-variant
瘠る|jmdict-variant
瘦せる|jmdict-variant
瘦身|jmdict-variant
療法|jmdict-common
療養|jmdict-common
療養所|jmdict-common
癇高い|jmdict-variant
癒着|jmdict-common
癖に|jmdict-common
癡呆|jmdict-variant
発する|jmdict-common
発令|jmdict-common
発作|jmdict-common
発信|jmdict-common
発光|jmdict-common
発刊|jmdict-common
発効|jmdict-common
発動|jmdict-common
発声|jmdict-common
発売|jmdict-common
発射|jmdict-common
発展|jmdict-common
発展途上国|jmdict-common
発想|jmdict-common
発掘|jmdict-common
発揮|jmdict-common
発散|jmdict-common
発明|jmdict-common
発条|jmdict-variant
発案|jmdict-common
発汗|jmdict-common
発泡|jmdict-common
発泡スチロール|jmdict-common
発注|jmdict-common
発火|jmdict-common
発煙|jmdict-common
発煙筒|jmdict-common
発熱|jmdict-common
発生|jmdict-common
発病|jmdict-common
発症|jmdict-common
発着|jmdict-common
発砲|jmdict-common
発砲スチロール|jmdict-variant
発祥|jmdict-common
発祥地|jmdict-common
発禁|jmdict-common
発端|jmdict-common
発給|jmdict-common
発育|jmdict-common
発芽|jmdict-common
発行|jmdict-common
発表|jmdict-common
発表会|jmdict-common
発見|jmdict-common
発覚|jmdict-common
発言|jmdict-common
発言権|jmdict-common
発註|jmdict-variant
発起人|jmdict-common
発足|jmdict-common
発車|jmdict-common
発送|jmdict-common
発進|jmdict-common
発達|jmdict-common
発酵|jmdict-common
発電|jmdict-common
発電器|jmdict-variant
発電所|jmdict-common
発電機|jmdict-common
発音|jmdict-common
登り|jmdict-variant
登り下り|jmdict-variant
登り坂|jmdict-variant
登り降り|jmdict-variant
登る|jmdict-common
登場|jmdict-common
登場人物|jmdict-common
登山|jmdict-common
登庸|jmdict-variant
登板|jmdict-common
登校|jmdict-common
登用|jmdict-common
登竜門|jmdict-common
登記|jmdict-common
登載|jmdict-common
登錄|jmdict-variant
登録|jmdict-common
登録商標|jmdict-common
登録番号|jmdict-common
登録者|jmdict-common
登頂|jmdict-common
登龍門|jmdict-variant
發刊|jmdict-variant
發電|jmdict-variant
白い|jmdict-common
白くま|jmdict-variant
白バイ|jmdict-common
白人|jmdict-common
白内症|jmdict-variant
白内障|jmdict-common
白地|jmdict-common
白星|jmdict-common
白書|jmdict-common
白樺|jmdict-common
白熊|jmdict-variant
白熱|jmdict-common
白状|jmdict-common
白米|jmdict-common
白粉|jmdict-common
白紙|jmdict-common
白線|jmdict-common
白羽|jmdict-common
白耳義|jmdict-variant
白色|jmdict-common
白菊|jmdict-common
白菜|jmdict-common
白血球|jmdict-common
白血病|jmdict-common
白衣|jmdict-common
白身|jmdict-common
白馬|jmdict-common
白骨|jmdict-common
白髪|jmdict-common
白鳥|jmdict-common
白黒|jmdict-common
百万|jmdict-common
百億|jmdict-common
百八十度|jmdict-variant
百円ショップ|jmdict-variant
百十番|jmdict-variant
百合|jmdict-common
百均|jmdict-variant
百姓|jmdict-common
百科事典|jmdict-common
百科辞典|jmdict-common
百貨店|jmdict-common
的中|jmdict-common
的確|jmdict-common
皆さま|jmdict-variant
皆さん|jmdict-common
皆んな|jmdict-variant
皆様|jmdict-common
皆無|jmdict-common
皆目|jmdict-common
皇位|jmdict-common
皇后|jmdict-common
皇太后|jmdict-common
皇太子|jmdict-common
皇太子妃|jmdict-common
皇女|jmdict-common
皇室|jmdict-common
皇居|jmdict-common
皇帝|jmdict-common
皇族|jmdict-common
皇民党|jmdict-common
皮ふ|jmdict-variant
皮ふ科|jmdict-variant
皮フ|jmdict-variant
皮フ科|jmdict-variant
皮切り|jmdict-common
皮肉|jmdict-common
皮膚|jmdict-common
皮膚病|jmdict-common
皮膚科|jmdict-common
皮革|jmdict-common
皮靴|jmdict-variant
皿洗い|jmdict-common
盆地|jmdict-common
盆栽|jmdict-common
盆踊|jmdict-variant
盆踊り|jmdict-common
盈ちる|jmdict-variant
益々|jmdict-common
益す|jmdict-variant
益益|jmdict-variant
盗み|jmdict-common
盗む|jmdict-common
盗作|jmdict-common
盗品|jmdict-common
盗塁|jmdict-common
盗用|jmdict-common
盗聴|jmdict-common
盗賊|jmdict-common
盗難|jmdict-common
盛り|jmdict-common
盛りあがり|jmdict-variant
盛りあがる|jmdict-variant
盛りあげる|jmdict-variant
盛りつけ|jmdict-variant
盛り上がり|jmdict-common
盛り上がる|jmdict-common
盛り上げる|jmdict-common
盛り上る|jmdict-variant
盛り付け|jmdict-common
盛り込む|jmdict-common
盛る|jmdict-common
盛ん|jmdict-common
盛上がる|jmdict-variant
盛上る|jmdict-variant
盛付け|jmdict-variant
盛大|jmdict-common
盛況|jmdict-common
盛衰|jmdict-common
盛込む|jmdict-variant
盟う|jmdict-variant
盟主|jmdict-common
盟友|jmdict-common
盟約|jmdict-common
盡す|jmdict-variant
監修|jmdict-common
監察|jmdict-common
監査|jmdict-common
監査役|jmdict-common
監獄|jmdict-common
監理|jmdict-common
監督|jmdict-common
監禁|jmdict-common
監視|jmdict-common
盤谷|jmdict-variant
目あて|jmdict-variant
目がさめる|jmdict-variant
目がしら|jmdict-variant
目が覚める|jmdict-common
目が醒める|jmdict-variant
目ざす|jmdict-variant
目ざまし|jmdict-variant
目ざましい|jmdict-variant
目ざめる|jmdict-variant
目じるし|jmdict-variant
目だつ|jmdict-variant
目つき|jmdict-common
目の前|jmdict-common
目まい|jmdict-variant
目をとおす|jmdict-variant
目を通す|jmdict-common
目上|jmdict-common
目下|jmdict-common
目付き|jmdict-variant
目先|jmdict-common
目処|jmdict-common
目出度い|jmdict-variant
目前|jmdict-common
目印|jmdict-common
目安|jmdict-common
目差|jmdict-variant
目差し|jmdict-variant
目差す|jmdict-variant
目当|jmdict-variant
目当て|jmdict-common
目戍る|jmdict-variant
目抜き|jmdict-common
目指す|jmdict-common
目撃|jmdict-common
目方|jmdict-common
目標|jmdict-common
目次|jmdict-common
目減り|jmdict-common
目測|jmdict-common
目玉|jmdict-common
目玉商品|jmdict-common
目白|jmdict-common
目白押し|jmdict-common
目的|jmdict-common
目的地|jmdict-common
目盛|jmdict-variant
目盛り|jmdict-common
目眩|jmdict-common
目眩い|jmdict-variant
目立つ|jmdict-common
目茶目茶|jmdict-common
目茶苦茶|jmdict-variant
目蓋|jmdict-variant
目薬|jmdict-common
目覚し|jmdict-variant
目覚しい|jmdict-variant
目覚し時計|jmdict-variant
目覚まし|jmdict-common
目覚ましい|jmdict-common
目覚まし時計|jmdict-common
目覚める|jmdict-common
目近|jmdict-variant
目途|jmdict-variant
目醒しい|jmdict-variant
目醒める|jmdict-variant
目録|jmdict-common
目頭|jmdict-common
目黒|jmdict-common
盲人|jmdict-common
盲学校|jmdict-common
盲導犬|jmdict-common
盲想|jmdict-variant
盲点|jmdict-common
盲目|jmdict-common
盲腸|jmdict-common
直ぐ|jmdict-common
直ぐさま|jmdict-common
直ぐそば|jmdict-variant
直ぐに|jmdict-common
直ぐ側|jmdict-variant
直ぐ様|jmdict-variant
直し|jmdict-common
直す|jmdict-common
直ちに|jmdict-common
直に|jmdict-common
直る|jmdict-common
直下|jmdict-common
直切る|jmdict-variant
直列|jmdict-common
直前|jmdict-common
直営|jmdict-common
直属|jmdict-common
直径|jmdict-common
直後|jmdict-common
直感|jmdict-common
直接|jmdict-common
直接的|jmdict-common
直接税|jmdict-common
直接選挙|jmdict-common
直撃|jmdict-common
直段|jmdict-variant
直球|jmdict-common
直系|jmdict-common
直線|jmdict-common
直行|jmdict-common
直行便|jmdict-common
直視|jmdict-common
直観|jmdict-common
直角|jmdict-common
直轄|jmdict-common
直通|jmdict-common
直進|jmdict-common
直面|jmdict-common
相い性|jmdict-variant
相かわらず|jmdict-variant
相づち|jmdict-variant
相まって|jmdict-common
相不変|jmdict-variant
相乗|jmdict-common
相乗り|jmdict-common
相互|jmdict-common
相互交流|jmdict-common
相互銀行|jmdict-common
相似|jmdict-common
相俟って|jmdict-variant
相図|jmdict-variant
相場|jmdict-common
相変らず|jmdict-variant
相変わらず|jmdict-common
相対|jmdict-common
相対的|jmdict-common
相当|jmdict-common
相待って|jmdict-variant
相応|jmdict-common
相応しい|jmdict-common
相性|jmdict-common
相手|jmdict-common
相手どる|jmdict-variant
相手取る|jmdict-common
相手方|jmdict-common
相撲|jmdict-common
相撲取り|jmdict-common
相棒|jmdict-common
相槌|jmdict-common
相次ぐ|jmdict-common
相殺|jmdict-common
相異|jmdict-variant
相継ぐ|jmdict-variant
相続|jmdict-common
相続税|jmdict-common
相談|jmdict-common
相談役|jmdict-common
相談所|jmdict-common
相違|jmdict-common
相鎚|jmdict-variant
相関|jmdict-common
相関関係|jmdict-common
盾つく|jmdict-variant
盾突く|jmdict-variant
省く|jmdict-common
省みる|jmdict-common
省エネルギー|jmdict-common
省令|jmdict-common
省力|jmdict-common
省庁|jmdict-common
省略|jmdict-common
眉毛|jmdict-common
看る|jmdict-common
看做す|jmdict-variant
看守|jmdict-common
看板|jmdict-common
看病|jmdict-common
看破る|jmdict-variant
看護|jmdict-common
看護婦|jmdict-common
看護師|jmdict-common
看過|jmdict-common
県下|jmdict-common
県会|jmdict-common
県内|jmdict-common
県営|jmdict-common
県外|jmdict-common
県庁|jmdict-common
県民|jmdict-common
県知事|jmdict-common
県立|jmdict-common
県警|jmdict-common
県議|jmdict-common
県道|jmdict-common
眞面目|jmdict-variant
真すぐ|jmdict-variant
真っすぐ|jmdict-variant
真っ二つ|jmdict-common
真っ先|jmdict-common
真っ向|jmdict-common
真っ当|jmdict-common
真っ暗|jmdict-common
真っ最中|jmdict-common
真っ正面|jmdict-variant
真っ白|jmdict-common
真っ直|jmdict-variant
真っ直ぐ|jmdict-common
真っ赤|jmdict-common
真っ青|jmdict-common
真っ黒|jmdict-common
真に|jmdict-variant
真の|jmdict-common
真ん中|jmdict-common
真ん丸|jmdict-common
真ん円|jmdict-variant
真上|jmdict-common
真似|jmdict-common
真似る|jmdict-common
真価|jmdict-common
真偽|jmdict-common
真先|jmdict-variant
真冬|jmdict-common
真剣|jmdict-common
真向|jmdict-variant
真四角|jmdict-common
真夏|jmdict-common
真夜中|jmdict-common
真実|jmdict-common
真当|jmdict-variant
真心|jmdict-common
真意|jmdict-common
真摯|jmdict-common
真新しい|jmdict-common
真暗|jmdict-variant
真最中|jmdict-variant
真正面|jmdict-common
真珠|jmdict-common
真理|jmdict-common
真白|jmdict-variant
真直ぐ|jmdict-variant
真相|jmdict-common
真空|jmdict-common
真赤|jmdict-variant
真近|jmdict-variant
真逆|jmdict-variant
真際|jmdict-variant
真青|jmdict-variant
真面|jmdict-variant
真面目|jmdict-common
真顔|jmdict-common
真髄|jmdict-common
真魚板|jmdict-variant
真黒|jmdict-variant
眠い|jmdict-common
眠け|jmdict-variant
眠たい|jmdict-common
眠り|jmdict-common
眠る|jmdict-common
眠気|jmdict-common
眩しい|jmdict-common
眩れる|jmdict-variant
眩冒|jmdict-variant
眩暈|jmdict-common
眺め|jmdict-common
眺める|jmdict-common
眺望|jmdict-common
眼が覚める|jmdict-variant
眼つき|jmdict-variant
眼付|jmdict-variant
眼付き|jmdict-variant
眼差し|jmdict-common
眼指|jmdict-variant
眼白|jmdict-variant
眼科|jmdict-common
眼科医|jmdict-common
眼蓋|jmdict-variant
眼薬|jmdict-variant
眼鏡|jmdict-common
着々|jmdict-common
着いて来る|jmdict-variant
着がえ|jmdict-variant
着く|jmdict-common
着ける|jmdict-common
着せる|jmdict-common
着る|jmdict-common
着地|jmdict-common
着実|jmdict-common
着工|jmdict-common
着席|jmdict-common
着手|jmdict-common
着換え|jmdict-variant
着換える|jmdict-variant
着更え|jmdict-variant
着替|jmdict-variant
着替え|jmdict-common
着替える|jmdict-common
着服|jmdict-common
着物|jmdict-common
着用|jmdict-common
着目|jmdict-common
着着|jmdict-variant
着色|jmdict-common
着衣|jmdict-common
着陸|jmdict-common
着飾る|jmdict-common
睡い|jmdict-variant
睡たい|jmdict-variant
睡り|jmdict-variant
睡る|jmdict-variant
睡気|jmdict-variant
睡眠|jmdict-common
督促|jmdict-common
睨む|jmdict-common
睿智|jmdict-variant
瞑る|jmdict-common
瞑想|jmdict-common
瞞す|jmdict-variant
瞠る|jmdict-variant
瞬く|jmdict-common
瞬時|jmdict-common
瞬間|jmdict-common
瞶める|jmdict-variant
矚望|jmdict-variant
矛先|jmdict-common
矛楯|jmdict-variant
矛盾|jmdict-common
矢っ張り|jmdict-variant
矢先|jmdict-common
矢印|jmdict-common
矢張|jmdict-variant
矢張り|jmdict-variant
矢鱈|jmdict-variant
知ってのとうり|jmdict-variant
知ってのとおり|jmdict-common
知っての通り|jmdict-common
知らず知らず|jmdict-common
知らず識らず|jmdict-variant
知らせ|jmdict-common
知らせる|jmdict-common
知らないうちに|jmdict-common
知らない内に|jmdict-variant
知らん顔|jmdict-common
知りあい|jmdict-variant
知り合|jmdict-variant
知り合い|jmdict-common
知り合う|jmdict-common
知る|jmdict-common
知れる|jmdict-common
知事|jmdict-common
知人|jmdict-common
知合|jmdict-variant
知合い|jmdict-variant
知合う|jmdict-common
知名|jmdict-common
知己|jmdict-common
知性|jmdict-common
知恵|jmdict-common
知的|jmdict-common
知能|jmdict-common
知覚|jmdict-common
知識|jmdict-common
知識人|jmdict-common
短い|jmdict-common
短かい|jmdict-variant
短かめ|jmdict-variant
短か目|jmdict-variant
短め|jmdict-common
短冊|jmdict-common
短刀|jmdict-common
短命|jmdict-common
短大|jmdict-common
短尺|jmdict-variant
短所|jmdict-common
短時間|jmdict-common
短期|jmdict-common
短期大学|jmdict-common
短期間|jmdict-common
短歌|jmdict-common
短気|jmdict-common
短波|jmdict-common
短目|jmdict-variant
短篇|jmdict-variant
短籍|jmdict-variant
短絡|jmdict-common
短編|jmdict-common
短縮|jmdict-common
短調|jmdict-common
短距離|jmdict-common
短銃|jmdict-common
矯正|jmdict-common
石けん|jmdict-common
石仏|jmdict-common
石器|jmdict-common
石垣|jmdict-common
石室|jmdict-common
石屋|jmdict-variant
石崖|jmdict-variant
石文|jmdict-variant
石材|jmdict-common
石棺|jmdict-common
石橋|jmdict-common
石段|jmdict-common
石油|jmdict-common
石灰|jmdict-common
石炭|jmdict-common
石碑|jmdict-common
石神|jmdict-common
石英|jmdict-common
石頭|jmdict-common
石鹸|jmdict-common
石鹼|jmdict-variant
砂丘|jmdict-common
砂利|jmdict-common
砂子|jmdict-variant
砂時計|jmdict-common
砂浜|jmdict-common
砂漠|jmdict-common
砂糖|jmdict-common
砂防|jmdict-common
研き|jmdict-variant
研く|jmdict-variant
研ぐ|jmdict-common
研修|jmdict-common
研摩|jmdict-variant
研磨|jmdict-common
研究|jmdict-common
研究員|jmdict-common
研究官|jmdict-common
研究室|jmdict-common
研究家|jmdict-common
研究所|jmdict-common
研究結果|jmdict-common
研究者|jmdict-common
砕く|jmdict-common
砕ける|jmdict-common
砕石|jmdict-common
砥ぐ|jmdict-variant
砲兵|jmdict-common
砲弾|jmdict-common
砲撃|jmdict-common
砲火|jmdict-common
破たん|jmdict-variant
破る|jmdict-common
破れる|jmdict-common
破れ目|jmdict-variant
破壊|jmdict-common
破家|jmdict-variant
破局|jmdict-common
破損|jmdict-common
破格|jmdict-common
破棄|jmdict-common
破毀|jmdict-variant
破滅|jmdict-common
破片|jmdict-common
破産|jmdict-common
破目|jmdict-variant
破綻|jmdict-common
破裂|jmdict-common
硏究|jmdict-variant
硝子|jmdict-variant
硝子戸|jmdict-variant
硝煙|jmdict-common
硝酸|jmdict-common
硫酸|jmdict-common
硫黄|jmdict-common
硬い|jmdict-common
硬さ|jmdict-common
硬化|jmdict-common
硬塞|jmdict-variant
硬度|jmdict-common
硬式|jmdict-common
硬派|jmdict-common
硬直|jmdict-common
硬貨|jmdict-common
硬質|jmdict-common
碁盤|jmdict-common
碇泊|jmdict-variant
碌な|jmdict-variant
碌に|jmdict-common
碑文|jmdict-common
碧い|jmdict-variant
確か|jmdict-common
確かめる|jmdict-common
確り|jmdict-variant
確乎|jmdict-variant
確保|jmdict-common
確信|jmdict-common
確固|jmdict-common
確執|jmdict-common
確定|jmdict-common
確実|jmdict-common
確率|jmdict-common
確立|jmdict-common
確約|jmdict-common
確認|jmdict-common
磁器|jmdict-common
磁場|jmdict-common
磁気|jmdict-common
磁石|jmdict-common
磨き|jmdict-common
磨く|jmdict-common
磨ぐ|jmdict-variant
磨る|jmdict-variant
礎案|jmdict-variant
礎石|jmdict-common
礦業|jmdict-variant
礦石|jmdict-variant
示し|jmdict-common
示す|jmdict-common
示唆|jmdict-common
示談|jmdict-common
礼儀|jmdict-common
礼拝|jmdict-common
礼服|jmdict-common
礼状|jmdict-common
礼義|jmdict-variant
礼金|jmdict-common
社交|jmdict-common
社交的|jmdict-common
社会|jmdict-common
社会主義|jmdict-common
社会事業|jmdict-common
社会人|jmdict-common
社会保険|jmdict-common
社会保険庁|jmdict-common
社会保障|jmdict-common
社会党|jmdict-common
社会問題|jmdict-common
社会学|jmdict-common
社会復帰|jmdict-common
社会性|jmdict-common
社会教育|jmdict-common
社会的|jmdict-common
社会福祉|jmdict-common
社会科|jmdict-common
社会科学|jmdict-common
社会資本|jmdict-common
社会運動|jmdict-common
社会面|jmdict-common
社債|jmdict-common
社内|jmdict-common
社名|jmdict-common
社告|jmdict-common
社員|jmdict-common
社団法人|jmdict-common
社外|jmdict-common
社宅|jmdict-common
社屋|jmdict-common
社民党|jmdict-common
社葬|jmdict-common
社説|jmdict-common
社長|jmdict-common
祀る|jmdict-common
祈とう|jmdict-variant
祈り|jmdict-common
祈る|jmdict-common
祈念|jmdict-common
祈祷|jmdict-common
祈禱|jmdict-variant
祈願|jmdict-common
祖先|jmdict-common
祖国|jmdict-common
祖母|jmdict-common
祖母さん|jmdict-variant
祖母ちゃん|jmdict-variant
祖父|jmdict-common
祖父さん|jmdict-variant
祖父母|jmdict-common
祝い|jmdict-common
祝う|jmdict-common
祝儀|jmdict-common
祝日|jmdict-common
祝杯|jmdict-common
祝盃|jmdict-variant
祝福|jmdict-common
祝賀|jmdict-common
祝辞|jmdict-common
祝電|jmdict-common
神さま|jmdict-variant
神わざ|jmdict-variant
神主|jmdict-common
神事|jmdict-variant
神司|jmdict-variant
神妙|jmdict-common
神子|jmdict-variant
神学|jmdict-common
神官|jmdict-common
神宮|jmdict-common
神戸|jmdict-common
神業|jmdict-common
神楽|jmdict-common
神様|jmdict-common
神殿|jmdict-common
神父|jmdict-common
神社|jmdict-common
神秘|jmdict-common
神秘的|jmdict-common
神童|jmdict-common
神経|jmdict-common
神経質|jmdict-common
神聖|jmdict-common
神興|jmdict-variant
神話|jmdict-common
神身|jmdict-variant
神輿|jmdict-common
神道|jmdict-common
神風|jmdict-common
神髄|jmdict-common
票田|jmdict-common
祭り|jmdict-common
祭る|jmdict-common
祭典|jmdict-common
祭壇|jmdict-common
祭日|jmdict-common
祭礼|jmdict-common
祭禮|jmdict-variant
祷り|jmdict-variant
祷る|jmdict-variant
禁じる|jmdict-common
禁ずる|jmdict-common
禁制|jmdict-common
禁句|jmdict-common
禁固|jmdict-common
禁欲的|jmdict-common
禁止|jmdict-common
禁止事項|jmdict-common
禁止法|jmdict-common
禁烟|jmdict-variant
禁煙|jmdict-common
禁物|jmdict-common
禁輸|jmdict-common
禁酒|jmdict-common
禁錮|jmdict-common
禅僧|jmdict-common
禅問答|jmdict-common
禅宗|jmdict-common
禅寺|jmdict-common
禍根|jmdict-common
福利厚生|jmdict-common
福助|jmdict-common
福岡|jmdict-common
福来朗|jmdict-variant
福祉|jmdict-common
福老|jmdict-variant
福音|jmdict-common
禦ぐ|jmdict-variant
禱る|jmdict-variant
禿げ|jmdict-variant
禿げる|jmdict-common
禿び|jmdict-variant
秀でる|jmdict-common
秀作|jmdict-common
秀才|jmdict-common
秀逸|jmdict-common
私か|jmdict-variant
私ごと|jmdict-variant
私たち|jmdict-common
私事|jmdict-common
私企業|jmdict-common
私塾|jmdict-common
私大|jmdict-common
私学|jmdict-common
私文書|jmdict-common
私書箱|jmdict-common
私有|jmdict-common
私服|jmdict-common
私案|jmdict-common
私物|jmdict-common
私生活|jmdict-common
私用|jmdict-common
私的|jmdict-common
私立|jmdict-common
私自身|jmdict-common
私見|jmdict-common
私設|jmdict-common
私語|jmdict-common
私語く|jmdict-variant
私費|jmdict-common
私達|jmdict-common
私邸|jmdict-common
私鉄|jmdict-common
秋分|jmdict-common
秋口|jmdict-common
秋季|jmdict-common
秋晴|jmdict-variant
秋晴れ|jmdict-common
秋風|jmdict-common
科する|jmdict-common
科威都|jmdict-variant
科学|jmdict-common
科学技術|jmdict-common
科学技術庁|jmdict-common
科学的|jmdict-common
科学者|jmdict-common
科學|jmdict-variant
科目|jmdict-common
秒読み|jmdict-common
秒速|jmdict-common
秘か|jmdict-variant
秘けつ|jmdict-variant
秘める|jmdict-common
秘密|jmdict-common
秘書|jmdict-common
秘決|jmdict-variant
秘訣|jmdict-common
秘話|jmdict-common
秘露|jmdict-variant
租界|jmdict-common
租税|jmdict-common
秩序|jmdict-common
称する|jmdict-common
称める|jmdict-variant
称号|jmdict-common
称讃|jmdict-variant
称讚|jmdict-variant
称賛|jmdict-common
移す|jmdict-common
移り変り|jmdict-variant
移り変わり|jmdict-common
移る|jmdict-common
移住|jmdict-common
移動|jmdict-common
移動平均|jmdict-common
移植|jmdict-common
移殖|jmdict-variant
移民|jmdict-common
移管|jmdict-common
移籍|jmdict-common
移行|jmdict-common
移譲|jmdict-common
移転|jmdict-common
移送|jmdict-common
稀少|jmdict-variant
稀薄|jmdict-variant
程なく|jmdict-common
程度|jmdict-common
程無く|jmdict-variant
税制|jmdict-common
税務|jmdict-common
税務署|jmdict-common
税収|jmdict-common
税引|jmdict-variant
税引き|jmdict-common
税法|jmdict-common
税率|jmdict-common
税理士|jmdict-common
税込|jmdict-variant
税込み|jmdict-common
税金|jmdict-common
税関|jmdict-common
税額|jmdict-common
稔り|jmdict-variant
稔る|jmdict-variant
稚拙|jmdict-common
稚海藻|jmdict-variant
稚魚|jmdict-common
種々|jmdict-common
種別|jmdict-common
種子|jmdict-common
種族|jmdict-common
種痘|jmdict-common
種目|jmdict-common
種種|jmdict-variant
種類|jmdict-common
種類豊富|jmdict-common
稱する|jmdict-variant
稲作|jmdict-common
稲刈|jmdict-variant
稲刈り|jmdict-common
稲妻|jmdict-common
稲田|jmdict-common
稲穂|jmdict-common
稲苅|jmdict-variant
稲苅り|jmdict-variant
稲荷|jmdict-common
稼ぎ|jmdict-common
稼ぐ|jmdict-common
稼働|jmdict-common
稼働率|jmdict-common
稼動|jmdict-variant
稼動率|jmdict-variant
稼業|jmdict-common
稽える|jmdict-variant
稽古|jmdict-common
稿料|jmdict-common
穀倉|jmdict-common
穀物|jmdict-common
穀類|jmdict-common
積みかさね|jmdict-variant
積み立て|jmdict-common
積み込む|jmdict-common
積み重|jmdict-variant
積み重ね|jmdict-common
積み重ねる|jmdict-common
積む|jmdict-common
積もり|jmdict-variant
積もる|jmdict-common
積り|jmdict-variant
積る|jmdict-variant
積ん読|jmdict-common
積極|jmdict-common
積極的|jmdict-common
積立|jmdict-common
積立て|jmdict-variant
積立金|jmdict-common
積算|jmdict-common
積読|jmdict-variant
積載|jmdict-common
積込む|jmdict-variant
積重ね|jmdict-variant
積重ねる|jmdict-variant
積雪|jmdict-common
穏やか|jmdict-common
穏便|jmdict-common
穏健|jmdict-common
穏和|jmdict-common
穏当|jmdict-common
穢い|jmdict-variant
穢す|jmdict-variant
穫り入れる|jmdict-variant
穴うめ|jmdict-variant
穴埋め|jmdict-common
究明|jmdict-common
究極|jmdict-common
空き|jmdict-common
空きや|jmdict-variant
空きカン|jmdict-variant
空き地|jmdict-common
空き家|jmdict-common
空き屋|jmdict-variant
空き巣|jmdict-common
空き缶|jmdict-common
空く|jmdict-common
空ける|jmdict-common
空しい|jmdict-common
空っぽ|jmdict-common
空ふく|jmdict-variant
空ぶり|jmdict-variant
空オケ|jmdict-variant
空中|jmdict-common
空前|jmdict-common
空地|jmdict-common
空域|jmdict-common
空家|jmdict-variant
空屋|jmdict-variant
空巣|jmdict-variant
空席|jmdict-common
空想|jmdict-common
空手|jmdict-common
空振り|jmdict-common
空欄|jmdict-common
空母|jmdict-common
空気|jmdict-common
空洞|jmdict-common
空港|jmdict-common
空爆|jmdict-common
空疎|jmdict-common
空白|jmdict-common
空砲|jmdict-common
空缶|jmdict-variant
空胴|jmdict-variant
空腹|jmdict-common
空虚|jmdict-common
空襲|jmdict-common
空調|jmdict-common
空路|jmdict-common
空車|jmdict-common
空軍|jmdict-common
空転|jmdict-common
空輸|jmdict-common
空間|jmdict-common
穿く|jmdict-variant
突き|jmdict-common
突きあげる|jmdict-variant
突きあたり|jmdict-variant
突きあたる|jmdict-variant
突きさす|jmdict-variant
突き上げる|jmdict-common
突き刺す|jmdict-common
突き当たり|jmdict-common
突き当たる|jmdict-common
突き当り|jmdict-variant
突き当る|jmdict-variant
突き抜ける|jmdict-common
突く|jmdict-common
突っこむ|jmdict-variant
突っぱる|jmdict-variant
突っ張り|jmdict-common
突っ張る|jmdict-common
突っ込む|jmdict-common
突つく|jmdict-variant
突上げる|jmdict-variant
突付く|jmdict-variant
突入|jmdict-common
突出|jmdict-common
突刺す|jmdict-variant
突如|jmdict-common
突尼斯|jmdict-variant
突張り|jmdict-variant
突当たり|jmdict-variant
突当たる|jmdict-variant
突当り|jmdict-variant
突当る|jmdict-variant
突抜ける|jmdict-variant
突然|jmdict-common
突破|jmdict-common
突貫|jmdict-common
突起|jmdict-common
突込む|jmdict-variant
突進|jmdict-common
突風|jmdict-common
窃か|jmdict-variant
窃盗|jmdict-common
窒息|jmdict-common
窒扶斯|jmdict-variant
窒素|jmdict-common
窓ぎわ|jmdict-variant
窓口|jmdict-common
窓際|jmdict-common
窪み|jmdict-common
窮まる|jmdict-variant
窮み|jmdict-variant
窮める|jmdict-variant
窮乏|jmdict-common
窮地|jmdict-common
窮屈|jmdict-common
窮極|jmdict-variant
窮状|jmdict-common
窯元|jmdict-common
窯業|jmdict-common
窺く|jmdict-variant
竊か|jmdict-variant
立ち|jmdict-common
立ちあい|jmdict-variant
立ちあがる|jmdict-variant
立ちあげる|jmdict-variant
立ちどまる|jmdict-variant
立ちなおる|jmdict-common
立ちのく|jmdict-variant
立ちよる|jmdict-variant
立ち上がり|jmdict-common
立ち上がる|jmdict-common
立ち上げる|jmdict-common
立ち上り|jmdict-variant
立ち会い|jmdict-common
立ち入り|jmdict-common
立ち入り禁止|jmdict-common
立ち入禁止|jmdict-variant
立ち去る|jmdict-common
立ち合い|jmdict-common
立ち寄る|jmdict-common
立ち往生|jmdict-common
立ち止まる|jmdict-common
立ち止る|jmdict-variant
立ち消え|jmdict-common
立ち留まる|jmdict-variant
立ち直り|jmdict-common
立ち直る|jmdict-common
立ち話|jmdict-common
立ち読み|jmdict-common
立ち退き|jmdict-common
立ち退く|jmdict-common
立つ|jmdict-common
立てこむ|jmdict-variant
立てつづけ|jmdict-variant
立てなおす|jmdict-variant
立てる|jmdict-common
立て前|jmdict-variant
立て替える|jmdict-common
立て札|jmdict-common
立て直す|jmdict-common
立て続け|jmdict-common
立て込む|jmdict-common
立上がり|jmdict-variant
立上がる|jmdict-variant
立上げる|jmdict-variant
立上り|jmdict-variant
立会|jmdict-variant
立会い|jmdict-common
立体|jmdict-common
立体的|jmdict-common
立候補|jmdict-common
立入|jmdict-variant
立入り|jmdict-variant
立入り禁止|jmdict-variant
立入禁止|jmdict-common
立前|jmdict-variant
立去る|jmdict-variant
立合|jmdict-variant
立合い|jmdict-variant
立国|jmdict-common
立地|jmdict-common
立場|jmdict-common
立寄る|jmdict-variant
立往生|jmdict-variant
立憲|jmdict-common
立方メートル|jmdict-common
立春|jmdict-common
立替える|jmdict-variant
立札|jmdict-common
立案|jmdict-common
立止る|jmdict-variant
立法|jmdict-common
立法府|jmdict-common
立派|jmdict-common
立消え|jmdict-variant
立留まる|jmdict-variant
立留る|jmdict-variant
立直|jmdict-variant
立直す|jmdict-variant
立直る|jmdict-variant
立脚|jmdict-common
立腹|jmdict-common
立証|jmdict-common
立話|jmdict-variant
立読み|jmdict-variant
立込む|jmdict-variant
立退き|jmdict-variant
立退く|jmdict-variant
竜巻|jmdict-common
竜巻き|jmdict-variant
竜王|jmdict-common
竟に|jmdict-variant
竟る|jmdict-variant
章魚|jmdict-variant
童心|jmdict-common
童話|jmdict-common
童謡|jmdict-common
童顔|jmdict-common
竭きる|jmdict-variant
竭す|jmdict-variant
端たない|jmdict-variant
端ない|jmdict-variant
端先|jmdict-variant
端書|jmdict-variant
端書き|jmdict-variant
端末|jmdict-common
端末機|jmdict-common
端的|jmdict-common
端緒|jmdict-common
競う|jmdict-common
競べ|jmdict-variant
競べる|jmdict-variant
競り合い|jmdict-common
競り合う|jmdict-common
競る|jmdict-common
競争|jmdict-common
競争入札|jmdict-common
競争力|jmdict-common
競合|jmdict-common
競合い|jmdict-variant
競合う|jmdict-variant
競合他社|jmdict-common
競売|jmdict-common
競技|jmdict-common
競技場|jmdict-common
競歩|jmdict-common
競泳|jmdict-common
競演|jmdict-common
競艇|jmdict-common
競走|jmdict-common
競走馬|jmdict-common
競輪|jmdict-common
競馬|jmdict-common
競馬場|jmdict-common
竹の子|jmdict-variant
竹刀|jmdict-common
竹林|jmdict-common
笑い|jmdict-common
笑い声|jmdict-common
笑う|jmdict-common
笑み|jmdict-common
笑窪|jmdict-variant
笑顔|jmdict-common
符号|jmdict-common
符合|jmdict-common
第一|jmdict-common
第一人者|jmdict-common
第一声|jmdict-common
第一歩|jmdict-common
第一線|jmdict-common
第一義|jmdict-common
第三国|jmdict-common
第三者|jmdict-common
第二|jmdict-common
第二次世界大戦|jmdict-common
第宅|jmdict-variant
第希蘭|jmdict-variant
第１|jmdict-variant
第２|jmdict-variant
第２次世界大戦|jmdict-variant
筆名|jmdict-common
筆者|jmdict-common
筆記|jmdict-common
筆記用具|jmdict-common
筆記試験|jmdict-common
筆跡|jmdict-common
筆蹟|jmdict-variant
筆迹|jmdict-variant
筆順|jmdict-common
筆頭|jmdict-common
等々|jmdict-common
等しい|jmdict-common
等価|jmdict-common
等分|jmdict-common
等等|jmdict-variant
等級|jmdict-common
等身|jmdict-common
等閑|jmdict-common
筋力|jmdict-common
筋書|jmdict-variant
筋書き|jmdict-common
筋肉|jmdict-common
筋道|jmdict-common
筋違い|jmdict-common
筐体|jmdict-common
筒井|jmdict-common
答え|jmdict-common
答える|jmdict-common
答弁|jmdict-common
答案|jmdict-common
答申|jmdict-common
答辯|jmdict-variant
策定|jmdict-common
策戦|jmdict-variant
策略|jmdict-common
筺体|jmdict-variant
箇々|jmdict-variant
箇別|jmdict-variant
箇国|jmdict-variant
箇所|jmdict-common
箇月|jmdict-variant
箇箇|jmdict-variant
算える|jmdict-variant
算出|jmdict-common
算定|jmdict-common
算数|jmdict-common
算盤|jmdict-common
管内|jmdict-common
管制|jmdict-common
管制塔|jmdict-common
管制官|jmdict-common
管区|jmdict-common
管区気象台|jmdict-common
管弦楽|jmdict-common
管弦楽団|jmdict-common
管理|jmdict-common
管理人|jmdict-common
管理者|jmdict-common
管理職|jmdict-common
管絃楽|jmdict-variant
管財|jmdict-common
管轄|jmdict-common
管長|jmdict-common
箪笥|jmdict-common
節供|jmdict-variant
節句|jmdict-common
節度|jmdict-common
節操|jmdict-common
節減|jmdict-common
節目|jmdict-common
節約|jmdict-common
範囲|jmdict-common
築きあげる|jmdict-variant
築き上げる|jmdict-common
築く|jmdict-common
築地|jmdict-common
築墻|jmdict-variant
築山|jmdict-common
篏める|jmdict-variant
篤い|jmdict-variant
篤志家|jmdict-common
篭める|jmdict-variant
篭もる|jmdict-variant
篭る|jmdict-variant
簇がる|jmdict-variant
簞笥|jmdict-variant
簡単|jmdict-common
簡易|jmdict-common
簡易保険|jmdict-common
簡潔|jmdict-common
簡略|jmdict-common
簡短|jmdict-variant
簡端|jmdict-variant
簡素|jmdict-common
簡裁|jmdict-common
簿記|jmdict-common
籠める|jmdict-variant
籠もる|jmdict-common
籠る|jmdict-variant
籤引|jmdict-common
籤引き|jmdict-common
米人|jmdict-common
米価|jmdict-common
米倉|jmdict-common
米国|jmdict-common
米穀|jmdict-common
米突|jmdict-variant
米粒|jmdict-common
米蔵|jmdict-variant
米軍|jmdict-common
米飯|jmdict-common
粉ミルク|jmdict-common
粉末|jmdict-common
粉砕|jmdict-common
粉飾|jmdict-common
粒子|jmdict-common
粒状|jmdict-common
粗い|jmdict-common
粗っぽい|jmdict-variant
粗品|jmdict-common
粗大|jmdict-common
粗悪|jmdict-common
粗暴|jmdict-common
粗木|jmdict-variant
粗末|jmdict-common
粗筋|jmdict-common
粗野|jmdict-common
粗鋼|jmdict-common
粘々|jmdict-variant
粘り|jmdict-common
粘り強い|jmdict-common
粘る|jmdict-common
粘土|jmdict-common
粘着|jmdict-common
粘粘|jmdict-variant
粘膜|jmdict-common
粛清|jmdict-common
粧い|jmdict-variant
粧う|jmdict-variant
精々|jmdict-common
精いっぱい|jmdict-variant
精しい|jmdict-variant
精一杯|jmdict-common
精力|jmdict-common
精子|jmdict-common
精密|jmdict-common
精巧|jmdict-common
精度|jmdict-common
精彩|jmdict-common
精液|jmdict-common
精神|jmdict-common
精神的|jmdict-common
精神科|jmdict-common
精神薄弱|jmdict-common
精神障害|jmdict-common
精算|jmdict-common
精米|jmdict-common
精精|jmdict-variant
精製|jmdict-common
精通|jmdict-common
精進|jmdict-common
精選|jmdict-common
精鋭|jmdict-common
糖分|jmdict-common
糖尿病|jmdict-common
糖質|jmdict-common
糧食|jmdict-common
糶る|jmdict-variant
糸口|jmdict-common
糺す|jmdict-common
糺弾|jmdict-variant
系列|jmdict-common
系図|jmdict-common
系統|jmdict-common
系譜|jmdict-common
糾す|jmdict-variant
糾合|jmdict-common
糾弾|jmdict-common
紀元|jmdict-common
紀元前|jmdict-common
紀律|jmdict-variant
紀念|jmdict-variant
紀行|jmdict-common
約束|jmdict-common
約束どうり|jmdict-variant
約束どおり|jmdict-variant
約束通り|jmdict-common
約款|jmdict-common
紅い|jmdict-variant
紅梅|jmdict-common
紅潮|jmdict-common
紅白|jmdict-common
紅茶|jmdict-common
紅葉|jmdict-common
紊す|jmdict-variant
紊れ|jmdict-variant
紊れる|jmdict-variant
紋切り型|jmdict-common
紋切型|jmdict-variant
紋様|jmdict-variant
紋章|jmdict-common
納まり|jmdict-variant
納まる|jmdict-common
納める|jmdict-common
納付|jmdict-common
納入|jmdict-common
納屋|jmdict-common
納得|jmdict-common
納税|jmdict-common
納豆|jmdict-common
納金|jmdict-common
紐約|jmdict-variant
紐育|jmdict-variant
純度|jmdict-common
純情|jmdict-common
純文学|jmdict-common
純益|jmdict-common
純粋|jmdict-common
純金|jmdict-common
紕い|jmdict-variant
紕う|jmdict-variant
紙くず|jmdict-variant
紙上|jmdict-common
紙凧|jmdict-variant
紙屑|jmdict-common
紙幣|jmdict-common
紙芝居|jmdict-common
紙袋|jmdict-common
紙面|jmdict-common
紙鳶|jmdict-variant
紛らす|jmdict-common
紛らわしい|jmdict-common
紛れ|jmdict-common
紛れもない|jmdict-common
紛れも無い|jmdict-variant
紛れる|jmdict-common
紛争|jmdict-common
紛失|jmdict-common
紛糾|jmdict-common
紛諍|jmdict-variant
素ばやい|jmdict-variant
素より|jmdict-variant
素人|jmdict-common
素地|jmdict-variant
素子|jmdict-common
素描|jmdict-common
素敵|jmdict-common
素早い|jmdict-common
素晴しい|jmdict-variant
素晴らしい|jmdict-common
素朴|jmdict-common
素材|jmdict-common
素案|jmdict-common
素樸|jmdict-variant
素的|jmdict-variant
素直|jmdict-common
素粒子|jmdict-common
素薔薇しい|jmdict-variant
素見す|jmdict-variant
素質|jmdict-common
素速い|jmdict-variant
素適|jmdict-variant
素顔|jmdict-common
紡ぐ|jmdict-common
紡績|jmdict-common
紡織|jmdict-common
索引|jmdict-common
索隠|jmdict-variant
紫外線|jmdict-common
紫色|jmdict-common
紫菜|jmdict-variant
紫陽花|jmdict-common
累積|jmdict-common
累計|jmdict-common
累進|jmdict-common
細々|jmdict-common
細い|jmdict-common
細か|jmdict-common
細かい|jmdict-common
細かいこと|jmdict-common
細かい事|jmdict-variant
細かく|jmdict-common
細やか|jmdict-common
細る|jmdict-common
細分|jmdict-common
細工|jmdict-common
細心|jmdict-common
細目|jmdict-common
細細|jmdict-variant
細胞|jmdict-common
細胞内|jmdict-common
細菌|jmdict-common
細部|jmdict-common
細長い|jmdict-common
細鱗魚|jmdict-variant
紳士|jmdict-common
紳士協定|jmdict-common
紹介|jmdict-common
紹介文|jmdict-common
紹介者|jmdict-common
紺屋|jmdict-common
終う|jmdict-variant
終える|jmdict-common
終えん|jmdict-variant
終に|jmdict-variant
終り|jmdict-variant
終り値|jmdict-variant
終る|jmdict-variant
終わり|jmdict-common
終わり値|jmdict-variant
終わる|jmdict-common
終了|jmdict-common
終了後|jmdict-common
終値|jmdict-common
終始|jmdict-common
終局|jmdict-common
終息|jmdict-common
終戦|jmdict-common
終日|jmdict-common
終末|jmdict-common
終止符|jmdict-common
終点|jmdict-common
終焉|jmdict-common
終熄|jmdict-variant
終盤|jmdict-common
終着駅|jmdict-common
終結|jmdict-common
終身|jmdict-common
終電|jmdict-common
絃楽|jmdict-variant
絃楽器|jmdict-variant
組み|jmdict-common
組みあわせる|jmdict-variant
組みこむ|jmdict-variant
組みたて|jmdict-variant
組み合い|jmdict-variant
組み合せ|jmdict-variant
組み合せる|jmdict-variant
組み合わせ|jmdict-common
組み合わせる|jmdict-common
組み換え|jmdict-variant
組み替え|jmdict-common
組み立|jmdict-variant
組み立て|jmdict-common
組み立てる|jmdict-common
組み立る|jmdict-variant
組み込む|jmdict-common
組む|jmdict-common
組合|jmdict-common
組合せ|jmdict-common
組合せる|jmdict-variant
組合わせ|jmdict-common
組合わせる|jmdict-variant
組成|jmdict-common
組換え|jmdict-variant
組曲|jmdict-common
組替え|jmdict-variant
組立|jmdict-variant
組立て|jmdict-variant
組立てる|jmdict-variant
組織|jmdict-common
組織的|jmdict-common
組職|jmdict-variant
組込む|jmdict-variant
組長|jmdict-common
組閣|jmdict-common
経つ|jmdict-common
経る|jmdict-common
経企庁|jmdict-common
経営|jmdict-common
経営者|jmdict-common
経常|jmdict-common
経常利益|jmdict-common
経度|jmdict-common
経歴|jmdict-common
経済|jmdict-common
経済企画庁|jmdict-common
経済学|jmdict-common
経済封鎖|jmdict-common
経済成長率|jmdict-common
経済界|jmdict-common
経済的|jmdict-common
経済研究所|jmdict-common
経理|jmdict-common
経由|jmdict-common
経緯|jmdict-common
経費|jmdict-common
経路|jmdict-common
経過|jmdict-common
経験|jmdict-common
経験値|jmdict-common
経験者|jmdict-common
経験豊富|jmdict-common
結う|jmdict-common
結び|jmdict-common
結びつき|jmdict-common
結びつく|jmdict-common
結び付き|jmdict-common
結び付く|jmdict-variant
結ぶ|jmdict-common
結党|jmdict-common
結合|jmdict-common
結婚|jmdict-common
結婚式|jmdict-common
結婚相手|jmdict-common
結局|jmdict-common
結成|jmdict-common
結托|jmdict-variant
結晶|jmdict-common
結末|jmdict-common
結束|jmdict-common
結果|jmdict-common
結核|jmdict-common
結構|jmdict-common
結着|jmdict-variant
結社|jmdict-common
結託|jmdict-common
結論|jmdict-common
結集|jmdict-common
絞める|jmdict-common
絞り|jmdict-common
絞りこむ|jmdict-variant
絞り込む|jmdict-common
絞る|jmdict-common
絞殺|jmdict-common
絞込む|jmdict-variant
絞首刑|jmdict-common
絡み|jmdict-common
絡み合う|jmdict-common
絡む|jmdict-common
給与|jmdict-common
給付|jmdict-common
給料|jmdict-common
給料日|jmdict-common
給水|jmdict-common
給油|jmdict-common
給油所|jmdict-common
給食|jmdict-common
絨毯|jmdict-common
絨氈|jmdict-variant
絨緞|jmdict-variant
統一|jmdict-common
統一感|jmdict-common
統制|jmdict-common
統合|jmdict-common
統帥|jmdict-common
統括|jmdict-common
統治|jmdict-common
統計|jmdict-common
統轄|jmdict-variant
絲口|jmdict-variant
絵とき|jmdict-common
絵の具|jmdict-common
絵はがき|jmdict-common
絵もじ|jmdict-variant
絵をえがく|jmdict-variant
絵をかく|jmdict-variant
絵を描く|jmdict-common
絵を書く|jmdict-variant
絵ハガキ|jmdict-variant
絵具|jmdict-variant
絵巻|jmdict-common
絵巻もの|jmdict-variant
絵巻物|jmdict-common
絵文字|jmdict-common
絵本|jmdict-common
絵画|jmdict-common
絵端書|jmdict-variant
絵葉書|jmdict-common
絵解き|jmdict-variant
絶えず|jmdict-common
絶える|jmdict-common
絶え間なく|jmdict-common
絶え間無く|jmdict-variant
絶つ|jmdict-common
絶やす|jmdict-common
絶交|jmdict-common
絶句|jmdict-common
絶叫|jmdict-common
絶大|jmdict-common
絶好|jmdict-common
絶好調|jmdict-common
絶妙|jmdict-common
絶対|jmdict-common
絶対に|jmdict-common
絶対的|jmdict-common
絶望|jmdict-common
絶滅|jmdict-common
絶縁|jmdict-common
絶讃|jmdict-variant
絶賛|jmdict-common
絶間なく|jmdict-variant
絶間無く|jmdict-variant
絶頂|jmdict-common
絹布|jmdict-common
絹糸|jmdict-common
絹織物|jmdict-common
継ぎはぎ|jmdict-variant
継ぎ接ぎ|jmdict-common
継ぐ|jmdict-common
継承|jmdict-common
継投|jmdict-common
継接|jmdict-variant
継接ぎ|jmdict-variant
継続|jmdict-common
継続的|jmdict-common
続々|jmdict-common
続き|jmdict-common
続く|jmdict-common
続ぐ|jmdict-variant
続ける|jmdict-common
続伸|jmdict-common
続出|jmdict-common
続篇|jmdict-variant
続続|jmdict-variant
続編|jmdict-common
続行|jmdict-common
綜合|jmdict-variant
綜括|jmdict-variant
綜理|jmdict-variant
綠色|jmdict-variant
綠茶|jmdict-variant
維持|jmdict-common
維新|jmdict-common
綱ひき|jmdict-variant
綱わたり|jmdict-variant
綱引|jmdict-variant
綱引き|jmdict-common
綱曳|jmdict-variant
綱曳き|jmdict-variant
綱渡り|jmdict-common
綱紀|jmdict-common
綱領|jmdict-common
網戸|jmdict-common
網羅|jmdict-common
網膜|jmdict-common
綴じる|jmdict-common
綴り|jmdict-common
綴る|jmdict-common
綺羅びやか|jmdict-variant
綺麗|jmdict-common
綻びる|jmdict-common
綽名|jmdict-variant
綿密|jmdict-common
綿布|jmdict-common
緊々|jmdict-variant
緊い|jmdict-variant
緊まる|jmdict-variant
緊密|jmdict-common
緊張|jmdict-common
緊急|jmdict-common
緊急事態宣言|jmdict-common
緊緊|jmdict-variant
緊縮|jmdict-common
緊迫|jmdict-common
緋い|jmdict-variant
総あたり|jmdict-variant
総て|jmdict-variant
総べて|jmdict-variant
総会|jmdict-common
総会屋|jmdict-common
総体|jmdict-common
総力|jmdict-common
総動員|jmdict-common
総務|jmdict-common
総務局|jmdict-common
総務部|jmdict-common
総勢|jmdict-common
総合|jmdict-common
総合的|jmdict-common
総帥|jmdict-common
総当たり|jmdict-common
総当り|jmdict-variant
総意|jmdict-common
総括|jmdict-common
総数|jmdict-common
総本山|jmdict-common
総決算|jmdict-common
総理|jmdict-common
総理大臣|jmdict-common
総理府|jmdict-common
総監|jmdict-common
総督|jmdict-common
総統|jmdict-common
総菜|jmdict-variant
総裁|jmdict-common
総計|jmdict-common
総評|jmdict-common
総論|jmdict-common
総辞職|jmdict-common
総選挙|jmdict-common
総量|jmdict-common
総長|jmdict-common
総領事|jmdict-common
総額|jmdict-common
緑化|jmdict-common
緑地|jmdict-common
緑色|jmdict-common
緑茶|jmdict-common
緑青|jmdict-common
緒戦|jmdict-common
線維|jmdict-variant
線路|jmdict-common
線量|jmdict-common
線香|jmdict-common
締まる|jmdict-common
締め|jmdict-common
締めだす|jmdict-variant
締めつけ|jmdict-variant
締める|jmdict-common
締め付け|jmdict-common
締め出す|jmdict-common
締め切り|jmdict-common
締め切る|jmdict-common
締付|jmdict-variant
締付け|jmdict-variant
締出す|jmdict-variant
締切|jmdict-common
締切り|jmdict-variant
締切る|jmdict-variant
締約|jmdict-common
締結|jmdict-common
編みもの|jmdict-variant
編み物|jmdict-common
編む|jmdict-common
編もの|jmdict-variant
編修|jmdict-variant
編入|jmdict-common
編成|jmdict-common
編物|jmdict-common
編者|jmdict-common
編著|jmdict-common
編輯|jmdict-variant
編集|jmdict-common
編集者|jmdict-common
緩い|jmdict-common
緩む|jmdict-common
緩める|jmdict-common
緩やか|jmdict-common
緩和|jmdict-common
緩急|jmdict-common
緩慢|jmdict-common
緩漫|jmdict-variant
緩衝地帯|jmdict-common
緯度|jmdict-common
練り|jmdict-common
練る|jmdict-common
練習|jmdict-common
緻密|jmdict-common
縁側|jmdict-common
縁談|jmdict-common
縁起|jmdict-common
縄とび|jmdict-variant
縄張|jmdict-variant
縄張り|jmdict-common
縄文|jmdict-common
縄跳び|jmdict-common
縄飛び|jmdict-variant
縋る|jmdict-common
縛り首|jmdict-common
縛る|jmdict-common
縦え|jmdict-variant
縦令|jmdict-variant
縦断|jmdict-common
縦書|jmdict-common
縦書き|jmdict-common
縦横|jmdict-common
縫い目|jmdict-common
縫う|jmdict-common
縫成|jmdict-variant
縫目|jmdict-common
縫製|jmdict-common
縮まる|jmdict-common
縮み|jmdict-common
縮む|jmdict-common
縮める|jmdict-common
縮れる|jmdict-common
縮図|jmdict-common
縮小|jmdict-common
縮少|jmdict-variant
縮尺|jmdict-common
縺れる|jmdict-common
總督|jmdict-variant
繁る|jmdict-variant
繁昌|jmdict-variant
繁栄|jmdict-common
繁殖|jmdict-common
繁盛|jmdict-common
繁茂|jmdict-common
繁華街|jmdict-common
繁雑|jmdict-variant
繃帯|jmdict-variant
繊細|jmdict-common
繊維|jmdict-common
繋がり|jmdict-common
繋がる|jmdict-common
繋ぐ|jmdict-common
繋争|jmdict-variant
織り|jmdict-common
織りもの|jmdict-variant
織り機|jmdict-variant
織り物|jmdict-variant
織る|jmdict-common
織女|jmdict-variant
織機|jmdict-common
織物|jmdict-common
繕う|jmdict-common
繞る|jmdict-variant
繩張り|jmdict-variant
繫がる|jmdict-variant
繫ぐ|jmdict-variant
繭糸|jmdict-variant
繰りかえし|jmdict-variant
繰りかえす|jmdict-variant
繰り上げ|jmdict-common
繰り上げる|jmdict-common
繰り入れ|jmdict-common
繰り出しはしご|jmdict-variant
繰り出しばしご|jmdict-variant
繰り出し梯子|jmdict-common
繰り出す|jmdict-common
繰り広げる|jmdict-common
繰り延べ|jmdict-common
繰り拡げる|jmdict-variant
繰り返し|jmdict-common
繰り返す|jmdict-common
繰る|jmdict-common
繰上|jmdict-variant
繰上げ|jmdict-variant
繰上げる|jmdict-variant
繰入|jmdict-common
繰入れ|jmdict-variant
繰出し梯子|jmdict-variant
繰出す|jmdict-variant
繰広げる|jmdict-variant
繰延べ|jmdict-variant
繰拡げる|jmdict-variant
繰返し|jmdict-variant
繰返す|jmdict-variant
纏まる|jmdict-common
纏め|jmdict-variant
纏める|jmdict-variant
纔か|jmdict-variant
缶コーヒー|jmdict-common
缶詰|jmdict-common
缶詰め|jmdict-variant
缺ける|jmdict-variant
缺乏|jmdict-variant
罐詰|jmdict-variant
罐詰め|jmdict-variant
罔羅|jmdict-variant
罩める|jmdict-variant
罪人|jmdict-common
置きかえる|jmdict-variant
置きざり|jmdict-variant
置きもの|jmdict-variant
置き去り|jmdict-common
置き場|jmdict-common
置き変える|jmdict-variant
置き換える|jmdict-common
置き替える|jmdict-variant
置き物|jmdict-variant
置く|jmdict-common
置去り|jmdict-variant
置場|jmdict-variant
置換える|jmdict-variant
置物|jmdict-common
罰する|jmdict-common
罰則|jmdict-common
罰点|jmdict-common
罰金|jmdict-common
署名|jmdict-common
署員|jmdict-common
署長|jmdict-common
罵る|jmdict-common
罷む|jmdict-variant
罷める|jmdict-variant
罷免|jmdict-common
罹る|jmdict-common
羅典|jmdict-variant
羅典語|jmdict-variant
羅列|jmdict-common
羅宇|jmdict-variant
羅甸|jmdict-variant
羅甸語|jmdict-variant
羅針盤|jmdict-common
羅馬|jmdict-variant
羅馬字|jmdict-variant
羊毛|jmdict-common
羊肉|jmdict-common
美い|jmdict-variant
美しい|jmdict-common
美事|jmdict-variant
美人|jmdict-common
美化|jmdict-common
美味い|jmdict-common
美味しい|jmdict-common
美女|jmdict-common
美学|jmdict-common
美容|jmdict-common
美容師|jmdict-common
美容院|jmdict-common
美意識|jmdict-common
美点|jmdict-common
美白|jmdict-common
美術|jmdict-common
美術展|jmdict-common
美術館|jmdict-common
美貌|jmdict-common
美辞麗句|jmdict-common
羞かしい|jmdict-variant
羞しい|jmdict-variant
羞じらう|jmdict-variant
羞じる|jmdict-variant
羞ずかしい|jmdict-variant
群がる|jmdict-common
群れ|jmdict-common
群れる|jmdict-common
群像|jmdict-common
群島|jmdict-common
群聚|jmdict-variant
群衆|jmdict-common
群集|jmdict-common
羨しい|jmdict-variant
羨ましい|jmdict-common
義兄|jmdict-common
義勇|jmdict-common
義務|jmdict-common
義務付け|jmdict-common
義務教育|jmdict-common
義太夫|jmdict-common
義妹|jmdict-common
義姉|jmdict-common
義弟|jmdict-common
義捐金|jmdict-variant
義援金|jmdict-common
義歯|jmdict-common
義母|jmdict-common
義父|jmdict-common
義理|jmdict-common
羽書|jmdict-variant
羽根|jmdict-common
羽毛|jmdict-common
羽目|jmdict-common
羽織|jmdict-common
羽衣|jmdict-common
翌る|jmdict-variant
翌る日|jmdict-variant
翌年|jmdict-common
翌日|jmdict-common
翌月|jmdict-common
翌朝|jmdict-common
翌週|jmdict-common
習う|jmdict-common
習字|jmdict-common
習得|jmdict-common
習性|jmdict-common
習慣|jmdict-common
翔ける|jmdict-variant
翔ぶ|jmdict-variant
翔る|jmdict-common
翠色|jmdict-variant
翳み|jmdict-variant
翳む|jmdict-variant
翳り|jmdict-variant
翻す|jmdict-common
翻る|jmdict-common
翻弄|jmdict-common
翻意|jmdict-common
翻案|jmdict-common
翻訳|jmdict-common
耀かしい|jmdict-variant
耀き|jmdict-variant
耀く|jmdict-variant
老い|jmdict-common
老いる|jmdict-common
老ける|jmdict-common
老人|jmdict-common
老人ホーム|jmdict-common
老人性|jmdict-common
老人福祉|jmdict-common
老化|jmdict-common
老夫婦|jmdict-common
老女|jmdict-common
老婆|jmdict-common
老婦|jmdict-common
老子|jmdict-common
老年|jmdict-common
老後|jmdict-common
老朽|jmdict-common
老眼|jmdict-common
老舗|jmdict-common
老若|jmdict-common
老若男女|jmdict-common
老衰|jmdict-common
老麺|jmdict-variant
老齢|jmdict-common
考え|jmdict-common
考えてみれば|jmdict-common
考えて見れば|jmdict-variant
考えなおす|jmdict-variant
考える|jmdict-common
考え方|jmdict-common
考え直す|jmdict-common
考古学|jmdict-common
考察|jmdict-common
考慮|jmdict-common
考按|jmdict-variant
考案|jmdict-common
考証|jmdict-common
耄ける|jmdict-variant
耄れる|jmdict-variant
而して|jmdict-variant
而も|jmdict-variant
耐える|jmdict-common
耐久|jmdict-common
耐久性|jmdict-common
耐性|jmdict-common
耐火|jmdict-common
耐熱|jmdict-common
耕す|jmdict-common
耕作|jmdict-common
耕地|jmdict-common
耳もと|jmdict-variant
耳より|jmdict-common
耳元|jmdict-common
耳寄り|jmdict-common
耳目|jmdict-common
耳許|jmdict-variant
耳障り|jmdict-common
耳鼻科|jmdict-common
耻じる|jmdict-variant
耽ける|jmdict-variant
耽る|jmdict-common
聊か|jmdict-variant
聖人|jmdict-common
聖地|jmdict-common
聖域|jmdict-common
聖堂|jmdict-common
聖戦|jmdict-common
聖書|jmdict-common
聖母|jmdict-common
聖火|jmdict-common
聖職者|jmdict-common
聚落|jmdict-variant
聚集|jmdict-variant
聞える|jmdict-variant
聞かす|jmdict-common
聞きとる|jmdict-variant
聞き取り|jmdict-common
聞き取る|jmdict-common
聞き手|jmdict-common
聞き書|jmdict-variant
聞き書き|jmdict-common
聞く|jmdict-common
聞こえる|jmdict-common
聞取り|jmdict-variant
聞取る|jmdict-variant
聞手|jmdict-variant
聞書|jmdict-variant
聞書き|jmdict-variant
聢り|jmdict-variant
聯動|jmdict-variant
聯合|jmdict-variant
聯想|jmdict-variant
聯盟|jmdict-variant
聯立|jmdict-variant
聯絡|jmdict-variant
聯繋|jmdict-variant
聯邦|jmdict-variant
聯関|jmdict-variant
聯隊|jmdict-variant
聳える|jmdict-common
聴える|jmdict-variant
聴き取り|jmdict-variant
聴き取る|jmdict-variant
聴き手|jmdict-variant
聴く|jmdict-common
聴こえる|jmdict-variant
聴す|jmdict-variant
聴取|jmdict-common
聴取り|jmdict-variant
聴取る|jmdict-variant
聴手|jmdict-variant
聴聞|jmdict-common
聴衆|jmdict-common
聴覚|jmdict-common
聴講|jmdict-common
職人|jmdict-common
職別|jmdict-variant
職務|jmdict-common
職員|jmdict-common
職場|jmdict-common
職業|jmdict-common
職権|jmdict-common
職歴|jmdict-common
職種|jmdict-common
職能|jmdict-common
肉体|jmdict-common
肉体的|jmdict-common
肉声|jmdict-common
肉屋|jmdict-common
肉眼|jmdict-common
肉筆|jmdict-common
肉薄|jmdict-common
肉親|jmdict-common
肉迫|jmdict-variant
肉食|jmdict-common
肌ざわり|jmdict-variant
肌寒い|jmdict-common
肌着|jmdict-common
肌色|jmdict-common
肌衣|jmdict-variant
肌触|jmdict-variant
肌触り|jmdict-common
肌触わり|jmdict-variant
肖像|jmdict-common
肝心|jmdict-common
肝炎|jmdict-common
肝硬変|jmdict-common
肝腎|jmdict-variant
肝臓|jmdict-common
肝要|jmdict-common
肝銘|jmdict-variant
股がる|jmdict-variant
肢体|jmdict-common
肥える|jmdict-common
肥し|jmdict-variant
肥す|jmdict-variant
肥やし|jmdict-common
肥やす|jmdict-common
肥る|jmdict-variant
肥大|jmdict-common
肥料|jmdict-common
肥満|jmdict-common
肩がわり|jmdict-variant
肩こり|jmdict-common
肩代り|jmdict-variant
肩代わり|jmdict-common
肩凝り|jmdict-variant
肩書|jmdict-common
肩書き|jmdict-common
肩替り|jmdict-variant
肩替わり|jmdict-variant
肯く|jmdict-variant
肯定|jmdict-common
育くむ|jmdict-variant
育ち|jmdict-common
育つ|jmdict-common
育てる|jmdict-common
育む|jmdict-common
育児|jmdict-common
育成|jmdict-common
育生|jmdict-variant
育英|jmdict-common
肺炎|jmdict-common
肺結核|jmdict-common
胃嚢|jmdict-variant
胃腸|jmdict-common
胃袋|jmdict-common
胆石|jmdict-common
背がたかい|jmdict-variant
背が高い|jmdict-common
背く|jmdict-common
背すじ|jmdict-variant
背たけ|jmdict-variant
背なか|jmdict-variant
背ぼね|jmdict-variant
背もたれ|jmdict-common
背丈|jmdict-common
背中|jmdict-common
背任|jmdict-common
背信|jmdict-common
背凭れ|jmdict-variant
背広|jmdict-common
背後|jmdict-common
背景|jmdict-common
背泳ぎ|jmdict-common
背番号|jmdict-common
背筋|jmdict-common
背負う|jmdict-common
背骨|jmdict-common
胎む|jmdict-variant
胎仔|jmdict-variant
胎児|jmdict-common
胎動|jmdict-common
胎盤|jmdict-common
胞子|jmdict-common
胡坐|jmdict-common
胡床|jmdict-variant
胡座|jmdict-variant
胡桃|jmdict-common
胡椒|jmdict-common
胡瓜|jmdict-common
胡麻|jmdict-common
胡麻化す|jmdict-variant
胴上げ|jmdict-common
胴体|jmdict-common
胴像|jmdict-variant
胴揚げ|jmdict-variant
胸中|jmdict-common
胸像|jmdict-common
胸襟|jmdict-common
胸部|jmdict-common
能く|jmdict-variant
能力|jmdict-common
能動|jmdict-common
能動的|jmdict-common
能楽|jmdict-common
能率|jmdict-common
能面|jmdict-common
脂肪|jmdict-common
脂身|jmdict-common
脅える|jmdict-variant
脅かす|jmdict-common
脅し|jmdict-common
脅す|jmdict-common
脅威|jmdict-common
脅迫|jmdict-common
脆い|jmdict-common
脆弱|jmdict-common
脇役|jmdict-common
脇見|jmdict-common
脈拍|jmdict-common
脈搏|jmdict-variant
脈略|jmdict-variant
脈絡|jmdict-common
脊丈|jmdict-variant
脊広|jmdict-variant
脊負う|jmdict-variant
脊骨|jmdict-variant
脊髄|jmdict-common
脚光|jmdict-common
脚本|jmdict-common
脚色|jmdict-common
脱ぐ|jmdict-common
脱けだす|jmdict-variant
脱ける|jmdict-variant
脱け出す|jmdict-variant
脱する|jmdict-common
脱出|jmdict-common
脱出す|jmdict-variant
脱却|jmdict-common
脱水|jmdict-common
脱皮|jmdict-common
脱硫|jmdict-common
脱税|jmdict-common
脱線|jmdict-common
脱落|jmdict-common
脱衣|jmdict-common
脱衣所|jmdict-common
脱走|jmdict-common
脱退|jmdict-common
脳出血|jmdict-common
脳卒中|jmdict-common
脳死|jmdict-common
脳波|jmdict-common
脳炎|jmdict-common
脳裏|jmdict-common
脳裡|jmdict-variant
脹らむ|jmdict-variant
脹れる|jmdict-variant
腎臓|jmdict-common
腐る|jmdict-common
腐心|jmdict-common
腐敗|jmdict-common
腐蝕|jmdict-variant
腐食|jmdict-common
腕まえ|jmdict-variant
腕前|jmdict-common
腕力|jmdict-common
腕時計|jmdict-common
腕白|jmdict-common
腥い|jmdict-variant
腫れる|jmdict-common
腫瘍|jmdict-common
腰かけ|jmdict-variant
腰かける|jmdict-variant
腰掛|jmdict-common
腰掛け|jmdict-common
腰掛ける|jmdict-common
腰掛る|jmdict-variant
腰痛|jmdict-common
腰部|jmdict-common
腹いっぱい|jmdict-common
腹一杯|jmdict-common
腹心|jmdict-common
腹痛|jmdict-common
腹部|jmdict-common
膚寒い|jmdict-variant
膚着|jmdict-variant
膚色|jmdict-variant
膚触り|jmdict-variant
膝まずく|jmdict-variant
膝まづく|jmdict-variant
膨らます|jmdict-common
膨らむ|jmdict-common
膨れる|jmdict-common
膨大|jmdict-common
膨張|jmdict-common
膨脹|jmdict-variant
臆測|jmdict-variant
臆病|jmdict-common
臆病者|jmdict-common
臓器|jmdict-common
臥せる|jmdict-variant
臥児狼徳|jmdict-variant
臨く|jmdict-variant
臨む|jmdict-common
臨場感|jmdict-common
臨床|jmdict-common
臨時|jmdict-common
臨海|jmdict-common
臨界|jmdict-common
臨終|jmdict-common
自から|jmdict-variant
自ずから|jmdict-common
自ら|jmdict-common
自主|jmdict-common
自主的|jmdict-common
自他|jmdict-common
自任|jmdict-common
自伝|jmdict-common
自体|jmdict-common
自作|jmdict-common
自供|jmdict-common
自信|jmdict-common
自修|jmdict-variant
自働|jmdict-variant
自働化|jmdict-variant
自分|jmdict-common
自分で|jmdict-common
自分自身|jmdict-common
自制|jmdict-common
自前|jmdict-common
自力|jmdict-common
自助|jmdict-common
自動|jmdict-common
自動化|jmdict-common
自動的|jmdict-common
自動販売器|jmdict-variant
自動販売機|jmdict-common
自動車|jmdict-common
自叙伝|jmdict-common
自問|jmdict-common
自営|jmdict-common
自営業|jmdict-common
自国|jmdict-common
自在|jmdict-common
自宅|jmdict-common
自室|jmdict-common
自家|jmdict-common
自家用|jmdict-common
自尊|jmdict-common
自己|jmdict-common
自己管理|jmdict-common
自己紹介|jmdict-common
自己資本|jmdict-common
自律|jmdict-common
自律神経|jmdict-common
自惚|jmdict-variant
自惚れ|jmdict-common
自惚れる|jmdict-common
自慢|jmdict-common
自我|jmdict-common
自明|jmdict-common
自棄|jmdict-common
自殺|jmdict-common
自民|jmdict-common
自民党|jmdict-common
自決|jmdict-common
自治|jmdict-common
自治体|jmdict-common
自治権|jmdict-common
自活|jmdict-common
自浄|jmdict-common
自滅|jmdict-common
自炊|jmdict-common
自然|jmdict-common
自然公園|jmdict-common
自然環境|jmdict-common
自然界|jmdict-common
自然科学|jmdict-common
自由|jmdict-common
自由主義|jmdict-common
自由化|jmdict-common
自由型|jmdict-variant
自由形|jmdict-common
自由経済|jmdict-common
自画像|jmdict-common
自発|jmdict-common
自発的|jmdict-common
自白|jmdict-common
自省|jmdict-common
自社|jmdict-common
自称|jmdict-common
自立|jmdict-common
自筆|jmdict-common
自粛|jmdict-common
自給|jmdict-common
自習|jmdict-common
自薦|jmdict-common
自衛|jmdict-common
自衛官|jmdict-common
自衛隊|jmdict-common
自覚|jmdict-common
自論|jmdict-variant
自負|jmdict-common
自販|jmdict-common
自販機|jmdict-common
自責|jmdict-common
自費|jmdict-common
自身|jmdict-common
自転車|jmdict-common
自閉症|jmdict-common
自首|jmdict-common
自鳴鐘|jmdict-variant
臭い|jmdict-common
臭う|jmdict-common
臭気|jmdict-common
至って|jmdict-common
至る|jmdict-common
至るところ|jmdict-variant
至る処|jmdict-variant
至る所|jmdict-common
至上|jmdict-common
至急|jmdict-common
至福|jmdict-common
至難|jmdict-common
致す|jmdict-common
致命傷|jmdict-common
致命的|jmdict-common
致死|jmdict-common
致死量|jmdict-common
臺灣|jmdict-variant
臺處|jmdict-variant
興す|jmdict-common
興信所|jmdict-common
興味|jmdict-common
興味しんしん|jmdict-variant
興味ぶかい|jmdict-variant
興味津々|jmdict-common
興味津津|jmdict-variant
興味深い|jmdict-common
興奮|jmdict-common
興業|jmdict-common
興行|jmdict-common
興隆|jmdict-common
舌うち|jmdict-variant
舌戦|jmdict-common
舌打ち|jmdict-common
舎路|jmdict-variant
舐める|jmdict-common
舗装|jmdict-common
舞い|jmdict-variant
舞う|jmdict-common
舞台|jmdict-common
舞台裏|jmdict-common
舞姫|jmdict-common
舞楽|jmdict-common
舞踊|jmdict-common
舞踏|jmdict-common
舟艇|jmdict-common
舟酔い|jmdict-variant
航法|jmdict-common
航海|jmdict-common
航空|jmdict-common
航空会社|jmdict-common
航空便|jmdict-common
航空券|jmdict-common
航空機|jmdict-common
航空母艦|jmdict-common
航空自衛隊|jmdict-common
航行|jmdict-common
航路|jmdict-common
舶来|jmdict-common
船主|jmdict-common
船体|jmdict-common
船便|jmdict-common
船出|jmdict-common
船員|jmdict-common
船室|jmdict-common
船旅|jmdict-common
船橋|jmdict-common
船籍|jmdict-common
船舶|jmdict-common
船酔い|jmdict-common
船長|jmdict-common
艦船|jmdict-common
艦艇|jmdict-common
艦隊|jmdict-common
良い|jmdict-common
良いね|jmdict-variant
良い加減|jmdict-variant
良かったら|jmdict-common
良き|jmdict-common
良く|jmdict-common
良くあるご質問|jmdict-variant
良くある御質問|jmdict-variant
良くある質問|jmdict-variant
良さ|jmdict-common
良しあし|jmdict-variant
良し悪し|jmdict-common
良人|jmdict-variant
良好|jmdict-common
良妻|jmdict-common
良心|jmdict-common
良識|jmdict-common
良質|jmdict-common
色々|jmdict-common
色々あって|jmdict-common
色いろ|jmdict-variant
色どり|jmdict-variant
色どる|jmdict-variant
色んな|jmdict-common
色取り|jmdict-variant
色取る|jmdict-variant
色合|jmdict-variant
色合い|jmdict-common
色彩|jmdict-common
色気|jmdict-common
色紙|jmdict-common
色素|jmdict-common
色色|jmdict-variant
色葉|jmdict-variant
色調|jmdict-common
艶々|jmdict-common
艶歌|jmdict-variant
艶艶|jmdict-variant
芒果|jmdict-variant
芝居|jmdict-common
芝居小屋|jmdict-common
芝生|jmdict-common
芝草|jmdict-common
芥子|jmdict-variant
芥箱|jmdict-variant
芬蘭|jmdict-variant
芬蘭土|jmdict-variant
花々しい|jmdict-variant
花ざかり|jmdict-variant
花だん|jmdict-variant
花びら|jmdict-common
花びん|jmdict-variant
花やか|jmdict-variant
花園|jmdict-common
花壇|jmdict-common
花壻|jmdict-variant
花婿|jmdict-common
花嫁|jmdict-common
花屋|jmdict-common
花弁|jmdict-common
花形|jmdict-common
花束|jmdict-common
花柳|jmdict-common
花火|jmdict-common
花火大会|jmdict-common
花片|jmdict-variant
花環|jmdict-variant
花瓶|jmdict-common
花盛り|jmdict-common
花粉|jmdict-common
花粉症|jmdict-common
花紙|jmdict-variant
花美|jmdict-variant
花聟|jmdict-variant
花花しい|jmdict-variant
花見|jmdict-common
花輪|jmdict-common
花道|jmdict-common
花鳥|jmdict-common
芳しい|jmdict-common
芳ばしい|jmdict-variant
芳香|jmdict-common
芸人|jmdict-common
芸名|jmdict-common
芸者|jmdict-common
芸能|jmdict-common
芸能人|jmdict-common
芸術|jmdict-common
芸術家|jmdict-common
芸術祭|jmdict-common
芸術院|jmdict-common
芽出度い|jmdict-variant
芽子|jmdict-variant
芽生え|jmdict-common
苅る|jmdict-variant
苑内|jmdict-variant
苗字|jmdict-common
苗床|jmdict-common
苗木|jmdict-common
苛々|jmdict-common
苛め|jmdict-common
苛める|jmdict-common
苛苛|jmdict-variant
苛酷|jmdict-variant
若々しい|jmdict-common
若い|jmdict-common
若いころ|jmdict-common
若い頃|jmdict-common
若くは|jmdict-variant
若さ|jmdict-common
若し|jmdict-common
若しかしたら|jmdict-common
若しかして|jmdict-common
若しかすると|jmdict-common
若しくは|jmdict-common
若しも|jmdict-common
若人|jmdict-common
若冠|jmdict-variant
若布|jmdict-variant
若干|jmdict-common
若年|jmdict-common
若手|jmdict-common
若者|jmdict-common
若若しい|jmdict-variant
若葉|jmdict-common
若返り|jmdict-common
苦い|jmdict-common
苦しい|jmdict-common
苦しみ|jmdict-common
苦しむ|jmdict-common
苦しめる|jmdict-common
苦み|jmdict-variant
苦労|jmdict-common
苦勞|jmdict-variant
苦味|jmdict-common
苦境|jmdict-common
苦心|jmdict-common
苦悩|jmdict-common
苦情|jmdict-common
苦慮|jmdict-common
苦戦|jmdict-common
苦手|jmdict-common
苦況|jmdict-variant
苦渋|jmdict-common
苦痛|jmdict-common
苦笑|jmdict-common
苦笑い|jmdict-common
苦肉の策|jmdict-common
苦脳|jmdict-variant
苦言|jmdict-common
苦難|jmdict-common
英会話|jmdict-common
英単語|jmdict-common
英吉利|jmdict-variant
英听|jmdict-variant
英和|jmdict-common
英国|jmdict-common
英國|jmdict-variant
英字|jmdict-common
英数字|jmdict-common
英文|jmdict-common
英文学|jmdict-common
英斤|jmdict-variant
英明|jmdict-common
英智|jmdict-variant
英気|jmdict-common
英知|jmdict-common
英蘭|jmdict-variant
英訳|jmdict-common
英語|jmdict-common
英雄|jmdict-common
茂る|jmdict-common
茄子|jmdict-common
茣蓙|jmdict-common
茶いろ|jmdict-variant
茶の湯|jmdict-common
茶の間|jmdict-common
茶わん|jmdict-common
茶室|jmdict-common
茶屋|jmdict-common
茶碗|jmdict-common
茶色|jmdict-common
茶褐色|jmdict-common
茶道|jmdict-common
茹でる|jmdict-common
草の根|jmdict-common
草はら|jmdict-variant
草分け|jmdict-common
草刈り|jmdict-common
草原|jmdict-common
草履|jmdict-common
草書|jmdict-common
草木|jmdict-common
草案|jmdict-common
草稿|jmdict-common
草綿|jmdict-variant
草臥れる|jmdict-variant
草花|jmdict-common
草食|jmdict-common
荒々しい|jmdict-common
荒い|jmdict-common
荒す|jmdict-variant
荒っぽい|jmdict-common
荒らげる|jmdict-common
荒らす|jmdict-common
荒れ|jmdict-common
荒れる|jmdict-common
荒れ野|jmdict-variant
荒廃|jmdict-common
荒木|jmdict-common
荒波|jmdict-common
荒筋|jmdict-variant
荒荒しい|jmdict-variant
荒野|jmdict-common
荘る|jmdict-variant
荘厳|jmdict-common
荷う|jmdict-variant
荷づくり|jmdict-variant
荷なう|jmdict-variant
荷作り|jmdict-common
荷台|jmdict-common
荷担|jmdict-variant
荷揚げ|jmdict-common
荷札|jmdict-common
荷物|jmdict-common
荷造り|jmdict-common
莫大|jmdict-common
莫斯科|jmdict-variant
莫迦|jmdict-variant
菓子|jmdict-common
菓子屋|jmdict-common
菓物|jmdict-variant
菜園|jmdict-common
菜種|jmdict-common
菜食|jmdict-common
菠薐草|jmdict-variant
菩薩|jmdict-common
華々しい|jmdict-common
華やか|jmdict-common
華僑|jmdict-common
華盛頓|jmdict-variant
華美|jmdict-common
華華しい|jmdict-variant
華道|jmdict-common
華麗|jmdict-common
萌える|jmdict-common
萌し|jmdict-variant
萌芽|jmdict-common
萎える|jmdict-common
萎む|jmdict-common
萎れる|jmdict-common
萎縮|jmdict-common
萠芽|jmdict-variant
落しもの|jmdict-variant
落し物|jmdict-common
落し穴|jmdict-variant
落す|jmdict-variant
落ち|jmdict-common
落ちこぼれ|jmdict-common
落ちこむ|jmdict-variant
落ちついた|jmdict-variant
落ちつく|jmdict-variant
落ちる|jmdict-common
落ち付き|jmdict-variant
落ち付く|jmdict-variant
落ち入る|jmdict-variant
落ち合う|jmdict-common
落ち度|jmdict-common
落ち着いた|jmdict-common
落ち着き|jmdict-common
落ち着く|jmdict-common
落ち葉|jmdict-common
落ち込む|jmdict-common
落ち零れ|jmdict-variant
落としもの|jmdict-variant
落とし物|jmdict-common
落とし穴|jmdict-common
落とす|jmdict-common
落る|jmdict-variant
落下|jmdict-common
落付き|jmdict-variant
落付く|jmdict-variant
落合う|jmdict-variant
落差|jmdict-common
落度|jmdict-variant
落書|jmdict-variant
落書き|jmdict-common
落札|jmdict-common
落着き|jmdict-variant
落着く|jmdict-variant
落第|jmdict-common
落胆|jmdict-common
落葉|jmdict-variant
落語|jmdict-common
落語家|jmdict-common
落込む|jmdict-variant
落選|jmdict-common
落雷|jmdict-common
葉っぱ|jmdict-common
葉巻|jmdict-common
葉巻き|jmdict-variant
葉書|jmdict-common
葉書き|jmdict-variant
著しい|jmdict-common
著す|jmdict-common
著る|jmdict-variant
著わす|jmdict-common
著作|jmdict-common
著作権|jmdict-common
著名|jmdict-common
著手|jmdict-variant
著書|jmdict-common
著者|jmdict-common
葛藤|jmdict-common
葡萄|jmdict-common
葡萄牙|jmdict-variant
葬る|jmdict-common
葬儀|jmdict-common
葬列|jmdict-common
葬式|jmdict-common
葬祭|jmdict-common
葬送|jmdict-common
葱頭|jmdict-variant
蒐荷|jmdict-variant
蒐輯|jmdict-variant
蒐集|jmdict-variant
蒔く|jmdict-common
蒲公英|jmdict-variant
蒲団|jmdict-variant
蒸かす|jmdict-common
蒸し|jmdict-common
蒸しパン|jmdict-common
蒸し暑い|jmdict-common
蒸し返す|jmdict-common
蒸す|jmdict-common
蒸パン|jmdict-variant
蒸暑い|jmdict-variant
蒸気|jmdict-common
蒸汽|jmdict-variant
蒸発|jmdict-common
蒸返す|jmdict-variant
蒼い|jmdict-variant
蒼ざめる|jmdict-variant
蒼白い|jmdict-variant
蒼褪める|jmdict-variant
蓄える|jmdict-common
蓄積|jmdict-common
蓄財|jmdict-common
蓄電池|jmdict-common
蓋う|jmdict-variant
蔑む|jmdict-common
蔓る|jmdict-variant
蔓延|jmdict-variant
蔓延る|jmdict-common
蔓衍|jmdict-variant
蔭り|jmdict-variant
蔭口|jmdict-variant
蔵う|jmdict-variant
蔵書|jmdict-common
蔵相|jmdict-common
蔽う|jmdict-variant
蕃主|jmdict-variant
蕃昌|jmdict-variant
蕃椒|jmdict-variant
蕃殖|jmdict-variant
蕎麦|jmdict-common
蕎麦屋|jmdict-common
薄い|jmdict-common
薄ぐらい|jmdict-variant
薄まる|jmdict-common
薄める|jmdict-common
薄らぐ|jmdict-common
薄れる|jmdict-common
薄弱|jmdict-common
薄暗い|jmdict-common
薄着|jmdict-common
薔薇|jmdict-common
薔薇色|jmdict-common
薔薇薔薇|jmdict-variant
薦め|jmdict-variant
薦める|jmdict-common
薩摩芋|jmdict-common
薪炭|jmdict-common
薫り|jmdict-variant
薫る|jmdict-variant
薬価|jmdict-common
薬剤|jmdict-common
薬剤師|jmdict-common
薬味|jmdict-common
薬品|jmdict-common
薬学|jmdict-common
薬害|jmdict-common
薬局|jmdict-common
薬指|jmdict-common
薬物|jmdict-common
薬缶|jmdict-variant
薬罐|jmdict-variant
薬鑵|jmdict-variant
藉く|jmdict-variant
藉す|jmdict-variant
藝者|jmdict-variant
藝術|jmdict-variant
藩主|jmdict-common
藻掻く|jmdict-variant
藻搔く|jmdict-variant
藻類|jmdict-common
蘇える|jmdict-variant
蘇る|jmdict-common
蘇維埃|jmdict-variant
蘇連|jmdict-variant
虎列刺|jmdict-variant
虎列剌|jmdict-variant
虐げる|jmdict-common
虐め|jmdict-common
虐める|jmdict-variant
虐待|jmdict-common
虐殺|jmdict-common
虔む|jmdict-variant
虚しい|jmdict-common
虚偽|jmdict-common
虚弱|jmdict-common
虚心|jmdict-common
虚栄|jmdict-common
虚栄心|jmdict-common
虚構|jmdict-common
虚無|jmdict-common
虚空|jmdict-common
虫よけ|jmdict-variant
虫歯|jmdict-common
虫除け|jmdict-common
虫食む|jmdict-variant
蚊屋|jmdict-variant
蚊帳|jmdict-common
蚕糸|jmdict-common
蛇の目|jmdict-common
蛇ノ目|jmdict-variant
蛇口|jmdict-common
蛇目|jmdict-variant
蛇行|jmdict-common
蛋白質|jmdict-variant
蛍光灯|jmdict-common
蛍光燈|jmdict-variant
蛭児|jmdict-variant
蛭子|jmdict-variant
蛮勇|jmdict-common
蛮行|jmdict-common
蛸焼|jmdict-variant
蛸焼き|jmdict-variant
蜂蜜|jmdict-common
蜊蛄|jmdict-variant
蜒々|jmdict-variant
蜘蛛|jmdict-common
蜚蠊|jmdict-variant
蜜接|jmdict-variant
蜜柑|jmdict-common
蜻蛉|jmdict-common
蜻蜒|jmdict-variant
蜻蜓|jmdict-variant
蜿々|jmdict-variant
蜿蜒|jmdict-variant
蜿蜿|jmdict-variant
蝋燭|jmdict-common
蝕ばむ|jmdict-variant
蝕む|jmdict-common
蝦夷|jmdict-common
蝲蛄|jmdict-variant
蝶々|jmdict-common
蝶蝶|jmdict-common
融かす|jmdict-variant
融く|jmdict-variant
融けこむ|jmdict-variant
融ける|jmdict-variant
融け込む|jmdict-variant
融合|jmdict-common
融和|jmdict-common
融資|jmdict-common
融通|jmdict-common
螢光灯|jmdict-variant
螢光燈|jmdict-variant
螫す|jmdict-variant
螺子|jmdict-variant
螺旋|jmdict-common
蠟燭|jmdict-variant
血友病|jmdict-common
血圧|jmdict-common
血液|jmdict-common
血液型|jmdict-common
血液検査|jmdict-common
血痕|jmdict-common
血管|jmdict-common
血糖|jmdict-common
血縁|jmdict-common
衆議院|jmdict-common
衆院|jmdict-common
行い|jmdict-common
行う|jmdict-common
行き|jmdict-common
行きすぎ|jmdict-variant
行きすぎる|jmdict-variant
行きとどく|jmdict-variant
行きなり|jmdict-variant
行きわたる|jmdict-variant
行き先|jmdict-common
行き届く|jmdict-common
行き成|jmdict-variant
行き成り|jmdict-variant
行き来|jmdict-common
行き止まり|jmdict-common
行き止り|jmdict-variant
行き渡る|jmdict-common
行き詰まり|jmdict-common
行き詰り|jmdict-variant
行き過ぎ|jmdict-common
行き過ぎる|jmdict-common
行き違い|jmdict-common
行く|jmdict-common
行くえ|jmdict-variant
行けない|jmdict-variant
行けません|jmdict-common
行ったりきたり|jmdict-variant
行ったり来たり|jmdict-common
行ったり来り|jmdict-variant
行ってきます|jmdict-common
行ってらっしゃい|jmdict-common
行って来ます|jmdict-common
行ない|jmdict-variant
行なう|jmdict-variant
行る|jmdict-variant
行事|jmdict-common
行使|jmdict-common
行儀|jmdict-common
行先|jmdict-variant
行列|jmdict-common
行動|jmdict-common
行司|jmdict-common
行員|jmdict-common
行届く|jmdict-variant
行成|jmdict-variant
行成り|jmdict-variant
行政|jmdict-common
行政処分|jmdict-common
行政機関|jmdict-common
行政訴訟|jmdict-common
行方|jmdict-common
行方不明|jmdict-common
行来|jmdict-variant
行楽|jmdict-common
行楽地|jmdict-common
行止まり|jmdict-variant
行止り|jmdict-variant
行渡る|jmdict-variant
行為|jmdict-common
行程|jmdict-common
行脚|jmdict-common
行衛|jmdict-variant
行詰まり|jmdict-variant
行詰り|jmdict-variant
行進|jmdict-common
行過ぎる|jmdict-variant
行違い|jmdict-variant
行間|jmdict-common
行革|jmdict-common
術後|jmdict-common
術語|jmdict-common
街づくり|jmdict-common
街なか|jmdict-variant
街はずれ|jmdict-variant
街並|jmdict-variant
街並み|jmdict-variant
街中|jmdict-variant
街作り|jmdict-variant
街外れ|jmdict-variant
街宣車|jmdict-common
街灯|jmdict-common
街燈|jmdict-variant
街角|jmdict-common
街路|jmdict-common
街路樹|jmdict-common
街造り|jmdict-variant
街道|jmdict-common
街頭|jmdict-common
衛星|jmdict-common
衛生|jmdict-common
衛生的|jmdict-common
衝き上げる|jmdict-variant
衝き当たる|jmdict-variant
衝く|jmdict-variant
衝動|jmdict-common
衝撃|jmdict-common
衝突|jmdict-common
衣料|jmdict-common
衣料品|jmdict-common
衣更え|jmdict-variant
衣替え|jmdict-common
衣服|jmdict-common
衣装|jmdict-common
衣裳|jmdict-variant
衣類|jmdict-common
衣食住|jmdict-common
表す|jmdict-common
表する|jmdict-common
表だって|jmdict-variant
表だつ|jmdict-variant
表れ|jmdict-common
表れる|jmdict-common
表わす|jmdict-common
表われ|jmdict-variant
表われる|jmdict-variant
表向き|jmdict-common
表彰|jmdict-common
表彰状|jmdict-common
表情|jmdict-common
表明|jmdict-common
表札|jmdict-common
表決|jmdict-common
表現|jmdict-common
表着|jmdict-variant
表示|jmdict-common
表立って|jmdict-common
表立つ|jmdict-common
表紙|jmdict-common
表裏|jmdict-common
表計算|jmdict-common
表記|jmdict-common
表賞|jmdict-variant
表通|jmdict-variant
表通り|jmdict-common
表面|jmdict-common
表題|jmdict-common
衰え|jmdict-common
衰える|jmdict-common
衰弱|jmdict-common
衰退|jmdict-common
衰頽|jmdict-variant
衷心|jmdict-common
衿元|jmdict-variant
袋小路|jmdict-common
被う|jmdict-variant
被せる|jmdict-common
被ばく|jmdict-variant
被る|jmdict-common
被保険者|jmdict-common
被写体|jmdict-common
被告|jmdict-common
被告人|jmdict-common
被害|jmdict-common
被害者|jmdict-common
被服|jmdict-common
被災|jmdict-common
被災者|jmdict-common
被爆|jmdict-common
被疑者|jmdict-common
裁く|jmdict-common
裁つ|jmdict-common
裁判|jmdict-common
裁判官|jmdict-common
裁判所|jmdict-common
裁定|jmdict-common
裁決|jmdict-common
裁縫|jmdict-common
裁量|jmdict-common
裂く|jmdict-common
裂ける|jmdict-common
裂け目|jmdict-common
裂目|jmdict-variant
装い|jmdict-common
装う|jmdict-common
装丁|jmdict-common
装備|jmdict-common
装幀|jmdict-variant
装甲|jmdict-common
装着|jmdict-common
装置|jmdict-common
装訂|jmdict-variant
装釘|jmdict-variant
装飾|jmdict-common
裏がわ|jmdict-variant
裏づけ|jmdict-variant
裏づける|jmdict-variant
裏付|jmdict-variant
裏付け|jmdict-common
裏付ける|jmdict-common
裏側|jmdict-common
裏切り|jmdict-common
裏切り者|jmdict-common
裏切る|jmdict-common
裏切者|jmdict-variant
裏口|jmdict-common
裏方|jmdict-common
裏目|jmdict-common
裏腹|jmdict-common
裏表|jmdict-common
裏返し|jmdict-common
裏返す|jmdict-common
裏通|jmdict-variant
裏通り|jmdict-common
裏道|jmdict-common
裏金|jmdict-common
裏門|jmdict-common
裏面|jmdict-common
裕福|jmdict-common
裙蔕菜|jmdict-variant
補う|jmdict-common
補ける|jmdict-variant
補佐|jmdict-common
補修|jmdict-common
補償|jmdict-common
補充|jmdict-common
補助|jmdict-common
補完|jmdict-common
補強|jmdict-common
補欠|jmdict-common
補正|jmdict-common
補正予算|jmdict-common
補給|jmdict-common
補聴器|jmdict-common
補足|jmdict-common
補闕|jmdict-variant
裡面|jmdict-variant
裸婦|jmdict-common
裸足|jmdict-common
裹む|jmdict-variant
製作|jmdict-common
製作費|jmdict-common
製品|jmdict-common
製図|jmdict-common
製油所|jmdict-common
製法|jmdict-common
製糖|jmdict-common
製紙|jmdict-common
製薬|jmdict-common
製造|jmdict-common
製鉄|jmdict-common
製鉄所|jmdict-common
製鋼|jmdict-common
複写|jmdict-common
複利|jmdict-common
複刻|jmdict-variant
複合|jmdict-common
複数|jmdict-common
複製|jmdict-common
複雑|jmdict-common
複雑さ|jmdict-common
褊狭|jmdict-variant
褐色|jmdict-common
褒める|jmdict-common
褒奨金|jmdict-variant
褒美|jmdict-common
褒賞|jmdict-common
褪せる|jmdict-common
襟もと|jmdict-variant
襟元|jmdict-common
襟巻|jmdict-variant
襟巻き|jmdict-common
襲う|jmdict-common
襲ぐ|jmdict-variant
襲名|jmdict-common
襲撃|jmdict-common
西ドイツ|jmdict-common
西伯利|jmdict-variant
西伯利亜|jmdict-variant
西側|jmdict-common
西南|jmdict-common
西口|jmdict-common
西方|jmdict-common
西日本|jmdict-common
西暦|jmdict-common
西欧|jmdict-common
西比利亜|jmdict-variant
西洋|jmdict-common
西洋人|jmdict-common
西独|jmdict-common
西班牙|jmdict-variant
西班牙語|jmdict-variant
西瓜|jmdict-common
西蔵|jmdict-variant
西部|jmdict-common
西風|jmdict-common
要する|jmdict-common
要するに|jmdict-common
要は|jmdict-common
要る|jmdict-common
要人|jmdict-common
要件|jmdict-common
要員|jmdict-common
要因|jmdict-common
要心|jmdict-variant
要慎|jmdict-variant
要所|jmdict-common
要旨|jmdict-common
要望|jmdict-common
要求|jmdict-common
要注意|jmdict-common
要点|jmdict-common
要約|jmdict-common
要素|jmdict-common
要綱|jmdict-common
要職|jmdict-common
要衝|jmdict-common
要請|jmdict-common
要頂|jmdict-variant
要項|jmdict-common
要領|jmdict-common
覆う|jmdict-common
覆す|jmdict-common
覆る|jmdict-common
覆刻|jmdict-variant
覆面|jmdict-common
覇権|jmdict-common
覇気|jmdict-common
覇者|jmdict-common
見あげる|jmdict-variant
見あたる|jmdict-variant
見あわせる|jmdict-variant
見いだす|jmdict-variant
見い出す|jmdict-variant
見うける|jmdict-variant
見うしなう|jmdict-variant
見え|jmdict-variant
見えかくれ|jmdict-variant
見えがくれ|jmdict-variant
見える|jmdict-common
見え隠れ|jmdict-common
見おぼえ|jmdict-variant
見おろす|jmdict-variant
見かけ|jmdict-common
見かける|jmdict-common
見きわめる|jmdict-variant
見こみ|jmdict-variant
見しらぬ|jmdict-variant
見すてる|jmdict-variant
見す見す|jmdict-common
見ず知らず|jmdict-common
見せかけ|jmdict-variant
見せびらかす|jmdict-common
見せる|jmdict-common
見せ場|jmdict-common
見せ掛け|jmdict-common
見そこなう|jmdict-variant
見たところ|jmdict-common
見ため|jmdict-variant
見た処|jmdict-variant
見た所|jmdict-variant
見た目|jmdict-common
見ちがえる|jmdict-variant
見っともない|jmdict-variant
見っとも無い|jmdict-variant
見つかる|jmdict-common
見つける|jmdict-common
見つめる|jmdict-common
見とおし|jmdict-variant
見とどける|jmdict-variant
見どころ|jmdict-common
見なおす|jmdict-variant
見なす|jmdict-common
見ならう|jmdict-variant
見なれる|jmdict-variant
見のがす|jmdict-variant
見はらし|jmdict-variant
見はる|jmdict-variant
見ばえ|jmdict-variant
見やぶる|jmdict-variant
見る|jmdict-common
見る見る|jmdict-common
見わけ|jmdict-variant
見わける|jmdict-variant
見わたす|jmdict-variant
見上げる|jmdict-common
見下す|jmdict-common
見下ろす|jmdict-common
見世|jmdict-variant
見世開き|jmdict-variant
見事|jmdict-common
見付かる|jmdict-variant
見付ける|jmdict-common
見付る|jmdict-variant
見倣う|jmdict-variant
見做す|jmdict-variant
見入る|jmdict-common
見凝める|jmdict-variant
見処|jmdict-variant
見出し|jmdict-common
見出す|jmdict-common
見出だす|jmdict-variant
見分け|jmdict-common
見分ける|jmdict-common
見切り|jmdict-common
見切り発車|jmdict-common
見受ける|jmdict-common
見合|jmdict-variant
見合い|jmdict-common
見合せる|jmdict-variant
見合わせる|jmdict-common
見在|jmdict-variant
見地|jmdict-common
見失う|jmdict-common
見学|jmdict-common
見守る|jmdict-common
見届ける|jmdict-common
見張り|jmdict-common
見張る|jmdict-common
見当|jmdict-common
見当たらない|jmdict-common
見当たる|jmdict-common
見当る|jmdict-variant
見得|jmdict-variant
見慣れる|jmdict-common
見憎い|jmdict-variant
見憶え|jmdict-variant
見戍る|jmdict-variant
見所|jmdict-common
見捨てる|jmdict-common
見掛け|jmdict-variant
見掛ける|jmdict-variant
見損う|jmdict-variant
見損なう|jmdict-common
見放す|jmdict-common
見方|jmdict-common
見映え|jmdict-variant
見晴し|jmdict-variant
見晴す|jmdict-variant
見晴らし|jmdict-common
見晴らす|jmdict-common
見本|jmdict-common
見本市|jmdict-common
見栄|jmdict-common
見栄え|jmdict-common
見棄てる|jmdict-variant
見極める|jmdict-common
見比べる|jmdict-common
見渡す|jmdict-common
見物|jmdict-common
見物人|jmdict-common
見直し|jmdict-common
見直す|jmdict-common
見知らぬ|jmdict-common
見破る|jmdict-common
見積|jmdict-variant
見積もり|jmdict-common
見積り|jmdict-common
見習|jmdict-variant
見習い|jmdict-common
見習う|jmdict-common
見聞|jmdict-common
見舞|jmdict-variant
見舞い|jmdict-common
見舞う|jmdict-common
見苦しい|jmdict-common
見落す|jmdict-variant
見落とす|jmdict-common
見覚え|jmdict-common
見解|jmdict-common
見詰める|jmdict-variant
見識|jmdict-common
見較べる|jmdict-variant
見込|jmdict-variant
見込み|jmdict-common
見込む|jmdict-common
見返す|jmdict-common
見返り|jmdict-common
見送り|jmdict-common
見送る|jmdict-common
見逃がす|jmdict-variant
見逃す|jmdict-common
見透し|jmdict-variant
見通|jmdict-variant
見通し|jmdict-common
見遁す|jmdict-variant
見過ごす|jmdict-common
見過す|jmdict-variant
見違える|jmdict-common
見醜しい|jmdict-variant
見附ける|jmdict-variant
見限る|jmdict-common
見離す|jmdict-variant
見馴れる|jmdict-variant
規制|jmdict-common
規則|jmdict-common
規定|jmdict-common
規律|jmdict-common
規格|jmdict-common
規模|jmdict-common
規準|jmdict-common
規程|jmdict-common
規範|jmdict-common
規約|jmdict-common
視える|jmdict-variant
視る|jmdict-variant
視力|jmdict-common
視察|jmdict-common
視点|jmdict-common
視界|jmdict-common
視線|jmdict-common
視聴|jmdict-common
視聴率|jmdict-common
視聴者|jmdict-common
視覚|jmdict-common
視野|jmdict-common
覗く|jmdict-common
覘う|jmdict-variant
覘く|jmdict-variant
覚え|jmdict-common
覚える|jmdict-common
覚え書|jmdict-variant
覚え書き|jmdict-variant
覚せい|jmdict-variant
覚せい剤|jmdict-common
覚ます|jmdict-common
覚める|jmdict-common
覚り|jmdict-variant
覚る|jmdict-variant
覚悟|jmdict-common
覚書|jmdict-common
覚書き|jmdict-variant
覚醒|jmdict-common
覚醒剤|jmdict-common
覧る|jmdict-variant
親しい|jmdict-common
親しみ|jmdict-common
親しむ|jmdict-common
親せき|jmdict-variant
親ばか|jmdict-common
親ぼく|jmdict-variant
親バカ|jmdict-common
親不孝|jmdict-common
親不幸|jmdict-variant
親交|jmdict-common
親仁|jmdict-variant
親会社|jmdict-common
親分|jmdict-common
親切|jmdict-common
親友|jmdict-common
親善|jmdict-common
親子|jmdict-common
親孝行|jmdict-common
親密|jmdict-common
親愛|jmdict-common
親戚|jmdict-common
親指|jmdict-common
親方|jmdict-common
親族|jmdict-common
親日|jmdict-common
親書|jmdict-common
親父|jmdict-common
親爺|jmdict-variant
親睦|jmdict-common
親衛|jmdict-common
親譲り|jmdict-common
親近感|jmdict-common
親類|jmdict-common
親馬鹿|jmdict-variant
観せる|jmdict-variant
観る|jmdict-common
観光|jmdict-common
観光スポット|jmdict-common
観光客|jmdict-common
観劇|jmdict-common
観客|jmdict-common
観察|jmdict-common
観念|jmdict-common
観戦|jmdict-common
観測|jmdict-common
観点|jmdict-common
観衆|jmdict-common
観覧|jmdict-common
観賞|jmdict-common
観過|jmdict-variant
観音|jmdict-common
觀光|jmdict-variant
觀察|jmdict-variant
觀音|jmdict-variant
角力|jmdict-variant
角度|jmdict-common
角界|jmdict-common
角膜|jmdict-common
觝触|jmdict-variant
解かす|jmdict-variant
解きほぐす|jmdict-common
解き解す|jmdict-variant
解く|jmdict-common
解けこむ|jmdict-variant
解ける|jmdict-common
解け込む|jmdict-variant
解り|jmdict-variant
解りにくい|jmdict-variant
解り難い|jmdict-variant
解る|jmdict-common
解任|jmdict-common
解体|jmdict-common
解剖|jmdict-common
解剖学|jmdict-common
解折|jmdict-variant
解放|jmdict-common
解散|jmdict-common
解明|jmdict-common
解析|jmdict-common
解決|jmdict-common
解決方法|jmdict-common
解決策|jmdict-common
解消|jmdict-common
解熱|jmdict-common
解禁|jmdict-common
解答|jmdict-common
解約|jmdict-common
解説|jmdict-common
解読|jmdict-common
解込む|jmdict-variant
解釈|jmdict-common
解除|jmdict-common
解雇|jmdict-common
触る|jmdict-common
触れあう|jmdict-variant
触れる|jmdict-common
触れ合い|jmdict-common
触れ合う|jmdict-common
触合い|jmdict-variant
触媒|jmdict-common
触発|jmdict-common
触覚|jmdict-common
言いかえす|jmdict-variant
言いかえる|jmdict-variant
言いきる|jmdict-variant
言いだす|jmdict-variant
言いなり|jmdict-common
言いまわし|jmdict-variant
言いようがない|jmdict-common
言いわけ|jmdict-variant
言い出す|jmdict-common
言い分|jmdict-common
言い分け|jmdict-variant
言い切る|jmdict-common
言い回し|jmdict-common
言い廻し|jmdict-variant
言い成り|jmdict-variant
言い換える|jmdict-common
言い方|jmdict-common
言い替える|jmdict-variant
言い様がない|jmdict-variant
言い渡し|jmdict-common
言い渡す|jmdict-common
言い現す|jmdict-variant
言い表す|jmdict-common
言い表わす|jmdict-common
言い訳|jmdict-common
言い返えす|jmdict-variant
言い返す|jmdict-common
言う|jmdict-common
言うまでもない|jmdict-common
言うまでも無い|jmdict-variant
言う迄もない|jmdict-variant
言う迄も無い|jmdict-variant
言わば|jmdict-common
言わゆる|jmdict-variant
言出す|jmdict-variant
言分|jmdict-variant
言分け|jmdict-variant
言切る|jmdict-variant
言動|jmdict-common
言及|jmdict-common
言回し|jmdict-variant
言成り|jmdict-variant
言換える|jmdict-variant
言方|jmdict-variant
言明|jmdict-common
言替える|jmdict-variant
言様がない|jmdict-variant
言渡し|jmdict-variant
言渡す|jmdict-variant
言葉|jmdict-common
言葉つかい|jmdict-variant
言葉づかい|jmdict-variant
言葉使い|jmdict-variant
言葉遣い|jmdict-common
言表す|jmdict-variant
言訳|jmdict-variant
言語|jmdict-common
言論|jmdict-common
言質|jmdict-common
言返す|jmdict-variant
訂正|jmdict-common
計りしれない|jmdict-variant
計り知れない|jmdict-common
計る|jmdict-common
計上|jmdict-common
計器|jmdict-common
計測|jmdict-common
計画|jmdict-common
計画的|jmdict-common
計算|jmdict-common
計量|jmdict-common
訊く|jmdict-common
訊ねる|jmdict-variant
訊問|jmdict-variant
討つ|jmdict-common
討論|jmdict-common
討議|jmdict-common
訓え|jmdict-variant
訓える|jmdict-variant
訓む|jmdict-variant
訓令|jmdict-common
訓戒|jmdict-common
訓示|jmdict-common
訓練|jmdict-common
訓誡|jmdict-variant
訓読み|jmdict-common
託す|jmdict-common
託児所|jmdict-common
託宣|jmdict-common
記す|jmdict-common
記事|jmdict-common
記入|jmdict-common
記号|jmdict-common
記帳|jmdict-common
記念|jmdict-common
記念日|jmdict-common
記念碑|jmdict-common
記憶|jmdict-common
記章|jmdict-common
記者|jmdict-common
記者会見|jmdict-common
記載|jmdict-common
記述|jmdict-common
記錄|jmdict-variant
記録|jmdict-common
記録的|jmdict-common
訛り|jmdict-common
訣別|jmdict-variant
訪う|jmdict-variant
訪ねる|jmdict-common
訪れ|jmdict-common
訪れる|jmdict-common
訪中|jmdict-common
訪問|jmdict-common
訪問者|jmdict-common
訪日|jmdict-common
訪欧|jmdict-common
訪米|jmdict-common
設ける|jmdict-common
設備|jmdict-common
設問|jmdict-common
設定|jmdict-common
設定可能|jmdict-common
設立|jmdict-common
設置|jmdict-common
設計|jmdict-common
許し|jmdict-common
許す|jmdict-common
許り|jmdict-variant
許りか|jmdict-variant
許可|jmdict-common
許容|jmdict-common
許諾|jmdict-common
訳がない|jmdict-common
訳が無い|jmdict-variant
訳じゃない|jmdict-common
訳す|jmdict-common
訳ではない|jmdict-common
訳では無い|jmdict-variant
訳者|jmdict-common
訴え|jmdict-common
訴える|jmdict-common
訴状|jmdict-common
訴訟|jmdict-common
訴追|jmdict-common
診る|jmdict-common
診察|jmdict-common
診断|jmdict-common
診療|jmdict-common
診療所|jmdict-common
註文|jmdict-variant
註釈|jmdict-variant
証し|jmdict-variant
証人|jmdict-common
証券|jmdict-common
証拠|jmdict-common
証明|jmdict-common
証明書|jmdict-common
証書|jmdict-common
証正|jmdict-variant
証言|jmdict-common
詐る|jmdict-variant
詐取|jmdict-common
詐欺|jmdict-common
詐欺師|jmdict-common
詐称|jmdict-common
詔書|jmdict-common
評伝|jmdict-common
評価|jmdict-common
評判|jmdict-common
評決|jmdict-common
評論|jmdict-common
評論家|jmdict-common
評議|jmdict-common
評議員|jmdict-common
詛い|jmdict-variant
詛う|jmdict-variant
詠う|jmdict-variant
詠む|jmdict-common
詣る|jmdict-variant
試し|jmdict-common
試す|jmdict-common
試み|jmdict-common
試みる|jmdict-common
試作|jmdict-common
試写|jmdict-common
試合|jmdict-common
試合い|jmdict-variant
試料|jmdict-common
試案|jmdict-common
試煉|jmdict-variant
試着|jmdict-common
試算|jmdict-common
試練|jmdict-common
試薬|jmdict-common
試行|jmdict-common
試行錯誤|jmdict-common
試運転|jmdict-common
試金石|jmdict-common
試錬|jmdict-variant
試食|jmdict-common
試験|jmdict-common
試験場|jmdict-common
試験的|jmdict-common
詩人|jmdict-common
詩哥|jmdict-variant
詩情|jmdict-common
詩歌|jmdict-common
詩集|jmdict-common
詫び|jmdict-common
詫びる|jmdict-common
詮衡|jmdict-variant
詰まらせる|jmdict-common
詰まらない|jmdict-variant
詰まり|jmdict-common
詰まる|jmdict-common
詰む|jmdict-common
詰めこむ|jmdict-variant
詰める|jmdict-common
詰め込む|jmdict-common
詰らない|jmdict-common
詰り|jmdict-variant
詰る|jmdict-variant
詰問|jmdict-common
詰込む|jmdict-variant
話し|jmdict-variant
話しあう|jmdict-variant
話しかける|jmdict-common
話しことば|jmdict-variant
話し合い|jmdict-common
話し合う|jmdict-common
話し声|jmdict-common
話し掛ける|jmdict-common
話し方|jmdict-common
話し言葉|jmdict-common
話し込む|jmdict-common
話す|jmdict-common
話合い|jmdict-common
話合う|jmdict-variant
話声|jmdict-variant
話言葉|jmdict-variant
話込む|jmdict-common
話題|jmdict-common
該当|jmdict-common
詳しい|jmdict-common
詳報|jmdict-common
詳細|jmdict-common
詳述|jmdict-common
誇り|jmdict-common
誇る|jmdict-common
誇大|jmdict-common
誇張|jmdict-common
誇示|jmdict-common
誉める|jmdict-variant
誉れ|jmdict-common
誌す|jmdict-variant
誌上|jmdict-common
誌面|jmdict-common
認め|jmdict-common
認める|jmdict-common
認め印|jmdict-common
認印|jmdict-variant
認可|jmdict-common
認定|jmdict-common
認知|jmdict-common
認知症|jmdict-common
認証|jmdict-common
認識|jmdict-common
誓い|jmdict-common
誓う|jmdict-common
誓って|jmdict-common
誓約|jmdict-common
誕生|jmdict-common
誕生日|jmdict-common
誘い|jmdict-common
誘い水|jmdict-common
誘う|jmdict-common
誘かい|jmdict-variant
誘因|jmdict-common
誘導|jmdict-common
誘惑|jmdict-common
誘拐|jmdict-common
誘発|jmdict-common
誘致|jmdict-common
語い|jmdict-variant
語らう|jmdict-common
語り|jmdict-common
語り口|jmdict-common
語り手|jmdict-common
語る|jmdict-common
語原|jmdict-variant
語句|jmdict-common
語学|jmdict-common
語彙|jmdict-common
語気|jmdict-common
語源|jmdict-common
誠に|jmdict-common
誠にありがとうございます|jmdict-common
誠にありがとう御座います|jmdict-variant
誠に有難うございます|jmdict-variant
誠に有難う御座います|jmdict-variant
誠実|jmdict-common
誠意|jmdict-common
誡め|jmdict-variant
誡める|jmdict-variant
誡告|jmdict-variant
誤ち|jmdict-variant
誤って|jmdict-common
誤り|jmdict-common
誤る|jmdict-common
誤報|jmdict-common
誤字|jmdict-common
誤差|jmdict-common
誤摩化す|jmdict-variant
誤植|jmdict-common
誤算|jmdict-common
誤解|jmdict-common
誤認|jmdict-common
誤魔化す|jmdict-common
説く|jmdict-common
説得|jmdict-common
説得力|jmdict-common
説教|jmdict-common
説明|jmdict-common
説明書|jmdict-common
読み|jmdict-common
読みかえす|jmdict-variant
読みにくい|jmdict-common
読みもの|jmdict-variant
読み上げる|jmdict-common
読み取|jmdict-variant
読み取り|jmdict-common
読み悪い|jmdict-common
読み方|jmdict-common
読み書き|jmdict-common
読み物|jmdict-common
読み返す|jmdict-common
読み難い|jmdict-variant
読む|jmdict-common
読上げる|jmdict-variant
読取|jmdict-variant
読取り|jmdict-variant
読売|jmdict-common
読書|jmdict-common
読本|jmdict-common
読物|jmdict-variant
読者|jmdict-common
読返す|jmdict-variant
誰か|jmdict-common
誰でも|jmdict-common
誰にでも|jmdict-common
誰にも|jmdict-common
誰も|jmdict-common
課する|jmdict-common
課員|jmdict-common
課徴金|jmdict-common
課目|jmdict-common
課程|jmdict-common
課税|jmdict-common
課長|jmdict-common
課題|jmdict-common
誹謗|jmdict-common
調う|jmdict-variant
調える|jmdict-variant
調べ|jmdict-common
調べる|jmdict-common
調停|jmdict-common
調剤|jmdict-common
調印|jmdict-common
調味料|jmdict-common
調和|jmdict-common
調子|jmdict-common
調教|jmdict-common
調整|jmdict-common
調書|jmdict-common
調査|jmdict-common
調理|jmdict-common
調節|jmdict-common
調達|jmdict-common
諄い|jmdict-variant
談合|jmdict-common
談笑|jmdict-common
談話|jmdict-common
請う|jmdict-variant
請け|jmdict-variant
請ける|jmdict-common
請け取り|jmdict-variant
請け取る|jmdict-variant
請け負い|jmdict-variant
請け負う|jmdict-common
請取|jmdict-variant
請取り|jmdict-variant
請取る|jmdict-variant
請待|jmdict-variant
請求|jmdict-common
請求書|jmdict-common
請求権|jmdict-common
請託|jmdict-common
請負|jmdict-common
請負う|jmdict-variant
請願|jmdict-common
諒承|jmdict-variant
諒解|jmdict-variant
論じつくす|jmdict-variant
論じる|jmdict-common
論じ尽くす|jmdict-common
論ずる|jmdict-common
論争|jmdict-common
論告|jmdict-common
論外|jmdict-common
論客|jmdict-common
論戦|jmdict-common
論拠|jmdict-common
論文|jmdict-common
論旨|jmdict-common
論点|jmdict-common
論理|jmdict-common
論理的|jmdict-common
論義|jmdict-variant
論者|jmdict-common
論評|jmdict-common
論説|jmdict-common
論調|jmdict-common
論議|jmdict-common
諠譁|jmdict-variant
諢名|jmdict-variant
諦める|jmdict-common
諭す|jmdict-common
諮る|jmdict-common
諮問|jmdict-common
諳記|jmdict-variant
諷刺|jmdict-variant
諸君|jmdict-common
諸国|jmdict-common
諸島|jmdict-common
諾否|jmdict-common
謀る|jmdict-variant
謀略|jmdict-common
謂う|jmdict-variant
謂わば|jmdict-variant
謂わゆる|jmdict-variant
謄本|jmdict-common
謎々|jmdict-common
謎謎|jmdict-variant
謙そん|jmdict-variant
謙虚|jmdict-common
謙遜|jmdict-common
講ずる|jmdict-common
講和|jmdict-common
講堂|jmdict-common
講師|jmdict-common
講座|jmdict-common
講演|jmdict-common
講演会|jmdict-common
講義|jmdict-common
講習|jmdict-common
講談|jmdict-common
謝る|jmdict-common
謝意|jmdict-common
謝礼|jmdict-common
謝罪|jmdict-common
謡い|jmdict-variant
謡曲|jmdict-common
謬り|jmdict-variant
謬る|jmdict-variant
謳う|jmdict-common
謹む|jmdict-variant
謹慎|jmdict-common
謹賀新年|jmdict-common
譃わる|jmdict-variant
證券|jmdict-variant
證據|jmdict-variant
譏嫌|jmdict-variant
識す|jmdict-variant
識る|jmdict-variant
識別|jmdict-common
識者|jmdict-common
譜面|jmdict-common
警め|jmdict-variant
警める|jmdict-variant
警備|jmdict-common
警告|jmdict-common
警報|jmdict-common
警報器|jmdict-common
警報機|jmdict-variant
警官|jmdict-common
警察|jmdict-common
警察官|jmdict-common
警察庁|jmdict-common
警察署|jmdict-common
警戒|jmdict-common
警笛|jmdict-common
警視|jmdict-common
警視庁|jmdict-common
警護|jmdict-common
警部|jmdict-common
警鐘|jmdict-common
譬え|jmdict-variant
譬える|jmdict-variant
譬喩|jmdict-variant
譬諭|jmdict-variant
議る|jmdict-variant
議事|jmdict-common
議事堂|jmdict-common
議事録|jmdict-common
議会|jmdict-common
議員|jmdict-common
議場|jmdict-common
議定書|jmdict-common
議席|jmdict-common
議案|jmdict-common
議決|jmdict-common
議論|jmdict-common
議長|jmdict-common
議院|jmdict-common
議院運営委員会|jmdict-common
議題|jmdict-common
譲りわたす|jmdict-variant
譲り渡す|jmdict-common
譲る|jmdict-common
譲歩|jmdict-common
譲渡|jmdict-common
護り|jmdict-variant
護る|jmdict-variant
護国|jmdict-common
護岸|jmdict-common
護憲|jmdict-common
護美箱|jmdict-variant
護衛|jmdict-common
護謨|jmdict-variant
護送|jmdict-common
讀む|jmdict-variant
讀書|jmdict-variant
讀賣|jmdict-variant
讃める|jmdict-variant
讃歌|jmdict-variant
讃美|jmdict-variant
讃辞|jmdict-variant
變更|jmdict-variant
讚歌|jmdict-variant
讚美|jmdict-variant
讚辞|jmdict-variant
谷あい|jmdict-variant
谷まる|jmdict-variant
谷川|jmdict-common
谷底|jmdict-common
谷間|jmdict-common
谿流|jmdict-variant
谿谷|jmdict-variant
豆乳|jmdict-common
豆冨|jmdict-variant
豆富|jmdict-variant
豆知識|jmdict-common
豆腐|jmdict-common
豊か|jmdict-common
豊作|jmdict-common
豊富|jmdict-common
豊年|jmdict-common
豊満|jmdict-common
豊漁|jmdict-common
豊胸|jmdict-common
豚かつ|jmdict-variant
豚カツ|jmdict-common
豚肉|jmdict-common
象徴|jmdict-common
象徴的|jmdict-common
象戯|jmdict-variant
象棋|jmdict-variant
象牙|jmdict-common
豪い|jmdict-variant
豪傑|jmdict-common
豪太剌利|jmdict-variant
豪快|jmdict-common
豪族|jmdict-common
豪華|jmdict-common
豪雨|jmdict-common
貝がら|jmdict-variant
貝殻|jmdict-common
貝殼|jmdict-variant
負い目|jmdict-common
負う|jmdict-common
負かす|jmdict-common
負け|jmdict-common
負ける|jmdict-common
負け犬|jmdict-common
負け越し|jmdict-common
負んぶ|jmdict-variant
負債|jmdict-common
負傷|jmdict-common
負担|jmdict-common
負目|jmdict-variant
負荷|jmdict-common
財務|jmdict-common
財務官|jmdict-common
財団|jmdict-common
財団法人|jmdict-common
財布|jmdict-common
財政|jmdict-common
財政投融資|jmdict-common
財政難|jmdict-common
財源|jmdict-common
財産|jmdict-common
財界|jmdict-common
財閥|jmdict-common
貢献|jmdict-common
貧しい|jmdict-common
貧之|jmdict-variant
貧乏|jmdict-common
貧乏人|jmdict-common
貧困|jmdict-common
貧富|jmdict-common
貧弱|jmdict-common
貧相|jmdict-common
貧素|jmdict-variant
貧血|jmdict-common
貨幣|jmdict-common
貨幣価値|jmdict-common
貨弊|jmdict-variant
貨物|jmdict-common
貨車|jmdict-common
販促|jmdict-common
販売|jmdict-common
販売員|jmdict-common
販路|jmdict-common
貪る|jmdict-common
貪慾|jmdict-variant
貪欲|jmdict-common
貫き通す|jmdict-common
貫く|jmdict-common
貫徹|jmdict-common
貫通|jmdict-common
責める|jmdict-common
責任|jmdict-common
責任をもつ|jmdict-variant
責任を持つ|jmdict-common
責任感|jmdict-common
責任者|jmdict-common
責務|jmdict-common
貯える|jmdict-variant
貯水|jmdict-common
貯水池|jmdict-common
貯蓄|jmdict-common
貯蔵|jmdict-common
貯金|jmdict-common
貰う|jmdict-common
貴い|jmdict-common
貴ぶ|jmdict-common
貴女|jmdict-variant
貴方|jmdict-common
貴方々|jmdict-variant
貴方がた|jmdict-variant
貴方方|jmdict-variant
貴族|jmdict-common
貴男|jmdict-variant
貴社|jmdict-common
貴賓|jmdict-common
貴重|jmdict-common
貴重品|jmdict-common
貴金属|jmdict-common
貶す|jmdict-common
貶む|jmdict-variant
買い|jmdict-common
買いつけ|jmdict-variant
買いもの|jmdict-variant
買いもん|jmdict-variant
買い上げ|jmdict-common
買い付け|jmdict-common
買い入れ|jmdict-common
買い入れる|jmdict-common
買い出し|jmdict-common
買い占め|jmdict-common
買い占める|jmdict-common
買い取り|jmdict-common
買い得|jmdict-common
買い戻し|jmdict-common
買い手|jmdict-common
買い控え|jmdict-common
買い物|jmdict-common
買う|jmdict-common
買上げ|jmdict-variant
買付|jmdict-variant
買付け|jmdict-variant
買入|jmdict-variant
買入れ|jmdict-variant
買入れる|jmdict-variant
買出し|jmdict-variant
買占め|jmdict-variant
買占める|jmdict-variant
買収|jmdict-common
買取|jmdict-common
買取り|jmdict-variant
買得|jmdict-variant
買戻し|jmdict-variant
買手|jmdict-common
買物|jmdict-common
貸し|jmdict-common
貸しつけ|jmdict-variant
貸し付|jmdict-variant
貸し付け|jmdict-variant
貸し出し|jmdict-common
貸し出す|jmdict-common
貸し切り|jmdict-common
貸し家|jmdict-variant
貸し屋|jmdict-variant
貸し金|jmdict-variant
貸し間|jmdict-variant
貸す|jmdict-common
貸りる|jmdict-variant
貸与|jmdict-common
貸付|jmdict-common
貸付け|jmdict-variant
貸借|jmdict-common
貸出|jmdict-common
貸出し|jmdict-variant
貸出す|jmdict-variant
貸出用|jmdict-common
貸切|jmdict-variant
貸切り|jmdict-common
貸家|jmdict-common
貸屋|jmdict-variant
貸金|jmdict-common
貸間|jmdict-common
費す|jmdict-variant
費やす|jmdict-common
費用|jmdict-common
貼りだす|jmdict-variant
貼りつける|jmdict-variant
貼り付ける|jmdict-common
貼り出す|jmdict-variant
貼り紙|jmdict-variant
貼る|jmdict-common
貼付|jmdict-common
貼付ける|jmdict-variant
貼紙|jmdict-variant
貿易|jmdict-common
賀正|jmdict-common
賀状|jmdict-common
賀留多|jmdict-variant
賃上げ|jmdict-common
賃借|jmdict-common
賃貸|jmdict-common
賃金|jmdict-common
賃銀|jmdict-variant
賄う|jmdict-common
賄賂|jmdict-common
資する|jmdict-common
資料|jmdict-common
資本|jmdict-common
資本主義|jmdict-common
資本家|jmdict-common
資本金|jmdict-common
資材|jmdict-common
資格|jmdict-common
資源|jmdict-common
資源エネルギー庁|jmdict-common
資産|jmdict-common
資質|jmdict-common
資金|jmdict-common
資金ぐり|jmdict-variant
資金繰|jmdict-variant
資金繰り|jmdict-common
資金調達|jmdict-common
賑やか|jmdict-common
賑わう|jmdict-common
賓客|jmdict-common
賛助|jmdict-common
賛同|jmdict-common
賛否|jmdict-common
賛意|jmdict-common
賛成|jmdict-common
賛歌|jmdict-common
賛美|jmdict-common
賛辞|jmdict-common
賜杯|jmdict-common
賜盃|jmdict-variant
賞める|jmdict-variant
賞与|jmdict-common
賞味期限|jmdict-common
賞品|jmdict-common
賞牌|jmdict-common
賞状|jmdict-common
賞罰|jmdict-common
賞讃|jmdict-variant
賞讚|jmdict-variant
賞賛|jmdict-common
賞金|jmdict-common
賠償|jmdict-common
賠償金|jmdict-common
賢い|jmdict-common
賢人|jmdict-common
賢明|jmdict-common
賢母|jmdict-common
賤しい|jmdict-variant
賦る|jmdict-variant
賦課|jmdict-common
質問|jmdict-common
質問をする|jmdict-common
質屋|jmdict-common
質疑|jmdict-common
質的|jmdict-common
質素|jmdict-common
質量|jmdict-common
賭け|jmdict-common
賭ける|jmdict-common
購入|jmdict-common
購読|jmdict-common
購買|jmdict-common
購買力|jmdict-common
贅沢|jmdict-common
贈りもの|jmdict-variant
贈り主|jmdict-common
贈り物|jmdict-common
贈る|jmdict-common
贈与|jmdict-common
贈主|jmdict-variant
贈収賄|jmdict-common
贈呈|jmdict-common
贈物|jmdict-common
贈答|jmdict-common
贈賄|jmdict-common
贋物|jmdict-variant
贏つ|jmdict-variant
贔屓|jmdict-common
贔負|jmdict-variant
赤い|jmdict-common
赤ちゃん|jmdict-common
赤んぼ|jmdict-variant
赤んぼう|jmdict-variant
赤ん坊|jmdict-common
赤信号|jmdict-common
赤外線|jmdict-common
赤字|jmdict-common
赤旗|jmdict-common
赤松|jmdict-common
赤痢|jmdict-common
赤色|jmdict-common
赤軍|jmdict-common
赤道|jmdict-common
赤金|jmdict-variant
赤面|jmdict-common
赤飯|jmdict-common
赦し|jmdict-variant
赦す|jmdict-variant
赦免|jmdict-common
赫かしい|jmdict-variant
赫き|jmdict-variant
赫く|jmdict-variant
赭い|jmdict-variant
走り|jmdict-common
走りだす|jmdict-variant
走りまわる|jmdict-variant
走り出す|jmdict-common
走り回る|jmdict-common
走り幅跳|jmdict-variant
走り幅跳び|jmdict-common
走り廻る|jmdict-variant
走り書|jmdict-variant
走り書き|jmdict-common
走り高とび|jmdict-variant
走り高跳|jmdict-variant
走り高跳び|jmdict-common
走り高飛び|jmdict-variant
走る|jmdict-common
走召|jmdict-variant
走塁|jmdict-common
走幅跳|jmdict-variant
走幅跳び|jmdict-variant
走書き|jmdict-variant
走者|jmdict-common
走行|jmdict-common
走高跳|jmdict-variant
走高跳び|jmdict-variant
赴く|jmdict-common
赴任|jmdict-common
起きあがる|jmdict-variant
起きる|jmdict-common
起き上がりこぼし|jmdict-common
起き上がり小法師|jmdict-variant
起き上がる|jmdict-common
起き上り小法師|jmdict-variant
起き上る|jmdict-variant
起こす|jmdict-common
起こる|jmdict-common
起す|jmdict-variant
起ちあがる|jmdict-variant
起ちあげる|jmdict-variant
起ち上がる|jmdict-variant
起ち上げる|jmdict-variant
起る|jmdict-variant
起上がる|jmdict-variant
起上る|jmdict-variant
起上小法師|jmdict-variant
起伏|jmdict-common
起債|jmdict-common
起動|jmdict-common
起原|jmdict-variant
起因|jmdict-common
起工|jmdict-common
起床|jmdict-common
起死回生|jmdict-common
起源|jmdict-common
起点|jmdict-common
起爆|jmdict-common
起用|jmdict-common
起立|jmdict-common
起草|jmdict-common
起訴|jmdict-common
起訴猶予|jmdict-common
超える|jmdict-common
超す|jmdict-common
超人|jmdict-common
超伝導|jmdict-common
超党派|jmdict-common
超特急|jmdict-common
超越|jmdict-common
超過|jmdict-common
超電導|jmdict-common
超音波|jmdict-common
超音速|jmdict-common
越える|jmdict-common
越し|jmdict-common
越す|jmdict-common
越冬|jmdict-common
越境|jmdict-common
越年|jmdict-common
越幾斯|jmdict-variant
越度|jmdict-variant
越後|jmdict-common
越権|jmdict-common
越歴|jmdict-variant
越歴機|jmdict-variant
趣き|jmdict-variant
趣く|jmdict-variant
趣向|jmdict-common
趣味|jmdict-common
趣好|jmdict-variant
趣旨|jmdict-common
趨く|jmdict-variant
趨る|jmdict-variant
足あと|jmdict-common
足がかり|jmdict-variant
足し算|jmdict-common
足す|jmdict-common
足どり|jmdict-variant
足ふみ|jmdict-variant
足ぶみ|jmdict-variant
足もと|jmdict-variant
足りる|jmdict-common
足る|jmdict-common
足下|jmdict-common
足並|jmdict-variant
足並み|jmdict-common
足元|jmdict-common
足取り|jmdict-common
足場|jmdict-common
足掛かり|jmdict-common
足掛り|jmdict-variant
足早|jmdict-common
足止め|jmdict-common
足留|jmdict-variant
足留め|jmdict-variant
足腰|jmdict-common
足袋|jmdict-common
足許|jmdict-variant
足跡|jmdict-common
足踏み|jmdict-common
足速|jmdict-variant
足音|jmdict-common
足頸|jmdict-variant
足首|jmdict-common
趺坐|jmdict-variant
距たる|jmdict-variant
距てる|jmdict-variant
距離|jmdict-common
跡切れる|jmdict-variant
跡始末|jmdict-variant
跡片づけ|jmdict-variant
跡片付け|jmdict-variant
跡絶える|jmdict-variant
跡継|jmdict-variant
跡継ぎ|jmdict-common
跣足|jmdict-variant
跨がる|jmdict-common
跨ぐ|jmdict-common
跨る|jmdict-common
跪く|jmdict-common
跫音|jmdict-variant
路上|jmdict-common
路地|jmdict-common
路線|jmdict-common
路線図|jmdict-common
路草|jmdict-variant
路面|jmdict-common
跳ねあがる|jmdict-variant
跳ねる|jmdict-common
跳ね上がる|jmdict-common
跳ね上る|jmdict-variant
跳びあがる|jmdict-variant
跳びおりる|jmdict-variant
跳びだす|jmdict-variant
跳び上がる|jmdict-variant
跳び上る|jmdict-variant
跳び下りる|jmdict-variant
跳び出す|jmdict-variant
跳び降りる|jmdict-variant
跳ぶ|jmdict-common
跳上る|jmdict-variant
跳躍|jmdict-common
践む|jmdict-variant
踊り|jmdict-common
踊り場|jmdict-common
踊り子|jmdict-common
踊る|jmdict-common
踊場|jmdict-variant
踊子|jmdict-variant
踏まえる|jmdict-common
踏み切|jmdict-variant
踏み切り|jmdict-variant
踏み切る|jmdict-common
踏み絵|jmdict-common
踏む|jmdict-common
踏んばる|jmdict-variant
踏ん張る|jmdict-common
踏切|jmdict-common
踏切り|jmdict-common
踏切る|jmdict-variant
踏絵|jmdict-variant
踞る|jmdict-variant
踠く|jmdict-variant
蹌踉めく|jmdict-variant
蹣跚めく|jmdict-variant
蹲る|jmdict-common
蹴る|jmdict-common
蹶る|jmdict-variant
蹶起|jmdict-variant
躄蟹|jmdict-variant
躊躇|jmdict-common
躊躇う|jmdict-common
躍り|jmdict-common
躍動|jmdict-common
躍如|jmdict-common
躍起|jmdict-common
躍進|jmdict-common
躑躅|jmdict-variant
躓く|jmdict-common
身うごき|jmdict-variant
身うち|jmdict-variant
身がる|jmdict-variant
身なり|jmdict-common
身につける|jmdict-common
身に付ける|jmdict-variant
身に着ける|jmdict-variant
身のまわり|jmdict-variant
身の上|jmdict-common
身の周り|jmdict-variant
身の回り|jmdict-common
身の廻り|jmdict-variant
身ぶり|jmdict-variant
身ぶるい|jmdict-variant
身もと|jmdict-variant
身より|jmdict-variant
身上|jmdict-common
身代り|jmdict-variant
身代わり|jmdict-common
身代金要求|jmdict-common
身体|jmdict-common
身体つき|jmdict-variant
身体付き|jmdict-variant
身体障がい者|jmdict-variant
身体障害者|jmdict-common
身体障碍者|jmdict-variant
身元|jmdict-common
身内|jmdict-common
身分|jmdict-common
身分証明書|jmdict-common
身動き|jmdict-common
身寄|jmdict-variant
身寄り|jmdict-common
身形|jmdict-variant
身心|jmdict-variant
身投げ|jmdict-common
身振|jmdict-variant
身振い|jmdict-variant
身振り|jmdict-common
身方|jmdict-variant
身替り|jmdict-variant
身替わり|jmdict-variant
身柄|jmdict-common
身神|jmdict-variant
身許|jmdict-variant
身軽|jmdict-common
身辺|jmdict-common
身近|jmdict-common
身長|jmdict-common
身障者|jmdict-common
身震い|jmdict-common
身體|jmdict-variant
躾け|jmdict-variant
軈て|jmdict-variant
車いす|jmdict-variant
車イス|jmdict-variant
車両|jmdict-common
車中|jmdict-common
車体|jmdict-common
車内|jmdict-common
車庫|jmdict-common
車掌|jmdict-common
車椅子|jmdict-common
車検|jmdict-common
車種|jmdict-common
車窓|jmdict-common
車線|jmdict-common
車軸|jmdict-common
車輌|jmdict-common
車輛|jmdict-variant
車輪|jmdict-common
車道|jmdict-common
軌範|jmdict-variant
軌跡|jmdict-common
軌道|jmdict-common
軍事|jmdict-common
軍人|jmdict-common
軍備|jmdict-common
軍兵|jmdict-common
軍医|jmdict-common
軍団|jmdict-common
軍国主義|jmdict-common
軍属|jmdict-common
軍拡|jmdict-common
軍政|jmdict-common
軍服|jmdict-common
軍機|jmdict-common
軍港|jmdict-common
軍用|jmdict-common
軍縮|jmdict-common
軍艦|jmdict-common
軍部|jmdict-common
軍配|jmdict-common
軍隊|jmdict-common
軍需|jmdict-common
軒並|jmdict-common
軒並み|jmdict-common
軒先|jmdict-common
軟らか|jmdict-common
軟らかい|jmdict-common
軟化|jmdict-common
軟式|jmdict-common
軟弱|jmdict-common
軟派|jmdict-variant
軟着陸|jmdict-common
軟禁|jmdict-common
軟骨|jmdict-common
転々|jmdict-common
転がす|jmdict-common
転がる|jmdict-common
転じる|jmdict-common
転ぶ|jmdict-common
転ぷく|jmdict-variant
転任|jmdict-common
転倒|jmdict-common
転出|jmdict-common
転勤|jmdict-common
転向|jmdict-common
転売|jmdict-common
転嫁|jmdict-common
転居|jmdict-common
転戦|jmdict-common
転換|jmdict-common
転機|jmdict-common
転用|jmdict-common
転移|jmdict-common
転職|jmdict-common
転落|jmdict-common
転覆|jmdict-common
転身|jmdict-common
転転|jmdict-variant
転送|jmdict-common
軽々|jmdict-common
軽い|jmdict-common
軽はずみ|jmdict-common
軽べつ|jmdict-variant
軽やか|jmdict-common
軽傷|jmdict-common
軽卒|jmdict-variant
軽多|jmdict-variant
軽妙|jmdict-common
軽工業|jmdict-common
軽快|jmdict-common
軽板|jmdict-variant
軽油|jmdict-common
軽減|jmdict-common
軽率|jmdict-common
軽自動車|jmdict-common
軽蔑|jmdict-common
軽薄|jmdict-common
軽視|jmdict-common
軽軽|jmdict-variant
軽量|jmdict-common
軽震|jmdict-common
軽音楽|jmdict-common
軽食|jmdict-common
較べ|jmdict-variant
較べる|jmdict-variant
較正|jmdict-variant
載せる|jmdict-variant
載る|jmdict-common
載録|jmdict-variant
輒ち|jmdict-variant
輔ける|jmdict-variant
輔佐|jmdict-variant
輔助|jmdict-variant
輝かしい|jmdict-common
輝き|jmdict-common
輝く|jmdict-common
輝やかしい|jmdict-variant
輝度|jmdict-common
輩出|jmdict-common
輪かく|jmdict-variant
輪ゴム|jmdict-common
輪切り|jmdict-common
輪廓|jmdict-variant
輪番|jmdict-common
輪郭|jmdict-common
輸入|jmdict-common
輸出|jmdict-common
輸出入|jmdict-common
輸血|jmdict-common
輸送|jmdict-common
輸銀|jmdict-common
輿論|jmdict-variant
轉任|jmdict-variant
轉送|jmdict-variant
轢く|jmdict-common
辛い|jmdict-common
辛うじて|jmdict-common
辛勝|jmdict-common
辛口|jmdict-common
辛子|jmdict-common
辛抱|jmdict-common
辛棒|jmdict-variant
辛苦|jmdict-common
辛酸|jmdict-common
辞す|jmdict-common
辞める|jmdict-common
辞令|jmdict-common
辞任|jmdict-common
辞典|jmdict-common
辞意|jmdict-common
辞書|jmdict-common
辞職|jmdict-common
辞表|jmdict-common
辞退|jmdict-common
辨える|jmdict-variant
辨償|jmdict-variant
辨務官|jmdict-variant
辨当|jmdict-variant
辨慶|jmdict-variant
辨明|jmdict-variant
辨済|jmdict-variant
辨當|jmdict-variant
辭典|jmdict-variant
辭書|jmdict-variant
辯明|jmdict-variant
辯舌|jmdict-variant
辯解|jmdict-variant
辯論|jmdict-variant
辯護|jmdict-variant
農作業|jmdict-common
農作物|jmdict-common
農協|jmdict-common
農園|jmdict-common
農地|jmdict-common
農地改革|jmdict-common
農場|jmdict-common
農学部|jmdict-common
農家|jmdict-common
農政|jmdict-common
農村|jmdict-common
農林|jmdict-common
農業|jmdict-common
農業協同組合|jmdict-common
農民|jmdict-common
農法|jmdict-common
農産|jmdict-common
農産物|jmdict-common
農相|jmdict-common
農耕|jmdict-common
農薬|jmdict-common
農閑期|jmdict-common
辷る|jmdict-variant
辺り|jmdict-common
辺地|jmdict-common
辺境|jmdict-common
辺疆|jmdict-variant
辻褄|jmdict-common
辻風|jmdict-variant
込む|jmdict-common
込める|jmdict-common
辿りつく|jmdict-variant
辿り着く|jmdict-common
辿る|jmdict-common
迄も|jmdict-variant
迄もない|jmdict-variant
迄も無い|jmdict-variant
迅速|jmdict-common
迎え|jmdict-common
迎えうつ|jmdict-variant
迎える|jmdict-common
迎え打つ|jmdict-variant
迎え撃つ|jmdict-common
迎え討つ|jmdict-variant
迎合|jmdict-common
迎撃|jmdict-common
迎撃つ|jmdict-variant
迎賓館|jmdict-common
近々|jmdict-common
近い|jmdict-common
近く|jmdict-common
近ごろ|jmdict-variant
近ぢか|jmdict-variant
近づき|jmdict-common
近づく|jmdict-common
近づける|jmdict-common
近め|jmdict-variant
近よる|jmdict-variant
近世|jmdict-common
近付き|jmdict-variant
近付く|jmdict-common
近付ける|jmdict-common
近代|jmdict-common
近代的|jmdict-common
近代詩|jmdict-common
近作|jmdict-common
近寄せる|jmdict-common
近寄る|jmdict-common
近年|jmdict-common
近所|jmdict-common
近日|jmdict-common
近況|jmdict-common
近海|jmdict-common
近畿|jmdict-common
近目|jmdict-variant
近眼|jmdict-common
近著|jmdict-common
近衛|jmdict-common
近視|jmdict-common
近親|jmdict-common
近距離|jmdict-common
近路|jmdict-variant
近辺|jmdict-common
近近|jmdict-variant
近道|jmdict-common
近郊|jmdict-common
近隣|jmdict-common
近頃|jmdict-common
返す|jmdict-common
返り咲き|jmdict-common
返る|jmdict-common
返上|jmdict-common
返事|jmdict-common
返信|jmdict-common
返却|jmdict-common
返咲き|jmdict-variant
返品|jmdict-common
返済|jmdict-common
返答|jmdict-common
返辞|jmdict-variant
返送|jmdict-common
返還|jmdict-common
返金|jmdict-common
迚も|jmdict-variant
迫る|jmdict-common
迫力|jmdict-common
迫害|jmdict-common
迫撃|jmdict-common
迫撃砲|jmdict-common
迫間|jmdict-variant
迯げる|jmdict-variant
述べる|jmdict-common
述懐|jmdict-common
迷い|jmdict-common
迷う|jmdict-common
迷信|jmdict-common
迷児|jmdict-variant
迷子|jmdict-common
迷宮|jmdict-common
迷彩|jmdict-common
迷惑|jmdict-common
迷惑行為|jmdict-common
迷路|jmdict-common
追いうち|jmdict-variant
追いかける|jmdict-common
追いこす|jmdict-variant
追いこみ|jmdict-variant
追いこむ|jmdict-variant
追いだす|jmdict-variant
追いつく|jmdict-common
追いぬく|jmdict-variant
追い上げる|jmdict-common
追い付く|jmdict-common
追い出す|jmdict-common
追い打ち|jmdict-variant
追い抜く|jmdict-common
追い掛ける|jmdict-variant
追い撃ち|jmdict-variant
追い着く|jmdict-variant
追い討ち|jmdict-common
追い越す|jmdict-common
追い込み|jmdict-common
追い込む|jmdict-common
追い風|jmdict-common
追い駆ける|jmdict-variant
追う|jmdict-common
追っかけ|jmdict-common
追っかける|jmdict-common
追っ手|jmdict-common
追っ掛け|jmdict-variant
追っ掛ける|jmdict-variant
追付く|jmdict-variant
追伸|jmdict-common
追出す|jmdict-variant
追加|jmdict-common
追加料金|jmdict-common
追及|jmdict-common
追徴|jmdict-common
追悼|jmdict-common
追手|jmdict-variant
追打ち|jmdict-variant
追抜く|jmdict-variant
追掛ける|jmdict-variant
追撃|jmdict-common
追撃ち|jmdict-variant
追放|jmdict-common
追求|jmdict-common
追申|jmdict-variant
追着く|jmdict-variant
追究|jmdict-common
追突|jmdict-common
追窮|jmdict-variant
追討ち|jmdict-variant
追越す|jmdict-variant
追跡|jmdict-common
追込み|jmdict-variant
追随|jmdict-common
追風|jmdict-variant
退がる|jmdict-variant
退きどき|jmdict-variant
退き時|jmdict-variant
退く|jmdict-common
退ける|jmdict-common
退める|jmdict-variant
退任|jmdict-common
退却|jmdict-common
退去|jmdict-common
退団|jmdict-common
退場|jmdict-common
退学|jmdict-common
退官|jmdict-common
退屈|jmdict-common
退廃|jmdict-common
退廃的|jmdict-common
退役|jmdict-common
退治|jmdict-common
退社|jmdict-common
退職|jmdict-common
退避|jmdict-common
退院|jmdict-common
退陣|jmdict-common
送り|jmdict-common
送りがな|jmdict-variant
送りこむ|jmdict-variant
送り仮名|jmdict-common
送り先|jmdict-common
送り出し|jmdict-common
送り込む|jmdict-common
送り返す|jmdict-common
送る|jmdict-common
送付|jmdict-common
送信|jmdict-common
送別|jmdict-common
送別会|jmdict-common
送料|jmdict-common
送検|jmdict-common
送球|jmdict-common
送葬|jmdict-variant
送迎|jmdict-common
送還|jmdict-common
送金|jmdict-common
送附|jmdict-variant
送電|jmdict-common
逃がす|jmdict-common
逃げ|jmdict-common
逃げだす|jmdict-variant
逃げる|jmdict-common
逃げ出す|jmdict-common
逃げ切る|jmdict-common
逃げ足|jmdict-common
逃げ路|jmdict-variant
逃げ道|jmdict-common
逃す|jmdict-common
逃れる|jmdict-common
逃亡|jmdict-common
逃出す|jmdict-variant
逃切る|jmdict-variant
逃走|jmdict-common
逃道|jmdict-variant
逃避|jmdict-common
逆さ|jmdict-common
逆しま|jmdict-common
逆らう|jmdict-common
逆上せる|jmdict-common
逆上る|jmdict-variant
逆効果|jmdict-common
逆境|jmdict-common
逆戻り|jmdict-common
逆手|jmdict-common
逆点|jmdict-variant
逆立|jmdict-variant
逆立ち|jmdict-common
逆襲|jmdict-common
逆説|jmdict-common
逆転|jmdict-common
逆転勝ち|jmdict-common
逆輸入|jmdict-common
逆風|jmdict-common
透かさず|jmdict-variant
透き|jmdict-variant
透きとおる|jmdict-variant
透き徹る|jmdict-variant
透き通る|jmdict-common
透き間|jmdict-variant
透さず|jmdict-variant
透す|jmdict-variant
透る|jmdict-variant
透明|jmdict-common
透析|jmdict-common
透視|jmdict-common
透間|jmdict-variant
逐う|jmdict-variant
逐一|jmdict-common
逐次|jmdict-common
途上|jmdict-common
途上国|jmdict-common
途中|jmdict-common
途切れる|jmdict-common
途惑う|jmdict-variant
途方|jmdict-common
途端|jmdict-common
途端に|jmdict-common
途絶える|jmdict-common
逕路|jmdict-variant
這う|jmdict-common
這入り込む|jmdict-variant
這入る|jmdict-variant
這入口|jmdict-variant
通い|jmdict-common
通う|jmdict-common
通し|jmdict-common
通じ|jmdict-common
通じる|jmdict-common
通す|jmdict-common
通り|jmdict-common
通りすぎる|jmdict-variant
通り過ぎる|jmdict-common
通る|jmdict-common
通例|jmdict-common
通俗的|jmdict-common
通信|jmdict-common
通信社|jmdict-common
通信網|jmdict-common
通信衛星|jmdict-common
通信販売|jmdict-common
通勤|jmdict-common
通告|jmdict-common
通商|jmdict-common
通報|jmdict-common
通夜|jmdict-common
通学|jmdict-common
通帳|jmdict-common
通常|jmdict-common
通年|jmdict-common
通念|jmdict-common
通産相|jmdict-common
通産省|jmdict-common
通用|jmdict-common
通知|jmdict-common
通称|jmdict-common
通算|jmdict-common
通行|jmdict-common
通行止|jmdict-variant
通行止め|jmdict-common
通訳|jmdict-common
通話|jmdict-common
通貨|jmdict-common
通販|jmdict-common
通路|jmdict-common
通過|jmdict-common
通達|jmdict-common
通関|jmdict-common
通院|jmdict-common
逝去|jmdict-common
逞しい|jmdict-common
速い|jmdict-common
速く|jmdict-common
速さ|jmdict-common
速まる|jmdict-variant
速める|jmdict-common
速やか|jmdict-common
速力|jmdict-common
速口|jmdict-variant
速報|jmdict-common
速度|jmdict-common
速攻|jmdict-common
速球|jmdict-common
速記|jmdict-common
速達|jmdict-common
速達便|jmdict-common
造り|jmdict-common
造りあげる|jmdict-variant
造りだす|jmdict-variant
造り上げる|jmdict-variant
造り出す|jmdict-variant
造る|jmdict-common
造反|jmdict-common
造型|jmdict-variant
造形|jmdict-common
造成|jmdict-common
造船|jmdict-common
造語|jmdict-common
逢う|jmdict-common
連なる|jmdict-common
連ねる|jmdict-common
連らく|jmdict-variant
連れ|jmdict-common
連れていく|jmdict-common
連れてくる|jmdict-common
連れてゆく|jmdict-variant
連れて来る|jmdict-common
連れて行く|jmdict-common
連れる|jmdict-common
連れ去る|jmdict-common
連中|jmdict-common
連休|jmdict-common
連作|jmdict-common
連係|jmdict-common
連係プレー|jmdict-common
連動|jmdict-common
連勝|jmdict-common
連去る|jmdict-variant
連合|jmdict-common
連合会|jmdict-common
連名|jmdict-common
連坐|jmdict-variant
連峯|jmdict-variant
連峰|jmdict-common
連帯|jmdict-common
連座|jmdict-common
連想|jmdict-common
連戦|jmdict-common
連打|jmdict-common
連投|jmdict-common
連捷|jmdict-variant
連携|jmdict-common
連携プレー|jmdict-variant
連敗|jmdict-common
連日|jmdict-common
連用|jmdict-common
連発|jmdict-common
連盟|jmdict-common
連立|jmdict-common
連結|jmdict-common
連絡|jmdict-common
連絡先|jmdict-common
連続|jmdict-common
連繋|jmdict-variant
連行|jmdict-common
連覇|jmdict-common
連載|jmdict-common
連邦|jmdict-common
連鎖|jmdict-common
連関|jmdict-common
連隊|jmdict-common
逮捕|jmdict-common
週あけ|jmdict-variant
週休|jmdict-common
週内|jmdict-common
週刊|jmdict-common
週刊誌|jmdict-common
週明け|jmdict-common
週末|jmdict-common
週間|jmdict-common
週間誌|jmdict-variant
進み|jmdict-common
進む|jmdict-common
進める|jmdict-common
進入|jmdict-common
進出|jmdict-common
進化|jmdict-common
進呈|jmdict-common
進学|jmdict-common
進展|jmdict-common
進捗|jmdict-common
進撃|jmdict-common
進攻|jmdict-common
進歩|jmdict-common
進級|jmdict-common
進行|jmdict-common
進路|jmdict-common
進退|jmdict-common
進退伺|jmdict-variant
進退伺い|jmdict-common
進陟|jmdict-variant
進駐|jmdict-common
逸らす|jmdict-common
逸れる|jmdict-common
逸品|jmdict-common
逸早く|jmdict-variant
逸脱|jmdict-common
逸話|jmdict-common
逸速く|jmdict-variant
逼る|jmdict-variant
遁げる|jmdict-variant
遁す|jmdict-variant
遁れる|jmdict-variant
遂げる|jmdict-common
遂に|jmdict-common
遂行|jmdict-common
遅々|jmdict-common
遅い|jmdict-common
遅す|jmdict-variant
遅らす|jmdict-common
遅れ|jmdict-common
遅れる|jmdict-common
遅刻|jmdict-common
遅咲|jmdict-variant
遅咲き|jmdict-common
遅延|jmdict-common
遅滞|jmdict-common
遅遅|jmdict-variant
遅配|jmdict-common
遇う|jmdict-variant
遇然|jmdict-variant
遊び|jmdict-common
遊び場|jmdict-common
遊び相手|jmdict-common
遊ぶ|jmdict-common
遊休|jmdict-common
遊園地|jmdict-common
遊戯|jmdict-common
遊撃|jmdict-common
遊撃手|jmdict-common
遊歩|jmdict-common
遊牧|jmdict-common
遊覧|jmdict-common
遊説|jmdict-common
運び|jmdict-common
運ぶ|jmdict-common
運よく|jmdict-variant
運休|jmdict-common
運動|jmdict-common
運動不足|jmdict-common
運動会|jmdict-common
運動場|jmdict-common
運命|jmdict-common
運営|jmdict-common
運搬|jmdict-common
運河|jmdict-common
運用|jmdict-common
運航|jmdict-common
運良く|jmdict-common
運行|jmdict-common
運賃|jmdict-common
運転|jmdict-common
運転免許|jmdict-common
運転士|jmdict-common
運転手|jmdict-common
運輸|jmdict-common
運輸省|jmdict-common
運送|jmdict-common
遍歴|jmdict-common
過ぎ|jmdict-common
過ぎる|jmdict-common
過ごす|jmdict-common
過す|jmdict-variant
過ち|jmdict-common
過って|jmdict-variant
過剰|jmdict-common
過労|jmdict-common
過半数|jmdict-common
過去|jmdict-common
過多|jmdict-common
過大|jmdict-common
過失|jmdict-common
過失致死|jmdict-common
過密|jmdict-common
過小評価|jmdict-common
過少評価|jmdict-variant
過度|jmdict-common
過当|jmdict-common
過敏|jmdict-common
過渡|jmdict-common
過渡期|jmdict-common
過激|jmdict-common
過熱|jmdict-common
過疎|jmdict-common
過程|jmdict-common
過言|jmdict-common
過酷|jmdict-common
道のり|jmdict-common
道ばた|jmdict-variant
道具|jmdict-common
道場|jmdict-common
道徳|jmdict-common
道理|jmdict-common
道程|jmdict-common
道端|jmdict-common
道筋|jmdict-common
道義|jmdict-common
道義的責任|jmdict-common
道草|jmdict-common
道路|jmdict-common
道順|jmdict-common
達する|jmdict-common
達人|jmdict-common
達成|jmdict-common
達磨|jmdict-common
達筆|jmdict-common
達者|jmdict-common
達頼喇嘛|jmdict-variant
違い|jmdict-common
違いない|jmdict-common
違い無い|jmdict-variant
違う|jmdict-common
違反|jmdict-common
違和感|jmdict-common
違憲|jmdict-common
違法|jmdict-common
遙か|jmdict-variant
遠い|jmdict-common
遠く|jmdict-common
遠ざかる|jmdict-common
遠山|jmdict-common
遠征|jmdict-common
遠心力|jmdict-common
遠慮|jmdict-common
遠方|jmdict-common
遠泳|jmdict-common
遠浅|jmdict-common
遠足|jmdict-common
遠距離|jmdict-common
遠近法|jmdict-common
遠隔|jmdict-common
遡る|jmdict-common
遣い|jmdict-variant
遣い捨て|jmdict-variant
遣い方|jmdict-variant
遣う|jmdict-variant
遣す|jmdict-variant
遣って来る|jmdict-variant
遣りなおす|jmdict-variant
遣り切れない|jmdict-variant
遣り取り|jmdict-variant
遣り方|jmdict-variant
遣り甲斐|jmdict-variant
遣り直し|jmdict-variant
遣り直す|jmdict-variant
遣り繰り|jmdict-variant
遣り過ごす|jmdict-variant
遣り過す|jmdict-variant
遣る|jmdict-variant
遣る気|jmdict-variant
遣唐使|jmdict-common
遣直|jmdict-variant
遥か|jmdict-common
適する|jmdict-common
適に|jmdict-variant
適わない|jmdict-variant
適中|jmdict-variant
適切|jmdict-common
適合|jmdict-common
適宜|jmdict-common
適度|jmdict-common
適当|jmdict-common
適応|jmdict-common
適性|jmdict-common
適時|jmdict-common
適格|jmdict-common
適正|jmdict-common
適法|jmdict-common
適用|jmdict-common
適確|jmdict-common
適量|jmdict-common
適齢|jmdict-common
適齢期|jmdict-common
遭う|jmdict-common
遭遇|jmdict-common
遭難|jmdict-common
遮る|jmdict-common
遮断|jmdict-common
遮断器|jmdict-common
遮断機|jmdict-common
遲い|jmdict-variant
遵う|jmdict-variant
遵守|jmdict-common
遷す|jmdict-variant
遷る|jmdict-variant
遷都|jmdict-common
選ぶ|jmdict-common
選りすぐり|jmdict-common
選り分ける|jmdict-common
選る|jmdict-common
選任|jmdict-common
選出|jmdict-common
選別|jmdict-common
選奨|jmdict-common
選定|jmdict-common
選手|jmdict-common
選手村|jmdict-common
選手権|jmdict-common
選抜|jmdict-common
選択|jmdict-common
選択科目|jmdict-common
選択肢|jmdict-common
選挙|jmdict-common
選挙人|jmdict-common
選挙戦|jmdict-common
選挙権|jmdict-common
選挙運動|jmdict-common
選考|jmdict-common
選者|jmdict-common
選衡|jmdict-variant
遺る|jmdict-variant
遺伝|jmdict-common
遺伝子|jmdict-common
遺体|jmdict-common
遺作|jmdict-common
遺児|jmdict-common
遺品|jmdict-common
遺失物|jmdict-common
遺影|jmdict-common
遺志|jmdict-common
遺恨|jmdict-common
遺憾|jmdict-common
遺族|jmdict-common
遺書|jmdict-common
遺棄|jmdict-common
遺構|jmdict-common
遺物|jmdict-common
遺産|jmdict-common
遺言|jmdict-common
遺跡|jmdict-common
遺蹟|jmdict-variant
遺骨|jmdict-common
遽しい|jmdict-variant
避ける|jmdict-common
避る|jmdict-variant
避妊|jmdict-common
避暑|jmdict-common
避難|jmdict-common
避難民|jmdict-common
邀える|jmdict-variant
邀え撃つ|jmdict-variant
還す|jmdict-variant
還り|jmdict-variant
還る|jmdict-variant
還付|jmdict-common
還元|jmdict-common
還境|jmdict-variant
還暦|jmdict-common
還流|jmdict-common
邌る|jmdict-variant
邦人|jmdict-common
邦楽|jmdict-common
邦画|jmdict-common
邪ま|jmdict-variant
邪道|jmdict-common
邪魔|jmdict-common
邸内|jmdict-common
邸宅|jmdict-common
郊外|jmdict-common
郡部|jmdict-common
部下|jmdict-common
部会|jmdict-common
部位|jmdict-common
部内|jmdict-common
部分|jmdict-common
部分的|jmdict-common
部品|jmdict-common
部員|jmdict-common
部局|jmdict-common
部屋|jmdict-common
部所|jmdict-variant
部数|jmdict-common
部族|jmdict-common
部活|jmdict-common
部署|jmdict-common
部落|jmdict-common
部長|jmdict-common
部門|jmdict-common
部隊|jmdict-common
部首|jmdict-common
郵便|jmdict-common
郵便局|jmdict-common
郵政|jmdict-common
郵政省|jmdict-common
郵貯|jmdict-common
郵貯銀行|jmdict-variant
郵送|jmdict-common
郷土|jmdict-common
郷愁|jmdict-common
郷里|jmdict-common
都て|jmdict-variant
都会|jmdict-common
都内|jmdict-common
都合|jmdict-common
都営|jmdict-common
都市|jmdict-common
都市ガス|jmdict-common
都市計画|jmdict-common
都市部|jmdict-common
都庁|jmdict-common
都度|jmdict-common
都心|jmdict-common
都政|jmdict-common
都民|jmdict-common
都立|jmdict-common
都議|jmdict-common
都道府県|jmdict-common
鄙しい|jmdict-variant
鄙劣|jmdict-variant
鄭重|jmdict-variant
酌み取る|jmdict-variant
配りもの|jmdict-variant
配り物|jmdict-common
配る|jmdict-common
配信|jmdict-common
配偶者|jmdict-common
配備|jmdict-common
配分|jmdict-common
配列|jmdict-common
配合|jmdict-common
配属|jmdict-common
配布|jmdict-common
配当|jmdict-common
配役|jmdict-common
配慮|jmdict-common
配本|jmdict-common
配球|jmdict-common
配管|jmdict-common
配給|jmdict-common
配線|jmdict-common
配置|jmdict-common
配送|jmdict-common
配送先|jmdict-common
配達|jmdict-common
配電|jmdict-common
酎ハイ|jmdict-variant
酒場|jmdict-common
酒屋|jmdict-common
酒店|jmdict-common
酒盃|jmdict-variant
酒税|jmdict-common
酒造|jmdict-common
酒類|jmdict-common
酔い|jmdict-common
酔う|jmdict-common
酔っぱらい|jmdict-variant
酔っぱらう|jmdict-variant
酔っ払い|jmdict-common
酔っ払う|jmdict-common
酔払い|jmdict-variant
酔払う|jmdict-variant
酢のもの|jmdict-variant
酢の物|jmdict-common
酢酸|jmdict-common
酪農|jmdict-common
酬いる|jmdict-variant
酬われる|jmdict-variant
酵母|jmdict-common
酵素|jmdict-common
酷い|jmdict-common
酷く|jmdict-common
酷しい|jmdict-variant
酷似|jmdict-common
酷使|jmdict-common
酷暑|jmdict-common
酷評|jmdict-common
酸っぱい|jmdict-common
酸み|jmdict-variant
酸化|jmdict-common
酸味|jmdict-common
酸性|jmdict-common
酸素|jmdict-common
醋酸|jmdict-variant
醒ます|jmdict-variant
醒める|jmdict-variant
醗酵|jmdict-variant
醜い|jmdict-common
醜しい|jmdict-variant
醜体|jmdict-variant
醜女|jmdict-common
醜悪|jmdict-common
醜態|jmdict-common
醜聞|jmdict-common
醤油|jmdict-common
醫師|jmdict-variant
醫者|jmdict-variant
醫院|jmdict-variant
醬油|jmdict-variant
醱酵|jmdict-variant
醵出|jmdict-variant
醸成|jmdict-common
醸造|jmdict-common
釈放|jmdict-common
釈明|jmdict-common
釈迦|jmdict-common
里がえり|jmdict-variant
里子|jmdict-common
里帰|jmdict-variant
里帰り|jmdict-common
里親|jmdict-common
重い|jmdict-common
重き|jmdict-common
重さ|jmdict-common
重し|jmdict-common
重たい|jmdict-common
重なる|jmdict-common
重ねる|jmdict-common
重ね合わせ|jmdict-common
重み|jmdict-common
重る|jmdict-common
重んじる|jmdict-common
重んずる|jmdict-common
重体|jmdict-common
重傷|jmdict-common
重力|jmdict-common
重加算税|jmdict-common
重厚|jmdict-common
重味|jmdict-variant
重圧|jmdict-common
重大|jmdict-common
重宝|jmdict-common
重層|jmdict-common
重工業|jmdict-common
重度|jmdict-common
重役|jmdict-common
重復|jmdict-variant
重心|jmdict-common
重態|jmdict-common
重手|jmdict-variant
重油|jmdict-common
重点|jmdict-common
重点的|jmdict-common
重病|jmdict-common
重症|jmdict-common
重石|jmdict-variant
重箱|jmdict-common
重苦しい|jmdict-common
重荷|jmdict-common
重複|jmdict-common
重要|jmdict-common
重要性|jmdict-common
重要文化財|jmdict-common
重要視|jmdict-common
重視|jmdict-common
重責|jmdict-common
重量|jmdict-common
重鎮|jmdict-common
野中|jmdict-common
野党|jmdict-common
野原|jmdict-common
野合|jmdict-common
野呂松|jmdict-variant
野呂間|jmdict-variant
野外|jmdict-common
野山|jmdict-common
野心|jmdict-common
野性|jmdict-common
野手|jmdict-common
野放し|jmdict-common
野暮|jmdict-common
野望|jmdict-common
野末|jmdict-common
野犬|jmdict-common
野獣|jmdict-common
野球|jmdict-common
野球部|jmdict-common
野生|jmdict-common
野菜|jmdict-common
野蛮|jmdict-common
野郎|jmdict-common
野鳥|jmdict-common
量りしれない|jmdict-variant
量り知れない|jmdict-variant
量る|jmdict-common
量刑|jmdict-common
量産|jmdict-common
量的|jmdict-common
量販店|jmdict-common
金がない|jmdict-common
金が無い|jmdict-variant
金しばり|jmdict-variant
金ぞく|jmdict-variant
金づち|jmdict-variant
金もうけ|jmdict-variant
金儲け|jmdict-common
金具|jmdict-common
金利|jmdict-common
金品|jmdict-common
金塊|jmdict-common
金屏風|jmdict-common
金属|jmdict-common
金庫|jmdict-common
金持|jmdict-variant
金持ち|jmdict-common
金星|jmdict-common
金曜|jmdict-common
金曜日|jmdict-common
金槌|jmdict-common
金権|jmdict-common
金石|jmdict-common
金糸雀|jmdict-variant
金網|jmdict-common
金縛り|jmdict-common
金脈|jmdict-common
金色|jmdict-common
金融|jmdict-common
金融市場|jmdict-common
金融庁|jmdict-common
金融機関|jmdict-common
金貨|jmdict-common
金銭|jmdict-common
金額|jmdict-common
金髪|jmdict-common
金魚|jmdict-common
針灸|jmdict-variant
針金|jmdict-common
釣り|jmdict-common
釣りばり|jmdict-variant
釣り合い|jmdict-common
釣り合う|jmdict-common
釣り堀|jmdict-common
釣り針|jmdict-common
釣り鉤|jmdict-variant
釣り銭|jmdict-common
釣る|jmdict-common
釣合|jmdict-common
釣合い|jmdict-common
釣合う|jmdict-variant
釣堀|jmdict-variant
釣針|jmdict-variant
釣鉤|jmdict-variant
釣銭|jmdict-variant
鈍い|jmdict-common
鈍る|jmdict-common
鈍化|jmdict-common
鈍器|jmdict-common
鈍感|jmdict-common
鈍間|jmdict-variant
鈔本|jmdict-variant
鉄工|jmdict-common
鉄板|jmdict-common
鉄棒|jmdict-common
鉄橋|jmdict-common
鉄炮|jmdict-variant
鉄砲|jmdict-common
鉄筋|jmdict-common
鉄葉|jmdict-variant
鉄製|jmdict-common
鉄道|jmdict-common
鉄鈑|jmdict-variant
鉄鉱|jmdict-common
鉄鋼|jmdict-common
鉄鎚|jmdict-variant
鉄骨|jmdict-common
鉛筆|jmdict-common
鉢巻|jmdict-common
鉢巻き|jmdict-common
鉢植|jmdict-variant
鉢植え|jmdict-common
鉱区|jmdict-common
鉱山|jmdict-common
鉱業|jmdict-common
鉱物|jmdict-common
鉱石|jmdict-common
鉾先|jmdict-variant
銀口魚|jmdict-variant
銀座|jmdict-common
銀持|jmdict-variant
銀杯|jmdict-common
銀河|jmdict-common
銀盃|jmdict-variant
銀紙|jmdict-common
銀色|jmdict-common
銀行|jmdict-common
銀貨|jmdict-common
銃器|jmdict-common
銃声|jmdict-common
銃弾|jmdict-common
銃撃|jmdict-common
銃殺|jmdict-common
銅像|jmdict-common
銅山|jmdict-common
銅版画|jmdict-common
銅貨|jmdict-common
銑鉄|jmdict-common
銓衡|jmdict-variant
銘々|jmdict-common
銘作|jmdict-variant
銘名|jmdict-variant
銘柄|jmdict-common
銘記|jmdict-common
銘銘|jmdict-variant
銚子|jmdict-common
銜む|jmdict-variant
銭湯|jmdict-common
鋒先|jmdict-variant
鋤焼|jmdict-variant
鋤焼き|jmdict-variant
鋪装|jmdict-variant
鋭い|jmdict-common
鋭利|jmdict-common
鋭敏|jmdict-common
鋭角|jmdict-common
鋳る|jmdict-common
鋳型|jmdict-common
鋳物|jmdict-common
鋳造|jmdict-common
鋼材|jmdict-common
鋼板|jmdict-common
鋼鈑|jmdict-variant
鋼鉄|jmdict-common
錄音|jmdict-variant
錆び|jmdict-variant
錆びる|jmdict-common
錠剤|jmdict-common
錬り|jmdict-variant
錬る|jmdict-variant
錬金術|jmdict-common
錬金術師|jmdict-common
錯る|jmdict-variant
錯乱|jmdict-common
錯覚|jmdict-common
錯誤|jmdict-common
録る|jmdict-variant
録画|jmdict-common
録音|jmdict-common
録音テープ|jmdict-common
錺る|jmdict-variant
錻力|jmdict-variant
鍛える|jmdict-common
鍛練|jmdict-variant
鍛錬|jmdict-common
鍵盤|jmdict-common
鍼灸|jmdict-common
鍾乳洞|jmdict-common
鎌倉|jmdict-common
鎔く|jmdict-variant
鎔接|jmdict-variant
鎔解|jmdict-variant
鎔鉱炉|jmdict-variant
鎖す|jmdict-variant
鎖国|jmdict-common
鎮まる|jmdict-common
鎮める|jmdict-common
鎮主|jmdict-variant
鎮圧|jmdict-common
鎮守|jmdict-common
鎮痛剤|jmdict-common
鎮魂|jmdict-common
鏡台|jmdict-common
鐘乳洞|jmdict-variant
鐘楼|jmdict-common
鐫る|jmdict-variant
鑄る|jmdict-variant
鑑別|jmdict-common
鑑定|jmdict-common
鑑査|jmdict-variant
鑑賞|jmdict-common
長い|jmdict-common
長いあいだ|jmdict-variant
長い間|jmdict-common
長さ|jmdict-common
長そで|jmdict-variant
長つづき|jmdict-variant
長びく|jmdict-variant
長もち|jmdict-variant
長らく|jmdict-common
長久|jmdict-common
長唄|jmdict-common
長大|jmdict-common
長女|jmdict-common
長官|jmdict-common
長家|jmdict-variant
長寿|jmdict-common
長居|jmdict-common
長屋|jmdict-common
長崎|jmdict-common
長年|jmdict-common
長引く|jmdict-common
長所|jmdict-common
長打|jmdict-common
長持|jmdict-variant
長持ち|jmdict-common
長方形|jmdict-common
長時間|jmdict-common
長期|jmdict-common
長期的|jmdict-common
長生き|jmdict-common
長男|jmdict-common
長短|jmdict-common
長篇|jmdict-variant
長続|jmdict-variant
長続き|jmdict-common
長編|jmdict-common
長老|jmdict-common
長者|jmdict-common
長蛇の列|jmdict-common
長袖|jmdict-common
長話|jmdict-common
長調|jmdict-common
長距離|jmdict-common
長身|jmdict-common
長閑|jmdict-common
長閑か|jmdict-variant
長雨|jmdict-common
門下|jmdict-common
門下生|jmdict-common
門前|jmdict-common
門前払|jmdict-variant
門前払い|jmdict-common
門外漢|jmdict-common
門戸|jmdict-common
門扉|jmdict-common
門松|jmdict-common
閃く|jmdict-common
閉ざす|jmdict-common
閉じこめる|jmdict-variant
閉じこもる|jmdict-common
閉じる|jmdict-common
閉じ篭もる|jmdict-variant
閉じ篭る|jmdict-variant
閉じ籠もる|jmdict-variant
閉じ籠る|jmdict-variant
閉じ込める|jmdict-common
閉じ込もる|jmdict-variant
閉そく|jmdict-variant
閉まる|jmdict-common
閉めだす|jmdict-variant
閉める|jmdict-common
閉め出す|jmdict-variant
閉め切り|jmdict-variant
閉め切る|jmdict-variant
閉会|jmdict-common
閉切り|jmdict-variant
閉切る|jmdict-variant
閉口|jmdict-common
閉塞|jmdict-common
閉幕|jmdict-common
閉店|jmdict-common
閉篭もる|jmdict-variant
閉篭る|jmdict-variant
閉籠もる|jmdict-variant
閉籠る|jmdict-variant
閉込める|jmdict-variant
閉鎖|jmdict-common
閊える|jmdict-variant
開き|jmdict-common
開きなおる|jmdict-variant
開き治る|jmdict-variant
開き直る|jmdict-common
開く|jmdict-common
開ける|jmdict-common
開会|jmdict-common
開催|jmdict-common
開口|jmdict-common
開国|jmdict-common
開城|jmdict-common
開場|jmdict-common
開墾|jmdict-common
開始|jmdict-common
開始時刻|jmdict-common
開封|jmdict-common
開局|jmdict-common
開幕|jmdict-common
開店|jmdict-common
開廷|jmdict-common
開戦|jmdict-common
開拓|jmdict-common
開拓者|jmdict-common
開放|jmdict-common
開校|jmdict-common
開業|jmdict-common
開業医|jmdict-common
開港|jmdict-common
開演|jmdict-common
開発|jmdict-common
開発元|jmdict-common
開発者|jmdict-common
開発途上国|jmdict-common
開発部|jmdict-common
開示|jmdict-common
開票|jmdict-common
開花|jmdict-common
開設|jmdict-common
開通|jmdict-common
開閉|jmdict-common
開館|jmdict-common
閏年|jmdict-common
閑か|jmdict-variant
閑散|jmdict-common
閑静|jmdict-common
間がら|jmdict-variant
間じゅう|jmdict-variant
間にあう|jmdict-variant
間に合う|jmdict-common
間に合せ|jmdict-common
間に合せる|jmdict-variant
間に合わせ|jmdict-common
間に合わせる|jmdict-common
間もなく|jmdict-common
間も無く|jmdict-common
間一発|jmdict-variant
間一髪|jmdict-common
間中|jmdict-common
間伐|jmdict-common
間借り|jmdict-common
間取|jmdict-variant
間取り|jmdict-common
間口|jmdict-common
間抜け|jmdict-common
間接|jmdict-common
間接的|jmdict-common
間接税|jmdict-common
間柄|jmdict-common
間近|jmdict-common
間違い|jmdict-common
間違いない|jmdict-common
間違い無い|jmdict-variant
間違う|jmdict-common
間違える|jmdict-common
間隔|jmdict-common
間際|jmdict-common
間食|jmdict-common
関する|jmdict-common
関らず|jmdict-variant
関る|jmdict-variant
関わらず|jmdict-common
関わる|jmdict-common
関与|jmdict-common
関係|jmdict-common
関係者|jmdict-common
関取|jmdict-common
関心|jmdict-common
関心ごと|jmdict-variant
関心事|jmdict-common
関東|jmdict-common
関渉|jmdict-variant
関知|jmdict-common
関税|jmdict-common
関節|jmdict-common
関聯|jmdict-variant
関脇|jmdict-common
関西|jmdict-common
関西人|jmdict-common
関西弁|jmdict-common
関西辯|jmdict-variant
関連|jmdict-common
関門|jmdict-common
閣下|jmdict-common
閣僚|jmdict-common
閣内|jmdict-common
閣議|jmdict-common
閲覧|jmdict-common
閾値|jmdict-common
闇い|jmdict-variant
闇黒|jmdict-variant
闌干|jmdict-variant
闕く|jmdict-variant
闕ける|jmdict-variant
闕乏|jmdict-variant
闕員|jmdict-variant
闘い|jmdict-variant
闘う|jmdict-common
闘争|jmdict-common
闘士|jmdict-common
闘志|jmdict-common
闘病|jmdict-common
阪神|jmdict-common
防ぐ|jmdict-common
防害|jmdict-variant
防弾|jmdict-common
防御|jmdict-common
防戦|jmdict-common
防止|jmdict-common
防水|jmdict-common
防波堤|jmdict-common
防火|jmdict-common
防災|jmdict-common
防犯|jmdict-common
防犯カメラ|jmdict-common
防疫|jmdict-common
防禦|jmdict-variant
防空|jmdict-common
防衛|jmdict-common
防衛庁|jmdict-common
防衛施設庁|jmdict-common
防護|jmdict-common
防音|jmdict-common
阻む|jmdict-common
阻害|jmdict-common
阻止|jmdict-common
阻碍|jmdict-variant
阻礙|jmdict-variant
阿呆|jmdict-common
阿弗利加|jmdict-variant
阿弥陀|jmdict-common
阿彌陀|jmdict-variant
阿房|jmdict-variant
阿米利加|jmdict-variant
阿蘭陀|jmdict-variant
阿魔|jmdict-variant
附いて来る|jmdict-variant
附く|jmdict-variant
附け|jmdict-variant
附ける|jmdict-variant
附け加える|jmdict-variant
附け根|jmdict-variant
附与|jmdict-variant
附加|jmdict-variant
附加える|jmdict-variant
附属|jmdict-common
附帯|jmdict-variant
附根|jmdict-variant
附添い|jmdict-variant
附着|jmdict-variant
附近|jmdict-variant
附録|jmdict-variant
降す|jmdict-variant
降り|jmdict-variant
降りる|jmdict-common
降る|jmdict-common
降ろす|jmdict-common
降下|jmdict-common
降伏|jmdict-common
降参|jmdict-common
降服|jmdict-variant
降板|jmdict-common
降格|jmdict-common
降水|jmdict-common
降水量|jmdict-common
降雨|jmdict-common
降雪|jmdict-common
限り|jmdict-common
限りない|jmdict-common
限り無い|jmdict-variant
限り限り|jmdict-common
限る|jmdict-common
限定|jmdict-common
限度|jmdict-common
限度額|jmdict-common
限界|jmdict-common
陛下|jmdict-common
陞進|jmdict-variant
院内|jmdict-common
院長|jmdict-common
陣中|jmdict-common
陣営|jmdict-common
陣地|jmdict-common
陣容|jmdict-common
陣痛|jmdict-common
陣頭|jmdict-common
除々に|jmdict-variant
除いて|jmdict-common
除く|jmdict-common
除ける|jmdict-variant
除去|jmdict-common
除名|jmdict-common
除外|jmdict-common
除籍|jmdict-common
除草|jmdict-common
除菌|jmdict-common
除行|jmdict-variant
除除に|jmdict-variant
陥し穴|jmdict-variant
陥とし穴|jmdict-variant
陥る|jmdict-common
陥没|jmdict-common
陥穴|jmdict-variant
陥落|jmdict-common
陪審|jmdict-common
陰か|jmdict-variant
陰り|jmdict-common
陰口|jmdict-common
陰性|jmdict-common
陰気|jmdict-common
陰神|jmdict-variant
陰語|jmdict-variant
陰謀|jmdict-common
陰陽|jmdict-common
陳べる|jmdict-variant
陳列|jmdict-common
陳情|jmdict-common
陳腐|jmdict-common
陳謝|jmdict-common
陳述|jmdict-common
陶器|jmdict-common
陶工|jmdict-common
陶磁器|jmdict-common
陶芸|jmdict-common
陶酔|jmdict-common
陸な|jmdict-variant
陸に|jmdict-variant
陸上|jmdict-common
陸上競技|jmdict-common
陸上自衛隊|jmdict-common
陸橋|jmdict-common
陸海|jmdict-common
陸符|jmdict-variant
陸路|jmdict-common
陸軍|jmdict-common
険しい|jmdict-common
険悪|jmdict-common
陽あたり|jmdict-variant
陽ざし|jmdict-variant
陽光|jmdict-common
陽子|jmdict-common
陽射|jmdict-variant
陽射し|jmdict-variant
陽差し|jmdict-variant
陽当たり|jmdict-variant
陽当り|jmdict-variant
陽性|jmdict-common
陽気|jmdict-common
陽焼け|jmdict-variant
隅々|jmdict-common
隅隅|jmdict-variant
隆盛|jmdict-common
隆起|jmdict-common
隈なく|jmdict-common
隈無く|jmdict-variant
隊員|jmdict-common
隊長|jmdict-common
階子|jmdict-variant
階層|jmdict-common
階段|jmdict-common
階級|jmdict-common
随う|jmdict-variant
随える|jmdict-variant
随一|jmdict-common
随処|jmdict-variant
随分|jmdict-common
随員|jmdict-common
随意|jmdict-common
随所|jmdict-common
随時|jmdict-common
随筆|jmdict-common
隔たり|jmdict-common
隔たる|jmdict-common
隔て|jmdict-common
隔てる|jmdict-common
隔り|jmdict-variant
隔月|jmdict-common
隔週|jmdict-common
隔離|jmdict-common
隙き間|jmdict-variant
隙間|jmdict-common
際だつ|jmdict-variant
際会|jmdict-common
際立つ|jmdict-common
際限|jmdict-common
障がい|jmdict-variant
障がい者|jmdict-variant
障る|jmdict-common
障壁|jmdict-common
障子|jmdict-common
障害|jmdict-common
障害者|jmdict-common
障碍|jmdict-variant
障碍者|jmdict-variant
障礙|jmdict-variant
障礙者|jmdict-variant
隠くす|jmdict-variant
隠し引き出し|jmdict-common
隠す|jmdict-common
隠る|jmdict-variant
隠れる|jmdict-common
隠匿|jmdict-common
隠居|jmdict-common
隠滅|jmdict-common
隠語|jmdict-common
隠謀|jmdict-variant
隣あわせ|jmdict-variant
隣り|jmdict-variant
隣りあう|jmdict-variant
隣りあわせ|jmdict-variant
隣り合う|jmdict-common
隣り合せ|jmdict-variant
隣り合わせ|jmdict-common
隣人|jmdict-common
隣合う|jmdict-variant
隣合せ|jmdict-variant
隣合わせ|jmdict-variant
隣国|jmdict-common
隣室|jmdict-common
隣家|jmdict-common
隣接|jmdict-common
隨う|jmdict-variant
隨分|jmdict-variant
隨筆|jmdict-variant
隱す|jmdict-variant
隱語|jmdict-variant
雄大|jmdict-common
雄弁|jmdict-common
雄辯|jmdict-variant
雅楽|jmdict-common
雅致|jmdict-common
集い|jmdict-common
集う|jmdict-common
集まり|jmdict-common
集まる|jmdict-common
集める|jmdict-common
集り|jmdict-variant
集る|jmdict-common
集中|jmdict-common
集中力|jmdict-common
集中豪雨|jmdict-common
集会|jmdict-common
集合|jmdict-common
集団|jmdict-common
集大成|jmdict-common
集散|jmdict-common
集票|jmdict-common
集積|jmdict-common
集約|jmdict-common
集荷|jmdict-common
集落|jmdict-common
集計|jmdict-common
集金|jmdict-common
雇い主|jmdict-common
雇う|jmdict-common
雇主|jmdict-variant
雇傭|jmdict-variant
雇用|jmdict-common
雌花|jmdict-common
雌雄|jmdict-common
雑える|jmdict-variant
雑ざる|jmdict-variant
雑じる|jmdict-variant
雑ぜる|jmdict-variant
雑居|jmdict-common
雑巾|jmdict-common
雑布|jmdict-variant
雑木林|jmdict-common
雑沓|jmdict-variant
雑炊|jmdict-common
雑煮|jmdict-common
雑草|jmdict-common
雑誌|jmdict-common
雑談|jmdict-common
雑貨|jmdict-common
雑踏|jmdict-common
雑音|jmdict-common
雑鬧|jmdict-variant
雕る|jmdict-variant
雛祭|jmdict-variant
雛祭り|jmdict-variant
離す|jmdict-common
離れる|jmdict-common
離党|jmdict-common
離反|jmdict-common
離叛|jmdict-variant
離婚|jmdict-common
離宮|jmdict-common
離島|jmdict-common
離散|jmdict-common
離着陸|jmdict-common
離職|jmdict-common
離脱|jmdict-common
離陸|jmdict-common
難い|jmdict-common
難しい|jmdict-common
難なく|jmdict-common
難問|jmdict-common
難局|jmdict-common
難易|jmdict-common
難民|jmdict-common
難波|jmdict-common
難点|jmdict-common
難無く|jmdict-variant
難病|jmdict-common
難聴|jmdict-common
難航|jmdict-common
難色|jmdict-common
難解|jmdict-common
難関|jmdict-common
難題|jmdict-common
雨が降る|jmdict-common
雨だれ|jmdict-variant
雨ふり|jmdict-variant
雨もり|jmdict-variant
雨やどり|jmdict-variant
雨具|jmdict-common
雨垂れ|jmdict-common
雨天|jmdict-common
雨季|jmdict-common
雨宿り|jmdict-common
雨戸|jmdict-common
雨期|jmdict-common
雨水|jmdict-common
雨漏|jmdict-variant
雨漏り|jmdict-common
雨量|jmdict-common
雨降り|jmdict-common
雨雲|jmdict-common
雪どけ|jmdict-variant
雪国|jmdict-common
雪崩|jmdict-common
雪崩れ|jmdict-variant
雪渓|jmdict-common
雪溶け|jmdict-variant
雪特尼|jmdict-variant
雪融け|jmdict-variant
雪解け|jmdict-common
雪辱|jmdict-common
雰囲気|jmdict-common
雲ゆき|jmdict-variant
雲泥の差|jmdict-common
雲泥之差|jmdict-variant
雲行き|jmdict-common
雲雀|jmdict-common
零す|jmdict-variant
零れる|jmdict-common
零下|jmdict-common
零時|jmdict-common
零点|jmdict-common
零細|jmdict-common
雷雨|jmdict-common
雷鳴|jmdict-common
電信|jmdict-common
電光|jmdict-common
電力|jmdict-common
電動|jmdict-common
電化|jmdict-common
電卓|jmdict-common
電器|jmdict-common
電圧|jmdict-common
電報|jmdict-common
電子|jmdict-common
電子メイル|jmdict-variant
電子メール|jmdict-common
電子部品|jmdict-common
電撃|jmdict-common
電柱|jmdict-common
電極|jmdict-common
電機|jmdict-common
電気|jmdict-common
電気製品|jmdict-common
電気通信|jmdict-common
電氣|jmdict-variant
電池|jmdict-common
電池切れ|jmdict-common
電波|jmdict-common
電流|jmdict-common
電源|jmdict-common
電源ケーブル|jmdict-common
電源開発|jmdict-common
電灯|jmdict-common
電燈|jmdict-variant
電球|jmdict-common
電磁石|jmdict-common
電線|jmdict-common
電話|jmdict-common
電話器|jmdict-variant
電話帳|jmdict-common
電話機|jmdict-common
電話番号|jmdict-common
電車|jmdict-common
電通大|jmdict-common
電鉄|jmdict-common
需給|jmdict-common
需要|jmdict-common
震える|jmdict-common
震動|jmdict-common
震度|jmdict-common
震源|jmdict-common
震災|jmdict-common
霊園|jmdict-common
霊苑|jmdict-variant
霑う|jmdict-variant
霑す|jmdict-variant
霜降|jmdict-variant
霜降り|jmdict-common
霞む|jmdict-common
霧雨|jmdict-common
露出|jmdict-common
露呈|jmdict-common
露天風呂|jmdict-common
露店|jmdict-common
露西亜|jmdict-variant
露見|jmdict-common
露路|jmdict-variant
露顕|jmdict-common
露骨|jmdict-common
霽らす|jmdict-variant
霽れ|jmdict-variant
霽れる|jmdict-variant
青い|jmdict-common
青ざめる|jmdict-common
青じろい|jmdict-variant
青やぎ|jmdict-variant
青写真|jmdict-common
青少年|jmdict-common
青山|jmdict-common
青年|jmdict-common
青年団|jmdict-common
青春|jmdict-common
青木|jmdict-common
青果|jmdict-common
青柳|jmdict-common
青梅|jmdict-common
青田買い|jmdict-common
青白い|jmdict-common
青空|jmdict-common
青色|jmdict-common
青葉|jmdict-common
青褪める|jmdict-variant
青酸|jmdict-common
青銅|jmdict-common
青雲|jmdict-common
靖国神社|jmdict-common
静か|jmdict-common
静けさ|jmdict-common
静まる|jmdict-common
静める|jmdict-common
静寂|jmdict-common
静岡|jmdict-common
静止|jmdict-common
静物|jmdict-common
静粛|jmdict-common
静脈|jmdict-common
静観|jmdict-common
静養|jmdict-common
靜岡|jmdict-variant
非公式|jmdict-common
非公開|jmdict-common
非合法|jmdict-common
非常|jmdict-common
非常に|jmdict-common
非常勤|jmdict-common
非常口|jmdict-common
非常識|jmdict-common
非礼|jmdict-common
非行|jmdict-common
非認|jmdict-variant
非道い|jmdict-variant
非道く|jmdict-variant
非鉄金属|jmdict-common
非難|jmdict-common
靠れる|jmdict-variant
靡く|jmdict-common
面々|jmdict-common
面する|jmdict-common
面もち|jmdict-variant
面会|jmdict-common
面倒|jmdict-common
面倒くさい|jmdict-common
面倒臭い|jmdict-common
面子|jmdict-common
面影|jmdict-common
面持|jmdict-variant
面持ち|jmdict-common
面接|jmdict-common
面白|jmdict-common
面白い|jmdict-common
面皰|jmdict-variant
面目|jmdict-common
面積|jmdict-common
面談|jmdict-common
面識|jmdict-common
面面|jmdict-variant
革まる|jmdict-variant
革める|jmdict-variant
革包|jmdict-variant
革命|jmdict-common
革新|jmdict-common
革沓|jmdict-variant
革靴|jmdict-common
靴下|jmdict-common
靴屋|jmdict-common
鞆絵|jmdict-variant
鞏固|jmdict-variant
鞦韆|jmdict-variant
韓国|jmdict-common
韓国語|jmdict-common
韓國|jmdict-variant
韓方薬|jmdict-variant
音いろ|jmdict-variant
音声|jmdict-common
音楽|jmdict-common
音楽家|jmdict-common
音樂|jmdict-variant
音痴|jmdict-common
音程|jmdict-common
音符|jmdict-common
音色|jmdict-common
音訓|jmdict-common
音読|jmdict-common
音読み|jmdict-common
音質|jmdict-common
音量|jmdict-common
音階|jmdict-common
音響|jmdict-common
音頭|jmdict-common
韻律|jmdict-common
響き|jmdict-common
響く|jmdict-common
響めく|jmdict-variant
響動めく|jmdict-variant
頂き|jmdict-variant
頂きます|jmdict-common
頂く|jmdict-common
頂ける|jmdict-common
頂だい|jmdict-variant
頂上|jmdict-common
頂戴|jmdict-common
頂点|jmdict-common
頂載|jmdict-variant
頂辺|jmdict-variant
項目|jmdict-common
順々に|jmdict-common
順う|jmdict-variant
順じる|jmdict-variant
順ずる|jmdict-variant
順に|jmdict-common
順位|jmdict-common
順守|jmdict-common
順序|jmdict-common
順当|jmdict-common
順応|jmdict-common
順次|jmdict-common
順番|jmdict-common
順礼|jmdict-variant
順調|jmdict-common
順路|jmdict-common
順順に|jmdict-variant
須臾|jmdict-variant
預かり|jmdict-common
預かり所|jmdict-common
預かり証|jmdict-common
預かる|jmdict-common
預ける|jmdict-common
預け入れる|jmdict-common
預り|jmdict-variant
預り証|jmdict-variant
預備|jmdict-variant
預託|jmdict-common
預貯金|jmdict-common
預金|jmdict-common
預防|jmdict-variant
頑な|jmdict-common
頑丈|jmdict-common
頑固|jmdict-common
頑張って|jmdict-common
頑張り|jmdict-common
頑張る|jmdict-common
頑強|jmdict-common
頒ける|jmdict-variant
頒布|jmdict-common
頓て|jmdict-variant
領事|jmdict-common
領事館|jmdict-common
領会|jmdict-variant
領内|jmdict-common
領収|jmdict-common
領収書|jmdict-common
領土|jmdict-common
領地|jmdict-common
領域|jmdict-common
領承|jmdict-variant
領有|jmdict-common
領海|jmdict-common
領空|jmdict-common
領袖|jmdict-common
領解|jmdict-variant
頚飾り|jmdict-variant
頬っぺた|jmdict-common
頬っ辺|jmdict-variant
頬笑む|jmdict-variant
頭上|jmdict-common
頭取|jmdict-common
頭打ち|jmdict-common
頭文字|jmdict-common
頭痛|jmdict-common
頭脳|jmdict-common
頭角|jmdict-common
頭部|jmdict-common
頭金|jmdict-common
頭骨|jmdict-common
頭髪|jmdict-common
頰っぺた|jmdict-variant
頰っ辺|jmdict-variant
頷く|jmdict-common
頸飾り|jmdict-variant
頻りに|jmdict-common
頻度|jmdict-common
頻発|jmdict-common
頻繁|jmdict-common
頼み|jmdict-common
頼む|jmdict-common
頼もしい|jmdict-common
頼り|jmdict-common
頼りない|jmdict-common
頼り無い|jmdict-variant
頼る|jmdict-common
頼母しい|jmdict-variant
頽廃|jmdict-variant
題する|jmdict-common
題名|jmdict-common
題字|jmdict-common
題材|jmdict-common
額ぶち|jmdict-variant
額縁|jmdict-common
額面|jmdict-common
顔いろ|jmdict-variant
顔だち|jmdict-variant
顔つき|jmdict-common
顔なじみ|jmdict-common
顔ぶれ|jmdict-common
顔をだす|jmdict-variant
顔をつぶす|jmdict-variant
顔を出す|jmdict-common
顔を潰す|jmdict-common
顔付|jmdict-variant
顔付き|jmdict-common
顔合せ|jmdict-variant
顔合わせ|jmdict-common
顔立|jmdict-variant
顔立ち|jmdict-common
顔色|jmdict-common
顔見知り|jmdict-common
顔触れ|jmdict-common
顔負け|jmdict-common
顔面|jmdict-common
顔馴染|jmdict-variant
顔馴染み|jmdict-variant
顕す|jmdict-variant
顕れ|jmdict-variant
顕れる|jmdict-variant
顕われる|jmdict-variant
顕在|jmdict-common
顕彰|jmdict-common
顕微鏡|jmdict-common
顕著|jmdict-common
願い|jmdict-common
願う|jmdict-common
願わくは|jmdict-common
願書|jmdict-common
願望|jmdict-common
顚覆|jmdict-variant
顛倒|jmdict-variant
顛落|jmdict-variant
顛覆|jmdict-variant
類人猿|jmdict-common
類似|jmdict-common
類推|jmdict-common
顧みる|jmdict-common
顧る|jmdict-variant
顧問|jmdict-common
顧客|jmdict-common
顧客満足|jmdict-common
顫える|jmdict-variant
顯著|jmdict-variant
風あたり|jmdict-variant
風とおし|jmdict-variant
風りん|jmdict-variant
風上|jmdict-common
風下|jmdict-common
風俗|jmdict-common
風刺|jmdict-common
風力|jmdict-common
風向き|jmdict-common
風呂|jmdict-common
風呂場|jmdict-common
風呂屋|jmdict-common
風呂敷|jmdict-common
風味|jmdict-common
風土|jmdict-common
風太郎|jmdict-variant
風当たり|jmdict-common
風当り|jmdict-variant
風情|jmdict-common
風景|jmdict-common
風格|jmdict-common
風流|jmdict-common
風潮|jmdict-common
風物詩|jmdict-common
風物誌|jmdict-variant
風穴|jmdict-common
風紀|jmdict-common
風習|jmdict-common
風船|jmdict-common
風薬|jmdict-variant
風通し|jmdict-common
風速|jmdict-common
風邪|jmdict-common
風邪をひく|jmdict-common
風邪を引く|jmdict-variant
風邪薬|jmdict-common
風鈴|jmdict-common
風雨|jmdict-common
風雲|jmdict-common
颯っと|jmdict-variant
颯と|jmdict-variant
颱風|jmdict-variant
飛ばし|jmdict-common
飛ばす|jmdict-common
飛びあがる|jmdict-variant
飛びおりる|jmdict-variant
飛びかう|jmdict-variant
飛びきり|jmdict-variant
飛びこむ|jmdict-variant
飛びだし|jmdict-variant
飛びだす|jmdict-variant
飛び上がる|jmdict-common
飛び上る|jmdict-variant
飛び下りる|jmdict-common
飛び交う|jmdict-common
飛び出し|jmdict-common
飛び出す|jmdict-common
飛び切り|jmdict-common
飛び地|jmdict-common
飛び火|jmdict-common
飛び込み|jmdict-common
飛び込む|jmdict-common
飛び降りる|jmdict-common
飛ぶ|jmdict-common
飛んだ|jmdict-variant
飛んでもない|jmdict-variant
飛上がる|jmdict-variant
飛上る|jmdict-variant
飛下りる|jmdict-variant
飛出|jmdict-variant
飛出し|jmdict-variant
飛出す|jmdict-variant
飛切り|jmdict-variant
飛地|jmdict-variant
飛火|jmdict-variant
飛球|jmdict-common
飛行|jmdict-common
飛行場|jmdict-common
飛行士|jmdict-common
飛行機|jmdict-common
飛行船|jmdict-common
飛躍|jmdict-common
飛車|jmdict-common
飛込み|jmdict-variant
飛込む|jmdict-variant
飛降りる|jmdict-variant
飜す|jmdict-variant
飜る|jmdict-variant
飜弄|jmdict-variant
飜訳|jmdict-variant
食いさがる|jmdict-variant
食いちがう|jmdict-variant
食いとめる|jmdict-variant
食い下がる|jmdict-common
食い下る|jmdict-variant
食い止める|jmdict-common
食い込む|jmdict-common
食い違い|jmdict-common
食い違う|jmdict-common
食う|jmdict-common
食っ付く|jmdict-variant
食べあるき|jmdict-variant
食べすぎる|jmdict-variant
食べもの|jmdict-variant
食べる|jmdict-common
食べ歩き|jmdict-common
食べ物|jmdict-common
食べ過ぎる|jmdict-common
食み出す|jmdict-variant
食らう|jmdict-common
食パン|jmdict-common
食下がる|jmdict-variant
食中毒|jmdict-common
食事|jmdict-common
食卓|jmdict-common
食品|jmdict-common
食品添加物|jmdict-common
食器|jmdict-common
食堂|jmdict-common
食塩|jmdict-common
食後|jmdict-common
食慾|jmdict-variant
食料|jmdict-common
食料品|jmdict-common
食材|jmdict-common
食欲|jmdict-common
食止める|jmdict-variant
食物|jmdict-common
食生活|jmdict-common
食用|jmdict-common
食管法|jmdict-common
食糧|jmdict-common
食糧庁|jmdict-common
食肉|jmdict-common
食費|jmdict-common
食込む|jmdict-variant
食道|jmdict-common
食違い|jmdict-variant
食違う|jmdict-variant
飢え|jmdict-common
飢える|jmdict-common
飢え死|jmdict-variant
飢え死に|jmdict-common
飢きん|jmdict-variant
飢死|jmdict-variant
飢死に|jmdict-variant
飢餓|jmdict-common
飢饉|jmdict-common
飮む|jmdict-variant
飲みこむ|jmdict-variant
飲みもの|jmdict-variant
飲み会|jmdict-common
飲み水|jmdict-common
飲み物|jmdict-common
飲み込む|jmdict-common
飲む|jmdict-common
飲料|jmdict-common
飲料水|jmdict-common
飲水|jmdict-variant
飲物|jmdict-common
飲込む|jmdict-variant
飲酒|jmdict-common
飲酒運転|jmdict-common
飲食|jmdict-common
飲食店|jmdict-common
飼い主|jmdict-common
飼い犬|jmdict-common
飼う|jmdict-common
飼主|jmdict-variant
飼料|jmdict-common
飼犬|jmdict-variant
飼育|jmdict-common
飽き|jmdict-common
飽きる|jmdict-common
飽くまでも|jmdict-variant
飽く迄も|jmdict-variant
飽和|jmdict-common
飽食|jmdict-common
飾り|jmdict-common
飾りけ|jmdict-variant
飾りつけ|jmdict-variant
飾り付け|jmdict-common
飾り気|jmdict-common
飾る|jmdict-common
飾付|jmdict-variant
餃子|jmdict-common
養う|jmdict-common
養なう|jmdict-variant
養子|jmdict-common
養成|jmdict-common
養殖|jmdict-common
養父|jmdict-common
養父母|jmdict-common
養老|jmdict-common
養老院|jmdict-common
養育|jmdict-common
養蚕|jmdict-common
養護|jmdict-common
養豚|jmdict-common
養鶏|jmdict-common
餓え|jmdict-variant
餓える|jmdict-variant
餓え死に|jmdict-variant
餓死|jmdict-common
餘り|jmdict-variant
餘地|jmdict-variant
餝る|jmdict-variant
餡こ|jmdict-variant
餡子|jmdict-common
館内|jmdict-common
館長|jmdict-common
饂飩|jmdict-variant
饋還|jmdict-variant
饑え|jmdict-variant
饑える|jmdict-variant
饑死|jmdict-variant
饑餓|jmdict-variant
饑饉|jmdict-variant
饗宴|jmdict-common
首位|jmdict-common
首唱|jmdict-common
首尾|jmdict-common
首席|jmdict-common
首班|jmdict-common
首相|jmdict-common
首肯く|jmdict-variant
首脳|jmdict-common
首脳部|jmdict-common
首謀|jmdict-common
首都|jmdict-common
首都圏|jmdict-common
首長|jmdict-common
首領|jmdict-common
首飾り|jmdict-common
香い|jmdict-variant
香しい|jmdict-variant
香ばしい|jmdict-common
香り|jmdict-common
香る|jmdict-common
香料|jmdict-common
香気|jmdict-common
香水|jmdict-common
香港|jmdict-common
香蕈|jmdict-variant
香辛料|jmdict-common
香魚|jmdict-variant
馨しい|jmdict-variant
馨り|jmdict-variant
馨る|jmdict-variant
馬主|jmdict-common
馬九行久|jmdict-variant
馬九行駆|jmdict-variant
馬克|jmdict-variant
馬券|jmdict-common
馬力|jmdict-common
馬場|jmdict-common
馬尻|jmdict-variant
馬尼剌|jmdict-variant
馬来西亜|jmdict-variant
馬稼|jmdict-variant
馬穴|jmdict-variant
馬術|jmdict-common
馬車|jmdict-common
馬鹿|jmdict-common
馬鹿らしい|jmdict-common
馴々しい|jmdict-variant
馴らす|jmdict-variant
馴れ|jmdict-variant
馴れる|jmdict-variant
馴れ馴れしい|jmdict-common
馴染む|jmdict-common
馴鹿|jmdict-variant
駄目|jmdict-common
駄菓子|jmdict-common
駄菓子屋|jmdict-common
駅伝|jmdict-common
駅前|jmdict-common
駅員|jmdict-common
駅弁|jmdict-common
駅長|jmdict-common
駆けこみ|jmdict-variant
駆けっこ|jmdict-common
駆けつける|jmdict-common
駆けひき|jmdict-variant
駆けまわる|jmdict-variant
駆ける|jmdict-common
駆け付ける|jmdict-variant
駆け回る|jmdict-common
駆け廻る|jmdict-variant
駆け引|jmdict-variant
駆け引き|jmdict-common
駆け足|jmdict-common
駆け込み|jmdict-common
駆る|jmdict-common
駆付ける|jmdict-variant
駆使|jmdict-common
駆動|jmdict-common
駆回る|jmdict-variant
駆引|jmdict-variant
駆引き|jmdict-variant
駆足|jmdict-variant
駆込み|jmdict-variant
駆逐|jmdict-common
駆逐艦|jmdict-common
駆除|jmdict-common
駈けっこ|jmdict-variant
駈ける|jmdict-variant
駈け回る|jmdict-variant
駈け引き|jmdict-variant
駈け足|jmdict-variant
駈け込み|jmdict-variant
駈る|jmdict-variant
駈引|jmdict-variant
駈引き|jmdict-variant
駈足|jmdict-variant
駈込み|jmdict-variant
駐まる|jmdict-variant
駐在|jmdict-common
駐屯|jmdict-common
駐日|jmdict-common
駐留|jmdict-common
駐車|jmdict-common
駐車場|jmdict-common
駭く|jmdict-variant
駿足|jmdict-variant
騎兵|jmdict-common
騎士|jmdict-common
騎手|jmdict-common
騎馬|jmdict-common
騏驎|jmdict-variant
騒々しい|jmdict-common
騒がしい|jmdict-common
騒ぎ|jmdict-common
騒ぐ|jmdict-common
騒めく|jmdict-variant
騒乱|jmdict-common
騒動|jmdict-common
騒然|jmdict-common
騒音|jmdict-common
騒騒しい|jmdict-variant
験し|jmdict-variant
験す|jmdict-variant
騙す|jmdict-common
騰がる|jmdict-variant
騰げる|jmdict-variant
騰貴|jmdict-common
騷ぐ|jmdict-variant
驕る|jmdict-variant
驚かす|jmdict-common
驚がく|jmdict-variant
驚き|jmdict-common
驚く|jmdict-common
驚くほど|jmdict-common
驚く程|jmdict-variant
驚嘆|jmdict-common
驚威|jmdict-variant
驚愕|jmdict-common
驚歎|jmdict-variant
驚異|jmdict-common
骨子|jmdict-common
骨折|jmdict-common
骨抜き|jmdict-common
骨杯|jmdict-variant
骨格|jmdict-common
骨牌|jmdict-variant
骨董|jmdict-common
骨骼|jmdict-variant
骨髄|jmdict-common
骸骨|jmdict-common
高い|jmdict-common
高さ|jmdict-common
高まり|jmdict-common
高まる|jmdict-common
高める|jmdict-common
高らか|jmdict-common
高ーい|jmdict-variant
高位|jmdict-common
高低|jmdict-common
高価|jmdict-common
高価い|jmdict-variant
高値|jmdict-common
高僧|jmdict-common
高卒|jmdict-common
高原|jmdict-common
高収入|jmdict-common
高台|jmdict-common
高名|jmdict-common
高品質|jmdict-common
高圧|jmdict-common
高地|jmdict-common
高学年|jmdict-common
高官|jmdict-common
高尚|jmdict-common
高層|jmdict-common
高山|jmdict-common
高峰|jmdict-common
高度|jmdict-common
高性能|jmdict-common
高所|jmdict-common
高揚|jmdict-common
高架|jmdict-common
高校|jmdict-common
高校生|jmdict-common
高気圧|jmdict-common
高水準|jmdict-common
高波|jmdict-common
高浪|jmdict-variant
高温|jmdict-common
高潔|jmdict-common
高瀬|jmdict-common
高炉|jmdict-common
高熱|jmdict-common
高率|jmdict-common
高等|jmdict-common
高等学校|jmdict-common
高等教育|jmdict-common
高級|jmdict-common
高級ホテル|jmdict-common
高給|jmdict-common
高血圧|jmdict-common
高裁|jmdict-common
高見|jmdict-common
高速|jmdict-common
高速バス|jmdict-common
高速度|jmdict-common
高速道路|jmdict-common
高音|jmdict-common
高額|jmdict-common
高騰|jmdict-common
高麗|jmdict-common
高齢|jmdict-common
高齢者|jmdict-common
髪の毛|jmdict-common
髪型|jmdict-common
髪形|jmdict-common
鬪う|jmdict-variant
鬪爭|jmdict-variant
鬱病|jmdict-variant
鬱陶しい|jmdict-common
鬼ごっこ|jmdict-common
鬼才|jmdict-common
鬼理死丹|jmdict-variant
鬼神|jmdict-common
魁ける|jmdict-variant
魂胆|jmdict-common
魅かれる|jmdict-variant
魅了|jmdict-common
魅力|jmdict-common
魅力的|jmdict-common
魅惑|jmdict-common
魔力|jmdict-common
魔女|jmdict-common
魔法|jmdict-common
魔法びん|jmdict-variant
魔法瓶|jmdict-common
魔術|jmdict-common
魚介|jmdict-common
魚介類|jmdict-common
魚信|jmdict-variant
魚屋|jmdict-common
魚市場|jmdict-common
魚群|jmdict-common
魚肉|jmdict-common
魚貝|jmdict-variant
魚貝類|jmdict-variant
魚雷|jmdict-common
魚類|jmdict-common
魯西亜|jmdict-variant
鮮か|jmdict-variant
鮮やか|jmdict-common
鮮度|jmdict-common
鮮明|jmdict-common
鮮烈|jmdict-common
鮮魚|jmdict-common
鯨肉|jmdict-common
鳥居|jmdict-common
鳥渡|jmdict-variant
鳥獣|jmdict-common
鳥肉|jmdict-variant
鳥類|jmdict-common
鳩合|jmdict-variant
鳳蓮草|jmdict-variant
鳴き声|jmdict-common
鳴く|jmdict-common
鳴らす|jmdict-common
鳴り|jmdict-common
鳴る|jmdict-common
鳴声|jmdict-variant
鳴戸|jmdict-variant
鳴門|jmdict-common
鶏卵|jmdict-common
鶏肉|jmdict-common
鷄卵|jmdict-variant
鹹い|jmdict-variant
麁品|jmdict-variant
麒麟|jmdict-common
麦畑|jmdict-common
麦芽|jmdict-common
麦茶|jmdict-common
麻将|jmdict-variant
麻布|jmdict-common
麻痺|jmdict-common
麻睡|jmdict-variant
麻薬|jmdict-common
麻酔|jmdict-common
麻雀|jmdict-common
黄いろい|jmdict-variant
黄昏|jmdict-common
黄瓜|jmdict-variant
黄色|jmdict-common
黄色い|jmdict-common
黄葉|jmdict-variant
黄身|jmdict-common
黄金|jmdict-common
黄金時代|jmdict-common
黎巴嫩|jmdict-variant
黒い|jmdict-common
黒い霧|jmdict-common
黒っぽい|jmdict-common
黒人|jmdict-common
黒子|jmdict-variant
黒字|jmdict-common
黒幕|jmdict-common
黒星|jmdict-common
黒木|jmdict-common
黒板|jmdict-common
黒海|jmdict-common
黒潮|jmdict-common
黒煙|jmdict-common
黒白|jmdict-common
黒色|jmdict-common
黒衣|jmdict-common
黒鉛|jmdict-common
黙とう|jmdict-common
黙る|jmdict-common
黙殺|jmdict-common
黙祷|jmdict-variant
黙禱|jmdict-variant
黙認|jmdict-common
黴菌|jmdict-variant
黴雨|jmdict-variant
鼓動|jmdict-common
鼓膜|jmdict-common
鼓舞|jmdict-common
鼻先|jmdict-common
鼻息|jmdict-common
鼻水|jmdict-common
鼻紙|jmdict-common
鼻血|jmdict-common
齎す|jmdict-variant
齎らす|jmdict-variant
齒醫者|jmdict-variant
齲歯|jmdict-variant
龍巻|jmdict-variant
龍巻き|jmdict-variant
龍王|jmdict-variant
龜裂|jmdict-variant
０時|jmdict-variant
１か月|jmdict-variant
１つ|jmdict-variant
１つ１つ|jmdict-variant
１ぱい|jmdict-variant
１カ月|jmdict-variant
１ケ月|jmdict-variant
１ヵ月|jmdict-variant
１ヶ月|jmdict-variant
１万|jmdict-common
１人|jmdict-common
１人で|jmdict-variant
１人娘|jmdict-variant
１人息子|jmdict-variant
１人暮らし|jmdict-variant
１人１人|jmdict-variant
１位|jmdict-variant
１体|jmdict-variant
１個|jmdict-variant
１億|jmdict-variant
１党|jmdict-variant
１冊|jmdict-variant
１分|jmdict-variant
１割|jmdict-common
１匹|jmdict-variant
１千|jmdict-variant
１台|jmdict-variant
１回|jmdict-variant
１塁|jmdict-variant
１対１|jmdict-common
１局|jmdict-variant
１年|jmdict-variant
１年中|jmdict-variant
１年生|jmdict-variant
１年間|jmdict-variant
１度|jmdict-variant
１度に|jmdict-variant
１式|jmdict-variant
１打|jmdict-variant
１日|jmdict-common
１日じゅう|jmdict-variant
１日中|jmdict-variant
１時|jmdict-variant
１時間|jmdict-variant
１晩中|jmdict-variant
１月|jmdict-common
１本|jmdict-variant
１杯|jmdict-variant
１枚|jmdict-variant
１歩|jmdict-variant
１泊|jmdict-variant
１点|jmdict-variant
１番|jmdict-variant
１番手|jmdict-variant
１発|jmdict-variant
１着|jmdict-variant
１票|jmdict-variant
１等|jmdict-variant
１箇月|jmdict-variant
１行|jmdict-variant
１足|jmdict-variant
１軍|jmdict-variant
１軒|jmdict-variant
１週間|jmdict-variant
１部|jmdict-variant
１階|jmdict-common
１面|jmdict-variant
１０万|jmdict-common
１０代|jmdict-common
１０日|jmdict-common
１０月|jmdict-common
１００万|jmdict-common
１００億|jmdict-common
１００円ショップ|jmdict-common
１００均|jmdict-common
１０００円|jmdict-common
１０００円札|jmdict-variant
１１日|jmdict-common
１１月|jmdict-common
１１０番|jmdict-common
１１９番|jmdict-common
１２日|jmdict-common
１２月|jmdict-common
１３日|jmdict-common
１４日|jmdict-common
１５日|jmdict-common
１６日|jmdict-common
１７日|jmdict-common
１８日|jmdict-common
１８０度|jmdict-common
１９日|jmdict-common
２つ|jmdict-variant
２つ目|jmdict-variant
２世|jmdict-variant
２人|jmdict-variant
２人とも|jmdict-variant
２人共|jmdict-variant
２割|jmdict-common
２回|jmdict-variant
２塁|jmdict-variant
２度|jmdict-variant
２度と|jmdict-variant
２度寝|jmdict-variant
２日|jmdict-common
２月|jmdict-common
２期|jmdict-variant
２枚|jmdict-variant
２次|jmdict-variant
２番|jmdict-variant
２百|jmdict-variant
２部|jmdict-variant
２重|jmdict-variant
２階|jmdict-variant
２階建|jmdict-variant
２階建て|jmdict-variant
２０世紀|jmdict-variant
２０才|jmdict-variant
２０日|jmdict-common
２０歳|jmdict-variant
２１日|jmdict-common
２２日|jmdict-common
２３日|jmdict-common
２４日|jmdict-common
２５日|jmdict-common
２６日|jmdict-common
２７日|jmdict-common
２８日|jmdict-common
２９日|jmdict-common
３つ|jmdict-variant
３人|jmdict-variant
３千|jmdict-variant
３回|jmdict-variant
３塁|jmdict-variant
３年|jmdict-variant
３度|jmdict-variant
３日|jmdict-common
３時|jmdict-variant
３月|jmdict-common
３本|jmdict-variant
３枚|jmdict-variant
３次元|jmdict-common
３百|jmdict-variant
３角形|jmdict-variant
３部|jmdict-variant
３０日|jmdict-common
３１日|jmdict-common
３８度線|jmdict-common
４つ|jmdict-variant
４人|jmdict-variant
４千|jmdict-variant
４日|jmdict-common
４時|jmdict-common
４月|jmdict-common
４本|jmdict-variant
４百|jmdict-variant
５つ|jmdict-variant
５日|jmdict-common
５月|jmdict-common
６つ|jmdict-variant
６日|jmdict-common
６月|jmdict-common
７つ|jmdict-variant
７日|jmdict-common
７時|jmdict-common
７月|jmdict-common
８つ|jmdict-variant
８日|jmdict-common
８月|jmdict-common
９つ|jmdict-variant
９日|jmdict-common
９月|jmdict-common
ＣＤプレイヤー|jmdict-variant
ＣＤプレーヤー|jmdict-common
ＤＶＤプレーヤー|jmdict-common
Ｇパン|jmdict-variant
ＧＯサイン|jmdict-variant
ＱＱ車|jmdict-variant
Ｔシャツ|jmdict-common
Ｔバック|jmdict-common
ＴＶゲーム|jmdict-variant
Ｘ線|jmdict-common
Ｙシャツ|jmdict-common
Ｙ目|jmdict-variant
ﾀﾋぬ|jmdict-variant
ﾀﾋ亡|jmdict-variant
𠮟る|jmdict-variant
ATM|manual-common
ロボ|manual-common
